"gruppo","titolo","titoloBreve","inizio","fine"
"http://dati.senato.it/commissione/0-1","1ª Commissione permanente","Affari della Presidenza del Consiglio e dell'Interno",1948-05-08,1971-09-30
"http://dati.senato.it/commissione/0-1","1ª Commissione permanente","Affari Costituzionali",1971-10-01,2022-10-12
"http://dati.senato.it/commissione/0-1","1ª Commissione permanente","Affari Costituzionali",2022-10-13,
"http://dati.senato.it/commissione/0-10","9ª Commissione permanente","Industria, commercio interno ed estero, turismo",1948-05-08,1971-09-30
"http://dati.senato.it/commissione/0-10","10ª Commissione permanente","Industria, commercio, turismo",1971-10-01,2022-10-12
"http://dati.senato.it/commissione/0-100","Commissione speciale per l'esame dei disegni di legge concernenti la Cassa per il Mezzogiorno (1182) e opere pubbliche straordinarie nell'Italia settentrionale e centrale (1183)","Commissione speciale ddl opere pubbliche",1950-07-18,1951-08-10
"http://dati.senato.it/commissione/0-101","Commissione speciale per l'esame della proposta di legge: ""Provvedimenti speciali per la città di Napoli"" (1518), d'iniziativa del senatori Porzio e Labriola","Commissione speciale pdl città di Napoli",1951-02-20,1953-04-09
"http://dati.senato.it/commissione/0-102","Commissione speciale per gli alluvionati","Commissione speciale per gli alluvionati",1951-12-18,1953-06-24
"http://dati.senato.it/commissione/0-103","Commissione speciale per l'esame del disegno di legge ""Assunzione a carico dello Stato delle spese per i funerali e per la tumulazione della salma di Vittorio Emanuele Orlando in S. Maria degli Angeli in Roma"" (2729)","Commissione speciale ddl funerali e tumulazione V.E. Orlando",1953-01-05,1953-06-24
"http://dati.senato.it/commissione/0-104","Comitato per l'incremento della ricerca scientifica","Comitato per l'incremento della ricerca scientifica",1951-09-21,1953-06-24
"http://dati.senato.it/commissione/0-105","Commissione di inchiesta sulle accuse mosse all'onorevole senatore Li Causi","Commissione di inchiesta sulle accuse al senatore Li Causi",1948-10-29,1948-11-20
"http://dati.senato.it/commissione/0-106","Commissione di indagine sul fondamento delle accuse rivolte al senatore Gonzales nella seduta pomeridiana del 20 marzo 1953","Commissione sulle accuse rivolte al senatore Gonzales",1953-03-21,1953-06-24
"http://dati.senato.it/commissione/0-107","Commissione speciale per l'esame dei disegni di legge per l'autorizzazione all'esercizio provvisorio del bilancio per l'anno finanziario 1953-54 (n. 3) e per la rateizzazione della tredicesima mensilità ai dipendenti statali per il 1953 (n. 4)","Speciale eser. provv. 1953-54 e rateizzazione tredicesima",1953-06-27,1953-06-30
"http://dati.senato.it/commissione/0-108","Commissione speciale per l'esame del disegno di legge relativo alla concessione di indennizzi e contributi per danni di guerra (n. 136)","Commissione speciale ddl danni di guerra",1953-11-24,1953-12-31
"http://dati.senato.it/commissione/0-109","Commissione speciale per l'esame del disegno di legge recante provvidenze per le zone colpite dalle alluvioni in Calabria (n. 156)","Commissione speciale ddl alluvioni in Calabria",1953-11-19,1953-12-31
"http://dati.senato.it/commissione/0-11","10ª Commissione permanente","Lavoro, emigrazione e previdenza sociale",1948-05-08,1971-09-30
"http://dati.senato.it/commissione/0-11","11ª Commissione permanente","Lavoro, previdenza sociale",1971-10-01,2018-03-22
"http://dati.senato.it/commissione/0-11","11ª Commissione permanente","Lavoro pubblico e privato, previdenza sociale",2018-03-23,2022-10-12
"http://dati.senato.it/commissione/0-110","Commissione speciale per l'esame del disegno di legge concernente norma in materia di locazioni e sublocazioni di immobili urbani (n. 171)","Commissione speciale ddl locazioni",1953-02-21,1958-06-11
"http://dati.senato.it/commissione/0-111","Commissione speciale per l'esame dei disegni di legge concernenti provvidenze a favore delle zone disastrate dalle alluvioni dell'estate-autunno 1953 nelle provincie di Genova, Piacenza, Brescia e nella Regione Trentino-Alto Adige (n. 137, 230, 235, 253, 291, 376, 389, 397)","Commissione speciale ddl alluvioni estate-autunno 1953",1953-12-19,1954-08-16
"http://dati.senato.it/commissione/0-112","Commissione speciale per l'esame del disegno di legge per l'incremento della produttività (n. 562)","Commissione speciale ddl incremento della produttività",1954-06-16,1954-08-14
"http://dati.senato.it/commissione/0-113","Commissione speciale per l'esame del disegno di legge riguardante la ratifica di decreti legislativi emanati dal Governo durante il periodo della Costituente (n. 751)","Commissione speciale ddl ratifica decreti legislativi",1954-11-10,1958-06-11
"http://dati.senato.it/commissione/0-114","Commissione speciale per l'esame del disegno di legge concernente la ratifica degli atti internazionali di Parigi relativi all'Unione dell'Europa Occidentale (n. 879)","Speciale ddl ratifica atti Unione dell'Europa Occidentale",1955-01-20,1955-04-15
"http://dati.senato.it/commissione/0-115","Commissione speciale per l'esame del disegno di legge concernente provvedimenti straordinari per la Calabria (n. 947)","Speciale ddl provvedimenti straordinari per la Calabria",1955-02-18,1955-12-13
"http://dati.senato.it/commissione/0-116","Commissione speciale per l'esame del disegno di legge concernente l'ordinamento e le attribuzioni del Consiglio nazionale dell'economia e del lavoro (n. 922)","Commissione speciale ddl ordinamento e attribuzioni CNEL",1955-04-19,1957-01-05
"http://dati.senato.it/commissione/0-117","Commissione speciale per l'esame del disegno di legge recante provvedimenti per la città di Roma (n. 1296)","Commissione speciale ddl provvedimenti per Roma",1956-02-15,1958-06-11
"http://dati.senato.it/commissione/0-118","Commissione speciale per l'esame del disegno di legge concernente norme generali sull'azione amministrativa","Commissione speciale ddl azione amministrativa",1956-10-23,1958-06-11
"http://dati.senato.it/commissione/0-119","Commissione speciale per l'esame del disegno di legge di ratifica dei trattati istitutivi della Comunità economica europea e dell'Euratom","Commissione speciale ddl ratifica trattati CEE e Euratom",1957-09-24,1957-10-14
"http://dati.senato.it/commissione/0-12","11ª Commissione permanente","Igiene e sanita'",1948-05-08,1971-09-30
"http://dati.senato.it/commissione/0-12","12ª Commissione permanente","Igiene e sanita'",1971-10-01,2022-10-12
"http://dati.senato.it/commissione/0-120","Commissione speciale per l'esame del disegno di legge concernente provvedimenti straordinari per l'Abruzzo (n. 23859","Commissione speciale ddl provvedimenti straordinari Abruzzo",1958-02-14,1958-06-11
"http://dati.senato.it/commissione/0-121","Commissione speciale per l'esame del disegno di legge concernente provvidenze per la riparazione di danni provocati da avverse condizioni atmosferiche, per il potenziamento dell'attività economica nazionale ed altri provvedimenti, nonché variazioni allo stato di previsione dell'entrata, a quelli della spesa di vari ministeri ed ai bilanci di talune aziende autonome per l'esercizio finanziario 1957-58 e del disegno di legge di autorizzazione all'esercizio provvisorio del bilancio per l'anno finanziario 1958 - 1959 (n. 1,4)","Speciale ddl attività economica e eserc. provv. (n. 1,4)",1958-06-13,1958-06-24
"http://dati.senato.it/commissione/0-122","Commissione speciale per l'esame dei disegni di legge concernenti provvedimenti speciali per la Capitale e la provincia di Roma (nn. 154 e 738)","Commissione speciale ddl provvedimenti speciali Capitale",1958-11-18,1963-05-15
"http://dati.senato.it/commissione/0-123","Commissione speciale per l'esame dei disegni di legge costituzionale concernenti la durata e la composizione del Senato della Repubblica (nn. 250 e 285)","Speciale ddl durata e composizione Senato della Repubblica",1958-11-27,1963-02-09
"http://dati.senato.it/commissione/0-124","Commissione speciale per l'esame del disegno di legge concernente provvedimenti straordinari per l'Abruzzo (n. 409)","Speciale ddl provvedimenti straordinari Abruzzo (n. 409)",1959-04-21,1963-05-15
"http://dati.senato.it/commissione/0-125","Commissione speciale per l'esame del disegno di legge concernente interventi in favore dell'economia nazionale (n. 661)","Speciale ddl economia nazionale (n. 661)",1959-07-17,1959-07-24
"http://dati.senato.it/commissione/0-126","Commissione speciale per l'esame del disegno di legge recante norme per la costruzione di abitazioni per i lavoratori agricoli (n. 1070)","Speciale ddl abitazioni lavoratori agricoli (n. 1070)",1960-06-14,1960-12-30
"http://dati.senato.it/commissione/0-127","Commissione speciale per l'esame del disegno di legge recante ""Istituzione dell'Ente nazionale per l'energia elettrica e trasferimento ad esso delle imprese esercenti le industrie elettriche"" (n. 2189)","Speciale ddl istituzione ENEL (n. 2189)",1962-06-25,1962-12-06
"http://dati.senato.it/commissione/0-128","Commissione speciale per l'esame del disegno di legge recante ""Norme generali sulla azione amministrativa"" (n. 2409)","Speciale ddl azione amministrativa (n. 2409)",1963-01-29,1963-05-15
"http://dati.senato.it/commissione/0-129","Commissione speciale per l'esame del disegno di legge : ""Autorizzazione all'esercizio provvisorio del bilancio per l'anno finanziario 1963-64"" (n. 34)","Speciale ddl esercizio provvisorio 63-64 (n. 34)",1963-06-25,1963-06-28
"http://dati.senato.it/commissione/0-13","13ª Commissione permanente","Territorio, ambiente, beni ambientali",1987-07-30,2022-10-12
"http://dati.senato.it/commissione/0-130","Commissione speciale per l'esame del disegno di legge: ""Bilancio di previsione dello Stato, per il periodo 1° luglio - 31 dicembre 1964"" (n. 502)","Speciale ddl bilancio 1.7/31.12.1964 (n. 502)",1964-04-24,1964-06-28
"http://dati.senato.it/commissione/0-131","Commissione speciale per l'esame del disegno di legge: ""Conversione in legge, con modificazioni, del decreto-legge 15 marzo 1965, n. 124, recante interventi per la ripresa dell'economia nazionale"" (n. 1137)","Speciale ddl ripresa economia nazionale (n. 1137)",1965-04-16,1965-05-13
"http://dati.senato.it/commissione/0-132","Commissione speciale per l'esame del disegno di legge: ""Disciplina degli interventi per lo sviluppo del Mezzogiorno"" (n. 1212)","Commissione speciale ddl Mezzogiorno (n. 1212)",1965-05-25,1965-06-26
"http://dati.senato.it/commissione/0-133","Commissione speciale per l'esame dei decreti-legge concernenti norme a favore dei comuni della Sicilia colpiti dai terremoti del gennaio 1968 (nn. 2854, 2855, 2856, 2857)","Commissione speciale ddl terremoti in Sicilia (2854 e altri)",1968-03-06,1968-03-18
"http://dati.senato.it/commissione/0-134","Commissione d'inchiesta sull'attività e sul funzionamento dell'Istituto nazionale della previdenza sociale","Commissione d'inchiesta attività e funzionamento INPS",1966-07-21,1967-05-31
"http://dati.senato.it/commissione/0-135","Comitato per il risparmio e l'efficienza energetica, nonché la promozione dell'uso di energia da fonti rinnovabili","Comitato per il risparmio e l'efficienza energetica",2011-07-05,
"http://dati.senato.it/commissione/0-136","Commissione parlamentare di inchiesta sul fenomeno delle intimidazioni nei confronti degli amministratori locali","Commissione di inchiesta sul fenomeno delle intimidazioni nei confronti degli amministratori locali",2013-10-03,2015-03-26
"http://dati.senato.it/commissione/0-138","Comitato 8ª Commissione permanente indagine conoscitiva esecuzione opere pubbliche","Comitato 8ª indagine conoscitiva esecuzione opere pubbliche",1992-04-23,1994-04-14
"http://dati.senato.it/commissione/0-139","Commissione parlamentare di inchiesta sulle cause del disastro del traghetto Moby Prince","Inchiesta Moby Prince",2015-07-22,2018-03-22
"http://dati.senato.it/commissione/0-14","14ª Commissione permanente","Politiche dell'Unione europea",2003-10-07,2022-10-12
"http://dati.senato.it/commissione/0-14","4ª Commissione permanente","Politiche dell'Unione europea",2022-10-13,
"http://dati.senato.it/commissione/0-140","Commissione parlamentare di inchiesta sulla ricostruzione della città dell'Aquila e degli altri comuni interessati dal sisma del 6 aprile 2009","Inchiesta ricostruzione L'Aquila sisma 2009",2016-11-10,2018-03-22
"http://dati.senato.it/commissione/0-141","Commissione parlamentare di inchiesta sul femminicidio, nonché su ogni forma di violenza di genere","Inchiesta femminicidio e violenza di genere",2017-01-18,2018-03-22
"http://dati.senato.it/commissione/0-141","Commissione parlamentare di inchiesta sul femminicidio, nonché su ogni forma di violenza di genere","Inchiesta femminicidio e violenza di genere",2018-10-16,2022-10-12
"http://dati.senato.it/commissione/0-142","Commissione parlamentare di inchiesta sulle condizioni di lavoro in Italia, sullo sfruttamento e sulla sicurezza nei luoghi di lavoro pubblici e privati","Inchiesta condizioni di lavoro in Italia, sullo sfruttamento e sulla sicurezza luoghi pubblici e privati",2019-10-31,2022-10-12
"http://dati.senato.it/commissione/0-142","Commissione parlamentare di inchiesta sulle condizioni di lavoro in Italia, sullo sfruttamento e sulla sicurezza nei luoghi di lavoro","Commissione parlamentare di inchiesta condizioni di lavoro in Italia, sfruttamento e sicurezza luoghi di lavoro",2023-03-22,
"http://dati.senato.it/commissione/0-143","Commissione straordinaria per il contrasto dei fenomeni di intolleranza, razzismo, antisemitismo e istigazione all'odio e alla violenza","Commissione straordinaria intolleranza, razzismo, antisemitismo, istigazione all'odio e alla violenza",2019-10-30,2022-10-12
"http://dati.senato.it/commissione/0-143","Commissione straordinaria per il contrasto dei fenomeni di intolleranza, razzismo, antisemitismo e istigazione all'odio e alla violenza","Commissione straordinaria intolleranza, razzismo, antisemitismo, istigazione all'odio e alla violenza",2023-01-19,
"http://dati.senato.it/commissione/0-144","Commissione parlamentare di inchiesta sul gioco illegale e sulle disfunzioni del gioco pubblico","Inchiesta gioco illegale e disfunzioni gioco pubblico",2021-06-22,2022-10-12
"http://dati.senato.it/commissione/0-145","3ª Commissione permanente","Affari esteri e difesa",2022-10-13,
"http://dati.senato.it/commissione/0-146","8ª Commissione permanente","Ambiente, transizione ecologica, energia, lavori pubblici, comunicazioni, innovazione tecnologica",2022-10-13,
"http://dati.senato.it/commissione/0-147","9ª Commissione permanente","Industria, commercio, turismo, agricoltura e produzione agroalimentare",2022-10-13,
"http://dati.senato.it/commissione/0-148","10ª Commissione permanente","Affari sociali, sanità, lavoro pubblico e privato, previdenza sociale",2022-10-13,
"http://dati.senato.it/commissione/0-149","Comitato per la legislazione","Comitato per la legislazione",2022-10-13,
"http://dati.senato.it/commissione/0-150","Commissione parlamentare di inchiesta sul sistema bancario, finanziario e assicurativo","Commissione parlamentare di inchiesta sistema bancario, finanziario e assicurativo",2024-12-17,
"http://dati.senato.it/commissione/0-151","Commissione parlamentare di inchiesta sulla diffusione intenzionale e massiva di informazioni false attraverso la rete internet e sul diritto all'informazione e alla libera formazione dell'opinione pubblica, nel rispetto della dignità umana, del principio di non discriminazione e di contrasto ai discorsi d'odio","Commissione parlamentare di inchiesta sulla diffusione intenzionale e massiva di informazioni false attraverso la rete internet e sul diritto all'informazione e alla libera formazione dell'opinione pubblica",2026-03-04,
"http://dati.senato.it/commissione/0-2","2ª Commissione permanente","Giustizia e autorizzazioni a procedere",1948-05-08,1971-09-30
"http://dati.senato.it/commissione/0-2","2ª Commissione permanente","Giustizia",1971-10-01,
"http://dati.senato.it/commissione/0-20","Giunta per il regolamento","Giunta per il regolamento",1948-05-08,1992-04-22
"http://dati.senato.it/commissione/0-20","Giunta per il Regolamento","Giunta per il Regolamento",1992-04-23,
"http://dati.senato.it/commissione/0-21","Giunta delle elezioni","Giunta delle elezioni",1948-05-08,1971-09-30
"http://dati.senato.it/commissione/0-21","Giunta delle elezioni e delle immunita' parlamentari","Giunta delle elezioni e delle immunita' parlamentari",1971-10-01,1992-04-22
"http://dati.senato.it/commissione/0-21","Giunta delle elezioni e delle immunita' parlamentari","Giunta delle elezioni e delle immunita' parlamentari",1992-04-23,
"http://dati.senato.it/commissione/0-22","Commissione per la biblioteca","Commissione per la biblioteca",1948-05-08,2002-07-22
"http://dati.senato.it/commissione/0-22","Commissione per la biblioteca e per l'archivio storico","Commissione per la biblioteca e l'archivio storico",2002-07-23,
"http://dati.senato.it/commissione/0-23","Giunta consultiva per gli affari delle Comunita' Europee","Giunta consultiva affari Comunita' Europee",1948-05-08,1971-09-30
"http://dati.senato.it/commissione/0-23","Giunta per gli affari delle Comunita' Europee","Giunta affari Comunita' Europee",1971-10-01,2003-10-06
"http://dati.senato.it/commissione/0-24","Giunta provvisoria per la verifica dei poteri","Giunta provvisoria per la verifica dei poteri",1976-07-05,1976-07-05
"http://dati.senato.it/commissione/0-24","Giunta provvisoria per la verifica dei poteri","Giunta provvisoria per la verifica dei poteri",1979-06-20,1979-06-20
"http://dati.senato.it/commissione/0-24","Giunta provvisoria per la verifica dei poteri","Giunta provvisoria per la verifica dei poteri",1983-07-12,1983-07-12
"http://dati.senato.it/commissione/0-24","Giunta provvisoria per la verifica dei poteri","Giunta provvisoria per la verifica dei poteri",1987-07-02,1987-07-02
"http://dati.senato.it/commissione/0-24","Giunta provvisoria per la verifica dei poteri","Giunta provvisoria per la verifica dei poteri",1992-04-23,1992-04-23
"http://dati.senato.it/commissione/0-24","Giunta provvisoria per la verifica dei poteri","Giunta provvisoria per la verifica dei poteri",2008-04-29,2008-04-29
"http://dati.senato.it/commissione/0-24","Giunta provvisoria per la verifica dei poteri","Giunta provvisoria per la verifica dei poteri",2013-03-15,2013-06-05
"http://dati.senato.it/commissione/0-24","Giunta provvisoria per la verifica dei poteri","Giunta provvisoria per la verifica dei poteri",2018-03-23,2018-07-17
"http://dati.senato.it/commissione/0-24","Giunta provvisoria per la verifica dei poteri","Giunta provvisoria per la verifica dei poteri",2022-10-13,2022-11-14
"http://dati.senato.it/commissione/0-25","Commissione di indagine istituita ai sensi dell' articolo 88 del Regolamento","Commissione di indagine istituita ex art. 88 del Regolamento",1995-02-23,1995-03-15
"http://dati.senato.it/commissione/0-3","3ª Commissione permanente","Affari esteri e colonie",1948-05-08,1958-01-31
"http://dati.senato.it/commissione/0-3","3ª Commissione permanente","Affari esteri",1958-02-01,1971-09-30
"http://dati.senato.it/commissione/0-3","3ª Commissione permanente","Affari esteri",1971-10-01,1987-07-29
"http://dati.senato.it/commissione/0-3","3ª Commissione permanente","Affari esteri, emigrazione",1987-07-30,2022-10-12
"http://dati.senato.it/commissione/0-30","Commissione speciale per l'esame di provvedimenti recanti interventi per i territori colpiti da eventi sismici","Commissione speciale eventi sismici",1984-01-24,1987-07-01
"http://dati.senato.it/commissione/0-31","Commissione speciale sul caso della filiale di Atlanta della Banca Nazionale del Lavoro","Commissione speciale filiale di Atlanta BNL",1990-01-24,1991-02-07
"http://dati.senato.it/commissione/0-32","Commissione parlamentare d'inchiesta sul caso della filiale di Atlanta della Banca Nazionale del Lavoro e sue connessioni","Commissione parlamentare d'inchiesta filiale Atlanta BNL",1991-02-19,1992-04-23
"http://dati.senato.it/commissione/0-32","Commissione parlamentare di inchiesta sulla utilizzazione dei finanziamenti concessi all' Iraq dalla filiale di Atlanta della Banca nazionale del lavoro","Commissione parlamentare d'inchiesta filiale Atlanta BNL",1992-11-17,1994-04-14
"http://dati.senato.it/commissione/0-34","Commissione parlamentare d'inchiesta sulle strutture sanitarie","Commissione d'inchiesta sulle strutture sanitarie",1994-10-04,1996-03-31
"http://dati.senato.it/commissione/0-34","Commissione parlamentare d'inchiesta sul sistema sanitario","Commissione d'inchiesta sul sistema sanitario",1997-04-03,2001-05-29
"http://dati.senato.it/commissione/0-35","Commissione speciale in materia d'infanzia","Commissione speciale in materia d'infanzia",1996-10-02,2001-05-29
"http://dati.senato.it/commissione/0-35","Commissione speciale in materia d'infanzia e di minori","Commissione speciale in materia d'infanzia e di minori",2001-12-13,2006-04-27
"http://dati.senato.it/commissione/0-36","Commissione parlamentare d'inchiesta sul fenomeno del cosiddetto ""caporalato""","Commissione d'inchiesta sul fenomeno del ""caporalato""",1994-09-20,1996-04-30
"http://dati.senato.it/commissione/0-37","Commissione parlamentare d'inchiesta sul problema dei rifiuti e sulle attivita' poste in essere in materia dalle pubbliche amministrazioni centrali e periferiche","Commissione d'inchiesta sul problema dei rifiuti",1996-01-30,1996-05-08
"http://dati.senato.it/commissione/0-4","4ª Commissione permanente","Difesa",1948-05-08,1971-09-30
"http://dati.senato.it/commissione/0-4","4ª Commissione permanente","Difesa",1971-10-01,2022-10-12
"http://dati.senato.it/commissione/0-5","5ª Commissione permanente","Bilancio",1971-10-01,
"http://dati.senato.it/commissione/0-54","Commissione parlamentare d' inchiesta sulla dignita' e condizione sociale dell' anziano","Commissione d' inchiesta sulla dignita' dell' anziano",1988-03-17,1989-07-31
"http://dati.senato.it/commissione/0-56","Commissione parlamentare d' inchiesta sulle condizioni di lavoro nelle aziende","Commissione d' inchiesta sulle condizioni di lavoro",1988-07-07,1989-12-31
"http://dati.senato.it/commissione/0-57","Commissione contenziosa","Commissione contenziosa",1996-05-09,
"http://dati.senato.it/commissione/0-58","Consiglio di garanzia","Consiglio di garanzia",1996-05-09,
"http://dati.senato.it/commissione/0-59","Consiglio di disciplina","Consiglio di disciplina",1996-05-09,
"http://dati.senato.it/commissione/0-6","5ª Commissione permanente","Finanze e tesoro",1948-05-08,1971-09-30
"http://dati.senato.it/commissione/0-6","6ª Commissione permanente","Finanze e tesoro",1971-10-01,
"http://dati.senato.it/commissione/0-61","Giunta consultiva per il Mezzogiorno","Giunta consultiva per il Mezzogiorno",1948-05-08,1976-06-14
"http://dati.senato.it/commissione/0-63","Commissione speciale per l'esame del disegno di legge concernente provvedimenti straordinari per la città di Cavarzere (n. 826)","Commissione speciale ddl città di Cavarzere (n. 826)",1960-01-18,1963-05-15
"http://dati.senato.it/commissione/0-64","Commissione speciale per l'esame del disegno di legge recante ""Provvedimenti per l'edilizia ospedaliera"" (n. 2291)","Commissione speciale ddl edilizia ospedaliera (n. 2291)",1962-11-29,1963-05-15
"http://dati.senato.it/commissione/0-69","Commissione speciale per l'esame dei provvedimenti recanti interventi a favore delle zone del Friuli-Venezia Giulia colpite dal terremoto","Commissione speciale terremoto Friuli-Venezia Giulia",1976-06-20,1979-06-02
"http://dati.senato.it/commissione/0-7","6ª Commissione permanente","Istruzione pubblica e belle arti",1948-05-08,1971-09-30
"http://dati.senato.it/commissione/0-7","7ª Commissione permanente","Istruzione pubblica",1971-10-01,1987-07-29
"http://dati.senato.it/commissione/0-7","7ª Commissione permanente","Istruzione pubblica, beni culturali",1987-07-30,2022-10-12
"http://dati.senato.it/commissione/0-7","7ª Commissione permanente","Cultura e patrimonio culturale, istruzione pubblica",2022-10-13,
"http://dati.senato.it/commissione/0-70","Commissione speciale per l'esame del disegno di legge recante interventi per la ricostruzione delle zone del Friuli-Venezia Giulia e del Veneto colpite dagli eventi sismici del 1976","Commissione speciale ricostruzione Friuli e Veneto",1976-06-20,1979-06-02
"http://dati.senato.it/commissione/0-71","Commissione speciale per l'esame del disegno di legge di conversione del decreto-legge 26 novembre 1980, n. 776, recante interventi urgenti in favore delle popolazioni colpite dal terremoto del novembre 1980","Commissione speciale esame ddl terremoto novembre 1980",1980-11-27,1981-02-18
"http://dati.senato.it/commissione/0-72","Commissione speciale per l'esame di provvedimenti riguardanti la ricostruzione dei territori colpiti dal terremoto del novembre 1980","Commissione speciale ricostruzione terremoto novembre 1980",1981-02-19,1982-01-13
"http://dati.senato.it/commissione/0-73","Commissione speciale per l'esame di provvedimenti concernenti modifiche ed integrazioni alle norme per la ricostruzione e lo sviluppo dei territori colpiti da eventi sismici","Commissione speciale modifiche ricostruzione eventi sismici",1982-01-14,1983-07-11
"http://dati.senato.it/commissione/0-74","Commissione speciale per l'esame di disegni di legge di conversione di decreti-legge","Comm. spec. esame ddl di conversione di decreti legge",2001-05-30,2001-06-27
"http://dati.senato.it/commissione/0-74","Commissione speciale per l'esame di disegni di legge di conversione di decreti-legge","Commissione speciale esame ddl di conversione di decreti-legge",2006-05-19,2006-06-05
"http://dati.senato.it/commissione/0-74","Commissione speciale per l'esame di disegni di legge di conversione di decreti-legge","Commissione speciale esame ddl di conversione di decreti legge",2008-05-08,2008-05-22
"http://dati.senato.it/commissione/0-74","Commissione speciale per l'esame di disegni di legge di conversione di decreti-legge e di altri provvedimenti urgenti presentati dal Governo","Commissione speciale su atti urgenti del Governo",2013-03-26,2013-05-07
"http://dati.senato.it/commissione/0-74","Commissione speciale per l'esame degli atti urgenti presentati dal Governo","Commissione speciale su atti urgenti del Governo",2018-03-29,2018-06-21
"http://dati.senato.it/commissione/0-74","Commissione speciale per l'esame degli atti urgenti presentati dal Governo","Commissione speciale su atti urgenti del Governo",2022-10-19,2022-11-10
"http://dati.senato.it/commissione/0-75","Commissione straordinaria per la tutela e la promozione dei diritti umani","Commissione straordinaria diritti umani",2001-09-18,2006-04-27
"http://dati.senato.it/commissione/0-75","Commissione speciale  per la tutela e la promozione dei diritti umani","Commissione speciale diritti umani",2007-10-08,2008-04-28
"http://dati.senato.it/commissione/0-75","Commissione straordinaria per la tutela e la promozione dei diritti umani","Commissione straordinaria diritti umani",2008-07-30,2013-03-14
"http://dati.senato.it/commissione/0-75","Commissione straordinaria per la tutela e la promozione dei diritti umani","Commissione straordinaria diritti umani",2013-04-16,2018-03-22
"http://dati.senato.it/commissione/0-75","Commissione straordinaria per la tutela e la promozione dei diritti umani","Commissione straordinaria diritti umani",2018-07-10,2022-10-12
"http://dati.senato.it/commissione/0-75","Commissione straordinaria per la tutela e la promozione dei diritti umani","Commissione straordinaria diritti umani",2023-01-19,
"http://dati.senato.it/commissione/0-76","Commissione parlamentare d'inchiesta sull'efficacia e l'efficienza del Servizio sanitario nazionale, nonché sulle cause dell'incendio sviluppatosi tra il 15 e il 16 dicembre 2001 nel comune di San Gregorio Magno","Commissione d'inchiesta sul Servizio sanitario nazionale",2002-05-08,2006-04-27
"http://dati.senato.it/commissione/0-77","Commissione per la parità e le pari opportunità nel Senato","Commissione per la parità e le pari opportunità nel Senato",1999-03-02,
"http://dati.senato.it/commissione/0-78","Comitato per le questioni degli italiani all'estero","Comitato per le questioni degli italiani all'estero",2003-02-20,2006-04-27
"http://dati.senato.it/commissione/0-78","Comitato per le questioni degli italiani all'estero","Comitato per le questioni degli italiani all'estero",2007-06-15,2008-04-28
"http://dati.senato.it/commissione/0-78","Comitato per le questioni degli italiani all'estero","Comitato per le questioni degli italiani all'estero",2008-07-30,2013-03-14
"http://dati.senato.it/commissione/0-78","Comitato per le questioni degli italiani all'estero","Comitato per le questioni degli italiani all'estero",2013-05-14,2018-03-22
"http://dati.senato.it/commissione/0-79","Commissione parlamentare d'inchiesta sulle cause dell'inquinamento del fiume Sarno","Commissione d'inchiesta cause inquinamento fiume Sarno",2003-07-22,2006-04-27
"http://dati.senato.it/commissione/0-8","7ª Commissione permanente","Lavori pubblici, Trasporti, Poste e Tel. e Marina Mercantile",1948-05-08,1971-09-30
"http://dati.senato.it/commissione/0-8","8ª Commissione permanente","Lavori pubblici, comunicazioni",1971-10-01,2022-10-12
"http://dati.senato.it/commissione/0-81","Commissione parlamentare d'inchiesta sui casi di morte e gravi malattie che hanno colpito il personale militare italiano impiegato nelle missioni internazionali di pace, sulle condizioni della conservazione e sull'eventuale utilizzo di uranio impoverito nelle esercitazioni militari sul territorio nazionale","Commissione d'inchiesta uranio impoverito",2004-11-17,2006-04-27
"http://dati.senato.it/commissione/0-81","Commissione parlamentare di inchiesta sui casi di morte e gravi malattie che hanno colpito il personale italiano impiegato nelle missioni militari all'estero, nei poligoni di tiro e nei siti in cui vengono stoccati munizionamenti, nonché le popolazioni civili nei teatri di conflitto e nelle zone adiacenti le basi militari sul territorio nazionale, con particolare attenzione agli effetti dell'utilizzo di proiettili all'uranio impoverito e della dispersione nell'ambiente di nanoparticelle di minerali pesanti prodotte dalle esplosioni di materiale bellico","Commissione di inchiesta sull' uranio impoverito",2006-11-18,2008-04-28
"http://dati.senato.it/commissione/0-81","Commissione parlamentare d'inchiesta sui casi di morte e di gravi malattie che hanno colpito il personale italiano impiegato all'estero, nei poligoni di tiro e nei siti in cui vengono stoccati munizionamenti, in relazione all'esposizione a particolari fattori chimici, tossici e radiologici dal possibile effetto patogeno, con particolare attenzione agli effetti dell'utilizzo di proiettili all'uranio impoverito e della dispersione nell'ambiente di nanoparticelle di minerali pesanti prodotte dalle esplosioni di materiale bellico e a eventuali interazioni","Commissione parlamentare d'inchiesta sull'esposizione a possibili fattori patogeni, con particolare riferimento all'uso dell'uranio impoverito",2010-03-16,2013-03-14
"http://dati.senato.it/commissione/0-82","Commissione parlamentare di inchiesta sugli infortuni sul lavoro, con particolare riguardo alle cosiddette ""morti bianche""","Commissione di inchiesta sugli infortuni sul lavoro",2005-03-23,2006-04-27
"http://dati.senato.it/commissione/0-82","Commissione parlamentare di inchiesta sul fenomeno degli infortuni sul lavoro, con particolare riguardo alle cosiddette ""morti bianche""","Commissione di inchiesta sugli infortuni sul lavoro",2006-11-13,2008-04-28
"http://dati.senato.it/commissione/0-82","Commissione di inchiesta sul fenomeno degli infortuni sul lavoro con particolare riguardo alle cosiddette ""morti bianche""","Commissione di inchiesta sugli infortuni sul lavoro",2008-06-24,2013-03-14
"http://dati.senato.it/commissione/0-82","Commissione parlamentare di inchiesta sul fenomeno degli infortuni sul lavoro e delle malattie professionali, con particolare riguardo al sistema della tutela della salute e della sicurezza nei luoghi di lavoro","Commissione di inchiesta sugli infortuni sul lavoro",2013-12-04,2018-03-22
"http://dati.senato.it/commissione/0-84","Commissione parlamentare di inchiesta sull'efficacia e l'efficienza del Servizio sanitario nazionale","Commissione di inchiesta sul Servizio sanitario nazionale",2006-10-26,2008-04-28
"http://dati.senato.it/commissione/0-84","Commissione parlamentare di inchiesta sull'efficacia e l'efficienza del Servizio sanitario nazionale","Commissione di inchiesta sul Servizio sanitario nazionale",2008-07-30,2013-03-14
"http://dati.senato.it/commissione/0-85","Commissione di indagine richiesta dal senatore Bisaglia, ministro dell'industria, commercio e artigianato per indagare sulle accuse a lui rivolte dal senatore Pisanò","Commissione di indagine Bisaglia - Pisanò",1980-11-20,1980-12-19
"http://dati.senato.it/commissione/0-86","Commissione speciale per i problemi ecologici","Commissione speciale per i problemi ecologici",1971-06-22,1972-05-24
"http://dati.senato.it/commissione/0-86","Commissione speciale per i problemi ecologici","Commissione speciale per i problemi ecologici",1972-07-25,1976-07-04
"http://dati.senato.it/commissione/0-86","Commissione speciale per i problemi ecologici","Commissione speciale per i problemi ecologici",1976-11-16,1979-06-19
"http://dati.senato.it/commissione/0-87","Commissione straordinaria per la verifica dell'andamento generale dei prezzi al consumo e per il controllo della trasparenza dei mercati","Commissione straordinaria per il controllo dei prezzi",2008-12-02,
"http://dati.senato.it/commissione/0-88","Comitato per lo sviluppo della comunicazione radiotelevisiva del Senato","Comitato sviluppo comunicazione",2009-12-26,
"http://dati.senato.it/commissione/0-9","8ª Commissione permanente","Agricoltura e Alimentazione",1948-05-08,1963-05-15
"http://dati.senato.it/commissione/0-9","8ª Commissione permanente","Agricoltura e Foreste",1963-05-16,1971-09-30
"http://dati.senato.it/commissione/0-9","9ª Commissione permanente","Agricoltura",1971-10-01,1987-07-29
"http://dati.senato.it/commissione/0-9","9ª Commissione permanente","Agricoltura e produzione agroalimentare",1987-07-30,2022-10-12
"http://dati.senato.it/commissione/0-90","Commissione speciale per l'esame del disegno di legge: ""Conversione in legge del decreto-legge 19 novembre 1968, n. 1149, recante ulteriori provvedimenti in favore delle zone colpite dalle alluvioni dell'autunno 1968""","Esame ddl di conversione alluvioni autunno 1968",1968-11-16,1969-01-31
"http://dati.senato.it/commissione/0-91","Giunta provvisoria per la verifica dei poteri","Giunta provvisoria per la verifica dei poteri",1968-06-05,1968-06-05
"http://dati.senato.it/commissione/0-92","Giunta provvisoria per la verifica dei poteri","Giunta provvisoria per la verifica dei poteri",1963-05-16,1963-05-16
"http://dati.senato.it/commissione/0-93","Giunta provvisoria per la verifica dei poteri","Giunta provvisoria verifica poteri",1972-05-25,1972-05-25
"http://dati.senato.it/commissione/0-95","Commissione speciale per l'esame del disegno di legge sul Consiglio nazionale dell'economia e del lavoro (318)","Commissione speciale ddl sul CNEL",1949-04-07,1953-06-24
"http://dati.senato.it/commissione/0-96","Commissione speciale per l'esame del disegno di legge: ""Conversione in legge, con approvazione complessiva, dei decreti-legge che a causa degli avvenimenti successivi al 25 luglio 1943 non siano stati convertiti in legge o presentati per la conversione"" (380)","Commissione speciale ddl decreti legge",1949-04-27,1949-05-05
"http://dati.senato.it/commissione/0-97","Commissione speciale per l'esame dei disegni di legge concernenti ratifica di decreti legislativi emanati durante il periodo della Costituente","Commissione speciale ddl ratifica decreti legislativi",1949-10-28,1953-06-24
"http://dati.senato.it/commissione/0-98","Commissione speciale per le locazioni","Commissione speciale ddl locazioni",1949-12-02,1953-06-24
"http://dati.senato.it/commissione/0-99","Commissione speciale per l'esame della proposta di legge sulla ricostituzione della provincia ed ordinamento degli enti locali nella regione sicilliana (857)","Commissione speciale pdl enti locali regione siciliana",1950-03-09,1953-06-24
"http://dati.senato.it/commissione/4-100","Commissione parlamentare per il parere al Governo sui decreti da emanare in esecuzione dei trattati di Lussemburgo del 21 e 22 aprile 1970","Commissione parere trattati di Lussemburgo del 1970",1970-12-23,1983-06-25
"http://dati.senato.it/commissione/4-101","Commissione parlamentare per il parere al Governo sulle norme delegate previste dalla legge istitutiva del servizio sanitario nazionale","Commissione parere servizio sanitario nazionale",1978-12-23,1983-06-25
"http://dati.senato.it/commissione/4-102","Commissione parlamentare per il parere al Governo sulle norme delegate per il riordinamento degli enti pubblici e del rapporto di lavoro del personale dipendente","Commissione parere enti pubblici e personale dipendente",1972-05-24,1979-06-02
"http://dati.senato.it/commissione/4-103","Commissione parlamentare consultiva prevista dall'articolo 3 della legge 20 dicembre 1954, n. 1181, concernente la delega al Governo per l'emanazione delle norme relative al nuovo statuto degli impiegati civili e degli altri dipendenti dello Stato","Commissione consultiva statuto degli impiegati civili",1955-01-18,1958-06-11
"http://dati.senato.it/commissione/4-104","Commissione parlamentare per il parere al Governo sulle norme delegate relative al riordinamento dell'amministrazione dello Stato, al decentramento delle funzioni e al riassetto delle carriere dei dipendenti dello Stato","Commissione parere riordinamento amministrazione Stato",1968-06-05,1976-07-04
"http://dati.senato.it/commissione/4-109","Commissione parlamentare per il parere al governo sulle norme delegate in materia di nuova tariffa generale dei dazi doganali (l. 13/1965)","Consultiva nuova tariffa generale dazi doganali (l. 13/1965)",1965-02-01,1983-07-11
"http://dati.senato.it/commissione/4-110","Commissione parlamentare per il parere al governo sui decreti previsti dalla legge 29 novembre 1977, n,875, relativa al riordinamento delle pensioni di guerra","Commissione parere al Governo riordino pensioni di guerra",1976-07-04,1979-06-19
"http://dati.senato.it/commissione/4-111","Commissione parlamentare per il parere al Governo sulle norme delegate relative ai criteri di assegnazione degli alloggi economici e popolari","Consultiva assegnazione alloggi economici e popolari",1963-11-04,1964-05-23
"http://dati.senato.it/commissione/4-112","Commissione parlamentare per il parere al Governo sull'emanazione di un testo unico delle disposizioni di legge concernenti la disciplina degli interventi nel Mezzogiorno","Consultiva testo unico interventi Mezzogiorno",1965-06-26,1967-06-24
"http://dati.senato.it/commissione/4-113","Commissione parlamentare per il parere al Governo sulle norme delegate relative all'ordinamento dei servizi degli enti ospedalieri e dei servizi di assistenza negli istituti e cliniche universitarie di ricovero e cura e allo stato giuridico dei dipendenti degli enti ospedalieri","Commissione parere ordinamento servizi enti ospedalieri",1968-06-05,1972-05-24
"http://dati.senato.it/commissione/4-114","Commissione parlamentare per il parere al Governo sulle norme delegate relative all'amministrazione e alla contabilità degli enti ospedalieri, prevista dall'art. 55 Legge 12 febbraio 1968, n. 132","Commissione parere amministrazione e contabilita' enti ospedalieri",1968-06-05,1972-05-24
"http://dati.senato.it/commissione/4-115","Commissione parlamentare d'inchiesta su condizioni e livelli dei trattamenti retributivi e normativi","Commissione d'inchiesta  su trattamenti retributivi",1976-02-12,1979-06-19
"http://dati.senato.it/commissione/4-116","Commissione parlamentare per il parere al governo sulle norme delegate nelle materie previste dai trattati della Comunità economica europea e della Comunità europea dell'energia atomica per la durata della terza tappa","Comm.parl.par.gov.norme delegate trattati CEE e CEEA",1968-06-05,1972-05-24
"http://dati.senato.it/commissione/4-117","Commissione parlamentare d'inchiesta sul fenomeno della ""mafia""","Comm. d'inchiesta sul fenomeno della ""mafia""",1962-12-20,1976-07-04
"http://dati.senato.it/commissione/4-118","Commissione di vigilanza sulle condizioni dei detenuti negli stabilimenti carcerari","Comm. vigilanza condizioni detenuti nelle carceri",1949-01-26,1953-06-24
"http://dati.senato.it/commissione/4-119","Commissione parlamentare consultiva per le norme di attuazione della legge 13 maggio 1950, n. 120, sull'ordinamento dell'INADEL","Commissione consultiva ordinamento INADEL",1950-03-13,1953-06-24
"http://dati.senato.it/commissione/4-120","Commissione d'inchiesta sull'attuazione degli interventi per la ricostruzione e la ripresa socio-economica dei territori della valle del Belice colpiti dai terremoti del gennaio 1968","Comm. inchiesta attuazione interventi ricostruzione Belice",1976-07-05,1981-07-31
"http://dati.senato.it/commissione/4-121","Commissione parlamentare consultiva per la disciplina giuridica delle imprese artigiane","Consultiva disciplina giuridica imprese artigiane",1953-06-25,1958-06-11
"http://dati.senato.it/commissione/4-123","Commissione parlamentare per il parere sulla emanazione di norme relative all'assicurazione obbligatoria contro le malattie per gli artigiani","Consultiva assicurazione obbligatoria malattie artigiani",1957-02-26,1958-06-11
"http://dati.senato.it/commissione/4-124","Commissione speciale per l'esame del disegno di legge di conversione del decreto legge recante provvidenze per le popolazioni del Friuli colpite dal terremoto","Commissione speciale terremoto Friuli",1972-05-24,1976-07-04
"http://dati.senato.it/commissione/4-125","Sottocommissione RAI per gli indirizzi","Sottocommissione RAI per gli indirizzi",2001-05-30,
"http://dati.senato.it/commissione/4-126","Sottocommissione RAI per le tribune","Sottocommissione RAI per le tribune",2001-05-30,
"http://dati.senato.it/commissione/4-127","Sottocommissione RAI per la pubblicità","Sottocommissione RAI per la pubblicità",2001-05-30,
"http://dati.senato.it/commissione/4-128","Commissione parlamentare di inchiesta sul ciclo dei rifiuti e sulle attività illecite ad esso connesse","Commissione di inchiesta sul ciclo dei rifiuti",2001-11-23,2006-04-27
"http://dati.senato.it/commissione/4-128","Commissione parlamentare di inchiesta sul ciclo dei rifiuti e sulle attività illecite ad esso connesse","Commissione di inchiesta sul ciclo dei rifiuti",2006-11-18,2008-04-28
"http://dati.senato.it/commissione/4-128","Commissione parlamentare di inchiesta sul ciclo dei rifiuti e sulle attività illecite ad esso connesse","Commissione di inchiesta sul ciclo dei rifiuti",2009-02-06,2013-03-14
"http://dati.senato.it/commissione/4-128","Commissione parlamentare di inchiesta sulle attività illecite connesse al ciclo dei rifiuti e su illeciti ambientali ad esse correlati","Commissione di inchiesta sul ciclo dei rifiuti",2014-01-30,2018-03-22
"http://dati.senato.it/commissione/4-128","Commissione parlamentare di inchiesta sulle attività illecite connesse al ciclo dei rifiuti e su illeciti ambientali ad esse correlati","Commissione di inchiesta sul ciclo dei rifiuti",2018-09-04,2022-10-12
"http://dati.senato.it/commissione/4-128","Commissione parlamentare di inchiesta sulle attività illecite connesse al ciclo dei rifiuti e su altri illeciti ambientali e agroalimentari","Commissione di inchiesta sul ciclo dei rifiuti e illeciti ambientali e agroalimentari",2023-05-19,
"http://dati.senato.it/commissione/4-130","Commissione parlamentare d'inchiesta sull'affare Telekom-Serbia","Commissione d'inchiesta sull'affare Telekom-Serbia",2002-07-03,2004-12-31
"http://dati.senato.it/commissione/4-131","Commissione parlamentare d'inchiesta concernente il ""dossier Mitrokhin"" e l'attività d'intelligence italiana","Commissione inchiesta ""dossier Mitrokhin"" e intelligence italiana",2002-07-04,2006-04-27
"http://dati.senato.it/commissione/4-132","Commissione parlamentare d'inchiesta sulle cause dell'occultamento di fascicoli relativi a crimini nazifascisti","Commissione inchiesta fascicoli crimini nazifascisti",2003-10-08,2006-04-27
"http://dati.senato.it/commissione/4-133","Delegazione parlamentare italiana presso l'Assemblea parlamentare euromediterranea","Delegazione italiana Assemblea parlamentare euromediterranea",2003-12-02,2004-03-22
"http://dati.senato.it/commissione/4-133","Delegazione italiana presso l'Assemblea parlamentare euromediterranea","Delegazione italiana Asssemblea parlamentare euromediterranea",2004-03-23,2010-06-17
"http://dati.senato.it/commissione/4-133","Delegazione parlamentare italiana presso l'Assemblea parlamentare dell'Unione per il Mediterraneo (Ap-UpM)","Delegazione italiana Assemblea Unione per il Mediterraneo (Ap-UpM)",2010-06-18,
"http://dati.senato.it/commissione/4-134","Commissione parlamentare per la semplificazione della legislazione","Commissione per la semplificazione della legislazione",2006-10-25,2008-06-03
"http://dati.senato.it/commissione/4-134","Commissione parlamentare per la semplificazione","Commissione parlamentare per la semplificazione",2008-06-04,
"http://dati.senato.it/commissione/4-135","Commissione parlamentare per il parere al Governo sulle nuove norme in materia di polizia, sicurezza e regolarità dell'esercizio delle Ferrovie e di altri servizi di trasporto","Commissione per il parere al Governo su ferrovie e servizi trasporto",1978-12-06,1983-07-11
"http://dati.senato.it/commissione/4-136","Commissione parlamentare per il parere al Governo sulle norme delegate relative alla ristrutturazione dei servizi di assistenza al volo","Commissione per i servizi di assistenza al volo",1980-05-23,1983-07-11
"http://dati.senato.it/commissione/4-137","Commissione parlamentare d'inchiesta sul caso Sindona e sulle responsabilità politiche ed amministrative ad esso eventualmente connesse","Commissione d'inchiesta sul caso Sindona",1980-09-18,1982-10-30
"http://dati.senato.it/commissione/4-138","Commissione parlamentare d'inchiesta e di studio sulle commesse di armi e mezzi ad uso militare e sugli approvvigionamenti","3^ Commissione d'inchiesta sulle commesse di armi",1982-04-29,1983-06-30
"http://dati.senato.it/commissione/4-139","Commissione parlamentare d'inchiesta e di studio sulle commesse di armi e mezzi ad uso militare e sugli approvvigionamenti","2^ Commissione d'inchiesta sulle commesse di armi",1981-03-05,1982-03-06
"http://dati.senato.it/commissione/4-14","Commissione parlamentare per il parere al governo sulle norme delegate previste dalla legge 23 dicembre 1996, n. 662, concernenti misure di razionalizzazione della finanza pubblica","Commissione per il parere su norme delegate ex legge 662/96",1996-12-28,1997-07-15
"http://dati.senato.it/commissione/4-14","Commissione parlamentare consultiva in materia di riforma fiscale ai sensi della legge 23 dicembre 1996, n. 662","Commissione consultiva in materia di riforma fiscale",1997-07-16,2001-05-29
"http://dati.senato.it/commissione/4-140","Commissione parlamentare dinchiesta e di studio sulle commesse di armi e mezzi ad uso militare e sugli approvvigionamenti","1^ Commissione d'inchiesta sulle commesse di armi",1977-11-17,1979-06-19
"http://dati.senato.it/commissione/4-141","Commissione parlamentare per la localizzazione degli impianti per la produzione di energia elettrica","Commissione localizzazione impianti elettrici",1974-08-12,1979-06-19
"http://dati.senato.it/commissione/4-142","Commissione parlamentare per il parere al Governo per l'emanazione del nuovo testo del codice di procedura penale","Parere al Governo sul nuovo codice di procedura penale",1976-08-04,1979-06-19
"http://dati.senato.it/commissione/4-143","Commissione parlamentare per il parere al Governo sulla convenzione con l'AERITALIA per l'esecuzione di studi, ricerche, progettazione ed avviamento alla produzione di aeromobili per percorsi internazionali","Convenzione AERITALIA aereomobili percorsi internazionali",1978-09-18,1979-06-19
"http://dati.senato.it/commissione/4-144","Commissione parlamentare di vigilanza sul CNEN","Vigilanza CNEN",1976-08-04,1979-06-19
"http://dati.senato.it/commissione/4-145","Commissione parlamentare per il parere al ministro dei trasporti e dell'aviazione civile sugli interventi nel settore aeroportuale","Comm. parere interventi settore aeroportuale",1971-02-25,1976-07-03
"http://dati.senato.it/commissione/4-146","Commissione parlamentare per l'attuazione del federalismo fiscale","Commissione parlamentare per l'attuazione del federalismo fiscale",2010-01-20,
"http://dati.senato.it/commissione/4-147","Commissione parlamentare per il parere al Governo sulle norme delegate in materia di interventi per la salvaguardia di Venezia","Commissione consultiva salvaguardia di Venezia",1973-07-31,1976-07-04
"http://dati.senato.it/commissione/4-148","Commissione parlamentare per il parere al governo sulle norme delegate in materia di edilizia","Commissione sulle norme delegate in materia di edilizia",1972-08-04,1976-07-04
"http://dati.senato.it/commissione/4-149","Commissione parlamentare per il parere al governo sull'aggiornamento del testo unico delle leggi sulla disciplina degli interventi nel mezzogiorno","Commissione per il parere sul testo unico per il mezzogiorno",1972-07-27,1976-07-04
"http://dati.senato.it/commissione/4-150","Commissione parlamentare per il parere al governo in materia di mercato mobiliare e di società per azioni","commissione in materia di mercato mobiliare e spa",1974-07-04,1976-07-04
"http://dati.senato.it/commissione/4-151","Commissione parlamentare per il parere al governo sull'emanazione del nuovo testo del codice di procedura penale","Commissione nuovo testo codice procedura penale",1974-07-29,1976-07-04
"http://dati.senato.it/commissione/4-152","Commissione parlamentare per il parere al governo sui decreti delegati concerneneti il regime fiscale dei prodotti petroliferi e l'imposizione di prelievo tributario una tantum sui veicoli a motore","Commissione consultiva regime fiscale prodotti petroliferi",1974-11-07,1976-07-04
"http://dati.senato.it/commissione/4-153","Commissione parlamentare per il parere al governo sui decreti delegati concernenti norme a favore dei dipendenti dello stato ed enti pubblici ex combattenti ed assimilati","Commissione consultiva norme a favore dei dipendenti stato",1974-11-07,1976-07-04
"http://dati.senato.it/commissione/4-154","Commissione parlamentare di vigilanza sul CNEN","Commissione parlamentare di vigilanza CNEN",1972-08-04,1976-07-04
"http://dati.senato.it/commissione/4-155","Commissione parlamentare per il parere sulla nuova tariffa generale dei dazi doganali","Consultiva nuova tariffa generale dazi doganali (1)",1950-02-02,1964-12-31
"http://dati.senato.it/commissione/4-156","Commissione parlamentare consultiva per gli enti di riforma fondiaria - Ente per la colonizzazione della Maremma Tosco-Laziale e del territorio del Fucino","Commissione riforma fondiaria Maremma e Fucino",1951-05-23,1953-06-24
"http://dati.senato.it/commissione/4-157","Commissione parlamentare consultiva per l'altopiano della Sila","Commissione consultiva per l'altopiano della Sila",1950-06-09,1951-12-31
"http://dati.senato.it/commissione/4-158","Commissione parlamentare consultiva per gli enti di riforma fondiaria - Sezione speciale per la riforma fondiaria presso l'Ente per lo sviluppo della irrigazione e la trasformazione fondiaria in Puglia e Lucania","Commissione riforma fondiaria Puglia e Lucania",1951-05-23,1953-06-24
"http://dati.senato.it/commissione/4-159","Commissione parlamentare consultiva per gli enti di riforma fondiaria - Sezione speciale dell'Opera per la valorizzazione della Sila","Commissione riforma fondiaria Sila",1951-05-23,1953-06-24
"http://dati.senato.it/commissione/4-160","Commissione parlamentare consultiva per gli enti di riforma fondiaria - Ente per la colonizzazione del Delta Padano","Commissione riforma fondiaria Delta Padano",1951-05-23,1953-06-24
"http://dati.senato.it/commissione/4-161","Commissione parlamentare consultiva per gli enti di riforma fondiaria - Sezione speciale per la riforma fondiaria presso l'Opera Nazionale Combattenti","Commissione riforma fondiaria ONC",1951-05-23,1953-06-24
"http://dati.senato.it/commissione/4-162","Commissione parlamentare consultiva per gli enti di riforma fondiaria - Sezione speciale per la riforma fondiaria presso l'Ente autonomo del Flumendosa","Commissione riforma fondiaria Flumendosa",1951-05-23,1953-06-24
"http://dati.senato.it/commissione/4-163","Commissione parlamentare consultiva per gli enti di riforma fondiaria - Ente per la traformazione fondiaria e agraria in Sardegna","Commissione riforma fondiaria Sardegna",1951-05-23,1953-06-24
"http://dati.senato.it/commissione/4-164","Commissione parlamentare consultiva per il testo unico sulla perequazione tributaria","Commissione consultiva perequazione tributaria",1951-02-08,1953-06-24
"http://dati.senato.it/commissione/4-165","Commissione parlamentare per il parere sulla formazione delle tabelle delle circoscrizioni elettorali per le elezioni provinciali","Commissione consultiva circoscrizioni provinciali",1951-01-11,1953-06-24
"http://dati.senato.it/commissione/4-166","Commissione parlamentare consultiva per il testo unico delle disposizioni in materia di tasse sulle concessioni governative","Commissione consultiva concessioni governative",1952-03-04,1953-06-24
"http://dati.senato.it/commissione/4-167","Commissione parlamentare consultiva per il testo unico delle disposizione sulle tasse di circolazione","Commissione consultiva tasse di circolazione",1952-02-09,1953-06-24
"http://dati.senato.it/commissione/4-168","Rappresentanza del Parlamento italiano all'Assemblea della Comunità europea del carbone e dell'acciaio (C.E.C.A.)","Rappresentanza Assemblea CECA",1952-06-25,1968-06-04
"http://dati.senato.it/commissione/4-169","Commissione parlamentare consultiva per l'esame di nuove norme sulle imposte sul bollo e sulla pubblicità","Commissione consultiva imposte bollo e pubblicità",1952-12-27,1953-06-24
"http://dati.senato.it/commissione/4-170","Commissari per la vigilanza sullo svolgimento delle operazioni relative ai censimenti della popolazione e dell'industria e commercio","Commissari vigilanza censimenti",1951-04-02,1953-06-24
"http://dati.senato.it/commissione/4-171","Commissari per lo studio di problemi inerenti al personale statale","Commissari studio personale statale",1948-10-12,1948-12-31
"http://dati.senato.it/commissione/4-172","Commissione consultiva parlamentare per le norme di attuazione della legge 13 marzo 1950, n. 120, concernente norme relative all'ordinamento dell'Istituto nazionale di assistenza per i dipendenti degli enti locali (INADEL)","Commissione consultiva norme attuazione ordinamento INADEL",1953-10-06,1958-06-11
"http://dati.senato.it/commissione/4-173","Commissione parlamentare per il parere sulla emanazione del testo unico delle disposizioni concernenti la disciplina fiscale della lavorazione dei semi oleosi e degli olii da essi ottenuti","Commissione consultiva testo unico semi oleosi",1953-10-26,1958-06-11
"http://dati.senato.it/commissione/4-174","Commissione parlamentare consultiva prevista dalla legge 27 dicembre 1952, n. 3596, concernente la delega al Governo dell'esercizio della funzione legislativa per la emanazione di nuove norme sulle imposte di bollo e sulla pubblicità","Commissione consultiva imposte di bollo e pubblicità",1953-12-18,1958-06-11
"http://dati.senato.it/commissione/4-175","Commissione parlamentare consultiva prevista dall'articolo 2 della legge 11 marzo 1953, n. 150, concernente la delega legislativa al Governo per l'attribuzione  di funzioni statali di interesse esclusivamente locale alle province, ai comuni e ad altri enti locali e per l'attuazione del decentramento amministrativo","Consultiva funzioni statali e decentramento amministrativo",1954-02-26,1958-06-11
"http://dati.senato.it/commissione/4-176","Commissione parlamentare per il parere sulla emanazione di un testo unico sulla riorganizzazione del ministero del lavoro e della previdenza sociale","Consultiva testo unico riorganizzazione ministero lavoro",1954-12-16,1958-06-11
"http://dati.senato.it/commissione/4-177","Commissione parlamentare per il parere sulla modifica alle tasse sui contratti di borsa","Commissione consultiva tasse contratti di borsa",1954-12-16,1958-06-11
"http://dati.senato.it/commissione/4-178","Commissione parlamentare di inchiesta sulle condizioni dei lavoratori in Italia","Commissione d'inchiesta sulle condizioni dei lavoratori",1955-04-19,1958-06-11
"http://dati.senato.it/commissione/4-179","Commissione parlamentare per lo studio della procedura d'esame dei bilanci","Commissione per lo studio procedura d'esame dei bilanci",1955-10-22,1958-06-11
"http://dati.senato.it/commissione/4-180","Commissione parlamentare per il parere sui testi unici in materia di imposte dirette e sulle norme per la riscossione (perequazione tributaria)","Consultiva testi unici imposte dirette e riscossione",1956-02-23,1958-06-11
"http://dati.senato.it/commissione/4-181","Commissione consultiva per l'emanazione di norme relative alle circoscrizioni territoriali e alle piante organiche degli uffici giudiziari","Commissione consultiva uffici giudiziari",1957-02-12,1963-12-31
"http://dati.senato.it/commissione/4-182","Commissione parlamentare consultiva per l'esame dello schema delle norme delegate sulla disciplina della circolazione stradale","Consultiva disciplina circolazione stradale",1958-02-27,1959-06-15
"http://dati.senato.it/commissione/4-183","Membri dell'Assemblea Parlamentare del Consiglio d'Europa","Delegazione italiana presso l'Assemblea Consiglio d'Europa (da eliminare)",1949-07-23,1996-05-08
"http://dati.senato.it/commissione/4-184","Rappresentanza all'Assemblea unica delle Comunità europee","Rappresentanza Assemblea unica delle Comunità europee",1958-02-27,1963-05-15
"http://dati.senato.it/commissione/4-185","Delegazione parlamentare italiana presso l'Assemblea dell'Unione dell'Europa occidentale","Delegazione italiana presso l'Assemblea dell'UEO (da eliminare)",1955-03-16,1996-05-08
"http://dati.senato.it/commissione/4-186","Commissione parlamentare d'inchiesta per esaminare il comportamento degli organi della pubblica amministrazione in ordine alla cosiddetta ""Anonima banchieri""","Commissione di inchiesta cosiddetta ""Anonima banchieri""",1958-10-18,1958-12-17
"http://dati.senato.it/commissione/4-188","Commissione parlamentare d'inchiesta sulla costruzione dell'aeroporto di Fiumicino","Commissione d'inchiesta aeroporto di Fiumicino",1961-05-16,1961-12-23
"http://dati.senato.it/commissione/4-189","Commissione parlamentare consultiva per il parere sulle norme delegate relative alla cessione in proprietà degli alloggi costruiti dallo Stato ovvero con il suo concorso o contributo","Commissione consultiva cessione alloggi dello Stato",1958-07-30,1959-01-17
"http://dati.senato.it/commissione/4-19","Delegazione parlamentare italiana presso l'Assemblea dell'Unione dell'Europa occidentale","Delegazione italiana presso l'Assemblea dell'UEO",1955-03-16,1996-05-08
"http://dati.senato.it/commissione/4-19","Delegazione parlamentare italiana presso l'Assemblea dell'Unione dell'Europa occidentale","Delegazione italiana presso l'Assemblea dell'UEO",1996-05-09,2011-06-30
"http://dati.senato.it/commissione/4-190","Commissione parlamentare consultiva per il parere sulle norme di attuazione della legge 13 marzo 1958, n. 264, relativa alla tutela del lavoro a domicilio","Commissione consultiva tutela lavoro a domicilio",1958-09-18,1959-12-16
"http://dati.senato.it/commissione/4-191","Commissione parlamentare per il parere al Governo sulle direttive e sui criteri di ripartizione degli stanziamenti previsti dalla legge per le iniziative di interesse turistico ed alberghiero","Consultiva attuazione provvidenze turistiche e alberghiere",1962-02-15,1968-06-04
"http://dati.senato.it/commissione/4-192","Commissione parlamentare consultiva prevista dall'articolo unico della legge 6 novembre 1962, n. 1608: ""Delega al Governo per l'emanazione del testo unico sui servizi della riscossione delle imposte dirette""","Consultiva testo unico riscossione imposte dirette",1962-11-06,1963-05-15
"http://dati.senato.it/commissione/4-193","Commissione parlamentare per il parere sulle norme necessarie al riordinamento degli enti e organi turistici nazionali, provinciali e locali","Consultiva riordinamento enti e organi turistici",1959-07-31,1963-05-15
"http://dati.senato.it/commissione/4-194","Commissione parlamentare per i pareri sulle norme di attuazione della legge 27 novembre 1960, n. 1397, relativa all'assicurazione obbligatoria contro le malattie per gli esercenti attività commerciali","Consultiva assicurazione malattie esercenti attività comm.",1960-11-27,1963-05-15
"http://dati.senato.it/commissione/4-195","Commissione parlamentare per il parere sulla emanazione di norme relative alla riforma degli ordinamenti della sperimentazione agraria","Consultiva ordinamenti sperimentazione agraria",1961-06-02,1963-05-15
"http://dati.senato.it/commissione/4-196","Commissione parlamentare per il parere sulle norme di cui agli articoli 31 e 32 della legge 2 giugno 1961, n. 454, concernente il piano quinquennale per lo sviluppo dell'agricoltura","Consultiva piano quinquennale sviluppo agricoltura",1961-06-02,1963-05-15
"http://dati.senato.it/commissione/4-197","Commissione parlamentare per il parere al governo sulle norme delegate relative alla riforma e al miglioramento dei trattamenti di pensione della previdenza sociale","Consultiva riforma trattamenti pensione",1965-07-21,1972-05-24
"http://dati.senato.it/commissione/4-198","Commissione parlamentare per il parere sulle norme delegate in materia di indennizzi a cittadini italiani colpiti da misure di persecuzione nazionalsocialiste","Consultiva indennizzi persecuzioni nazionalsocialiste",1963-05-16,1963-10-06
"http://dati.senato.it/commissione/4-199","Commissione parlamentare per il parere al Governo sulle norme delegate relative al riordinamento del ministero della difesa e degli stati maggiori, nonché per il riordinamento delle carriere e delle categorie e per la revisione degli organici del personale civile","Consultiva riordinamento ministero difesa",1963-05-16,1965-11-18
"http://dati.senato.it/commissione/4-200","Commissione parlamentare per il parere al Governo sulle norme delegate in materia di assicurazione obbligatoria contro gli infortuni sul lavoro e malattie professionali","Consultiva assicurazione obbligatoria",1964-01-30,1965-06-30
"http://dati.senato.it/commissione/4-201","Commissione parlamentare per il parere al Governo sulle norme delegate in materia di repressione delle frodi nella preparazione e commercio dei mosti, vini ed aceti","Consultiva repressione frodi mosti, vini e aceti",1964-10-09,1965-02-12
"http://dati.senato.it/commissione/4-202","Commissione parlamentare per il parere al Governo sulle norme delegate relative ai bilanci degli enti pubblici","Consultiva bilanci enti pubblici",1964-03-01,1965-03-08
"http://dati.senato.it/commissione/4-203","Commissione parlamentare per il parere al Governo sulle norme delegate nelle materie previste dai trattati della Comunità economica europea (CEE) e della Comunità europea dell'energia atomica (CEEA)","Consultiva trattati CEE e CEEA",1965-07-13,1968-06-04
"http://dati.senato.it/commissione/4-204","Commissione parlamentare per il parere al Governo sulle norme delegate relative all'ordinamenteo dell'amministrazione degli affari esteri e in materia consolare","Consultiva amministrazione affari esteri e materia consolare",1965-07-13,1967-01-23
"http://dati.senato.it/commissione/4-205","Commissione parlamentare per il parere al Governo sulle norme delegate per l'attuazione del piano regolatore generale degli acquedotti","Consultiva attuazione piano acquedotti",1963-05-16,1968-06-04
"http://dati.senato.it/commissione/4-206","Commissione parlamentare per il parere al Governo sul piano di nuove costruzioni stradali e autostradali","Consultiva costruzioni stradali e autostradali",1968-03-09,1968-06-04
"http://dati.senato.it/commissione/4-207","Commissione parlamentare consultiva concernente provvedimenti per lo sviluppo dell'agricoltura nel quinquennio 1966-1970","Consultiva sviluppo agricoltura 1966-1970",1966-10-27,1967-05-22
"http://dati.senato.it/commissione/4-208","Commissione parlamentare consultiva concernente autorizzazione di spese per l'esecuzione di opere di sistemazione e difesa del suolo","Consultiva sistemazione e difesa del suolo",1967-07-27,1968-06-04
"http://dati.senato.it/commissione/4-209","Commissione parlamentare d'inchiesta sul disastro del Vajont","Commissione d'inchiesta sul disastro del Vajont",1964-04-26,1965-07-15
"http://dati.senato.it/commissione/4-210","Membri parlamentari della commissione d'indagine per la tutela e la valorizzazione del patrimonio storico, archeologico, artistico e del paesaggio","Parlamentari membri comm. indagine patrimonio culturale",1964-11-10,1966-03-10
"http://dati.senato.it/commissione/4-211","Commissione parlamentare prevista dalla legge: Modifiche ed integrazioni alla legge 24 Luglio 1961 n. 729 concernente il piano di nuove costruzioni stradali ed autostradali","Commissione prevista dalla legge24-07-1961 n. 729",1968-06-18,1972-05-24
"http://dati.senato.it/commissione/4-212","Commissione parlamentare per il parere al governo sulle norme delegate relative alla revisione degli ordinamenti pensionistici e in materia di sicurezza sociale.","commissione parlamentare parere governo revisione pensioni",1969-11-13,1972-05-24
"http://dati.senato.it/commissione/4-213","Commissione parlamentare per il parere al governo sulle norme delegate relative al regime fiscale degli accendigas per uso domestico","commissione parere al governo regime fiscale accendigas",1971-09-18,1972-05-24
"http://dati.senato.it/commissione/4-214","Commissione parlamentare per il parere al governo sull'aggiornamento del testo unico delle leggi sulla disciplina degli interventi nel mezzogiorno","commissione parere governo leggi interventi mezzogiorno",1972-03-09,1972-05-24
"http://dati.senato.it/commissione/4-215","Commissione parlamentare per il parere al governo sulle norme delegate in materia di edilizia","commissione parere governo norme materia edilizia",1972-03-07,1972-05-24
"http://dati.senato.it/commissione/4-216","Commissione parlamentare d'inchiesta sugli eventi del giugno-luglio 1964 SIFAR","Commissione d'inchiesta eventi giugno-Luglio 1964 SIFAR",1969-04-15,1972-05-24
"http://dati.senato.it/commissione/4-217","commissione parlamentare d'inchiesta sui fenomeni di criminalità in sardegna","commissione inchiesta fenomeni criminalità in sardegna",1970-01-13,1972-05-24
"http://dati.senato.it/commissione/4-218","Commissione parlamentare di inchiesta sul rapimento e sulla morte di Aldo Moro","Commissione di inchiesta sul rapimento e sulla morte di Aldo Moro",2014-10-01,2018-03-22
"http://dati.senato.it/commissione/4-219","Commissione parlamentare di inchiesta sul sistema bancario e finanziario","Commissione di inchiesta sul sistema bancario e finanziario",2017-09-21,2018-03-22
"http://dati.senato.it/commissione/4-219","Commissione parlamentare di inchiesta sul sistema bancario e finanziario","Commissione di inchiesta sul sistema bancario e finanziario",2019-04-16,2022-10-12
"http://dati.senato.it/commissione/4-220","Commissione parlamentare di inchiesta sui fatti accaduti presso la comunità ""Il Forteto""","Commissione di inchiesta su ""Il Forteto""",2019-03-26,2022-10-12
"http://dati.senato.it/commissione/4-220","Commissione parlamentare di inchiesta sui fatti accaduti presso la comunità ""Il Forteto""","Commissione di inchiesta su ""Il Forteto""",2024-04-10,
"http://dati.senato.it/commissione/4-221","Commissione parlamentare di inchiesta sulle attività connesse alle comunità di tipo familiare che accolgono minori","Commissione di inchiesta comunità familiari che accolgono minori",2020-09-12,2022-10-12
"http://dati.senato.it/commissione/4-222","Comitato parlamentare provvisorio per la sicurezza della Repubblica","Comitato parlamentare provvisorio per la sicurezza della Repubblica",2022-10-13,2022-12-05
"http://dati.senato.it/commissione/4-223","Commissione parlamentare di inchiesta sul femminicidio, nonché su ogni forma di violenza di genere","Commissione di inchiesta femminicidio e violenza di genere",2023-02-18,
"http://dati.senato.it/commissione/4-224","Commissione parlamentare per il contrasto degli svantaggi derivanti dall'insularità","Commissione parlamentare per il contrasto degli svantaggi derivanti dall'insularità",2023-01-01,
"http://dati.senato.it/commissione/4-225","Commissione parlamentare di inchiesta sulla scomparsa di Emanuela Orlandi e di Mirella Gregori","Commissione di inchiesta scomparsa Orlandi e Gregori",2024-01-06,
"http://dati.senato.it/commissione/4-226","Commissione parlamentare di inchiesta sulla gestione dell'emergenza sanitaria causata dalla diffusione epidemica del virus SARS-CoV-2 e sulle misure adottate per prevenire e affrontare l'emergenza epidemiologica da SARS-CoV-2","Commissione di inchiesta su emergenza sanitaria epidemiologica da SARS-CoV-2",2024-03-28,
"http://dati.senato.it/commissione/4-227","Delegazione parlamentare italiana presso l'Assemblea Parlamentare del Mediterraneo (PAM)","Delegazione italiana Assemblea Parlamentare del Mediterraneo (PAM)",2023-05-23,
"http://dati.senato.it/commissione/4-26","Comitato parlamentare di controllo sull'attuazione ed il funzionamento della Convenzione di applicazione dell' Accordo di Schengen","Comitato parlamentare di controllo dell' Accordo di Schengen",1993-11-25,1999-07-27
"http://dati.senato.it/commissione/4-26","Comitato parlamentare di controllo sull'attuazione ed il funzionamento della Convenzione di applicazione dell'Accordo di Schengen e di vigilanza sull'attività dell'Unità nazionale Europol","Comitato parlamentare di controllo dell'Accordo di Schengen",1999-07-28,2002-09-16
"http://dati.senato.it/commissione/4-26","Comitato parlamentare di controllo sull'attuazione dell'Accordo di Schengen, di vigilanza sull'attività di Europol, di controllo e vigilanza in materia di immigrazione","Comitato parlamentare Schengen, Europol e immigrazione",2002-09-17,
"http://dati.senato.it/commissione/4-27","Commissione parlamentare d'inchiesta sull'Azienda di Stato per gli interventi nel mercato agricolo","Commissione d'inchiesta sull'AIMA",1995-09-26,1996-05-08
"http://dati.senato.it/commissione/4-27","Commissione parlamentare per l'infanzia","Commissione parlamentare per l'infanzia",1997-12-30,2009-08-02
"http://dati.senato.it/commissione/4-27","Commissione parlamentare per l'infanzia e l'adolescenza","Commissione parlamentare per l'infanzia e l'adolescenza",2009-08-03,
"http://dati.senato.it/commissione/4-30","Commissione parlamentare per il parere al governo sulle norme delegate previste dalla legge 3 aprile 1997, n. 94, concernenti la ristrutturazione del bilancio dello stato e l'accorpamento del ministero del tesoro e del ministero del bilancio e della programmazione economica","Commissione consultiva ristrutturazione bilancio dello stato",1997-04-08,1997-07-15
"http://dati.senato.it/commissione/4-30","Commissione parlamentare consultiva in ordine alla riforma del bilancio statale ai sensi della legge 3 aprile 1997, n. 94","Commissione consultiva riforma del bilancio statale",1997-07-16,2001-05-29
"http://dati.senato.it/commissione/4-31","Commissione parlamentare per il parere al governo sulle norme delegate previste dalla legge 15 marzo 1997, n. 59, concernenti il conferimento di funzioni e compiti alle regioni ed enti locali, la riforma della pubblica amministrazione e la semplificazione amministrativamica","Commissione consultiva riforma pubblica amministrazione",1997-05-26,1997-07-15
"http://dati.senato.it/commissione/4-31","Commissione parlamentare consultiva in ordine all'attuazione della riforma amministrativa ai sensi della legge 15 marzo 1997, n. 59","Commissione consultiva attuazione riforma amministrativa",1997-07-16,2006-04-27
"http://dati.senato.it/commissione/4-33","Commissione parlamentare d'inchiesta sulla cooperazione con i Paesi in via di sviluppo","Commissione d'inchiesta cooperaz. paesi in via di sviluppo",1994-09-13,1996-03-31
"http://dati.senato.it/commissione/4-33","Commissione parlamentare di inchiesta sul dissesto della Federazione italiana dei consorzi agrari","Commissione d'inchiesta sul dissesto della Federconsorzi",1998-03-01,2001-05-29
"http://dati.senato.it/commissione/4-37","Commissione parlamentare d'inchiesta sul ciclo dei rifiuti e sulle attività  illecite ad esso connesse","Commissione d'inchiesta sul ciclo dei rifiuti",1997-04-15,2001-05-29
"http://dati.senato.it/commissione/4-40","Commissione parlamentare per le questioni regionali","Commissione parlamentare questioni regionali",1953-02-10,1970-10-27
"http://dati.senato.it/commissione/4-40","Commissione parlamentare per le questioni regionali","Commissione parlamentare questioni regionali",1970-10-28,
"http://dati.senato.it/commissione/4-41","Commissione parlamentare per i procedimenti di accusa","Commissione inquirente  per i procedimenti di accusa",1953-03-11,1978-05-08
"http://dati.senato.it/commissione/4-41","Commissione parlamentare per i procedimenti di accusa","Commissione parlamentare procedimenti di accusa",1978-05-09,1989-01-18
"http://dati.senato.it/commissione/4-42","Comitato per le funzioni istruttorie attinenti ai procedimenti di cui all'articolo 90, comma secondo, della Costituzione","Comitato funzioni istruttorie procedimenti art. 90 Cost.",1989-01-18,1989-07-04
"http://dati.senato.it/commissione/4-43","Comitato parlamentare per i procedimenti di accusa","Comitato parlamentare per i procedimenti di accusa",1989-07-04,
"http://dati.senato.it/commissione/4-48","Delegazione italiana presso la Conferenza parlamentare dell'Iniziativa Centro Europea","Delegazione italiana presso la Conferenza dell'INCE",1995-08-01,1999-06-06
"http://dati.senato.it/commissione/4-48","Delegazione parlamentare italiana presso l'Assemblea parlamentare dell'Iniziativa Centro Europea","Delegazione italiana presso l'Assemblea dell'INCE",1999-06-07,
"http://dati.senato.it/commissione/4-50","Commissione parlamentare d' inchiesta sulla strage di Via Fani, sul sequestro e l' assassinio di Aldo Moro e sul terrorismo in Italia","Commissione d' inchiesta sul caso Moro",1980-01-10,1983-06-30
"http://dati.senato.it/commissione/4-52","Commissione parlamentare d' inchiesta sulla loggia massonica P2","Commissione d' inchiesta sulla loggia P2",1981-12-09,1984-07-31
"http://dati.senato.it/commissione/4-53","Commissione parlamentare d'inchiesta sul fenomeno della mafia e sulle altre associazioni criminali similari","Commissione d' inchiesta sul fenomeno della mafia",1988-03-27,1994-06-29
"http://dati.senato.it/commissione/4-53","Commissione parlamentare d'inchiesta sul fenomeno della mafia e sulle altre associazioni criminali similari","Commissione d' inchiesta sul fenomeno della mafia",1994-06-30,1996-05-08
"http://dati.senato.it/commissione/4-53","Commissione parlamentare d'inchiesta sul fenomeno della mafia e delle altre associazioni criminali similari","Commissione d'inchiesta sul fenomeno della mafia",1996-10-03,2001-05-29
"http://dati.senato.it/commissione/4-53","Commissione parlamentare d'inchiesta sul fenomeno della criminalità organizzata mafiosa o similare","Commissione d' inchiesta sul fenomeno della mafia",2001-10-27,2006-04-27
"http://dati.senato.it/commissione/4-53","Commissione parlamentare d'inchiesta sul fenomeno della criminalita' organizzata mafiosa o similare","Commissione d' inchiesta sul fenomeno della mafia",2006-11-13,2008-04-28
"http://dati.senato.it/commissione/4-53","Commissione parlamentare d'inchiesta sul fenomeno della mafia e sulle altre associazioni criminali similari","Commissione d' inchiesta sul fenomeno della mafia",2008-11-11,2013-03-14
"http://dati.senato.it/commissione/4-53","Commissione parlamentare di inchiesta sul fenomeno delle mafie e sulle altre associazioni criminali, anche straniere","Commissione di inchiesta sul fenomeno delle mafie",2013-08-01,2018-03-22
"http://dati.senato.it/commissione/4-53","Commissione parlamentare di inchiesta sul fenomeno delle mafie e sulle altre associazioni criminali, anche straniere","Commissione d'inchiesta sul fenomeno delle mafie",2018-08-21,2022-10-12
"http://dati.senato.it/commissione/4-53","Commissione parlamentare di inchiesta sul fenomeno delle mafie e sulle altre associazioni criminali, anche straniere","Commissione d'inchiesta sul fenomeno delle mafie",2023-03-15,
"http://dati.senato.it/commissione/4-55","Commissione parlamentare d' inchiesta sul terrorismo in Italia e sulle cause della mancata individuazione dei responsabili delle stragi","Commissione d' inchiesta sul terrorismo in Italia",1987-02-04,1987-07-01
"http://dati.senato.it/commissione/4-55","Commissione parlamentare d' inchiesta sul terrorismo in Italia e sulle cause della mancata individuazione dei responsabili delle stragi","Commissione d' inchiesta sul terrorismo in Italia",1988-05-31,1992-04-22
"http://dati.senato.it/commissione/4-55","Commissione parlamentare d'inchiesta sul terrorismo in Italia e sulle cause della mancata individuazione dei responsabili delle stragi","Commissione d' inchiesta sul terrorismo in Italia",1992-12-30,2001-05-29
"http://dati.senato.it/commissione/4-57","Commissione parlamentare d' inchiesta sulla attuazione degli interventi per la ricostruzione e lo sviluppo dei territori della Basilicata e della Campania colpiti dai terremoti del novembre 1980 e febbraio 1981","Commissione d' inchiesta terremoti Basilicata e Campania",1989-05-01,1991-02-28
"http://dati.senato.it/commissione/4-60","Commissione parlamentare per la vigilanza sulle radiodiffusioni","Commissione di vigilanza radiodiffusioni",1947-04-03,1975-04-13
"http://dati.senato.it/commissione/4-60","Commissione parlamentare per l'indirizzo generale e la vigilanza dei servizi radiotelevisivi","Commissione di vigilanza servizi radiotelevisivi",1975-04-14,
"http://dati.senato.it/commissione/4-61","Sottocommissione permanente per l'accesso","Sottocommissione permanente RAI per l' accesso",1976-06-15,
"http://dati.senato.it/commissione/4-62","Commissione parlamentare di vigilanza sull'anagrafe tributaria","Commissione di vigilanza sull' anagrafe tributaria",1976-06-15,
"http://dati.senato.it/commissione/4-63","Commissione parlamentare per l'esercizio dei poteri di controllo sulla programmazione e sull'attuazione degli interventi ordinari e straordinari nel Mezzogiorno","Commissione di controllo sugli interventi nel Mezzogiorno",1976-06-15,1994-04-14
"http://dati.senato.it/commissione/4-64","Commissione parlamentare per l'esame preventivo dei programmi di utilizzazione  del fondo per la ristrutturazione e riconversione industriale e per i programmi delle partecipazioni statali","Commissione per la ristrutturazione industriale",1976-06-14,1979-06-19
"http://dati.senato.it/commissione/4-64","Commissione parlamentare ristrutturazione e riconversione industriale e per i programmi delle partecipazioni statali","Commissione per la ristrutturazione industriale",1979-06-20,1994-04-14
"http://dati.senato.it/commissione/4-65","Comitato parlamentare per i servizi di informazione e sicurezza e per il segreto di Stato","Comitato servizi di sicurezza",1976-06-15,2007-10-11
"http://dati.senato.it/commissione/4-65","Comitato parlamentare per la sicurezza della Repubblica","Comitato parlamentare per la sicurezza della Repubblica",2007-10-12,
"http://dati.senato.it/commissione/4-66","Commissione parlamentare sul fenomeno della mafia","Commissione parlamentare sul fenomeno della mafia",1976-06-15,1987-07-01
"http://dati.senato.it/commissione/4-67","Commissione parlamentare per le riforme istituzionali","Commissione parlamentare riforme istituzionali",1983-10-12,1985-01-29
"http://dati.senato.it/commissione/4-67","Commissione parlamentare per le riforme istituzionali","Commissione parlamentare per le riforme istituzionali",1992-07-23,1994-01-16
"http://dati.senato.it/commissione/4-67","Commissione parlamentare per le riforme costituzionali","Commissione parlamentare per le riforme costituzionali",1997-01-29,2001-05-29
"http://dati.senato.it/commissione/4-68","Commissione parlamentare per il controllo sull'attivita' degli enti gestori di forme obbligatorie di previdenza e assistenza sociale","Commissione di controllo enti gestori previdenza assistenza",1989-06-27,
"http://dati.senato.it/commissione/4-70","Parlamentari membri della Commissione per la vigilanza sull'istituto di emissione e sulla circolazione dei biglietti di banca","Commissione di vigilanza sull' istituto di emissione",1910-04-28,2006-01-11
"http://dati.senato.it/commissione/4-71","Parlamentari membri della Commissione per la vigilanza sulla cassa depositi e prestiti","Commissione di vigilanza Cassa Depositi e Prestiti",1948-05-08,1976-06-14
"http://dati.senato.it/commissione/4-71","Parlamentari membri della Commissione di vigilanza sulla Cassa Depositi e Prestiti","Commissione di vigilanza Cassa Depositi e Prestiti",1976-06-15,
"http://dati.senato.it/commissione/4-72","Parlamentari membri della Commissione per la vigilanza sull'amministrazione del debito pubblico","Commissione di vigilanza sul debito pubblico",1915-12-31,1994-04-14
"http://dati.senato.it/commissione/4-76","Parlamentari membri della Commissione per l'accesso ai documenti amministrativi","Commissione per l'accesso ai documenti amministrativi",1990-08-07,
"http://dati.senato.it/commissione/4-80","Commissione parlamentare per il parere al Governo sui testi unici concernenti la riforma tributaria","Commissione consultiva riforma tributaria",1971-10-09,1994-04-10
"http://dati.senato.it/commissione/4-81","Commissione parlamentare per il parere al Governo sulla destinazione dei fondi per la ricostruzione del Belice","Commissione consultiva fondi ricostruzione Belice",1976-06-14,2001-05-29
"http://dati.senato.it/commissione/4-82","Commissione parlamentare per il parere al Governo sui decreti per la determinazione dell'onere relativo ai regolamenti comunitari direttamente applicabili nell'ordinamento interno ai sensi dell'articolo 189 del trattato istitutivo della Comunita' Economica Europea","Commissione consultiva regolamenti CEE",1976-06-15,1992-04-22
"http://dati.senato.it/commissione/4-83","Commissione consultiva per la concessione di ricompense al valore e al merito civile","Commissione consultiva ricompense al merito civile",1976-06-15,
"http://dati.senato.it/commissione/4-84","Commissione parlamentare per il parere al governo sulle norme delegate relative al nuovo codice di procedura penale","Commissione parlamentare codice di procedura penale",1987-10-23,1992-10-24
"http://dati.senato.it/commissione/4-88","Delegazione italiana all'Assemblea parlamentare della Conferenza sulla sicurezza e la cooperazione in Europa ( CSCE )","Delegazione Conferenza sicurezza e cooperazione in Europa",1990-11-21,1995-06-30
"http://dati.senato.it/commissione/4-88","Delegazione italiana all'Assemblea parlamentare della Organizzazione per la sicurezza e la cooperazione in Europa (OSCE)","Delegazione italiana presso l'Assemblea dell'OSCE",1995-07-01,
"http://dati.senato.it/commissione/4-90","Membri dell'Assemblea Parlamentare del Consiglio d'Europa","Consiglio d' Europa",1949-07-23,1996-05-08
"http://dati.senato.it/commissione/4-90","Delegazione parlamentare italiana presso l'Assemblea del Consiglio d'Europa","Delegazione italiana presso l'Assemblea Consiglio d'Europa",1996-05-09,
"http://dati.senato.it/commissione/4-93","Delegazione parlamentare italiana all'Assemblea dell'Atlantico del Nord","Delegazione italiana presso l'Assemblea Atlantico del Nord",1976-06-15,1999-05-30
"http://dati.senato.it/commissione/4-93","Delegazione parlamentare italiana presso l'Assemblea parlamentare della NATO","Delegazione italiana presso l'Assemblea NATO",1999-05-31,
"http://dati.senato.it/commissione/4-94","Rappresentanza italiana al Parlamento europeo","Rappresentanza italiana al Parlamento europeo",1947-10-14,1979-06-02
"http://dati.senato.it/commissione/4-95","Commissione parlamentare per il parere al Governo sulle norme delegate in materia di stato giuridico del personale della scuola","Commissione norme delegate personale scuola",1973-07-30,1976-06-19
"http://dati.senato.it/commissione/4-96","Commissione parlamentare per il parere al Governo sulle norme delegate per l'istituzione dei ruoli del ministero dei beni culturali e ambientali","Commissione norme delegate ministero beni culturali e amb.",1975-01-29,1976-06-19
"http://dati.senato.it/commissione/4-97","Commissione parlamentare per il parere al Governo sui decreti di emanare in esecuzione degli accordi fra l'Italia e la Jugoslavia, firmati a Osimo il 10 novembre 1975","Commissioni per il parere sugli accordi di Osimo",1977-03-14,1979-06-02
"http://dati.senato.it/commissione/4-98","Commissione parlamentare per il parere al Governo sull'attuazione delle deleghe previste dalla norme relative alla ricostruzione delle zone colpite dal terremoto del 1976 nelle regioni Friuli-Venezia Giulia e Veneto","Commissione parere ricostruzione Friuli e Veneto",1977-08-08,1979-06-02
"http://dati.senato.it/commissione/4-99","Commissione parlamentare d'inchiesta sulla fuga di sostanze tossiche avvenuta il 19 luglio 1976 nello stabilimento Icmesa e sui rischi potenziali per la salute e l'ambiente derivanti da attività industriali","Comm. d'inchiesta fuga sostanze tossiche stabilimento Icmesa",1977-07-16,1979-06-02
"http://dati.senato.it/gruppo/1","Comunista","PCI",1946-06-25,1991-02-11
"http://dati.senato.it/gruppo/1","Comunista-PDS","Com. - PDS",1991-02-12,1992-04-22
"http://dati.senato.it/gruppo/1","Partito Democratico della Sinistra","PDS",1992-04-23,1994-04-14
"http://dati.senato.it/gruppo/1","Progressisti - Federativo","Progr. Feder.",1994-04-15,1996-05-08
"http://dati.senato.it/gruppo/10","Repubblicano","Repubblicano",1946-06-25,1994-04-14
"http://dati.senato.it/gruppo/11","Partito Nazionale Monarchico","PNM",1953-06-25,1958-06-11
"http://dati.senato.it/gruppo/12","Partito Socialista Italiano di Unita' Proletaria","PSIUP",1964-04-10,1972-08-02
"http://dati.senato.it/gruppo/13","Socialdemocratico - Liberale","PSDI - Lib.",1976-07-05,1977-02-01
"http://dati.senato.it/gruppo/14","Libero - Social - Repubblicano","Lib. Soc. Rep.",1953-06-25,1958-06-11
"http://dati.senato.it/gruppo/15","Democratico di Sinistra","Dem. Sin.",1948-05-08,1953-06-24
"http://dati.senato.it/gruppo/15","Democratico Indipendenti di Sinistra","Dem. Ind. Sin.",1953-06-25,1958-06-11
"http://dati.senato.it/gruppo/2","Democratico Cristiano","DC",1946-06-25,1994-01-25
"http://dati.senato.it/gruppo/2","Partito Popolare Italiano - Democrazia Cristiana","DC-PPI",1994-01-26,1994-04-14
"http://dati.senato.it/gruppo/2","Partito Popolare Italiano","PPI",1994-04-15,2001-05-29
"http://dati.senato.it/gruppo/26","Centro Cristiano Democratico","CCD",1994-04-15,1996-05-08
"http://dati.senato.it/gruppo/26","Federazione Cristiano Democratica - CCD","CCD",1996-05-09,1998-04-20
"http://dati.senato.it/gruppo/26","CCD-Cristiani Democratici per la liberta'","CCD-CDL",1998-04-21,1998-07-20
"http://dati.senato.it/gruppo/26","Centro Cristiano Democratico","CCD",1998-07-21,2001-05-29
"http://dati.senato.it/gruppo/26","CCD-CDU: Biancofiore","CCD-CDU:BF",2001-05-30,2002-02-14
"http://dati.senato.it/gruppo/26","Unione Democristiana e di Centro","UDC:CCD-CDU-DE",2002-02-15,2003-02-05
"http://dati.senato.it/gruppo/26","Unione Democristiana e di Centro","UDC",2003-02-06,2005-12-21
"http://dati.senato.it/gruppo/26","Unione dei democratici cristiani e dei democratici di centro (CCD-CDU)","UDC",2005-12-22,2006-04-27
"http://dati.senato.it/gruppo/26","Unione dei Democraticicristiani e di Centro (UDC)","UDC",2006-04-28,2008-04-28
"http://dati.senato.it/gruppo/3","Movimento Sociale Italiano","MSI",1953-06-25,1958-06-11
"http://dati.senato.it/gruppo/3","Movimento Sociale Italiano e Part. Naz. Monarchico","MSI - PNM",1958-06-12,1959-12-15
"http://dati.senato.it/gruppo/3","Movimento Sociale Italiano e Part. Dem. Italiano","MSI - PDI",1959-12-16,1963-05-15
"http://dati.senato.it/gruppo/3","Movimento Sociale Italiano","MSI",1963-05-16,1972-05-24
"http://dati.senato.it/gruppo/3","Movimento Sociale Italiano - Destra Nazionale","MSI - DN",1972-05-25,1994-04-14
"http://dati.senato.it/gruppo/3","Alleanza Nazionale - Movimento Sociale Italiano","AN-MSI",1994-04-15,1995-01-31
"http://dati.senato.it/gruppo/3","Alleanza Nazionale","AN",1995-02-01,2008-04-28
"http://dati.senato.it/gruppo/30","Forza Italia","FI",1994-04-15,2008-04-28
"http://dati.senato.it/gruppo/31","Verdi - La Rete","Verdi - La Rete",1992-11-01,1994-04-14
"http://dati.senato.it/gruppo/31","Progressisti-Verdi-La Rete","Pr. Verdi-Rete",1994-04-15,1996-05-08
"http://dati.senato.it/gruppo/31","Verdi - l'Ulivo","Verdi-U",1996-05-09,2005-02-09
"http://dati.senato.it/gruppo/31","Verdi - l'Unione","Verdi-Un",2005-02-10,2006-04-27
"http://dati.senato.it/gruppo/32","Federalista Europeo Ecologista","Fed. Eur. Ec.",1987-07-02,1992-04-22
"http://dati.senato.it/gruppo/33","Lega Nord","Lega Nord",1992-04-23,1994-04-14
"http://dati.senato.it/gruppo/33","Lega Nord","Lega Nord",1994-04-15,1996-05-08
"http://dati.senato.it/gruppo/33","Lega","Lega",1996-05-09,1996-05-21
"http://dati.senato.it/gruppo/33","Lega Nord - Per la Padania indipendente","Lega Nord",1996-05-22,1999-08-01
"http://dati.senato.it/gruppo/33","Lega Forza Padania per l'indipendenza del Nord","Lega Forza Padania",1999-08-02,2000-02-16
"http://dati.senato.it/gruppo/33","Lega Forza Nord Padania","LFNP",2000-02-17,2001-05-29
"http://dati.senato.it/gruppo/33","Lega Nord Padania","LNP",2001-05-30,2002-03-11
"http://dati.senato.it/gruppo/33","Lega Padana","LP",2002-03-12,2006-04-27
"http://dati.senato.it/gruppo/33","Lega Nord Padania","LNP",2006-04-28,2008-04-28
"http://dati.senato.it/gruppo/33","Lega Nord Padania","LNP",2008-04-29,2013-03-14
"http://dati.senato.it/gruppo/33","Lega Nord e Autonomie","LN-Aut",2013-03-15,2018-03-22
"http://dati.senato.it/gruppo/33","Lega-Salvini Premier","L-SP",2018-03-23,2018-07-29
"http://dati.senato.it/gruppo/33","Lega-Salvini Premier-Partito Sardo d'Azione","L-SP-PSd'Az",2018-07-30,2022-10-12
"http://dati.senato.it/gruppo/33","Lega Salvini Premier - Partito Sardo d'Azione","LSP-PSd'Az",2022-10-13,
"http://dati.senato.it/gruppo/36","Rifondazione Comunista","Rif.Com.",1991-02-06,1994-04-14
"http://dati.senato.it/gruppo/36","Rifondazione Comunista - Progressisti","Rif.Com.-Progr.",1994-04-15,1998-10-13
"http://dati.senato.it/gruppo/36","Comunista","Comunista",1998-10-14,1999-02-18
"http://dati.senato.it/gruppo/4","Liberale","Liberale",1946-06-25,1953-06-24
"http://dati.senato.it/gruppo/4","Partito Liberale Italiano","PLI",1963-05-16,1987-06-15
"http://dati.senato.it/gruppo/4","Liberale","Liberale",1992-11-01,1994-04-14
"http://dati.senato.it/gruppo/40","Sinistra Democratica","Sinistra Dem.",1994-05-30,1996-05-08
"http://dati.senato.it/gruppo/40","Sinistra Democratica - l'Ulivo","Sin.Dem.-Ulivo",1996-05-09,1998-02-23
"http://dati.senato.it/gruppo/40","Democratici di Sinistra - l'Ulivo","DS-U",1998-02-24,2006-04-27
"http://dati.senato.it/gruppo/41","Lega Federalista Italiana","Lega Federal.",1995-01-23,1995-06-27
"http://dati.senato.it/gruppo/41","Lega Italiana Federalista - U.F.","Lega It.Fed.-UF",1995-06-28,1995-07-05
"http://dati.senato.it/gruppo/41","Lega Italiana Federalista","LIF",1995-07-06,1996-05-08
"http://dati.senato.it/gruppo/42","Scudo Crociato","Scudo Crociato",1995-07-04,1995-07-25
"http://dati.senato.it/gruppo/42","Cristiani Democratici Uniti","CDU",1995-07-26,1996-05-08
"http://dati.senato.it/gruppo/42","Federazione Cristiano Democratica - CDU","CDU",1996-05-09,1998-03-10
"http://dati.senato.it/gruppo/42","Cristiani Dem. Uniti-Cristiani Dem. per la Repub.","CDU-CDR",1998-03-11,1998-03-24
"http://dati.senato.it/gruppo/42","per l'UDR (CDU-CDR-Nuova Italia)","UDR(CDU-CDR-NI)",1998-03-25,1998-09-22
"http://dati.senato.it/gruppo/42","Unione Democratica per la Repubblica (UDR)","UDR",1998-09-23,1999-04-25
"http://dati.senato.it/gruppo/42","Unione Democratici per l' Europa (UDeuR)","UDeuR",1999-04-26,2000-02-16
"http://dati.senato.it/gruppo/42","Unione Democratici per l' Europa (UDEUR)","UDEUR",2000-02-17,2001-05-29
"http://dati.senato.it/gruppo/43","Rinnovamento Italiano","Rinnovam. Ital.",1996-05-09,1997-02-10
"http://dati.senato.it/gruppo/44","Rinnovamento Italiano e Indipendenti","Rinn. Ital. e Ind.",1997-10-06,1999-02-18
"http://dati.senato.it/gruppo/45","Rinnov. Ital. Liberaldem. Ind.-Pop. per l'Europa","Rin.Ld.Ind-Pop.",1999-02-25,2000-01-26
"http://dati.senato.it/gruppo/46","Democrazia Europea","Democrazia Europea",2001-02-08,2001-05-29
"http://dati.senato.it/gruppo/47","Margherita","Mar",2001-05-30,2001-06-11
"http://dati.senato.it/gruppo/47","Margherita - DL - L'Ulivo","Mar-DL-U",2001-06-12,2006-04-27
"http://dati.senato.it/gruppo/48","Per le Autonomie","Aut",2001-05-30,2006-04-27
"http://dati.senato.it/gruppo/49","L'Ulivo","Ulivo",2006-04-28,2007-11-26
"http://dati.senato.it/gruppo/49","Partito Democratico-L'Ulivo","PD-Ulivo",2007-11-27,2008-04-28
"http://dati.senato.it/gruppo/49","Partito Democratico","PD",2008-04-29,2022-10-12
"http://dati.senato.it/gruppo/49","Partito Democratico - Italia Democratica e Progressista","PD-IDP",2022-10-13,
"http://dati.senato.it/gruppo/5","Partito Socialista Italiano","PSI",1946-06-25,1994-04-14
"http://dati.senato.it/gruppo/5","Progressista - PSI","Progr. PSI",1994-04-15,1995-01-10
"http://dati.senato.it/gruppo/5","Laburista-Socialista-Progressista","Lab.Soc.Progr.",1995-01-11,1996-05-08
"http://dati.senato.it/gruppo/50","Rifondazione Comunista - Sinistra Europea","RC-SE",2006-04-28,2008-04-28
"http://dati.senato.it/gruppo/51","Insieme con l'Unione Verdi - Comunisti Italiani","IU-Verdi-Com",2006-04-28,2008-04-28
"http://dati.senato.it/gruppo/52","Per le Autonomie","Aut",2006-05-18,2008-04-28
"http://dati.senato.it/gruppo/53","Democrazia Cristiana - Indipendenti - Movimento per l'Autonomia","DC-Ind-MA",2006-05-30,2006-07-28
"http://dati.senato.it/gruppo/53","Democrazia Cristiana-P. repubblicano ital-Indip.-Mov. per l'Autonomia","DC-PRI-IND-MPA",2006-07-29,2007-04-11
"http://dati.senato.it/gruppo/53","D.C. per le autonomie-P. Repubblicano Ital-Mov. per l'Autonomia","DCA-PRI-MPA",2007-04-12,2008-04-28
"http://dati.senato.it/gruppo/54","Sinistra Democratica per il Socialismo Europeo","SDSE",2007-05-16,2008-04-28
"http://dati.senato.it/gruppo/55","Democrazia Nazionale - Costituente di Destra","DN-CD",1977-02-01,1979-06-19
"http://dati.senato.it/gruppo/56","Il Popolo della Libertà","PdL",2008-04-29,2013-11-19
"http://dati.senato.it/gruppo/56","Forza Italia-Il Popolo della Libertà XVII Legislatura","FI-PdL XVII",2013-11-20,2018-03-22
"http://dati.senato.it/gruppo/56","Forza Italia-Berlusconi Presidente","FI-BP",2018-03-23,2019-12-10
"http://dati.senato.it/gruppo/56","Forza Italia Berlusconi Presidente-UDC","FIBP-UDC",2019-12-11,2022-10-12
"http://dati.senato.it/gruppo/56","Forza Italia Berlusconi Presidente","FIBP",2022-10-13,2022-10-18
"http://dati.senato.it/gruppo/56","Forza Italia - Berlusconi Presidente - PPE","FI-BP-PPE",2022-10-19,
"http://dati.senato.it/gruppo/57","Italia dei Valori","IdV",2008-04-29,2013-03-14
"http://dati.senato.it/gruppo/58","UDC, SVP e Autonomie","UDC-SVP-Aut",2008-04-29,2010-02-08
"http://dati.senato.it/gruppo/58","UDC,SVP,Io Sud e Autonomie","UDC-SVP-IS-Aut",2010-02-09,2010-05-04
"http://dati.senato.it/gruppo/58","Unione di Centro, SVP e Autonomie (Union Valdôtaine, MAIE, Io Sud, Movimento Repubblicani Europei)","UDC-SVP-Aut:UV-MAIE-Io Sud-MRE",2010-05-05,2011-03-02
"http://dati.senato.it/gruppo/58","Unione di Centro, SVP e Autonomie (Unione Valdôtaine, MAIE, Verso Nord, Movimento Repubblicani Europei)","UDC-SVP-Aut:UV-MAIE-VN-MRE",2011-03-03,2011-05-09
"http://dati.senato.it/gruppo/58","Unione di Centro, SVP e Autonomie (UnioneValdôtaine, MAIE, VersoNord, Movimento Repubblicani Europei, Partito Liberale Italiano)","UDC-SVP-AUT:UV-MAIE-VN-MRE-PLI",2011-05-10,2011-11-09
"http://dati.senato.it/gruppo/58","Unione di Centro, SVP e Autonomie (Union Valdôtaine, MAIE, Verso Nord, Movimento Repubblicani Europei, Partito Liberale Italiano, Partito Socialista Italiano)","UDC-SVP-AUT:UV-MAIE-VN-MRE-PLI-PSI",2011-11-10,2013-03-14
"http://dati.senato.it/gruppo/61","PSI-PSDI unificati","PSI-PSDI unificati",1966-11-11,1968-10-22
"http://dati.senato.it/gruppo/61","Partito Socialista Italiano","PSI",1968-10-23,1972-05-24
"http://dati.senato.it/gruppo/65","Futuro e Libertà per l'Italia","FLI",2010-08-02,2011-03-01
"http://dati.senato.it/gruppo/66","Coesione Nazionale","CN",2011-03-02,2011-04-06
"http://dati.senato.it/gruppo/66","Coesione Nazionale - Io Sud","CN-Io Sud",2011-04-07,2011-07-26
"http://dati.senato.it/gruppo/66","Coesione Nazionale-Io Sud-Forza del Sud","CN-Io Sud-FS",2011-07-27,2012-01-24
"http://dati.senato.it/gruppo/66","Coesione Nazionale (Grande Sud-SI-PID-Il Buongoverno)","CN:GS-SI-PID-IB",2012-01-25,2012-02-20
"http://dati.senato.it/gruppo/66","Coesione Nazionale (Grande Sud-SI-PID-Il Buongoverno-FI)","CN:GS-SI-PID-IB-FI",2012-02-21,2012-02-23
"http://dati.senato.it/gruppo/66","Coesione Nazionale (Grande Sud-Sì Sindaci-Popolari d'Italia Domani-Il Buongoverno-Fare Italia)","CN:GS-SI-PID-IB-FI",2012-02-24,2013-03-14
"http://dati.senato.it/gruppo/67","Per il Terzo Polo (ApI-FLI)","Per il Terzo Polo:ApI-FLI",2011-07-14,2012-12-19
"http://dati.senato.it/gruppo/67","Per il Terzo Polo (ApI-FLI-Centro Democratico)","Per il Terzo Polo:ApI-FLI-CD",2012-12-20,2013-03-14
"http://dati.senato.it/gruppo/68","Centrodestra Nazionale","CDN",2012-12-20,2012-12-20
"http://dati.senato.it/gruppo/68","Fratelli d'Italia - Centrodestra Nazionale","FDI-CDN",2012-12-21,2013-03-14
"http://dati.senato.it/gruppo/69","Per le Autonomie (SVP, UV, PATT, UPT) - PSI","Aut (SVP, UV, PATT, UPT) - PSI",2013-03-15,2013-07-09
"http://dati.senato.it/gruppo/69","Per le Autonomie (SVP-UV-PATT-UPT)-PSI-MAIE","Aut (SVP, UV, PATT, UPT)-PSI-MAIE",2013-07-10,2018-03-22
"http://dati.senato.it/gruppo/69","Per le Autonomie (SVP-PATT, UV)","Aut (SVP-PATT, UV)",2018-03-23,2022-10-12
"http://dati.senato.it/gruppo/69","Per le Autonomie (SVP-Patt, Campobase, Sud Chiama Nord)","Aut (SVP-Patt, Cb, SCN)",2022-10-13,2023-11-06
"http://dati.senato.it/gruppo/69","Per le Autonomie (SVP-PATT, Campobase)","Aut (SVP-PATT, Cb)",2023-11-07,
"http://dati.senato.it/gruppo/7","Sinistra Indipendente","Sin. Ind.",1968-06-05,1992-04-22
"http://dati.senato.it/gruppo/70","Scelta Civica per l'Italia","SCpI",2013-03-15,2013-11-26
"http://dati.senato.it/gruppo/70","Per l'Italia","PI",2013-11-27,2014-12-18
"http://dati.senato.it/gruppo/71","Movimento 5 Stelle","M5S",2013-03-15,2018-03-22
"http://dati.senato.it/gruppo/71","MoVimento 5 Stelle","M5S",2018-03-23,
"http://dati.senato.it/gruppo/72","Grandi Autonomie e Libertà","GAL",2013-03-20,2014-11-24
"http://dati.senato.it/gruppo/72","Grandi Autonomie e Libertà (Grande Sud, Libertà e Autonomia-noi SUD, Movimento per le Autonomie, Nuovo PSI, Popolari per l'Italia)","GAL (GS, LA-nS, MpA, NPSI, PpI)",2014-11-25,2015-04-07
"http://dati.senato.it/gruppo/72","Grandi Autonomie e Libertà (Grande Sud, Libertà e Autonomia-noi SUD, Movimento per le Autonomie, Nuovo PSI, Popolari per l'Italia, Italia dei Valori)","GAL (GS, LA-nS, MpA, NPSI, PpI, IdV)",2015-04-08,2015-04-20
"http://dati.senato.it/gruppo/72","Grandi Autonomie e Libertà (Grande Sud, Libertà e Autonomia-noi SUD, Movimento per le Autonomie, Nuovo PSI, Popolari per l'Italia, Italia dei Valori, Vittime della Giustizia e del Fisco)","GAL (GS, LA-nS, MpA, NPSI, PpI, IdV, VGF)",2015-04-21,2015-06-16
"http://dati.senato.it/gruppo/72","Grandi Autonomie e Libertà (Grande Sud, Movimento per le Autonomie, Nuovo PSI, Popolari per l'Italia, Italia dei Valori, Vittime della Giustizia e del Fisco, Federazione dei Verdi)","GAL (GS, MpA, NPSI, PpI, IdV, VGF, FV)",2015-06-17,2015-08-04
"http://dati.senato.it/gruppo/72","Grandi Autonomie e Libertà (Grande Sud, Popolari per l'Italia, Federazione dei Verdi, Moderati)","GAL (GS, PpI, FV, M)",2015-08-05,2015-11-03
"http://dati.senato.it/gruppo/72","Grandi Autonomie e Libertà (Grande Sud, Popolari per l'Italia, Federazione dei Verdi, Moderati, Movimento Base Italia)","GAL (GS, PpI, FV, M, MBI)",2015-11-04,2015-12-20
"http://dati.senato.it/gruppo/72","Grandi Autonomie e Libertà (Grande Sud, Popolari per l'Italia, Federazione dei Verdi, Moderati, Movimento Base Italia, Idea)","GAL (GS, PpI, FV, M, MBI, Id)",2015-12-21,2016-01-13
"http://dati.senato.it/gruppo/72","Grandi Autonomie e Libertà (Grande Sud, Popolari per l'Italia, Moderati, Movimento Base Italia, Idea, Euro-Exit)","GAL (GS, PpI, M, MBI, Id, E-E)",2016-01-14,2016-02-15
"http://dati.senato.it/gruppo/72","Grandi Autonomie e Libertà (Grande Sud, Popolari per l'Italia, Moderati, Idea, Euro-Exit, M.P.L.-Movimento politico Libertas)","GAL (GS, PpI, M, Id, E-E, MPL)",2016-02-16,2016-05-09
"http://dati.senato.it/gruppo/72","Grandi Autonomie e Libertà (Grande Sud, Popolari per l'Italia, Moderati, Idea, Alternativa per l'Italia, Euro-Exit, M.P.L. - Movimento politico Libertas)","GAL (GS, PpI, M, Id, ApI, E-E, MPL)",2016-05-10,2016-11-21
"http://dati.senato.it/gruppo/72","Grandi Autonomie e Libertà (Grande Sud, Popolari per l'Italia, Moderati, Idea, Euro-Exit, M.P.L. - Movimento politico Libertas)","GAL (GS, PpI, M, Id, E-E, MPL)",2016-11-22,2017-01-31
"http://dati.senato.it/gruppo/72","Grandi Autonomie e Libertà (Grande Sud, Popolari per l'Italia, Moderati, Idea, Euro-Exit, M.P.L. - Movimento politico Libertas, Riscossa Italia)","GAL (GS, PpI, M, Id, E-E, MPL, RI)",2017-02-01,2017-05-15
"http://dati.senato.it/gruppo/72","Grandi Autonomie e Libertà (Direzione Italia, Idea, Grande Sud, Moderati, M.P.L. - Movimento politico Libertas, Riscossa Italia, Euro-Exit)","GAL (DI, Id, GS, M, MPL, RI, E-E)",2017-05-16,2017-05-24
"http://dati.senato.it/gruppo/72","Grandi Autonomie e Libertà (Direzione Italia, Grande Sud, M.P.L. - Movimento Politico Libertas, Riscossa Italia)","GAL (DI, GS, MPL, RI)",2017-05-25,2017-10-03
"http://dati.senato.it/gruppo/72","Grandi Autonomie e Libertà (Direzione Italia, Grande Sud, Popolari per l'Italia, Riscossa Italia)","GAL (DI, GS, PpI, RI)",2017-10-04,2017-11-28
"http://dati.senato.it/gruppo/72","Grandi Autonomie e Libertà (Direzione Italia, Grande Sud, Popolari per l'Italia, Riscossa Italia, Salute e Ambiente)","GAL (DI, GS, PpI, RI, SA)",2017-11-29,2017-12-20
"http://dati.senato.it/gruppo/72","Grandi Autonomie e Libertà - Unione dei Democratici Cristiani e Democratici di Centro","GAL-UDC",2017-12-21,2018-03-22
"http://dati.senato.it/gruppo/73","Nuovo Centrodestra","NCD",2013-11-15,2014-12-10
"http://dati.senato.it/gruppo/73","Area Popolare (NCD-UDC)","AP (NCD-UDC)",2014-12-11,2016-12-06
"http://dati.senato.it/gruppo/73","Area Popolare (Ncd-Centristi per l'Italia)","AP (Ncd-CpI)",2016-12-07,2017-02-13
"http://dati.senato.it/gruppo/73","Area Popolare (Ncd-Centristi per l'Europa)","AP (Ncd-CpE)",2017-02-14,2017-03-20
"http://dati.senato.it/gruppo/73","Alternativa Popolare - Centristi per l'Europa","AP-CpE",2017-03-21,2017-05-08
"http://dati.senato.it/gruppo/73","Alternativa Popolare - Centristi per l'Europa - NCD","AP-CpE-NCD",2017-05-09,2018-03-22
"http://dati.senato.it/gruppo/74","Scelta Civica con Monti per l'Italia","SCMpI",2013-12-10,2013-12-10
"http://dati.senato.it/gruppo/74","Scelta Civica per l'Italia","SCpI",2013-12-11,2015-02-25
"http://dati.senato.it/gruppo/75","Conservatori, Riformisti italiani","CRi",2015-05-30,2015-09-07
"http://dati.senato.it/gruppo/75","Conservatori e Riformisti","CoR",2015-09-08,2017-04-01
"http://dati.senato.it/gruppo/76","Alleanza Liberalpopolare-Autonomie","AL-A",2015-07-29,2016-04-10
"http://dati.senato.it/gruppo/76","Alleanza Liberalpopolare-Autonomie (Movimento per le Autonomie)","AL-A (MpA)",2016-04-11,2016-06-20
"http://dati.senato.it/gruppo/76","Alleanza Liberalpopolare-Autonomie","AL-A",2016-06-21,2016-12-06
"http://dati.senato.it/gruppo/76","ALA - Scelta Civica per la Costituente Liberale e Popolare","ALA-SCCLP",2016-12-07,2017-11-21
"http://dati.senato.it/gruppo/76","ALA - Alleanza Liberalpopolare Autonomie","ALA",2017-11-22,2018-01-04
"http://dati.senato.it/gruppo/76","ALA (Alleanza Liberal Popolare) - PRI (Partito Repubblicano Italiano)","ALA-PRI",2018-01-05,2018-03-22
"http://dati.senato.it/gruppo/79","Articolo 1 - Movimento democratico e progressista","Art.1-MDP",2017-02-28,2017-12-12
"http://dati.senato.it/gruppo/79","Articolo 1 - Movimento Democratico e Progressista - Liberi e Uguali","Art.1-MDP-LeU",2017-12-13,2018-03-22
"http://dati.senato.it/gruppo/8","Unita' Socialista","US",1948-05-08,1949-12-31
"http://dati.senato.it/gruppo/8","Partito Socialista dei Lavoratori Italiani","PSLI",1950-01-01,1951-06-18
"http://dati.senato.it/gruppo/8","PSI (Sezione Italiana dell'Internaz. Socialista)","PS (S.I.I.S.)",1951-06-19,1952-02-12
"http://dati.senato.it/gruppo/8","Partito Socialista Democratico Italiano","PSDI",1952-02-13,1966-11-10
"http://dati.senato.it/gruppo/8","Partito Socialista Unitario","PSU",1969-07-08,1971-02-15
"http://dati.senato.it/gruppo/8","Partito Socialista Democratico Italiano","PSDI",1971-02-16,1992-04-22
"http://dati.senato.it/gruppo/80","Federazione della Libertà (Idea-Popolo e Libertà, PLI)","FL (Id-PL, PLI)",2017-05-25,2018-03-22
"http://dati.senato.it/gruppo/81","Noi con l'Italia","NcI",2017-12-22,2018-03-22
"http://dati.senato.it/gruppo/85","Fratelli d'Italia","FdI",2018-03-23,
"http://dati.senato.it/gruppo/86","Italia Viva-P.S.I.","IV-PSI",2019-09-18,2022-10-12
"http://dati.senato.it/gruppo/87","Europeisti-MAIE-Centro Democratico","Eu-MAIE-CD",2021-01-26,2021-02-23
"http://dati.senato.it/gruppo/87","Europeisti-MAIE-Centro Democratico","Europeisti-MAIE-CD",2021-02-24,2021-03-29
"http://dati.senato.it/gruppo/88","C.A.L. (Costituzione, Ambiente, Lavoro)-Idv","C.A.L.-Idv",2022-01-27,2022-01-27
"http://dati.senato.it/gruppo/89","C.A.L. (Costituzione, Ambiente, Lavoro)-Pc-Idv","CAL-Pc-Idv",2022-04-27,2022-05-08
"http://dati.senato.it/gruppo/89","C.A.L. (Costituzione, Ambiente, Lavoro)-Alternativa-P.C.-I.d.V.","CAL-A-PC-IdV",2022-05-09,2022-05-17
"http://dati.senato.it/gruppo/89","C.A.L. (Costituzione, Ambiente, Lavoro)-Alternativa-P.C.-I.d.V.","CAL-Alt-PC-IdV",2022-05-18,2022-06-28
"http://dati.senato.it/gruppo/89","Uniti per la Costituzione - C.A.L. (Costituzione, Ambiente, Lavoro) - Alternativa - P.C. - Ancora Italia - Progetto SMART - I.d.V.","UpC-CAL-Alt-PC-AI-Pr.SMART-IdV",2022-06-29,2022-10-12
"http://dati.senato.it/gruppo/9","Misto","Misto",1946-06-25,
"http://dati.senato.it/gruppo/90","Insieme per il futuro - Centro Democratico","Ipf-CD",2022-06-29,2022-10-12
"http://dati.senato.it/gruppo/91","Azione-ItaliaViva-RenewEurope","Az-IV-RE",2022-10-13,2023-11-08
"http://dati.senato.it/gruppo/91","Italia Viva - Il Centro - Renew Europe","IV-C-RE",2023-11-09,2026-06-14
"http://dati.senato.it/gruppo/91","Italia Viva - Casa Riformista","IV-CR",2026-06-15,
"http://dati.senato.it/gruppo/92","Civici d'Italia - Noi Moderati (UDC - Coraggio Italia - Noi con l'Italia - Italia al Centro) - MAIE","Cd'I-NM (UDC-CI-NcI-IaC)-MAIE",2022-10-13,2024-10-29
"http://dati.senato.it/gruppo/92","Civici d'Italia-UDC-Noi Moderati (Noi con l'Italia, Coraggio Italia, Italia al Centro)-MAIE-Centro Popolare","Cd'I-UDC-NM (NcI, CI, IaC)-MAIE-CP",2024-10-30,
