"m","d","surname","firstName","start","end","tipoElezione","coverage","lista","procl"
"http://dati.camera.it/ocd/mandatoCamera.rdf/mc18_307108_20180308","http://dati.camera.it/ocd/deputato.rdf/d307108_18","CABRAS","PINO","20180308","20221012","maggioritario","SARDEGNA - 01",,
"http://dati.camera.it/ocd/mandatoCamera.rdf/mc18_307108_20180308","http://dati.camera.it/ocd/deputato.rdf/d307108_18","CABRAS","PINO","20180308","20221012","maggioritario","SARDEGNA - 01",,
"http://dati.camera.it/ocd/mandatoCamera.rdf/mc18_307111_20180308","http://dati.camera.it/ocd/deputato.rdf/d307111_18","CADEDDU","LUCIANO","20180308","20221012","maggioritario","SARDEGNA - 01",,
"http://dati.camera.it/ocd/mandatoCamera.rdf/mc18_307111_20180308","http://dati.camera.it/ocd/deputato.rdf/d307111_18","CADEDDU","LUCIANO","20180308","20221012","maggioritario","SARDEGNA - 01",,
"http://dati.camera.it/ocd/mandatoCamera.rdf/mc18_307278_20180308","http://dati.camera.it/ocd/deputato.rdf/d307278_18","FEDERICO","ANTONIO","20180308","20221012","maggioritario","MOLISE - 01",,
"http://dati.camera.it/ocd/mandatoCamera.rdf/mc18_307107_20180308","http://dati.camera.it/ocd/deputato.rdf/d307107_18","LAPIA","MARA","20180308","20221012","maggioritario","SARDEGNA - 02",,
"http://dati.camera.it/ocd/mandatoCamera.rdf/mc18_307107_20180308","http://dati.camera.it/ocd/deputato.rdf/d307107_18","LAPIA","MARA","20180308","20221012","maggioritario","SARDEGNA - 02",,
"http://dati.camera.it/ocd/mandatoCamera.rdf/mc18_307110_20180308","http://dati.camera.it/ocd/deputato.rdf/d307110_18","MARINO","BERNARDO","20180308","20221012","maggioritario","SARDEGNA - 02",,
"http://dati.camera.it/ocd/mandatoCamera.rdf/mc18_307110_20180308","http://dati.camera.it/ocd/deputato.rdf/d307110_18","MARINO","BERNARDO","20180308","20221012","maggioritario","SARDEGNA - 02",,
"http://dati.camera.it/ocd/mandatoCamera.rdf/mc18_307106_20180308","http://dati.camera.it/ocd/deputato.rdf/d307106_18","MURA","ANDREA","20180308","20180927","maggioritario","SARDEGNA - 01",,
"http://dati.camera.it/ocd/mandatoCamera.rdf/mc18_307106_20180308","http://dati.camera.it/ocd/deputato.rdf/d307106_18","MURA","ANDREA","20180308","20180927","maggioritario","SARDEGNA - 01",,
"http://dati.camera.it/ocd/mandatoCamera.rdf/mc18_307109_20180308","http://dati.camera.it/ocd/deputato.rdf/d307109_18","PERANTONI","MARIO","20180308","20221012","maggioritario","SARDEGNA - 02",,
"http://dati.camera.it/ocd/mandatoCamera.rdf/mc18_307109_20180308","http://dati.camera.it/ocd/deputato.rdf/d307109_18","PERANTONI","MARIO","20180308","20221012","maggioritario","SARDEGNA - 02",,
"http://dati.camera.it/ocd/mandatoCamera.rdf/mc18_307275_20180308","http://dati.camera.it/ocd/deputato.rdf/d307275_18","TESTAMENTO","ROSA ALBA","20180308","20221012","maggioritario","MOLISE - 01",,
"http://dati.camera.it/ocd/mandatoCamera.rdf/mc18_307119_20180309","http://dati.camera.it/ocd/deputato.rdf/d307119_18","AIELLO","PIERA","20180309","20221012","maggioritario","SICILIA 1 - 02",,
"http://dati.camera.it/ocd/mandatoCamera.rdf/mc18_307119_20180309","http://dati.camera.it/ocd/deputato.rdf/d307119_18","AIELLO","PIERA","20180309","20221012","maggioritario","SICILIA 1 - 02",,
"http://dati.camera.it/ocd/mandatoCamera.rdf/mc18_307114_20180309","http://dati.camera.it/ocd/deputato.rdf/d307114_18","ALAIMO","ROBERTA","20180309","20221012","maggioritario","SICILIA 1 - 01",,
"http://dati.camera.it/ocd/mandatoCamera.rdf/mc18_307114_20180309","http://dati.camera.it/ocd/deputato.rdf/d307114_18","ALAIMO","ROBERTA","20180309","20221012","maggioritario","SICILIA 1 - 01",,
"http://dati.camera.it/ocd/mandatoCamera.rdf/mc18_307134_20180309","http://dati.camera.it/ocd/deputato.rdf/d307134_18","BAGNASCO","ROBERTO","20180309","20221012","maggioritario","LIGURIA - 02",,
"http://dati.camera.it/ocd/mandatoCamera.rdf/mc18_302867_20180309","http://dati.camera.it/ocd/deputato.rdf/d302867_18","BERGAMINI","DEBORAH","20180309","20221012","maggioritario","TOSCANA - 01",,
"http://dati.camera.it/ocd/mandatoCamera.rdf/mc18_306160_20180309","http://dati.camera.it/ocd/deputato.rdf/d306160_18","BOSCHI","MARIA ELENA","20180309","20221012","maggioritario","TRENTINO-ALTO ADIGE/SÜDTIROL - 01",,
"http://dati.camera.it/ocd/mandatoCamera.rdf/mc18_306160_20180309","http://dati.camera.it/ocd/deputato.rdf/d306160_18","BOSCHI","MARIA ELENA","20180309","20221012","maggioritario","TRENTINO-ALTO ADIGE/SÜDTIROL - 01",,
"http://dati.camera.it/ocd/mandatoCamera.rdf/mc18_307162_20180309","http://dati.camera.it/ocd/deputato.rdf/d307162_18","CAIATA","SALVATORE","20180309","20221012","maggioritario","BASILICATA - 01",,
"http://dati.camera.it/ocd/mandatoCamera.rdf/mc18_307140_20180309","http://dati.camera.it/ocd/deputato.rdf/d307140_18","CARRARA","MAURIZIO","20180309","20221012","maggioritario","TOSCANA - 01",,
"http://dati.camera.it/ocd/mandatoCamera.rdf/mc18_307140_20180309","http://dati.camera.it/ocd/deputato.rdf/d307140_18","CARRARA","MAURIZIO","20180309","20221012","maggioritario","TOSCANA - 01",,
"http://dati.camera.it/ocd/mandatoCamera.rdf/mc18_307116_20180309","http://dati.camera.it/ocd/deputato.rdf/d307116_18","CASA","VITTORIA","20180309","20221012","maggioritario","SICILIA 1 - 02",,
"http://dati.camera.it/ocd/mandatoCamera.rdf/mc18_307116_20180309","http://dati.camera.it/ocd/deputato.rdf/d307116_18","CASA","VITTORIA","20180309","20221012","maggioritario","SICILIA 1 - 02",,
"http://dati.camera.it/ocd/mandatoCamera.rdf/mc18_307126_20180309","http://dati.camera.it/ocd/deputato.rdf/d307126_18","CATALDI","ROBERTO","20180309","20221012","maggioritario","MARCHE - 01",,
"http://dati.camera.it/ocd/mandatoCamera.rdf/mc18_307126_20180309","http://dati.camera.it/ocd/deputato.rdf/d307126_18","CATALDI","ROBERTO","20180309","20221012","maggioritario","MARCHE - 01",,
"http://dati.camera.it/ocd/mandatoCamera.rdf/mc18_307129_20180309","http://dati.camera.it/ocd/deputato.rdf/d307129_18","CATTOI","MAURIZIO","20180309","20221012","maggioritario","MARCHE - 02",,
"http://dati.camera.it/ocd/mandatoCamera.rdf/mc18_307129_20180309","http://dati.camera.it/ocd/deputato.rdf/d307129_18","CATTOI","MAURIZIO","20180309","20221012","maggioritario","MARCHE - 02",,
"http://dati.camera.it/ocd/mandatoCamera.rdf/mc18_307716_20180309","http://dati.camera.it/ocd/deputato.rdf/d307716_18","CATTOI","VANESSA","20180309","20221012","maggioritario","TRENTINO-ALTO ADIGE/SÜDTIROL - 01",,
"http://dati.camera.it/ocd/mandatoCamera.rdf/mc18_307716_20180309","http://dati.camera.it/ocd/deputato.rdf/d307716_18","CATTOI","VANESSA","20180309","20221012","maggioritario","TRENTINO-ALTO ADIGE/SÜDTIROL - 01",,
"http://dati.camera.it/ocd/mandatoCamera.rdf/mc18_305787_20180309","http://dati.camera.it/ocd/deputato.rdf/d305787_18","CECCONI","ANDREA","20180309","20221012","maggioritario","MARCHE - 02",,
"http://dati.camera.it/ocd/mandatoCamera.rdf/mc18_302943_20180309","http://dati.camera.it/ocd/deputato.rdf/d302943_18","CENNI","SUSANNA","20180309","20221012","maggioritario","TOSCANA - 02",,
"http://dati.camera.it/ocd/mandatoCamera.rdf/mc18_307117_20180309","http://dati.camera.it/ocd/deputato.rdf/d307117_18","CHIAZZESE","GIUSEPPE","20180309","20221012","maggioritario","SICILIA 1 - 02",,
"http://dati.camera.it/ocd/mandatoCamera.rdf/mc18_307117_20180309","http://dati.camera.it/ocd/deputato.rdf/d307117_18","CHIAZZESE","GIUSEPPE","20180309","20221012","maggioritario","SICILIA 1 - 02",,
"http://dati.camera.it/ocd/mandatoCamera.rdf/mc18_306060_20180309","http://dati.camera.it/ocd/deputato.rdf/d306060_18","COLLETTI","ANDREA","20180309","20221012","maggioritario","ABRUZZO - 01",,
"http://dati.camera.it/ocd/mandatoCamera.rdf/mc18_301541_20180309","http://dati.camera.it/ocd/deputato.rdf/d301541_18","COSTA","ENRICO","20180309","20221012","maggioritario","PIEMONTE 2 - 01",,
"http://dati.camera.it/ocd/mandatoCamera.rdf/mc18_301541_20180309","http://dati.camera.it/ocd/deputato.rdf/d301541_18","COSTA","ENRICO","20180309","20221012","maggioritario","PIEMONTE 2 - 01",,
"http://dati.camera.it/ocd/mandatoCamera.rdf/mc18_307460_20180309","http://dati.camera.it/ocd/deputato.rdf/d307460_18","CRISTINA","MIRELLA","20180309","20221012","maggioritario","PIEMONTE 2 - 02",,
"http://dati.camera.it/ocd/mandatoCamera.rdf/mc18_307460_20180309","http://dati.camera.it/ocd/deputato.rdf/d307460_18","CRISTINA","MIRELLA","20180309","20221012","maggioritario","PIEMONTE 2 - 02",,
"http://dati.camera.it/ocd/mandatoCamera.rdf/mc18_307141_20180309","http://dati.camera.it/ocd/deputato.rdf/d307141_18","D'ETTORE","FELICE MAURIZIO","20180309","20221012","maggioritario","TOSCANA - 04",,
"http://dati.camera.it/ocd/mandatoCamera.rdf/mc18_307141_20180309","http://dati.camera.it/ocd/deputato.rdf/d307141_18","D'ETTORE","FELICE MAURIZIO","20180309","20221012","maggioritario","TOSCANA - 04",,
"http://dati.camera.it/ocd/mandatoCamera.rdf/mc18_306085_20180309","http://dati.camera.it/ocd/deputato.rdf/d306085_18","D'UVA","FRANCESCO","20180309","20221012","maggioritario","SICILIA 2 - 01",,
"http://dati.camera.it/ocd/mandatoCamera.rdf/mc18_306062_20180309","http://dati.camera.it/ocd/deputato.rdf/d306062_18","DEL GROSSO","DANIELE","20180309","20221012","maggioritario","ABRUZZO - 01",,
"http://dati.camera.it/ocd/mandatoCamera.rdf/mc18_307479_20180309","http://dati.camera.it/ocd/deputato.rdf/d307479_18","DELMASTRO DELLE VEDOVE","ANDREA","20180309","20221012","maggioritario","PIEMONTE 2 - 02",,
"http://dati.camera.it/ocd/mandatoCamera.rdf/mc18_307479_20180309","http://dati.camera.it/ocd/deputato.rdf/d307479_18","DELMASTRO DELLE VEDOVE","ANDREA","20180309","20221012","maggioritario","PIEMONTE 2 - 02",,
"http://dati.camera.it/ocd/mandatoCamera.rdf/mc18_306383_20180309","http://dati.camera.it/ocd/deputato.rdf/d306383_18","DI GIORGI","ROSA MARIA","20180309","20221012","maggioritario","TOSCANA - 03",,
"http://dati.camera.it/ocd/mandatoCamera.rdf/mc18_307127_20180309","http://dati.camera.it/ocd/deputato.rdf/d307127_18","EMILIOZZI","MIRELLA","20180309","20221012","maggioritario","MARCHE - 01",,
"http://dati.camera.it/ocd/mandatoCamera.rdf/mc18_307127_20180309","http://dati.camera.it/ocd/deputato.rdf/d307127_18","EMILIOZZI","MIRELLA","20180309","20221012","maggioritario","MARCHE - 01",,
"http://dati.camera.it/ocd/mandatoCamera.rdf/mc18_307125_20180309","http://dati.camera.it/ocd/deputato.rdf/d307125_18","FICARA","PAOLO","20180309","20221012","maggioritario","SICILIA 2 - 03",,
"http://dati.camera.it/ocd/mandatoCamera.rdf/mc18_307125_20180309","http://dati.camera.it/ocd/deputato.rdf/d307125_18","FICARA","PAOLO","20180309","20221012","maggioritario","SICILIA 2 - 03",,
"http://dati.camera.it/ocd/mandatoCamera.rdf/mc18_307131_20180309","http://dati.camera.it/ocd/deputato.rdf/d307131_18","FOSCOLO","SARA","20180309","20221012","maggioritario","LIGURIA - 01",,
"http://dati.camera.it/ocd/mandatoCamera.rdf/mc18_302155_20180309","http://dati.camera.it/ocd/deputato.rdf/d302155_18","FUGATTI","MAURIZIO","20180309","20190109","maggioritario","TRENTINO-ALTO ADIGE/SÜDTIROL - 01",,
"http://dati.camera.it/ocd/mandatoCamera.rdf/mc18_302155_20180309","http://dati.camera.it/ocd/deputato.rdf/d302155_18","FUGATTI","MAURIZIO","20180309","20190109","maggioritario","TRENTINO-ALTO ADIGE/SÜDTIROL - 01",,
"http://dati.camera.it/ocd/mandatoCamera.rdf/mc18_307135_20180309","http://dati.camera.it/ocd/deputato.rdf/d307135_18","GAGLIARDI","MANUELA","20180309","20221012","maggioritario","LIGURIA - 02",,
"http://dati.camera.it/ocd/mandatoCamera.rdf/mc18_307509_20180309","http://dati.camera.it/ocd/deputato.rdf/d307509_18","GASTALDI","FLAVIO","20180309","20221012","maggioritario","PIEMONTE 2 - 01",,
"http://dati.camera.it/ocd/mandatoCamera.rdf/mc18_307509_20180309","http://dati.camera.it/ocd/deputato.rdf/d307509_18","GASTALDI","FLAVIO","20180309","20221012","maggioritario","PIEMONTE 2 - 01",,
"http://dati.camera.it/ocd/mandatoCamera.rdf/mc18_307138_20180309","http://dati.camera.it/ocd/deputato.rdf/d307138_18","GAVA","VANNIA","20180309","20221012","maggioritario","FRIULI-VENEZIA GIULIA - 01",,
"http://dati.camera.it/ocd/mandatoCamera.rdf/mc18_307138_20180309","http://dati.camera.it/ocd/deputato.rdf/d307138_18","GAVA","VANNIA","20180309","20221012","maggioritario","FRIULI-VENEZIA GIULIA - 01",,
"http://dati.camera.it/ocd/mandatoCamera.rdf/mc18_305580_20180309","http://dati.camera.it/ocd/deputato.rdf/d305580_18","GEBHARD","RENATE","20180309","20221012","maggioritario","TRENTINO-ALTO ADIGE/SÜDTIROL - 01",,
"http://dati.camera.it/ocd/mandatoCamera.rdf/mc18_307508_20180309","http://dati.camera.it/ocd/deputato.rdf/d307508_18","GIACCONE","ANDREA","20180309","20221012","maggioritario","PIEMONTE 2 - 01",,
"http://dati.camera.it/ocd/mandatoCamera.rdf/mc18_307508_20180309","http://dati.camera.it/ocd/deputato.rdf/d307508_18","GIACCONE","ANDREA","20180309","20221012","maggioritario","PIEMONTE 2 - 01",,
"http://dati.camera.it/ocd/mandatoCamera.rdf/mc18_300480_20180309","http://dati.camera.it/ocd/deputato.rdf/d300480_18","GIACHETTI","ROBERTO","20180309","20221012","maggioritario","TOSCANA - 03",,
"http://dati.camera.it/ocd/mandatoCamera.rdf/mc18_307121_20180309","http://dati.camera.it/ocd/deputato.rdf/d307121_18","GIARRIZZO","ANDREA","20180309","20221012","maggioritario","SICILIA 2 - 01",,
"http://dati.camera.it/ocd/mandatoCamera.rdf/mc18_307121_20180309","http://dati.camera.it/ocd/deputato.rdf/d307121_18","GIARRIZZO","ANDREA","20180309","20221012","maggioritario","SICILIA 2 - 01",,
"http://dati.camera.it/ocd/mandatoCamera.rdf/mc18_306071_20180309","http://dati.camera.it/ocd/deputato.rdf/d306071_18","GRILLO","GIULIA","20180309","20221012","maggioritario","SICILIA 2 - 02",,
"http://dati.camera.it/ocd/mandatoCamera.rdf/mc18_307232_20180309","http://dati.camera.it/ocd/deputato.rdf/d307232_18","GRIPPA","CARMELA","20180309","20221012","maggioritario","ABRUZZO - 01",,
"http://dati.camera.it/ocd/mandatoCamera.rdf/mc18_307475_20180309","http://dati.camera.it/ocd/deputato.rdf/d307475_18","GUSMEROLI","ALBERTO LUIGI","20180309","20221012","maggioritario","PIEMONTE 2 - 02",,
"http://dati.camera.it/ocd/mandatoCamera.rdf/mc18_307475_20180309","http://dati.camera.it/ocd/deputato.rdf/d307475_18","GUSMEROLI","ALBERTO LUIGI","20180309","20221012","maggioritario","PIEMONTE 2 - 02",,
"http://dati.camera.it/ocd/mandatoCamera.rdf/mc18_307145_20180309","http://dati.camera.it/ocd/deputato.rdf/d307145_18","LOLINI","MARIO","20180309","20221012","maggioritario","TOSCANA - 04",,
"http://dati.camera.it/ocd/mandatoCamera.rdf/mc18_307145_20180309","http://dati.camera.it/ocd/deputato.rdf/d307145_18","LOLINI","MARIO","20180309","20221012","maggioritario","TOSCANA - 04",,
"http://dati.camera.it/ocd/mandatoCamera.rdf/mc18_306082_20180309","http://dati.camera.it/ocd/deputato.rdf/d306082_18","LOREFICE","MARIALUCIA","20180309","20221012","maggioritario","SICILIA 2 - 03",,
"http://dati.camera.it/ocd/mandatoCamera.rdf/mc18_306128_20180309","http://dati.camera.it/ocd/deputato.rdf/d306128_18","LOTTI","LUCA","20180309","20221012","maggioritario","TOSCANA - 03",,
"http://dati.camera.it/ocd/mandatoCamera.rdf/mc18_307453_20180309","http://dati.camera.it/ocd/deputato.rdf/d307453_18","MARCHETTI","RICCARDO AUGUSTO","20180309","20221012","maggioritario","UMBRIA - 01",,
"http://dati.camera.it/ocd/mandatoCamera.rdf/mc18_307453_20180309","http://dati.camera.it/ocd/deputato.rdf/d307453_18","MARCHETTI","RICCARDO AUGUSTO","20180309","20221012","maggioritario","UMBRIA - 01",,
"http://dati.camera.it/ocd/mandatoCamera.rdf/mc18_307120_20180309","http://dati.camera.it/ocd/deputato.rdf/d307120_18","MARTINCIGLIO","VITA","20180309","20221012","maggioritario","SICILIA 1 - 03",,
"http://dati.camera.it/ocd/mandatoCamera.rdf/mc18_307120_20180309","http://dati.camera.it/ocd/deputato.rdf/d307120_18","MARTINCIGLIO","VITA","20180309","20221012","maggioritario","SICILIA 1 - 03",,
"http://dati.camera.it/ocd/mandatoCamera.rdf/mc18_307230_20180309","http://dati.camera.it/ocd/deputato.rdf/d307230_18","MARTINO","ANTONIO","20180309","20221012","maggioritario","ABRUZZO - 02",,
"http://dati.camera.it/ocd/mandatoCamera.rdf/mc18_306080_20180309","http://dati.camera.it/ocd/deputato.rdf/d306080_18","MARZANA","MARIA","20180309","20221012","maggioritario","SICILIA 2 - 03",,
"http://dati.camera.it/ocd/mandatoCamera.rdf/mc18_307507_20180309","http://dati.camera.it/ocd/deputato.rdf/d307507_18","MOLINARI","RICCARDO","20180309","20221012","maggioritario","PIEMONTE 2 - 01",,
"http://dati.camera.it/ocd/mandatoCamera.rdf/mc18_307507_20180309","http://dati.camera.it/ocd/deputato.rdf/d307507_18","MOLINARI","RICCARDO","20180309","20221012","maggioritario","PIEMONTE 2 - 01",,
"http://dati.camera.it/ocd/mandatoCamera.rdf/mc18_307137_20180309","http://dati.camera.it/ocd/deputato.rdf/d307137_18","MOSCHIONI","DANIELE","20180309","20221012","maggioritario","FRIULI-VENEZIA GIULIA - 01",,
"http://dati.camera.it/ocd/mandatoCamera.rdf/mc18_307137_20180309","http://dati.camera.it/ocd/deputato.rdf/d307137_18","MOSCHIONI","DANIELE","20180309","20221012","maggioritario","FRIULI-VENEZIA GIULIA - 01",,
"http://dati.camera.it/ocd/mandatoCamera.rdf/mc18_307130_20180309","http://dati.camera.it/ocd/deputato.rdf/d307130_18","MULE'","GIORGIO","20180309","20221012","maggioritario","LIGURIA - 01",,
"http://dati.camera.it/ocd/mandatoCamera.rdf/mc18_307454_20180309","http://dati.camera.it/ocd/deputato.rdf/d307454_18","NEVI","RAFFAELE","20180309","20221012","maggioritario","UMBRIA - 01",,
"http://dati.camera.it/ocd/mandatoCamera.rdf/mc18_307454_20180309","http://dati.camera.it/ocd/deputato.rdf/d307454_18","NEVI","RAFFAELE","20180309","20221012","maggioritario","UMBRIA - 01",,
"http://dati.camera.it/ocd/mandatoCamera.rdf/mc18_306641_20180309","http://dati.camera.it/ocd/deputato.rdf/d306641_18","PADOAN","PIETRO CARLO","20180309","20201104","maggioritario","TOSCANA - 04",,
"http://dati.camera.it/ocd/mandatoCamera.rdf/mc18_306641_20180309","http://dati.camera.it/ocd/deputato.rdf/d306641_18","PADOAN","PIETRO CARLO","20180309","20201104","maggioritario","TOSCANA - 04",,
"http://dati.camera.it/ocd/mandatoCamera.rdf/mc18_307128_20180309","http://dati.camera.it/ocd/deputato.rdf/d307128_18","PATASSINI","TULLIO","20180309","20221012","maggioritario","MARCHE - 01",,
"http://dati.camera.it/ocd/mandatoCamera.rdf/mc18_307128_20180309","http://dati.camera.it/ocd/deputato.rdf/d307128_18","PATASSINI","TULLIO","20180309","20221012","maggioritario","MARCHE - 01",,
"http://dati.camera.it/ocd/mandatoCamera.rdf/mc18_307122_20180309","http://dati.camera.it/ocd/deputato.rdf/d307122_18","PAXIA","MARIA LAURA","20180309","20221012","maggioritario","SICILIA 2 - 02",,
"http://dati.camera.it/ocd/mandatoCamera.rdf/mc18_307122_20180309","http://dati.camera.it/ocd/deputato.rdf/d307122_18","PAXIA","MARIA LAURA","20180309","20221012","maggioritario","SICILIA 2 - 02",,
"http://dati.camera.it/ocd/mandatoCamera.rdf/mc18_307112_20180309","http://dati.camera.it/ocd/deputato.rdf/d307112_18","PENNA","LEONARDO SALVATORE","20180309","20221012","maggioritario","SICILIA 1 - 01",,
"http://dati.camera.it/ocd/mandatoCamera.rdf/mc18_307112_20180309","http://dati.camera.it/ocd/deputato.rdf/d307112_18","PENNA","LEONARDO SALVATORE","20180309","20221012","maggioritario","SICILIA 1 - 01",,
"http://dati.camera.it/ocd/mandatoCamera.rdf/mc18_307136_20180309","http://dati.camera.it/ocd/deputato.rdf/d307136_18","PETTARIN","GUIDO GERMANO","20180309","20221012","maggioritario","FRIULI-VENEZIA GIULIA - 01",,
"http://dati.camera.it/ocd/mandatoCamera.rdf/mc18_307136_20180309","http://dati.camera.it/ocd/deputato.rdf/d307136_18","PETTARIN","GUIDO GERMANO","20180309","20221012","maggioritario","FRIULI-VENEZIA GIULIA - 01",,
"http://dati.camera.it/ocd/mandatoCamera.rdf/mc18_307115_20180309","http://dati.camera.it/ocd/deputato.rdf/d307115_18","PIGNATONE","DEDALO COSIMO GAETANO","20180309","20221012","maggioritario","SICILIA 1 - 03",,
"http://dati.camera.it/ocd/mandatoCamera.rdf/mc18_307115_20180309","http://dati.camera.it/ocd/deputato.rdf/d307115_18","PIGNATONE","DEDALO COSIMO GAETANO","20180309","20221012","maggioritario","SICILIA 1 - 03",,
"http://dati.camera.it/ocd/mandatoCamera.rdf/mc18_305578_20180309","http://dati.camera.it/ocd/deputato.rdf/d305578_18","PLANGGER","ALBRECHT","20180309","20221012","maggioritario","TRENTINO-ALTO ADIGE/SÜDTIROL - 01",,
"http://dati.camera.it/ocd/mandatoCamera.rdf/mc18_305578_20180309","http://dati.camera.it/ocd/deputato.rdf/d305578_18","PLANGGER","ALBRECHT","20180309","20221012","maggioritario","TRENTINO-ALTO ADIGE/SÜDTIROL - 01",,
"http://dati.camera.it/ocd/mandatoCamera.rdf/mc18_307452_20180309","http://dati.camera.it/ocd/deputato.rdf/d307452_18","PRISCO","EMANUELE","20180309","20221012","maggioritario","UMBRIA - 01",,
"http://dati.camera.it/ocd/mandatoCamera.rdf/mc18_307452_20180309","http://dati.camera.it/ocd/deputato.rdf/d307452_18","PRISCO","EMANUELE","20180309","20221012","maggioritario","UMBRIA - 01",,
"http://dati.camera.it/ocd/mandatoCamera.rdf/mc18_307133_20180309","http://dati.camera.it/ocd/deputato.rdf/d307133_18","RIZZONE","MARCO","20180309","20221012","maggioritario","LIGURIA - 02",,
"http://dati.camera.it/ocd/mandatoCamera.rdf/mc18_306181_20180309","http://dati.camera.it/ocd/deputato.rdf/d306181_18","ROMANO","ANDREA","20180309","20221012","maggioritario","TOSCANA - 02",,
"http://dati.camera.it/ocd/mandatoCamera.rdf/mc18_307163_20180309","http://dati.camera.it/ocd/deputato.rdf/d307163_18","ROSPI","GIANLUCA","20180309","20221012","maggioritario","BASILICATA - 01",,
"http://dati.camera.it/ocd/mandatoCamera.rdf/mc18_307124_20180309","http://dati.camera.it/ocd/deputato.rdf/d307124_18","SAITTA","EUGENIO","20180309","20221012","maggioritario","SICILIA 2 - 03",,
"http://dati.camera.it/ocd/mandatoCamera.rdf/mc18_307124_20180309","http://dati.camera.it/ocd/deputato.rdf/d307124_18","SAITTA","EUGENIO","20180309","20221012","maggioritario","SICILIA 2 - 03",,
"http://dati.camera.it/ocd/mandatoCamera.rdf/mc18_305684_20180309","http://dati.camera.it/ocd/deputato.rdf/d305684_18","SAVINO","SANDRA","20180309","20221012","maggioritario","FRIULI-VENEZIA GIULIA - 01",,
"http://dati.camera.it/ocd/mandatoCamera.rdf/mc18_307139_20180309","http://dati.camera.it/ocd/deputato.rdf/d307139_18","SILLI","GIORGIO","20180309","20221012","maggioritario","TOSCANA - 01",,
"http://dati.camera.it/ocd/mandatoCamera.rdf/mc18_307139_20180309","http://dati.camera.it/ocd/deputato.rdf/d307139_18","SILLI","GIORGIO","20180309","20221012","maggioritario","TOSCANA - 01",,
"http://dati.camera.it/ocd/mandatoCamera.rdf/mc18_307118_20180309","http://dati.camera.it/ocd/deputato.rdf/d307118_18","SODANO","MICHELE","20180309","20221012","maggioritario","SICILIA 1 - 03",,
"http://dati.camera.it/ocd/mandatoCamera.rdf/mc18_307118_20180309","http://dati.camera.it/ocd/deputato.rdf/d307118_18","SODANO","MICHELE","20180309","20221012","maggioritario","SICILIA 1 - 03",,
"http://dati.camera.it/ocd/mandatoCamera.rdf/mc18_307123_20180309","http://dati.camera.it/ocd/deputato.rdf/d307123_18","SURIANO","SIMONA","20180309","20221012","maggioritario","SICILIA 2 - 02",,
"http://dati.camera.it/ocd/mandatoCamera.rdf/mc18_307123_20180309","http://dati.camera.it/ocd/deputato.rdf/d307123_18","SURIANO","SIMONA","20180309","20221012","maggioritario","SICILIA 2 - 02",,
"http://dati.camera.it/ocd/mandatoCamera.rdf/mc18_305792_20180309","http://dati.camera.it/ocd/deputato.rdf/d305792_18","TERZONI","PATRIZIA","20180309","20221012","maggioritario","MARCHE - 02",,
"http://dati.camera.it/ocd/mandatoCamera.rdf/mc18_307484_20180309","http://dati.camera.it/ocd/deputato.rdf/d307484_18","TIRAMANI","PAOLO","20180309","20221012","maggioritario","PIEMONTE 2 - 02",,
"http://dati.camera.it/ocd/mandatoCamera.rdf/mc18_307484_20180309","http://dati.camera.it/ocd/deputato.rdf/d307484_18","TIRAMANI","PAOLO","20180309","20221012","maggioritario","PIEMONTE 2 - 02",,
"http://dati.camera.it/ocd/mandatoCamera.rdf/mc18_302872_20180309","http://dati.camera.it/ocd/deputato.rdf/d302872_18","TOCCAFONDI","GABRIELE","20180309","20221012","maggioritario","TOSCANA - 03",,
"http://dati.camera.it/ocd/mandatoCamera.rdf/mc18_301448_20180309","http://dati.camera.it/ocd/deputato.rdf/d301448_18","TONDO","RENZO","20180309","20221012","maggioritario","FRIULI-VENEZIA GIULIA - 01",,
"http://dati.camera.it/ocd/mandatoCamera.rdf/mc18_307132_20180309","http://dati.camera.it/ocd/deputato.rdf/d307132_18","TRAVERSI","ROBERTO","20180309","20221012","maggioritario","LIGURIA - 01",,
"http://dati.camera.it/ocd/mandatoCamera.rdf/mc18_307105_20180309","http://dati.camera.it/ocd/deputato.rdf/d307105_18","TRIPODI","ELISA","20180309","20221012","maggioritario","VALLE D'AOSTA",,
"http://dati.camera.it/ocd/mandatoCamera.rdf/mc18_307105_20180309","http://dati.camera.it/ocd/deputato.rdf/d307105_18","TRIPODI","ELISA","20180309","20221012","maggioritario","VALLE D'AOSTA",,
"http://dati.camera.it/ocd/mandatoCamera.rdf/mc18_307113_20180309","http://dati.camera.it/ocd/deputato.rdf/d307113_18","TRIZZINO","GIORGIO","20180309","20221012","maggioritario","SICILIA 1 - 01",,
"http://dati.camera.it/ocd/mandatoCamera.rdf/mc18_307113_20180309","http://dati.camera.it/ocd/deputato.rdf/d307113_18","TRIZZINO","GIORGIO","20180309","20221012","maggioritario","SICILIA 1 - 01",,
"http://dati.camera.it/ocd/mandatoCamera.rdf/mc18_306091_20180309","http://dati.camera.it/ocd/deputato.rdf/d306091_18","VILLAROSA","ALESSIO MATTIA","20180309","20221012","maggioritario","SICILIA 2 - 01",,
"http://dati.camera.it/ocd/mandatoCamera.rdf/mc18_307715_20180309","http://dati.camera.it/ocd/deputato.rdf/d307715_18","ZANOTELLI","GIULIA","20180309","20190109","maggioritario","TRENTINO-ALTO ADIGE/SÜDTIROL - 01",,
"http://dati.camera.it/ocd/mandatoCamera.rdf/mc18_307715_20180309","http://dati.camera.it/ocd/deputato.rdf/d307715_18","ZANOTELLI","GIULIA","20180309","20190109","maggioritario","TRENTINO-ALTO ADIGE/SÜDTIROL - 01",,
"http://dati.camera.it/ocd/mandatoCamera.rdf/mc18_307231_20180309","http://dati.camera.it/ocd/deputato.rdf/d307231_18","ZENNARO","ANTONIO","20180309","20221012","maggioritario","ABRUZZO - 02",,
"http://dati.camera.it/ocd/mandatoCamera.rdf/mc18_307143_20180309","http://dati.camera.it/ocd/deputato.rdf/d307143_18","ZIELLO","EDOARDO","20180309","20221012","maggioritario","TOSCANA - 02",,
"http://dati.camera.it/ocd/mandatoCamera.rdf/mc18_307143_20180309","http://dati.camera.it/ocd/deputato.rdf/d307143_18","ZIELLO","EDOARDO","20180309","20221012","maggioritario","TOSCANA - 02",,
"http://dati.camera.it/ocd/mandatoCamera.rdf/mc18_307142_20180309","http://dati.camera.it/ocd/deputato.rdf/d307142_18","ZUCCONI","RICCARDO","20180309","20221012","maggioritario","TOSCANA - 01",,
"http://dati.camera.it/ocd/mandatoCamera.rdf/mc18_307142_20180309","http://dati.camera.it/ocd/deputato.rdf/d307142_18","ZUCCONI","RICCARDO","20180309","20221012","maggioritario","TOSCANA - 01",,
"http://dati.camera.it/ocd/mandatoCamera.rdf/mc18_307566_20180310","http://dati.camera.it/ocd/deputato.rdf/d307566_18","BARBUTO","ELISABETTA MARIA","20180310","20221012","maggioritario","CALABRIA - 01",,
"http://dati.camera.it/ocd/mandatoCamera.rdf/mc18_307566_20180310","http://dati.camera.it/ocd/deputato.rdf/d307566_18","BARBUTO","ELISABETTA MARIA","20180310","20221012","maggioritario","CALABRIA - 01",,
"http://dati.camera.it/ocd/mandatoCamera.rdf/mc18_307568_20180310","http://dati.camera.it/ocd/deputato.rdf/d307568_18","CANNIZZARO","FRANCESCO","20180310","20221012","maggioritario","CALABRIA - 02",,
"http://dati.camera.it/ocd/mandatoCamera.rdf/mc18_307568_20180310","http://dati.camera.it/ocd/deputato.rdf/d307568_18","CANNIZZARO","FRANCESCO","20180310","20221012","maggioritario","CALABRIA - 02",,
"http://dati.camera.it/ocd/mandatoCamera.rdf/mc18_307565_20180310","http://dati.camera.it/ocd/deputato.rdf/d307565_18","D'IPPOLITO","GIUSEPPE","20180310","20221012","maggioritario","CALABRIA - 02",,
"http://dati.camera.it/ocd/mandatoCamera.rdf/mc18_307565_20180310","http://dati.camera.it/ocd/deputato.rdf/d307565_18","D'IPPOLITO","GIUSEPPE","20180310","20221012","maggioritario","CALABRIA - 02",,
"http://dati.camera.it/ocd/mandatoCamera.rdf/mc18_306120_20180310","http://dati.camera.it/ocd/deputato.rdf/d306120_18","DIENI","FEDERICA","20180310","20221012","maggioritario","CALABRIA - 02",,
"http://dati.camera.it/ocd/mandatoCamera.rdf/mc18_306120_20180310","http://dati.camera.it/ocd/deputato.rdf/d306120_18","DIENI","FEDERICA","20180310","20221012","maggioritario","CALABRIA - 02",,
"http://dati.camera.it/ocd/mandatoCamera.rdf/mc18_307567_20180310","http://dati.camera.it/ocd/deputato.rdf/d307567_18","FERRO","WANDA","20180310","20221012","maggioritario","CALABRIA - 02",,
"http://dati.camera.it/ocd/mandatoCamera.rdf/mc18_307567_20180310","http://dati.camera.it/ocd/deputato.rdf/d307567_18","FERRO","WANDA","20180310","20221012","maggioritario","CALABRIA - 02",,
"http://dati.camera.it/ocd/mandatoCamera.rdf/mc18_307562_20180310","http://dati.camera.it/ocd/deputato.rdf/d307562_18","MISITI","CARMELO MASSIMO","20180310","20221012","maggioritario","CALABRIA - 01",,
"http://dati.camera.it/ocd/mandatoCamera.rdf/mc18_307562_20180310","http://dati.camera.it/ocd/deputato.rdf/d307562_18","MISITI","CARMELO MASSIMO","20180310","20221012","maggioritario","CALABRIA - 01",,
"http://dati.camera.it/ocd/mandatoCamera.rdf/mc18_307564_20180310","http://dati.camera.it/ocd/deputato.rdf/d307564_18","ORRICO","ANNA LAURA","20180310","20221012","maggioritario","CALABRIA - 01",,
"http://dati.camera.it/ocd/mandatoCamera.rdf/mc18_307564_20180310","http://dati.camera.it/ocd/deputato.rdf/d307564_18","ORRICO","ANNA LAURA","20180310","20221012","maggioritario","CALABRIA - 01",,
"http://dati.camera.it/ocd/mandatoCamera.rdf/mc18_307563_20180310","http://dati.camera.it/ocd/deputato.rdf/d307563_18","SAPIA","FRANCESCO","20180310","20221012","maggioritario","CALABRIA - 01",,
"http://dati.camera.it/ocd/mandatoCamera.rdf/mc18_307563_20180310","http://dati.camera.it/ocd/deputato.rdf/d307563_18","SAPIA","FRANCESCO","20180310","20221012","maggioritario","CALABRIA - 01",,
"http://dati.camera.it/ocd/mandatoCamera.rdf/mc18_307538_20180311","http://dati.camera.it/ocd/deputato.rdf/d307538_18","ACUNZO","NICOLA","20180311","20221012","maggioritario","CAMPANIA 2 - 03",,
"http://dati.camera.it/ocd/mandatoCamera.rdf/mc18_307538_20180311","http://dati.camera.it/ocd/deputato.rdf/d307538_18","ACUNZO","NICOLA","20180311","20221012","maggioritario","CAMPANIA 2 - 03",,
"http://dati.camera.it/ocd/mandatoCamera.rdf/mc18_307686_20180311","http://dati.camera.it/ocd/deputato.rdf/d307686_18","ANDREUZZA","GIORGIA","20180311","20221012","maggioritario","VENETO 1 - 01",,
"http://dati.camera.it/ocd/mandatoCamera.rdf/mc18_307686_20180311","http://dati.camera.it/ocd/deputato.rdf/d307686_18","ANDREUZZA","GIORGIA","20180311","20221012","maggioritario","VENETO 1 - 01",,
"http://dati.camera.it/ocd/mandatoCamera.rdf/mc18_307691_20180311","http://dati.camera.it/ocd/deputato.rdf/d307691_18","BADOLE","MIRCO","20180311","20221012","maggioritario","VENETO 1 - 02",,
"http://dati.camera.it/ocd/mandatoCamera.rdf/mc18_307691_20180311","http://dati.camera.it/ocd/deputato.rdf/d307691_18","BADOLE","MIRCO","20180311","20221012","maggioritario","VENETO 1 - 02",,
"http://dati.camera.it/ocd/mandatoCamera.rdf/mc18_307692_20180311","http://dati.camera.it/ocd/deputato.rdf/d307692_18","BARATTO","RAFFAELE","20180311","20221012","maggioritario","VENETO 1 - 02",,
"http://dati.camera.it/ocd/mandatoCamera.rdf/mc18_307692_20180311","http://dati.camera.it/ocd/deputato.rdf/d307692_18","BARATTO","RAFFAELE","20180311","20221012","maggioritario","VENETO 1 - 02",,
"http://dati.camera.it/ocd/mandatoCamera.rdf/mc18_307689_20180311","http://dati.camera.it/ocd/deputato.rdf/d307689_18","BISA","INGRID","20180311","20221012","maggioritario","VENETO 1 - 02",,
"http://dati.camera.it/ocd/mandatoCamera.rdf/mc18_307689_20180311","http://dati.camera.it/ocd/deputato.rdf/d307689_18","BISA","INGRID","20180311","20221012","maggioritario","VENETO 1 - 02",,
"http://dati.camera.it/ocd/mandatoCamera.rdf/mc18_302875_20180311","http://dati.camera.it/ocd/deputato.rdf/d302875_18","BRUNETTA","RENATO","20180311","20221012","maggioritario","VENETO 1 - 01",,
"http://dati.camera.it/ocd/mandatoCamera.rdf/mc18_302875_20180311","http://dati.camera.it/ocd/deputato.rdf/d302875_18","BRUNETTA","RENATO","20180311","20221012","maggioritario","VENETO 1 - 01",,
"http://dati.camera.it/ocd/mandatoCamera.rdf/mc18_307523_20180311","http://dati.camera.it/ocd/deputato.rdf/d307523_18","BUOMPANE","GIUSEPPE","20180311","20221012","maggioritario","CAMPANIA 2 - 02",,
"http://dati.camera.it/ocd/mandatoCamera.rdf/mc18_307523_20180311","http://dati.camera.it/ocd/deputato.rdf/d307523_18","BUOMPANE","GIUSEPPE","20180311","20221012","maggioritario","CAMPANIA 2 - 02",,
"http://dati.camera.it/ocd/mandatoCamera.rdf/mc18_307688_20180311","http://dati.camera.it/ocd/deputato.rdf/d307688_18","COIN","DIMITRI","20180311","20221012","maggioritario","VENETO 1 - 01",,
"http://dati.camera.it/ocd/mandatoCamera.rdf/mc18_307688_20180311","http://dati.camera.it/ocd/deputato.rdf/d307688_18","COIN","DIMITRI","20180311","20221012","maggioritario","VENETO 1 - 01",,
"http://dati.camera.it/ocd/mandatoCamera.rdf/mc18_307520_20180311","http://dati.camera.it/ocd/deputato.rdf/d307520_18","DEL MONACO","ANTONIO","20180311","20221012","maggioritario","CAMPANIA 2 - 02",,
"http://dati.camera.it/ocd/mandatoCamera.rdf/mc18_307520_20180311","http://dati.camera.it/ocd/deputato.rdf/d307520_18","DEL MONACO","ANTONIO","20180311","20221012","maggioritario","CAMPANIA 2 - 02",,
"http://dati.camera.it/ocd/mandatoCamera.rdf/mc18_307690_20180311","http://dati.camera.it/ocd/deputato.rdf/d307690_18","FANTUZ","MARICA","20180311","20221012","maggioritario","VENETO 1 - 02",,
"http://dati.camera.it/ocd/mandatoCamera.rdf/mc18_307690_20180311","http://dati.camera.it/ocd/deputato.rdf/d307690_18","FANTUZ","MARICA","20180311","20221012","maggioritario","VENETO 1 - 02",,
"http://dati.camera.it/ocd/mandatoCamera.rdf/mc18_307539_20180311","http://dati.camera.it/ocd/deputato.rdf/d307539_18","FERRAIOLI","MARZIA","20180311","20221012","maggioritario","CAMPANIA 2 - 03",,
"http://dati.camera.it/ocd/mandatoCamera.rdf/mc18_307539_20180311","http://dati.camera.it/ocd/deputato.rdf/d307539_18","FERRAIOLI","MARZIA","20180311","20221012","maggioritario","CAMPANIA 2 - 03",,
"http://dati.camera.it/ocd/mandatoCamera.rdf/mc18_307687_20180311","http://dati.camera.it/ocd/deputato.rdf/d307687_18","FOGLIANI","KETTY","20180311","20221012","maggioritario","VENETO 1 - 01",,
"http://dati.camera.it/ocd/mandatoCamera.rdf/mc18_307687_20180311","http://dati.camera.it/ocd/deputato.rdf/d307687_18","FOGLIANI","KETTY","20180311","20221012","maggioritario","VENETO 1 - 01",,
"http://dati.camera.it/ocd/mandatoCamera.rdf/mc18_307528_20180311","http://dati.camera.it/ocd/deputato.rdf/d307528_18","GRIMALDI","NICOLA","20180311","20221012","maggioritario","CAMPANIA 2 - 02",,
"http://dati.camera.it/ocd/mandatoCamera.rdf/mc18_307528_20180311","http://dati.camera.it/ocd/deputato.rdf/d307528_18","GRIMALDI","NICOLA","20180311","20221012","maggioritario","CAMPANIA 2 - 02",,
"http://dati.camera.it/ocd/mandatoCamera.rdf/mc18_307531_20180311","http://dati.camera.it/ocd/deputato.rdf/d307531_18","GUBITOSA","MICHELE","20180311","20221012","maggioritario","CAMPANIA 2 - 01",,
"http://dati.camera.it/ocd/mandatoCamera.rdf/mc18_307531_20180311","http://dati.camera.it/ocd/deputato.rdf/d307531_18","GUBITOSA","MICHELE","20180311","20221012","maggioritario","CAMPANIA 2 - 01",,
"http://dati.camera.it/ocd/mandatoCamera.rdf/mc18_307514_20180311","http://dati.camera.it/ocd/deputato.rdf/d307514_18","IANARO","ANGELA","20180311","20221012","maggioritario","CAMPANIA 2 - 01",,
"http://dati.camera.it/ocd/mandatoCamera.rdf/mc18_307514_20180311","http://dati.camera.it/ocd/deputato.rdf/d307514_18","IANARO","ANGELA","20180311","20221012","maggioritario","CAMPANIA 2 - 01",,
"http://dati.camera.it/ocd/mandatoCamera.rdf/mc18_307515_20180311","http://dati.camera.it/ocd/deputato.rdf/d307515_18","MARAIA","GENEROSO","20180311","20221012","maggioritario","CAMPANIA 2 - 01",,
"http://dati.camera.it/ocd/mandatoCamera.rdf/mc18_307515_20180311","http://dati.camera.it/ocd/deputato.rdf/d307515_18","MARAIA","GENEROSO","20180311","20221012","maggioritario","CAMPANIA 2 - 01",,
"http://dati.camera.it/ocd/mandatoCamera.rdf/mc18_307537_20180311","http://dati.camera.it/ocd/deputato.rdf/d307537_18","PROVENZA","NICOLA","20180311","20221012","maggioritario","CAMPANIA 2 - 03",,
"http://dati.camera.it/ocd/mandatoCamera.rdf/mc18_307537_20180311","http://dati.camera.it/ocd/deputato.rdf/d307537_18","PROVENZA","NICOLA","20180311","20221012","maggioritario","CAMPANIA 2 - 03",,
"http://dati.camera.it/ocd/mandatoCamera.rdf/mc18_307536_20180311","http://dati.camera.it/ocd/deputato.rdf/d307536_18","VILLANI","VIRGINIA","20180311","20221012","maggioritario","CAMPANIA 2 - 03",,
"http://dati.camera.it/ocd/mandatoCamera.rdf/mc18_307536_20180311","http://dati.camera.it/ocd/deputato.rdf/d307536_18","VILLANI","VIRGINIA","20180311","20221012","maggioritario","CAMPANIA 2 - 03",,
"http://dati.camera.it/ocd/mandatoCamera.rdf/mc18_307364_20180312","http://dati.camera.it/ocd/deputato.rdf/d307364_18","ALEMANNO","MARIA SOAVE","20180312","20221012","maggioritario","PUGLIA - 02",,
"http://dati.camera.it/ocd/mandatoCamera.rdf/mc18_307294_20180312","http://dati.camera.it/ocd/deputato.rdf/d307294_18","ANGIOLA","NUNZIO","20180312","20221012","maggioritario","PUGLIA - 01",,
"http://dati.camera.it/ocd/mandatoCamera.rdf/mc18_307365_20180312","http://dati.camera.it/ocd/deputato.rdf/d307365_18","APRILE","NADIA","20180312","20221012","maggioritario","PUGLIA - 02",,
"http://dati.camera.it/ocd/mandatoCamera.rdf/mc18_307368_20180312","http://dati.camera.it/ocd/deputato.rdf/d307368_18","ARESTA","GIOVANNI LUCA","20180312","20221012","maggioritario","PUGLIA - 02",,
"http://dati.camera.it/ocd/mandatoCamera.rdf/mc18_300497_20180312","http://dati.camera.it/ocd/deputato.rdf/d300497_18","BARELLI","PAOLO","20180312","20221012","maggioritario","LAZIO 2 - 02",,
"http://dati.camera.it/ocd/mandatoCamera.rdf/mc18_300497_20180312","http://dati.camera.it/ocd/deputato.rdf/d300497_18","BARELLI","PAOLO","20180312","20221012","maggioritario","LAZIO 2 - 02",,
"http://dati.camera.it/ocd/mandatoCamera.rdf/mc18_307456_20180312","http://dati.camera.it/ocd/deputato.rdf/d307456_18","BATTILOCCHIO","ALESSANDRO","20180312","20221012","maggioritario","LAZIO 2 - 01",,
"http://dati.camera.it/ocd/mandatoCamera.rdf/mc18_307456_20180312","http://dati.camera.it/ocd/deputato.rdf/d307456_18","BATTILOCCHIO","ALESSANDRO","20180312","20221012","maggioritario","LAZIO 2 - 01",,
"http://dati.camera.it/ocd/mandatoCamera.rdf/mc18_307429_20180312","http://dati.camera.it/ocd/deputato.rdf/d307429_18","BELLA","MARCO","20180312","20221012","maggioritario","LAZIO 1 - 03",,
"http://dati.camera.it/ocd/mandatoCamera.rdf/mc18_303200_20180312","http://dati.camera.it/ocd/deputato.rdf/d303200_18","CALABRIA","ANNAGRAZIA","20180312","20221012","maggioritario","LAZIO 1 - 01",,
"http://dati.camera.it/ocd/mandatoCamera.rdf/mc18_307433_20180312","http://dati.camera.it/ocd/deputato.rdf/d307433_18","CARELLI","EMILIO","20180312","20221012","maggioritario","LAZIO 1 - 02",,
"http://dati.camera.it/ocd/mandatoCamera.rdf/mc18_307367_20180312","http://dati.camera.it/ocd/deputato.rdf/d307367_18","CASSESE","GIANPAOLO","20180312","20221012","maggioritario","PUGLIA - 03",,
"http://dati.camera.it/ocd/mandatoCamera.rdf/mc18_307440_20180312","http://dati.camera.it/ocd/deputato.rdf/d307440_18","CUBEDDU","SEBASTIANO","20180312","20221012","maggioritario","LAZIO 1 - 03",,
"http://dati.camera.it/ocd/mandatoCamera.rdf/mc18_305838_20180312","http://dati.camera.it/ocd/deputato.rdf/d305838_18","D'AMBROSIO","GIUSEPPE","20180312","20221012","maggioritario","PUGLIA - 04",,
"http://dati.camera.it/ocd/mandatoCamera.rdf/mc18_307366_20180312","http://dati.camera.it/ocd/deputato.rdf/d307366_18","DE GIORGI","ROSALBA","20180312","20221012","maggioritario","PUGLIA - 03",,
"http://dati.camera.it/ocd/mandatoCamera.rdf/mc18_307427_20180312","http://dati.camera.it/ocd/deputato.rdf/d307427_18","DE TOMA","MASSIMILIANO","20180312","20221012","maggioritario","LAZIO 1 - 01",,
"http://dati.camera.it/ocd/mandatoCamera.rdf/mc18_307437_20180312","http://dati.camera.it/ocd/deputato.rdf/d307437_18","DEL RE","EMANUELA CLAUDIA","20180312","20210630","maggioritario","LAZIO 1 - 02",,
"http://dati.camera.it/ocd/mandatoCamera.rdf/mc18_307450_20180312","http://dati.camera.it/ocd/deputato.rdf/d307450_18","FIORAMONTI","LORENZO","20180312","20221012","maggioritario","LAZIO 1 - 01",,
"http://dati.camera.it/ocd/mandatoCamera.rdf/mc18_307459_20180312","http://dati.camera.it/ocd/deputato.rdf/d307459_18","FONTANA","ILARIA","20180312","20221012","maggioritario","LAZIO 2 - 02",,
"http://dati.camera.it/ocd/mandatoCamera.rdf/mc18_307459_20180312","http://dati.camera.it/ocd/deputato.rdf/d307459_18","FONTANA","ILARIA","20180312","20221012","maggioritario","LAZIO 2 - 02",,
"http://dati.camera.it/ocd/mandatoCamera.rdf/mc18_307290_20180312","http://dati.camera.it/ocd/deputato.rdf/d307290_18","GALIZIA","FRANCESCA","20180312","20221012","maggioritario","PUGLIA - 01",,
"http://dati.camera.it/ocd/mandatoCamera.rdf/mc18_300637_20180312","http://dati.camera.it/ocd/deputato.rdf/d300637_18","GENTILONI SILVERI","PAOLO","20180312","20191202","maggioritario","LAZIO 1 - 01",,
"http://dati.camera.it/ocd/mandatoCamera.rdf/mc18_307370_20180312","http://dati.camera.it/ocd/deputato.rdf/d307370_18","GIULIANO","CARLA","20180312","20221012","maggioritario","PUGLIA - 04",,
"http://dati.camera.it/ocd/mandatoCamera.rdf/mc18_307287_20180312","http://dati.camera.it/ocd/deputato.rdf/d307287_18","LATTANZIO","PAOLO","20180312","20221012","maggioritario","PUGLIA - 01",,
"http://dati.camera.it/ocd/mandatoCamera.rdf/mc18_307369_20180312","http://dati.camera.it/ocd/deputato.rdf/d307369_18","MACINA","ANNA","20180312","20221012","maggioritario","PUGLIA - 03",,
"http://dati.camera.it/ocd/mandatoCamera.rdf/mc18_302789_20180312","http://dati.camera.it/ocd/deputato.rdf/d302789_18","MADIA","MARIA ANNA","20180312","20221012","maggioritario","LAZIO 1 - 01",,
"http://dati.camera.it/ocd/mandatoCamera.rdf/mc18_307436_20180312","http://dati.camera.it/ocd/deputato.rdf/d307436_18","MAGI","RICCARDO","20180312","20221012","maggioritario","LAZIO 1 - 02",,
"http://dati.camera.it/ocd/mandatoCamera.rdf/mc18_307428_20180312","http://dati.camera.it/ocd/deputato.rdf/d307428_18","MARIANI","FELICE","20180312","20221012","maggioritario","LAZIO 1 - 02",,
"http://dati.camera.it/ocd/mandatoCamera.rdf/mc18_302103_20180312","http://dati.camera.it/ocd/deputato.rdf/d302103_18","MELONI","GIORGIA","20180312","20221012","maggioritario","LAZIO 2 - 02",,
"http://dati.camera.it/ocd/mandatoCamera.rdf/mc18_302103_20180312","http://dati.camera.it/ocd/deputato.rdf/d302103_18","MELONI","GIORGIA","20180312","20221012","maggioritario","LAZIO 2 - 02",,
"http://dati.camera.it/ocd/mandatoCamera.rdf/mc18_307372_20180312","http://dati.camera.it/ocd/deputato.rdf/d307372_18","MENGA","ROSA","20180312","20221012","maggioritario","PUGLIA - 04",,
"http://dati.camera.it/ocd/mandatoCamera.rdf/mc18_307363_20180312","http://dati.camera.it/ocd/deputato.rdf/d307363_18","NITTI","MICHELE","20180312","20221012","maggioritario","PUGLIA - 02",,
"http://dati.camera.it/ocd/mandatoCamera.rdf/mc18_307430_20180312","http://dati.camera.it/ocd/deputato.rdf/d307430_18","PRESTIPINO","PATRIZIA","20180312","20221012","maggioritario","LAZIO 1 - 02",,
"http://dati.camera.it/ocd/mandatoCamera.rdf/mc18_307455_20180312","http://dati.camera.it/ocd/deputato.rdf/d307455_18","ROTELLI","MAURO","20180312","20221012","maggioritario","LAZIO 2 - 01",,
"http://dati.camera.it/ocd/mandatoCamera.rdf/mc18_307455_20180312","http://dati.camera.it/ocd/deputato.rdf/d307455_18","ROTELLI","MAURO","20180312","20221012","maggioritario","LAZIO 2 - 01",,
"http://dati.camera.it/ocd/mandatoCamera.rdf/mc18_307289_20180312","http://dati.camera.it/ocd/deputato.rdf/d307289_18","RUGGIERO","FRANCESCA ANNA","20180312","20221012","maggioritario","PUGLIA - 01",,
"http://dati.camera.it/ocd/mandatoCamera.rdf/mc18_305862_20180312","http://dati.camera.it/ocd/deputato.rdf/d305862_18","SCAGLIUSI","EMANUELE","20180312","20221012","maggioritario","PUGLIA - 03",,
"http://dati.camera.it/ocd/mandatoCamera.rdf/mc18_307451_20180312","http://dati.camera.it/ocd/deputato.rdf/d307451_18","SILVESTRONI","MARCO","20180312","20221012","maggioritario","LAZIO 1 - 03",,
"http://dati.camera.it/ocd/mandatoCamera.rdf/mc18_307441_20180312","http://dati.camera.it/ocd/deputato.rdf/d307441_18","SPENA","MARIA","20180312","20221012","maggioritario","LAZIO 1 - 03",,
"http://dati.camera.it/ocd/mandatoCamera.rdf/mc18_307371_20180312","http://dati.camera.it/ocd/deputato.rdf/d307371_18","TASSO","ANTONIO","20180312","20221012","maggioritario","PUGLIA - 04",,
"http://dati.camera.it/ocd/mandatoCamera.rdf/mc18_307457_20180312","http://dati.camera.it/ocd/deputato.rdf/d307457_18","TRANCASSINI","PAOLO","20180312","20221012","maggioritario","LAZIO 2 - 01",,
"http://dati.camera.it/ocd/mandatoCamera.rdf/mc18_307457_20180312","http://dati.camera.it/ocd/deputato.rdf/d307457_18","TRANCASSINI","PAOLO","20180312","20221012","maggioritario","LAZIO 2 - 01",,
"http://dati.camera.it/ocd/mandatoCamera.rdf/mc18_307458_20180312","http://dati.camera.it/ocd/deputato.rdf/d307458_18","ZICCHIERI","FRANCESCO","20180312","20221012","maggioritario","LAZIO 2 - 02",,
"http://dati.camera.it/ocd/mandatoCamera.rdf/mc18_307458_20180312","http://dati.camera.it/ocd/deputato.rdf/d307458_18","ZICCHIERI","FRANCESCO","20180312","20221012","maggioritario","LAZIO 2 - 02",,
"http://dati.camera.it/ocd/mandatoCamera.rdf/mc18_35050_20180313","http://dati.camera.it/ocd/deputato.rdf/d35050_18","APREA","VALENTINA","20180313","20221012","maggioritario","LOMBARDIA 1 - 01",,
"http://dati.camera.it/ocd/mandatoCamera.rdf/mc18_35050_20180313","http://dati.camera.it/ocd/deputato.rdf/d35050_18","APREA","VALENTINA","20180313","20221012","maggioritario","LOMBARDIA 1 - 01",,
"http://dati.camera.it/ocd/mandatoCamera.rdf/mc18_307605_20180313","http://dati.camera.it/ocd/deputato.rdf/d307605_18","BELOTTI","DANIELE","20180313","20221012","maggioritario","LOMBARDIA 3 - 02",,
"http://dati.camera.it/ocd/mandatoCamera.rdf/mc18_307605_20180313","http://dati.camera.it/ocd/deputato.rdf/d307605_18","BELOTTI","DANIELE","20180313","20221012","maggioritario","LOMBARDIA 3 - 02",,
"http://dati.camera.it/ocd/mandatoCamera.rdf/mc18_307604_20180313","http://dati.camera.it/ocd/deputato.rdf/d307604_18","BENIGNI","STEFANO","20180313","20221012","maggioritario","LOMBARDIA 3 - 02",,
"http://dati.camera.it/ocd/mandatoCamera.rdf/mc18_307604_20180313","http://dati.camera.it/ocd/deputato.rdf/d307604_18","BENIGNI","STEFANO","20180313","20221012","maggioritario","LOMBARDIA 3 - 02",,
"http://dati.camera.it/ocd/mandatoCamera.rdf/mc18_307599_20180313","http://dati.camera.it/ocd/deputato.rdf/d307599_18","BIANCHI","MATTEO LUIGI","20180313","20221012","maggioritario","LOMBARDIA 2 - 01",,
"http://dati.camera.it/ocd/mandatoCamera.rdf/mc18_307599_20180313","http://dati.camera.it/ocd/deputato.rdf/d307599_18","BIANCHI","MATTEO LUIGI","20180313","20221012","maggioritario","LOMBARDIA 2 - 01",,
"http://dati.camera.it/ocd/mandatoCamera.rdf/mc18_307601_20180313","http://dati.camera.it/ocd/deputato.rdf/d307601_18","BORDONALI","SIMONA","20180313","20221012","maggioritario","LOMBARDIA 3 - 01",,
"http://dati.camera.it/ocd/mandatoCamera.rdf/mc18_307601_20180313","http://dati.camera.it/ocd/deputato.rdf/d307601_18","BORDONALI","SIMONA","20180313","20221012","maggioritario","LOMBARDIA 3 - 01",,
"http://dati.camera.it/ocd/mandatoCamera.rdf/mc18_302838_20180313","http://dati.camera.it/ocd/deputato.rdf/d302838_18","BRAMBILLA","MICHELA VITTORIA","20180313","20221012","maggioritario","LOMBARDIA 1 - 04",,
"http://dati.camera.it/ocd/mandatoCamera.rdf/mc18_302838_20180313","http://dati.camera.it/ocd/deputato.rdf/d302838_18","BRAMBILLA","MICHELA VITTORIA","20180313","20221012","maggioritario","LOMBARDIA 1 - 04",,
"http://dati.camera.it/ocd/mandatoCamera.rdf/mc18_32500_20180313","http://dati.camera.it/ocd/deputato.rdf/d32500_18","BUTTI","ALESSIO","20180313","20221012","maggioritario","LOMBARDIA 2 - 02",,
"http://dati.camera.it/ocd/mandatoCamera.rdf/mc18_32500_20180313","http://dati.camera.it/ocd/deputato.rdf/d32500_18","BUTTI","ALESSIO","20180313","20221012","maggioritario","LOMBARDIA 2 - 02",,
"http://dati.camera.it/ocd/mandatoCamera.rdf/mc18_307657_20180313","http://dati.camera.it/ocd/deputato.rdf/d307657_18","CATTANEO","ALESSANDRO","20180313","20221012","maggioritario","LOMBARDIA 4 - 01",,
"http://dati.camera.it/ocd/mandatoCamera.rdf/mc18_307657_20180313","http://dati.camera.it/ocd/deputato.rdf/d307657_18","CATTANEO","ALESSANDRO","20180313","20221012","maggioritario","LOMBARDIA 4 - 01",,
"http://dati.camera.it/ocd/mandatoCamera.rdf/mc18_307640_20180313","http://dati.camera.it/ocd/deputato.rdf/d307640_18","COLLA","JARI","20180313","20221012","maggioritario","LOMBARDIA 1 - 02",,
"http://dati.camera.it/ocd/mandatoCamera.rdf/mc18_307640_20180313","http://dati.camera.it/ocd/deputato.rdf/d307640_18","COLLA","JARI","20180313","20221012","maggioritario","LOMBARDIA 1 - 02",,
"http://dati.camera.it/ocd/mandatoCamera.rdf/mc18_307603_20180313","http://dati.camera.it/ocd/deputato.rdf/d307603_18","COLUCCI","ALESSANDRO","20180313","20221012","maggioritario","LOMBARDIA 3 - 01",,
"http://dati.camera.it/ocd/mandatoCamera.rdf/mc18_307603_20180313","http://dati.camera.it/ocd/deputato.rdf/d307603_18","COLUCCI","ALESSANDRO","20180313","20221012","maggioritario","LOMBARDIA 3 - 01",,
"http://dati.camera.it/ocd/mandatoCamera.rdf/mc18_302764_20180313","http://dati.camera.it/ocd/deputato.rdf/d302764_18","COMAROLI","SILVANA ANDREINA","20180313","20221012","maggioritario","LOMBARDIA 4 - 02",,
"http://dati.camera.it/ocd/mandatoCamera.rdf/mc18_302764_20180313","http://dati.camera.it/ocd/deputato.rdf/d302764_18","COMAROLI","SILVANA ANDREINA","20180313","20221012","maggioritario","LOMBARDIA 4 - 02",,
"http://dati.camera.it/ocd/mandatoCamera.rdf/mc18_307639_20180313","http://dati.camera.it/ocd/deputato.rdf/d307639_18","CRIPPA","ANDREA","20180313","20221012","maggioritario","LOMBARDIA 1 - 02",,
"http://dati.camera.it/ocd/mandatoCamera.rdf/mc18_307639_20180313","http://dati.camera.it/ocd/deputato.rdf/d307639_18","CRIPPA","ANDREA","20180313","20221012","maggioritario","LOMBARDIA 1 - 02",,
"http://dati.camera.it/ocd/mandatoCamera.rdf/mc18_307683_20180313","http://dati.camera.it/ocd/deputato.rdf/d307683_18","DARA","ANDREA","20180313","20221012","maggioritario","LOMBARDIA 4 - 02",,
"http://dati.camera.it/ocd/mandatoCamera.rdf/mc18_307683_20180313","http://dati.camera.it/ocd/deputato.rdf/d307683_18","DARA","ANDREA","20180313","20221012","maggioritario","LOMBARDIA 4 - 02",,
"http://dati.camera.it/ocd/mandatoCamera.rdf/mc18_307644_20180313","http://dati.camera.it/ocd/deputato.rdf/d307644_18","DELLA FRERA","GUIDO","20180313","20221012","maggioritario","LOMBARDIA 1 - 02",,
"http://dati.camera.it/ocd/mandatoCamera.rdf/mc18_307644_20180313","http://dati.camera.it/ocd/deputato.rdf/d307644_18","DELLA FRERA","GUIDO","20180313","20221012","maggioritario","LOMBARDIA 1 - 02",,
"http://dati.camera.it/ocd/mandatoCamera.rdf/mc18_307602_20180313","http://dati.camera.it/ocd/deputato.rdf/d307602_18","FORMENTINI","PAOLO","20180313","20221012","maggioritario","LOMBARDIA 3 - 01",,
"http://dati.camera.it/ocd/mandatoCamera.rdf/mc18_307602_20180313","http://dati.camera.it/ocd/deputato.rdf/d307602_18","FORMENTINI","PAOLO","20180313","20221012","maggioritario","LOMBARDIA 3 - 01",,
"http://dati.camera.it/ocd/mandatoCamera.rdf/mc18_301457_20180313","http://dati.camera.it/ocd/deputato.rdf/d301457_18","FRASSINETTI","PAOLA","20180313","20221012","maggioritario","LOMBARDIA 1 - 01",,
"http://dati.camera.it/ocd/mandatoCamera.rdf/mc18_301457_20180313","http://dati.camera.it/ocd/deputato.rdf/d301457_18","FRASSINETTI","PAOLA","20180313","20221012","maggioritario","LOMBARDIA 1 - 01",,
"http://dati.camera.it/ocd/mandatoCamera.rdf/mc18_302151_20180313","http://dati.camera.it/ocd/deputato.rdf/d302151_18","GARAVAGLIA","MASSIMO","20180313","20221012","maggioritario","LOMBARDIA 1 - 04",,
"http://dati.camera.it/ocd/mandatoCamera.rdf/mc18_302151_20180313","http://dati.camera.it/ocd/deputato.rdf/d302151_18","GARAVAGLIA","MASSIMO","20180313","20221012","maggioritario","LOMBARDIA 1 - 04",,
"http://dati.camera.it/ocd/mandatoCamera.rdf/mc18_301449_20180313","http://dati.camera.it/ocd/deputato.rdf/d301449_18","GELMINI","MARIASTELLA","20180313","20221012","maggioritario","LOMBARDIA 3 - 01",,
"http://dati.camera.it/ocd/mandatoCamera.rdf/mc18_301449_20180313","http://dati.camera.it/ocd/deputato.rdf/d301449_18","GELMINI","MARIASTELLA","20180313","20221012","maggioritario","LOMBARDIA 3 - 01",,
"http://dati.camera.it/ocd/mandatoCamera.rdf/mc18_307641_20180313","http://dati.camera.it/ocd/deputato.rdf/d307641_18","IEZZI","IGOR GIANCARLO","20180313","20221012","maggioritario","LOMBARDIA 1 - 03",,
"http://dati.camera.it/ocd/mandatoCamera.rdf/mc18_307641_20180313","http://dati.camera.it/ocd/deputato.rdf/d307641_18","IEZZI","IGOR GIANCARLO","20180313","20221012","maggioritario","LOMBARDIA 1 - 03",,
"http://dati.camera.it/ocd/mandatoCamera.rdf/mc18_305503_20180313","http://dati.camera.it/ocd/deputato.rdf/d305503_18","INVERNIZZI","CRISTIAN","20180313","20221012","maggioritario","LOMBARDIA 3 - 02",,
"http://dati.camera.it/ocd/mandatoCamera.rdf/mc18_305503_20180313","http://dati.camera.it/ocd/deputato.rdf/d305503_18","INVERNIZZI","CRISTIAN","20180313","20221012","maggioritario","LOMBARDIA 3 - 02",,
"http://dati.camera.it/ocd/mandatoCamera.rdf/mc18_307656_20180313","http://dati.camera.it/ocd/deputato.rdf/d307656_18","LUCCHINI","ELENA","20180313","20221012","maggioritario","LOMBARDIA 4 - 01",,
"http://dati.camera.it/ocd/mandatoCamera.rdf/mc18_307656_20180313","http://dati.camera.it/ocd/deputato.rdf/d307656_18","LUCCHINI","ELENA","20180313","20221012","maggioritario","LOMBARDIA 4 - 01",,
"http://dati.camera.it/ocd/mandatoCamera.rdf/mc18_300447_20180313","http://dati.camera.it/ocd/deputato.rdf/d300447_18","LUPI","MAURIZIO ENZO","20180313","20221012","maggioritario","LOMBARDIA 2 - 02",,
"http://dati.camera.it/ocd/mandatoCamera.rdf/mc18_300447_20180313","http://dati.camera.it/ocd/deputato.rdf/d300447_18","LUPI","MAURIZIO ENZO","20180313","20221012","maggioritario","LOMBARDIA 2 - 02",,
"http://dati.camera.it/ocd/mandatoCamera.rdf/mc18_306430_20180313","http://dati.camera.it/ocd/deputato.rdf/d306430_18","MANDELLI","ANDREA","20180313","20221012","maggioritario","LOMBARDIA 1 - 01",,
"http://dati.camera.it/ocd/mandatoCamera.rdf/mc18_306430_20180313","http://dati.camera.it/ocd/deputato.rdf/d306430_18","MANDELLI","ANDREA","20180313","20221012","maggioritario","LOMBARDIA 1 - 01",,
"http://dati.camera.it/ocd/mandatoCamera.rdf/mc18_302762_20180313","http://dati.camera.it/ocd/deputato.rdf/d302762_18","MOLTENI","NICOLA","20180313","20221012","maggioritario","LOMBARDIA 2 - 02",,
"http://dati.camera.it/ocd/mandatoCamera.rdf/mc18_302762_20180313","http://dati.camera.it/ocd/deputato.rdf/d302762_18","MOLTENI","NICOLA","20180313","20221012","maggioritario","LOMBARDIA 2 - 02",,
"http://dati.camera.it/ocd/mandatoCamera.rdf/mc18_307647_20180313","http://dati.camera.it/ocd/deputato.rdf/d307647_18","MOR","MATTIA","20180313","20221012","maggioritario","LOMBARDIA 1 - 03",,
"http://dati.camera.it/ocd/mandatoCamera.rdf/mc18_307647_20180313","http://dati.camera.it/ocd/deputato.rdf/d307647_18","MOR","MATTIA","20180313","20221012","maggioritario","LOMBARDIA 1 - 03",,
"http://dati.camera.it/ocd/mandatoCamera.rdf/mc18_307651_20180313","http://dati.camera.it/ocd/deputato.rdf/d307651_18","MUSELLA","GRAZIANO","20180313","20221012","maggioritario","LOMBARDIA 1 - 04",,
"http://dati.camera.it/ocd/mandatoCamera.rdf/mc18_307651_20180313","http://dati.camera.it/ocd/deputato.rdf/d307651_18","MUSELLA","GRAZIANO","20180313","20221012","maggioritario","LOMBARDIA 1 - 04",,
"http://dati.camera.it/ocd/mandatoCamera.rdf/mc18_50123_20180313","http://dati.camera.it/ocd/deputato.rdf/d50123_18","PAROLO","UGO","20180313","20221012","maggioritario","LOMBARDIA 2 - 02",,
"http://dati.camera.it/ocd/mandatoCamera.rdf/mc18_50123_20180313","http://dati.camera.it/ocd/deputato.rdf/d50123_18","PAROLO","UGO","20180313","20221012","maggioritario","LOMBARDIA 2 - 02",,
"http://dati.camera.it/ocd/mandatoCamera.rdf/mc18_307662_20180313","http://dati.camera.it/ocd/deputato.rdf/d307662_18","PEDRAZZINI","CLAUDIO","20180313","20221012","maggioritario","LOMBARDIA 4 - 01",,
"http://dati.camera.it/ocd/mandatoCamera.rdf/mc18_307662_20180313","http://dati.camera.it/ocd/deputato.rdf/d307662_18","PEDRAZZINI","CLAUDIO","20180313","20221012","maggioritario","LOMBARDIA 4 - 01",,
"http://dati.camera.it/ocd/mandatoCamera.rdf/mc18_306189_20180313","http://dati.camera.it/ocd/deputato.rdf/d306189_18","QUARTAPELLE PROCOPIO","LIA","20180313","20221012","maggioritario","LOMBARDIA 1 - 03",,
"http://dati.camera.it/ocd/mandatoCamera.rdf/mc18_306189_20180313","http://dati.camera.it/ocd/deputato.rdf/d306189_18","QUARTAPELLE PROCOPIO","LIA","20180313","20221012","maggioritario","LOMBARDIA 1 - 03",,
"http://dati.camera.it/ocd/mandatoCamera.rdf/mc18_301459_20180313","http://dati.camera.it/ocd/deputato.rdf/d301459_18","RAVETTO","LAURA","20180313","20221012","maggioritario","LOMBARDIA 2 - 02",,
"http://dati.camera.it/ocd/mandatoCamera.rdf/mc18_301459_20180313","http://dati.camera.it/ocd/deputato.rdf/d301459_18","RAVETTO","LAURA","20180313","20221012","maggioritario","LOMBARDIA 2 - 02",,
"http://dati.camera.it/ocd/mandatoCamera.rdf/mc18_307608_20180313","http://dati.camera.it/ocd/deputato.rdf/d307608_18","SORTE","ALESSANDRO","20180313","20221012","maggioritario","LOMBARDIA 3 - 02",,
"http://dati.camera.it/ocd/mandatoCamera.rdf/mc18_307608_20180313","http://dati.camera.it/ocd/deputato.rdf/d307608_18","SORTE","ALESSANDRO","20180313","20221012","maggioritario","LOMBARDIA 3 - 02",,
"http://dati.camera.it/ocd/mandatoCamera.rdf/mc18_306214_20180313","http://dati.camera.it/ocd/deputato.rdf/d306214_18","SQUERI","LUCA","20180313","20221012","maggioritario","LOMBARDIA 1 - 02",,
"http://dati.camera.it/ocd/mandatoCamera.rdf/mc18_306214_20180313","http://dati.camera.it/ocd/deputato.rdf/d306214_18","SQUERI","LUCA","20180313","20221012","maggioritario","LOMBARDIA 1 - 02",,
"http://dati.camera.it/ocd/mandatoCamera.rdf/mc18_34580_20180313","http://dati.camera.it/ocd/deputato.rdf/d34580_18","TABACCI","BRUNO","20180313","20221012","maggioritario","LOMBARDIA 1 - 03",,
"http://dati.camera.it/ocd/mandatoCamera.rdf/mc18_34580_20180313","http://dati.camera.it/ocd/deputato.rdf/d34580_18","TABACCI","BRUNO","20180313","20221012","maggioritario","LOMBARDIA 1 - 03",,
"http://dati.camera.it/ocd/mandatoCamera.rdf/mc18_307600_20180313","http://dati.camera.it/ocd/deputato.rdf/d307600_18","TARANTINO","LEONARDO","20180313","20221012","maggioritario","LOMBARDIA 2 - 01",,
"http://dati.camera.it/ocd/mandatoCamera.rdf/mc18_307600_20180313","http://dati.camera.it/ocd/deputato.rdf/d307600_18","TARANTINO","LEONARDO","20180313","20221012","maggioritario","LOMBARDIA 2 - 01",,
"http://dati.camera.it/ocd/mandatoCamera.rdf/mc18_307598_20180313","http://dati.camera.it/ocd/deputato.rdf/d307598_18","VERSACE","GIUSEPPINA","20180313","20221012","maggioritario","LOMBARDIA 2 - 01",,
"http://dati.camera.it/ocd/mandatoCamera.rdf/mc18_307598_20180313","http://dati.camera.it/ocd/deputato.rdf/d307598_18","VERSACE","GIUSEPPINA","20180313","20221012","maggioritario","LOMBARDIA 2 - 01",,
"http://dati.camera.it/ocd/mandatoCamera.rdf/mc18_302770_20180313","http://dati.camera.it/ocd/deputato.rdf/d302770_18","VOLPI","RAFFAELE","20180313","20221012","maggioritario","LOMBARDIA 4 - 02",,
"http://dati.camera.it/ocd/mandatoCamera.rdf/mc18_302770_20180313","http://dati.camera.it/ocd/deputato.rdf/d302770_18","VOLPI","RAFFAELE","20180313","20221012","maggioritario","LOMBARDIA 4 - 02",,
"http://dati.camera.it/ocd/mandatoCamera.rdf/mc18_307650_20180313","http://dati.camera.it/ocd/deputato.rdf/d307650_18","ZANELLA","FEDERICA","20180313","20221012","maggioritario","LOMBARDIA 1 - 03",,
"http://dati.camera.it/ocd/mandatoCamera.rdf/mc18_307650_20180313","http://dati.camera.it/ocd/deputato.rdf/d307650_18","ZANELLA","FEDERICA","20180313","20221012","maggioritario","LOMBARDIA 1 - 03",,
"http://dati.camera.it/ocd/mandatoCamera.rdf/mc18_307583_20180314","http://dati.camera.it/ocd/deputato.rdf/d307583_18","BENDINELLI","DAVIDE","20180314","20221012","maggioritario","VENETO 2 - 03",,
"http://dati.camera.it/ocd/mandatoCamera.rdf/mc18_307583_20180314","http://dati.camera.it/ocd/deputato.rdf/d307583_18","BENDINELLI","DAVIDE","20180314","20221012","maggioritario","VENETO 2 - 03",,
"http://dati.camera.it/ocd/mandatoCamera.rdf/mc18_307573_20180314","http://dati.camera.it/ocd/deputato.rdf/d307573_18","CARETTA","MARIA CRISTINA","20180314","20221012","maggioritario","VENETO 2 - 02",,
"http://dati.camera.it/ocd/mandatoCamera.rdf/mc18_307573_20180314","http://dati.camera.it/ocd/deputato.rdf/d307573_18","CARETTA","MARIA CRISTINA","20180314","20221012","maggioritario","VENETO 2 - 02",,
"http://dati.camera.it/ocd/mandatoCamera.rdf/mc18_307579_20180314","http://dati.camera.it/ocd/deputato.rdf/d307579_18","COMENCINI","VITO","20180314","20221012","maggioritario","VENETO 2 - 03",,
"http://dati.camera.it/ocd/mandatoCamera.rdf/mc18_307579_20180314","http://dati.camera.it/ocd/deputato.rdf/d307579_18","COMENCINI","VITO","20180314","20221012","maggioritario","VENETO 2 - 03",,
"http://dati.camera.it/ocd/mandatoCamera.rdf/mc18_307580_20180314","http://dati.camera.it/ocd/deputato.rdf/d307580_18","CORTELAZZO","PIERGIORGIO","20180314","20221012","maggioritario","VENETO 2 - 03",,
"http://dati.camera.it/ocd/mandatoCamera.rdf/mc18_307580_20180314","http://dati.camera.it/ocd/deputato.rdf/d307580_18","CORTELAZZO","PIERGIORGIO","20180314","20221012","maggioritario","VENETO 2 - 03",,
"http://dati.camera.it/ocd/mandatoCamera.rdf/mc18_307569_20180314","http://dati.camera.it/ocd/deputato.rdf/d307569_18","GIACOMETTI","ANTONIETTA","20180314","20221012","maggioritario","VENETO 2 - 03",,
"http://dati.camera.it/ocd/mandatoCamera.rdf/mc18_307569_20180314","http://dati.camera.it/ocd/deputato.rdf/d307569_18","GIACOMETTI","ANTONIETTA","20180314","20221012","maggioritario","VENETO 2 - 03",,
"http://dati.camera.it/ocd/mandatoCamera.rdf/mc18_307570_20180314","http://dati.camera.it/ocd/deputato.rdf/d307570_18","LAZZARINI","ARIANNA","20180314","20221012","maggioritario","VENETO 2 - 01",,
"http://dati.camera.it/ocd/mandatoCamera.rdf/mc18_307570_20180314","http://dati.camera.it/ocd/deputato.rdf/d307570_18","LAZZARINI","ARIANNA","20180314","20221012","maggioritario","VENETO 2 - 01",,
"http://dati.camera.it/ocd/mandatoCamera.rdf/mc18_300296_20180314","http://dati.camera.it/ocd/deputato.rdf/d300296_18","MILANATO","LORENA","20180314","20221012","maggioritario","VENETO 2 - 01",,
"http://dati.camera.it/ocd/mandatoCamera.rdf/mc18_300296_20180314","http://dati.camera.it/ocd/deputato.rdf/d300296_18","MILANATO","LORENA","20180314","20221012","maggioritario","VENETO 2 - 01",,
"http://dati.camera.it/ocd/mandatoCamera.rdf/mc18_307576_20180314","http://dati.camera.it/ocd/deputato.rdf/d307576_18","PATERNOSTER","PAOLO","20180314","20221012","maggioritario","VENETO 2 - 03",,
"http://dati.camera.it/ocd/mandatoCamera.rdf/mc18_307576_20180314","http://dati.camera.it/ocd/deputato.rdf/d307576_18","PATERNOSTER","PAOLO","20180314","20221012","maggioritario","VENETO 2 - 03",,
"http://dati.camera.it/ocd/mandatoCamera.rdf/mc18_307572_20180314","http://dati.camera.it/ocd/deputato.rdf/d307572_18","RACCHELLA","GERMANO","20180314","20221012","maggioritario","VENETO 2 - 02",,
"http://dati.camera.it/ocd/mandatoCamera.rdf/mc18_307572_20180314","http://dati.camera.it/ocd/deputato.rdf/d307572_18","RACCHELLA","GERMANO","20180314","20221012","maggioritario","VENETO 2 - 02",,
"http://dati.camera.it/ocd/mandatoCamera.rdf/mc18_307571_20180314","http://dati.camera.it/ocd/deputato.rdf/d307571_18","STEFANI","ALBERTO","20180314","20221012","maggioritario","VENETO 2 - 01",,
"http://dati.camera.it/ocd/mandatoCamera.rdf/mc18_307571_20180314","http://dati.camera.it/ocd/deputato.rdf/d307571_18","STEFANI","ALBERTO","20180314","20221012","maggioritario","VENETO 2 - 01",,
"http://dati.camera.it/ocd/mandatoCamera.rdf/mc18_300271_20180314","http://dati.camera.it/ocd/deputato.rdf/d300271_18","ZANETTIN","PIERANTONIO","20180314","20221012","maggioritario","VENETO 2 - 02",,
"http://dati.camera.it/ocd/mandatoCamera.rdf/mc18_300271_20180314","http://dati.camera.it/ocd/deputato.rdf/d300271_18","ZANETTIN","PIERANTONIO","20180314","20221012","maggioritario","VENETO 2 - 02",,
"http://dati.camera.it/ocd/mandatoCamera.rdf/mc18_307151_20180316","http://dati.camera.it/ocd/deputato.rdf/d307151_18","BILLI","SIMONE","20180316","20221012","proporzionale","EUROPA","LEGA-FI-FR. D'ITALIA CON G.MELONI",
"http://dati.camera.it/ocd/mandatoCamera.rdf/mc18_306249_20180316","http://dati.camera.it/ocd/deputato.rdf/d306249_18","BORGHESE","MARIO ALEJANDRO","20180316","20221012","proporzionale","AMERICA MERIDIONALE","MAIE",
"http://dati.camera.it/ocd/mandatoCamera.rdf/mc18_306249_20180316","http://dati.camera.it/ocd/deputato.rdf/d306249_18","BORGHESE","MARIO ALEJANDRO","20180316","20221012","proporzionale","AMERICA MERIDIONALE","MAIE",
"http://dati.camera.it/ocd/mandatoCamera.rdf/mc18_307161_20180316","http://dati.camera.it/ocd/deputato.rdf/d307161_18","CARE'","NICOLA","20180316","20221012","proporzionale","AFRICA ASIA OCEANIA ANTARTIDE","PARTITO DEMOCRATICO",
"http://dati.camera.it/ocd/mandatoCamera.rdf/mc18_307159_20180316","http://dati.camera.it/ocd/deputato.rdf/d307159_18","DI SAN MARTINO LORENZATO DI IVREA","LUIS ROBERTO","20180316","20221012","proporzionale","AMERICA MERIDIONALE","LEGA-FI-FR. D'ITALIA CON G.MELONI",
"http://dati.camera.it/ocd/mandatoCamera.rdf/mc18_307155_20180316","http://dati.camera.it/ocd/deputato.rdf/d307155_18","FUSACCHIA","ALESSANDRO","20180316","20221012","proporzionale","EUROPA","+EUROPA",
"http://dati.camera.it/ocd/mandatoCamera.rdf/mc18_306253_20180316","http://dati.camera.it/ocd/deputato.rdf/d306253_18","LA MARCA","FRANCESCA","20180316","20221012","proporzionale","AMERICA SETTENTRIONALE E CENTRALE","PARTITO DEMOCRATICO",
"http://dati.camera.it/ocd/mandatoCamera.rdf/mc18_306253_20180316","http://dati.camera.it/ocd/deputato.rdf/d306253_18","LA MARCA","FRANCESCA","20180316","20221012","proporzionale","AMERICA SETTENTRIONALE E CENTRALE","PARTITO DEMOCRATICO",
"http://dati.camera.it/ocd/mandatoCamera.rdf/mc18_306425_20180316","http://dati.camera.it/ocd/deputato.rdf/d306425_18","LONGO","FAUSTO GUILHERME","20180316","20221012","proporzionale","AMERICA MERIDIONALE","PARTITO DEMOCRATICO",
"http://dati.camera.it/ocd/mandatoCamera.rdf/mc18_306425_20180316","http://dati.camera.it/ocd/deputato.rdf/d306425_18","LONGO","FAUSTO GUILHERME","20180316","20221012","proporzionale","AMERICA MERIDIONALE","PARTITO DEMOCRATICO",
"http://dati.camera.it/ocd/mandatoCamera.rdf/mc18_306251_20180316","http://dati.camera.it/ocd/deputato.rdf/d306251_18","NISSOLI","ANGELA","20180316","20221012","proporzionale","AMERICA SETTENTRIONALE E CENTRALE","LEGA-FI-FR. D'ITALIA CON G.MELONI",
"http://dati.camera.it/ocd/mandatoCamera.rdf/mc18_306251_20180316","http://dati.camera.it/ocd/deputato.rdf/d306251_18","NISSOLI","ANGELA","20180316","20221012","proporzionale","AMERICA SETTENTRIONALE E CENTRALE","LEGA-FI-FR. D'ITALIA CON G.MELONI",
"http://dati.camera.it/ocd/mandatoCamera.rdf/mc18_307157_20180316","http://dati.camera.it/ocd/deputato.rdf/d307157_18","SANGREGORIO","EUGENIO","20180316","20221012","proporzionale","AMERICA MERIDIONALE","USEI",
"http://dati.camera.it/ocd/mandatoCamera.rdf/mc18_307149_20180316","http://dati.camera.it/ocd/deputato.rdf/d307149_18","SCHIRO'","ANGELA","20180316","20221012","proporzionale","EUROPA","PARTITO DEMOCRATICO",
"http://dati.camera.it/ocd/mandatoCamera.rdf/mc18_307153_20180316","http://dati.camera.it/ocd/deputato.rdf/d307153_18","SIRAGUSA","ELISA","20180316","20221012","proporzionale","EUROPA","MOVIMENTO 5 STELLE",
"http://dati.camera.it/ocd/mandatoCamera.rdf/mc18_307147_20180316","http://dati.camera.it/ocd/deputato.rdf/d307147_18","UNGARO","MASSIMO","20180316","20221012","proporzionale","EUROPA","PARTITO DEMOCRATICO",
"http://dati.camera.it/ocd/mandatoCamera.rdf/mc18_307171_20180319","http://dati.camera.it/ocd/deputato.rdf/d307171_18","ACQUAROLI","FRANCESCO","20180319","20201022","proporzionale","MARCHE - 01","FRATELLI D'ITALIA CON GIORGIA MELONI",
"http://dati.camera.it/ocd/mandatoCamera.rdf/mc18_307559_20180319","http://dati.camera.it/ocd/deputato.rdf/d307559_18","ADELIZZI","COSIMO","20180319","20221012","proporzionale","CAMPANIA 2 - 03","MOVIMENTO 5 STELLE",
"http://dati.camera.it/ocd/mandatoCamera.rdf/mc18_307559_20180319","http://dati.camera.it/ocd/deputato.rdf/d307559_18","ADELIZZI","COSIMO","20180319","20221012","proporzionale","CAMPANIA 2 - 03","MOVIMENTO 5 STELLE",
"http://dati.camera.it/ocd/mandatoCamera.rdf/mc18_307394_20180319","http://dati.camera.it/ocd/deputato.rdf/d307394_18","AIELLO","DAVIDE","20180319","20221012","proporzionale","SICILIA 1 - 02","MOVIMENTO 5 STELLE",
"http://dati.camera.it/ocd/mandatoCamera.rdf/mc18_307206_20180319","http://dati.camera.it/ocd/deputato.rdf/d307206_18","AMITRANO","ALESSANDRO","20180319","20221012","proporzionale","CAMPANIA 1 - 02","MOVIMENTO 5 STELLE",
"http://dati.camera.it/ocd/mandatoCamera.rdf/mc18_302942_20180319","http://dati.camera.it/ocd/deputato.rdf/d302942_18","ANGELUCCI","ANTONIO","20180319","20221012","proporzionale","LAZIO 1 - 02","FORZA ITALIA",
"http://dati.camera.it/ocd/mandatoCamera.rdf/mc18_305946_20180319","http://dati.camera.it/ocd/deputato.rdf/d305946_18","ANZALDI","MICHELE","20180319","20221012","proporzionale","LAZIO 1 - 02","PARTITO DEMOCRATICO",
"http://dati.camera.it/ocd/mandatoCamera.rdf/mc18_305704_20180319","http://dati.camera.it/ocd/deputato.rdf/d305704_18","ASCANI","ANNA","20180319","20221012","proporzionale","UMBRIA - 01","PARTITO DEMOCRATICO",
"http://dati.camera.it/ocd/mandatoCamera.rdf/mc18_307302_20180319","http://dati.camera.it/ocd/deputato.rdf/d307302_18","ASCARI","STEFANIA","20180319","20221012","proporzionale","EMILIA-ROMAGNA - 02","MOVIMENTO 5 STELLE",
"http://dati.camera.it/ocd/mandatoCamera.rdf/mc18_307530_20180319","http://dati.camera.it/ocd/deputato.rdf/d307530_18","AZZOLINA","LUCIA","20180319","20221012","proporzionale","PIEMONTE 2 - 02","MOVIMENTO 5 STELLE",
"http://dati.camera.it/ocd/mandatoCamera.rdf/mc18_307530_20180319","http://dati.camera.it/ocd/deputato.rdf/d307530_18","AZZOLINA","LUCIA","20180319","20221012","proporzionale","PIEMONTE 2 - 02","MOVIMENTO 5 STELLE",
"http://dati.camera.it/ocd/mandatoCamera.rdf/mc18_302089_20180319","http://dati.camera.it/ocd/deputato.rdf/d302089_18","BALDELLI","SIMONE","20180319","20221012","proporzionale","MARCHE - 01","FORZA ITALIA",
"http://dati.camera.it/ocd/mandatoCamera.rdf/mc18_307435_20180319","http://dati.camera.it/ocd/deputato.rdf/d307435_18","BALDINO","VITTORIA","20180319","20221012","proporzionale","LAZIO 1 - 01","MOVIMENTO 5 STELLE",
"http://dati.camera.it/ocd/mandatoCamera.rdf/mc18_307655_20180319","http://dati.camera.it/ocd/deputato.rdf/d307655_18","BARONI","ANNA LISA","20180319","20221012","proporzionale","LOMBARDIA 4 - 02","FORZA ITALIA",
"http://dati.camera.it/ocd/mandatoCamera.rdf/mc18_307655_20180319","http://dati.camera.it/ocd/deputato.rdf/d307655_18","BARONI","ANNA LISA","20180319","20221012","proporzionale","LOMBARDIA 4 - 02","FORZA ITALIA",
"http://dati.camera.it/ocd/mandatoCamera.rdf/mc18_305800_20180319","http://dati.camera.it/ocd/deputato.rdf/d305800_18","BARONI","MASSIMO ENRICO","20180319","20221012","proporzionale","LAZIO 1 - 01","MOVIMENTO 5 STELLE",
"http://dati.camera.it/ocd/mandatoCamera.rdf/mc18_307404_20180319","http://dati.camera.it/ocd/deputato.rdf/d307404_18","BARTOLOZZI","GIUSI","20180319","20221012","proporzionale","SICILIA 1 - 03","FORZA ITALIA",
"http://dati.camera.it/ocd/mandatoCamera.rdf/mc18_200049_20180319","http://dati.camera.it/ocd/deputato.rdf/d200049_18","BASINI","GIUSEPPE","20180319","20221012","proporzionale","LAZIO 1 - 01","LEGA",
"http://dati.camera.it/ocd/mandatoCamera.rdf/mc18_305715_20180319","http://dati.camera.it/ocd/deputato.rdf/d305715_18","BATTELLI","SERGIO","20180319","20221012","proporzionale","LIGURIA - 01","MOVIMENTO 5 STELLE",
"http://dati.camera.it/ocd/mandatoCamera.rdf/mc18_305547_20180319","http://dati.camera.it/ocd/deputato.rdf/d305547_18","BAZOLI","ALFREDO","20180319","20221012","proporzionale","LOMBARDIA 3 - 01","PARTITO DEMOCRATICO",
"http://dati.camera.it/ocd/mandatoCamera.rdf/mc18_305547_20180319","http://dati.camera.it/ocd/deputato.rdf/d305547_18","BAZOLI","ALFREDO","20180319","20221012","proporzionale","LOMBARDIA 3 - 01","PARTITO DEMOCRATICO",
"http://dati.camera.it/ocd/mandatoCamera.rdf/mc18_307696_20180319","http://dati.camera.it/ocd/deputato.rdf/d307696_18","BAZZARO","ALEX","20180319","20221012","proporzionale","VENETO 1 - 01","LEGA",
"http://dati.camera.it/ocd/mandatoCamera.rdf/mc18_307696_20180319","http://dati.camera.it/ocd/deputato.rdf/d307696_18","BAZZARO","ALEX","20180319","20221012","proporzionale","VENETO 1 - 01","LEGA",
"http://dati.camera.it/ocd/mandatoCamera.rdf/mc18_307240_20180319","http://dati.camera.it/ocd/deputato.rdf/d307240_18","BELLACHIOMA","GIUSEPPE ERCOLE","20180319","20221012","proporzionale","ABRUZZO - 01","LEGA",
"http://dati.camera.it/ocd/mandatoCamera.rdf/mc18_307426_20180319","http://dati.camera.it/ocd/deputato.rdf/d307426_18","BELLUCCI","MARIA TERESA","20180319","20221012","proporzionale","LAZIO 1 - 02","FRATELLI D'ITALIA CON GIORGIA MELONI",
"http://dati.camera.it/ocd/mandatoCamera.rdf/mc18_302854_20180319","http://dati.camera.it/ocd/deputato.rdf/d302854_18","BENAMATI","GIANLUCA","20180319","20221012","maggioritario","EMILIA-ROMAGNA - 03",,
"http://dati.camera.it/ocd/mandatoCamera.rdf/mc18_307471_20180319","http://dati.camera.it/ocd/deputato.rdf/d307471_18","BENVENUTO","ALESSANDRO MANUEL","20180319","20221012","maggioritario","PIEMONTE 1 - 02",,
"http://dati.camera.it/ocd/mandatoCamera.rdf/mc18_307471_20180319","http://dati.camera.it/ocd/deputato.rdf/d307471_18","BENVENUTO","ALESSANDRO MANUEL","20180319","20221012","maggioritario","PIEMONTE 1 - 02",,
"http://dati.camera.it/ocd/mandatoCamera.rdf/mc18_307238_20180319","http://dati.camera.it/ocd/deputato.rdf/d307238_18","BERARDINI","FABIO","20180319","20221012","proporzionale","ABRUZZO - 02","MOVIMENTO 5 STELLE",
"http://dati.camera.it/ocd/mandatoCamera.rdf/mc18_305555_20180319","http://dati.camera.it/ocd/deputato.rdf/d305555_18","BERLINGHIERI","MARINA","20180319","20221012","proporzionale","LOMBARDIA 3 - 01","PARTITO DEMOCRATICO",
"http://dati.camera.it/ocd/mandatoCamera.rdf/mc18_305555_20180319","http://dati.camera.it/ocd/deputato.rdf/d305555_18","BERLINGHIERI","MARINA","20180319","20221012","proporzionale","LOMBARDIA 3 - 01","PARTITO DEMOCRATICO",
"http://dati.camera.it/ocd/mandatoCamera.rdf/mc18_300026_20180319","http://dati.camera.it/ocd/deputato.rdf/d300026_18","BERSANI","PIER LUIGI","20180319","20221012","proporzionale","EMILIA-ROMAGNA - 03","LIBERI E UGUALI",
"http://dati.camera.it/ocd/mandatoCamera.rdf/mc18_307256_20180319","http://dati.camera.it/ocd/deputato.rdf/d307256_18","BERTI","FRANCESCO","20180319","20221012","proporzionale","TOSCANA - 02","MOVIMENTO 5 STELLE",
"http://dati.camera.it/ocd/mandatoCamera.rdf/mc18_307298_20180319","http://dati.camera.it/ocd/deputato.rdf/d307298_18","BIGNAMI","GALEAZZO","20180319","20221012","proporzionale","EMILIA-ROMAGNA - 01","FORZA ITALIA",
"http://dati.camera.it/ocd/mandatoCamera.rdf/mc18_307557_20180319","http://dati.camera.it/ocd/deputato.rdf/d307557_18","BILOTTI","ANNA","20180319","20221012","proporzionale","CAMPANIA 2 - 03","MOVIMENTO 5 STELLE",
"http://dati.camera.it/ocd/mandatoCamera.rdf/mc18_307557_20180319","http://dati.camera.it/ocd/deputato.rdf/d307557_18","BILOTTI","ANNA","20180319","20221012","proporzionale","CAMPANIA 2 - 03","MOVIMENTO 5 STELLE",
"http://dati.camera.it/ocd/mandatoCamera.rdf/mc18_307712_20180319","http://dati.camera.it/ocd/deputato.rdf/d307712_18","BINELLI","DIEGO","20180319","20221012","proporzionale","TRENTINO-ALTO ADIGE/SÜDTIROL - 01","LEGA",
"http://dati.camera.it/ocd/mandatoCamera.rdf/mc18_307712_20180319","http://dati.camera.it/ocd/deputato.rdf/d307712_18","BINELLI","DIEGO","20180319","20221012","proporzionale","TRENTINO-ALTO ADIGE/SÜDTIROL - 01","LEGA",
"http://dati.camera.it/ocd/mandatoCamera.rdf/mc18_302892_20180319","http://dati.camera.it/ocd/deputato.rdf/d302892_18","BOCCIA","FRANCESCO","20180319","20221012","proporzionale","PUGLIA - 02","PARTITO DEMOCRATICO",
"http://dati.camera.it/ocd/mandatoCamera.rdf/mc18_300506_20180319","http://dati.camera.it/ocd/deputato.rdf/d300506_18","BOLDI","ROSSANA LIDIA","20180319","20221012","proporzionale","PIEMONTE 2 - 01","LEGA",
"http://dati.camera.it/ocd/mandatoCamera.rdf/mc18_300506_20180319","http://dati.camera.it/ocd/deputato.rdf/d300506_18","BOLDI","ROSSANA LIDIA","20180319","20221012","proporzionale","PIEMONTE 2 - 01","LEGA",
"http://dati.camera.it/ocd/mandatoCamera.rdf/mc18_305757_20180319","http://dati.camera.it/ocd/deputato.rdf/d305757_18","BOLDRINI","LAURA","20180319","20221012","proporzionale","LOMBARDIA 1 - 03","LIBERI E UGUALI",
"http://dati.camera.it/ocd/mandatoCamera.rdf/mc18_305757_20180319","http://dati.camera.it/ocd/deputato.rdf/d305757_18","BOLDRINI","LAURA","20180319","20221012","proporzionale","LOMBARDIA 1 - 03","LIBERI E UGUALI",
"http://dati.camera.it/ocd/mandatoCamera.rdf/mc18_307607_20180319","http://dati.camera.it/ocd/deputato.rdf/d307607_18","BOLOGNA","FABIOLA","20180319","20221012","proporzionale","LOMBARDIA 2 - 02","MOVIMENTO 5 STELLE",
"http://dati.camera.it/ocd/mandatoCamera.rdf/mc18_307607_20180319","http://dati.camera.it/ocd/deputato.rdf/d307607_18","BOLOGNA","FABIOLA","20180319","20221012","proporzionale","LOMBARDIA 2 - 02","MOVIMENTO 5 STELLE",
"http://dati.camera.it/ocd/mandatoCamera.rdf/mc18_306087_20180319","http://dati.camera.it/ocd/deputato.rdf/d306087_18","BONAFEDE","ALFONSO","20180319","20221012","proporzionale","TOSCANA - 03","MOVIMENTO 5 STELLE",
"http://dati.camera.it/ocd/mandatoCamera.rdf/mc18_307702_20180319","http://dati.camera.it/ocd/deputato.rdf/d307702_18","BOND","DARIO","20180319","20221012","proporzionale","VENETO 1 - 02","FORZA ITALIA",
"http://dati.camera.it/ocd/mandatoCamera.rdf/mc18_307702_20180319","http://dati.camera.it/ocd/deputato.rdf/d307702_18","BOND","DARIO","20180319","20221012","proporzionale","VENETO 1 - 02","FORZA ITALIA",
"http://dati.camera.it/ocd/mandatoCamera.rdf/mc18_307682_20180319","http://dati.camera.it/ocd/deputato.rdf/d307682_18","BONIARDI","FABIO MASSIMO","20180319","20221012","proporzionale","LOMBARDIA 1 - 04","LEGA",
"http://dati.camera.it/ocd/mandatoCamera.rdf/mc18_307682_20180319","http://dati.camera.it/ocd/deputato.rdf/d307682_18","BONIARDI","FABIO MASSIMO","20180319","20221012","proporzionale","LOMBARDIA 1 - 04","LEGA",
"http://dati.camera.it/ocd/mandatoCamera.rdf/mc18_305563_20180319","http://dati.camera.it/ocd/deputato.rdf/d305563_18","BONOMO","FRANCESCA","20180319","20221012","proporzionale","PIEMONTE 1 - 02","PARTITO DEMOCRATICO",
"http://dati.camera.it/ocd/mandatoCamera.rdf/mc18_305563_20180319","http://dati.camera.it/ocd/deputato.rdf/d305563_18","BONOMO","FRANCESCA","20180319","20221012","proporzionale","PIEMONTE 1 - 02","PARTITO DEMOCRATICO",
"http://dati.camera.it/ocd/mandatoCamera.rdf/mc18_301561_20180319","http://dati.camera.it/ocd/deputato.rdf/d301561_18","BORDO","MICHELE","20180319","20221012","proporzionale","PUGLIA - 04","PARTITO DEMOCRATICO",
"http://dati.camera.it/ocd/mandatoCamera.rdf/mc18_307254_20180319","http://dati.camera.it/ocd/deputato.rdf/d307254_18","BORGHI","CLAUDIO","20180319","20221012","proporzionale","TOSCANA - 02","LEGA",
"http://dati.camera.it/ocd/mandatoCamera.rdf/mc18_305999_20180319","http://dati.camera.it/ocd/deputato.rdf/d305999_18","BORGHI","ENRICO","20180319","20221012","proporzionale","PIEMONTE 2 - 02","PARTITO DEMOCRATICO",
"http://dati.camera.it/ocd/mandatoCamera.rdf/mc18_305999_20180319","http://dati.camera.it/ocd/deputato.rdf/d305999_18","BORGHI","ENRICO","20180319","20221012","proporzionale","PIEMONTE 2 - 02","PARTITO DEMOCRATICO",
"http://dati.camera.it/ocd/mandatoCamera.rdf/mc18_302754_20180319","http://dati.camera.it/ocd/deputato.rdf/d302754_18","BRAGA","CHIARA","20180319","20221012","proporzionale","LOMBARDIA 2 - 02","PARTITO DEMOCRATICO",
"http://dati.camera.it/ocd/mandatoCamera.rdf/mc18_305852_20180319","http://dati.camera.it/ocd/deputato.rdf/d305852_18","BRESCIA","GIUSEPPE","20180319","20221012","proporzionale","PUGLIA - 01","MOVIMENTO 5 STELLE",
"http://dati.camera.it/ocd/mandatoCamera.rdf/mc18_307193_20180319","http://dati.camera.it/ocd/deputato.rdf/d307193_18","BRUNO","RAFFAELE","20180319","20221012","maggioritario","CAMPANIA 1 - 02",,
"http://dati.camera.it/ocd/mandatoCamera.rdf/mc18_307412_20180319","http://dati.camera.it/ocd/deputato.rdf/d307412_18","BUCALO","CARMELA","20180319","20221012","proporzionale","SICILIA 2 - 01","FRATELLI D'ITALIA CON GIORGIA MELONI",
"http://dati.camera.it/ocd/mandatoCamera.rdf/mc18_307661_20180319","http://dati.camera.it/ocd/deputato.rdf/d307661_18","BUFFAGNI","STEFANO","20180319","20221012","proporzionale","LOMBARDIA 1 - 02","MOVIMENTO 5 STELLE",
"http://dati.camera.it/ocd/mandatoCamera.rdf/mc18_307661_20180319","http://dati.camera.it/ocd/deputato.rdf/d307661_18","BUFFAGNI","STEFANO","20180319","20221012","proporzionale","LOMBARDIA 1 - 02","MOVIMENTO 5 STELLE",
"http://dati.camera.it/ocd/mandatoCamera.rdf/mc18_307506_20180319","http://dati.camera.it/ocd/deputato.rdf/d307506_18","CAFFARATTO","GUALTIERO","20180319","20221012","proporzionale","PIEMONTE 1 - 02","LEGA",
"http://dati.camera.it/ocd/mandatoCamera.rdf/mc18_307506_20180319","http://dati.camera.it/ocd/deputato.rdf/d307506_18","CAFFARATTO","GUALTIERO","20180319","20221012","proporzionale","PIEMONTE 1 - 02","LEGA",
"http://dati.camera.it/ocd/mandatoCamera.rdf/mc18_305810_20180319","http://dati.camera.it/ocd/deputato.rdf/d305810_18","CAMPANA","MICAELA","20180319","20221012","proporzionale","LAZIO 1 - 03","PARTITO DEMOCRATICO",
"http://dati.camera.it/ocd/mandatoCamera.rdf/mc18_306050_20180319","http://dati.camera.it/ocd/deputato.rdf/d306050_18","CANCELLERI","AZZURRA PIA MARIA","20180319","20221012","proporzionale","SICILIA 1 - 03","MOVIMENTO 5 STELLE",
"http://dati.camera.it/ocd/mandatoCamera.rdf/mc18_307666_20180319","http://dati.camera.it/ocd/deputato.rdf/d307666_18","CANNATELLI","PASQUALE PIO GRAZIANO","20180319","20221012","proporzionale","LOMBARDIA 1 - 03","FORZA ITALIA",
"http://dati.camera.it/ocd/mandatoCamera.rdf/mc18_307666_20180319","http://dati.camera.it/ocd/deputato.rdf/d307666_18","CANNATELLI","PASQUALE PIO GRAZIANO","20180319","20221012","proporzionale","LOMBARDIA 1 - 03","FORZA ITALIA",
"http://dati.camera.it/ocd/mandatoCamera.rdf/mc18_307545_20180319","http://dati.camera.it/ocd/deputato.rdf/d307545_18","CANTALAMESSA","GIANLUCA","20180319","20221012","proporzionale","CAMPANIA 2 - 03","LEGA",
"http://dati.camera.it/ocd/mandatoCamera.rdf/mc18_307545_20180319","http://dati.camera.it/ocd/deputato.rdf/d307545_18","CANTALAMESSA","GIANLUCA","20180319","20221012","proporzionale","CAMPANIA 2 - 03","LEGA",
"http://dati.camera.it/ocd/mandatoCamera.rdf/mc18_306350_20180319","http://dati.camera.it/ocd/deputato.rdf/d306350_18","CANTINI","LAURA","20180319","20221012","proporzionale","TOSCANA - 03","PARTITO DEMOCRATICO",
"http://dati.camera.it/ocd/mandatoCamera.rdf/mc18_307320_20180319","http://dati.camera.it/ocd/deputato.rdf/d307320_18","CANTONE","CARLA","20180319","20221012","proporzionale","EMILIA-ROMAGNA - 03","PARTITO DEMOCRATICO",
"http://dati.camera.it/ocd/mandatoCamera.rdf/mc18_307416_20180319","http://dati.camera.it/ocd/deputato.rdf/d307416_18","CANTONE","LUCIANO","20180319","20221012","proporzionale","SICILIA 2 - 02","MOVIMENTO 5 STELLE",
"http://dati.camera.it/ocd/mandatoCamera.rdf/mc18_307420_20180319","http://dati.camera.it/ocd/deputato.rdf/d307420_18","CAPARVI","VIRGINIO","20180319","20221012","proporzionale","UMBRIA - 01","LEGA",
"http://dati.camera.it/ocd/mandatoCamera.rdf/mc18_307685_20180319","http://dati.camera.it/ocd/deputato.rdf/d307685_18","CAPITANIO","MASSIMILIANO","20180319","20220527","proporzionale","LOMBARDIA 1 - 01","LEGA",
"http://dati.camera.it/ocd/mandatoCamera.rdf/mc18_307685_20180319","http://dati.camera.it/ocd/deputato.rdf/d307685_18","CAPITANIO","MASSIMILIANO","20180319","20220527","proporzionale","LOMBARDIA 1 - 01","LEGA",
"http://dati.camera.it/ocd/mandatoCamera.rdf/mc18_307215_20180319","http://dati.camera.it/ocd/deputato.rdf/d307215_18","CAPPELLACCI","UGO","20180319","20221012","proporzionale","SARDEGNA - 01","FORZA ITALIA",
"http://dati.camera.it/ocd/mandatoCamera.rdf/mc18_307414_20180319","http://dati.camera.it/ocd/deputato.rdf/d307414_18","CAPPELLANI","SANTI","20180319","20221012","proporzionale","SICILIA 2 - 02","MOVIMENTO 5 STELLE",
"http://dati.camera.it/ocd/mandatoCamera.rdf/mc18_307500_20180319","http://dati.camera.it/ocd/deputato.rdf/d307500_18","CARABETTA","LUCA","20180319","20221012","proporzionale","PIEMONTE 1 - 02","MOVIMENTO 5 STELLE",
"http://dati.camera.it/ocd/mandatoCamera.rdf/mc18_307500_20180319","http://dati.camera.it/ocd/deputato.rdf/d307500_18","CARABETTA","LUCA","20180319","20221012","proporzionale","PIEMONTE 1 - 02","MOVIMENTO 5 STELLE",
"http://dati.camera.it/ocd/mandatoCamera.rdf/mc18_307318_20180319","http://dati.camera.it/ocd/deputato.rdf/d307318_18","CARBONARO","ALESSANDRA","20180319","20221012","proporzionale","EMILIA-ROMAGNA - 03","MOVIMENTO 5 STELLE",
"http://dati.camera.it/ocd/mandatoCamera.rdf/mc18_302881_20180319","http://dati.camera.it/ocd/deputato.rdf/d302881_18","CARDINALE","DANIELA","20180319","20221012","proporzionale","SICILIA 1 - 03","PARTITO DEMOCRATICO",
"http://dati.camera.it/ocd/mandatoCamera.rdf/mc18_301531_20180319","http://dati.camera.it/ocd/deputato.rdf/d301531_18","CARFAGNA","MARIA ROSARIA","20180319","20221012","proporzionale","CAMPANIA 1 - 02","FORZA ITALIA",
"http://dati.camera.it/ocd/mandatoCamera.rdf/mc18_306222_20180319","http://dati.camera.it/ocd/deputato.rdf/d306222_18","CARINELLI","PAOLA","20180319","20221012","proporzionale","LOMBARDIA 1 - 02","MOVIMENTO 5 STELLE",
"http://dati.camera.it/ocd/mandatoCamera.rdf/mc18_306222_20180319","http://dati.camera.it/ocd/deputato.rdf/d306222_18","CARINELLI","PAOLA","20180319","20221012","proporzionale","LOMBARDIA 1 - 02","MOVIMENTO 5 STELLE",
"http://dati.camera.it/ocd/mandatoCamera.rdf/mc18_305539_20180319","http://dati.camera.it/ocd/deputato.rdf/d305539_18","CARNEVALI","ELENA","20180319","20221012","proporzionale","LOMBARDIA 3 - 02","PARTITO DEMOCRATICO",
"http://dati.camera.it/ocd/mandatoCamera.rdf/mc18_305539_20180319","http://dati.camera.it/ocd/deputato.rdf/d305539_18","CARNEVALI","ELENA","20180319","20221012","proporzionale","LOMBARDIA 3 - 02","PARTITO DEMOCRATICO",
"http://dati.camera.it/ocd/mandatoCamera.rdf/mc18_307543_20180319","http://dati.camera.it/ocd/deputato.rdf/d307543_18","CASCIELLO","LUIGI","20180319","20221012","proporzionale","CAMPANIA 2 - 03","FORZA ITALIA",
"http://dati.camera.it/ocd/mandatoCamera.rdf/mc18_307543_20180319","http://dati.camera.it/ocd/deputato.rdf/d307543_18","CASCIELLO","LUIGI","20180319","20221012","proporzionale","CAMPANIA 2 - 03","FORZA ITALIA",
"http://dati.camera.it/ocd/mandatoCamera.rdf/mc18_307169_20180319","http://dati.camera.it/ocd/deputato.rdf/d307169_18","CASINO","MICHELE","20180319","20221012","proporzionale","BASILICATA - 01","FORZA ITALIA",
"http://dati.camera.it/ocd/mandatoCamera.rdf/mc18_307194_20180319","http://dati.camera.it/ocd/deputato.rdf/d307194_18","CASO","ANDREA","20180319","20221012","maggioritario","CAMPANIA 1 - 01",,
"http://dati.camera.it/ocd/mandatoCamera.rdf/mc18_302949_20180319","http://dati.camera.it/ocd/deputato.rdf/d302949_18","CASSINELLI","ROBERTO","20180319","20221012","proporzionale","LIGURIA - 02","FORZA ITALIA",
"http://dati.camera.it/ocd/mandatoCamera.rdf/mc18_302949_20180319","http://dati.camera.it/ocd/deputato.rdf/d302949_18","CASSINELLI","ROBERTO","20180319","20221012","proporzionale","LIGURIA - 02","FORZA ITALIA",
"http://dati.camera.it/ocd/mandatoCamera.rdf/mc18_305525_20180319","http://dati.camera.it/ocd/deputato.rdf/d305525_18","CASTELLI","LAURA","20180319","20221012","proporzionale","PIEMONTE 1 - 01","MOVIMENTO 5 STELLE",
"http://dati.camera.it/ocd/mandatoCamera.rdf/mc18_305525_20180319","http://dati.camera.it/ocd/deputato.rdf/d305525_18","CASTELLI","LAURA","20180319","20221012","proporzionale","PIEMONTE 1 - 01","MOVIMENTO 5 STELLE",
"http://dati.camera.it/ocd/mandatoCamera.rdf/mc18_301573_20180319","http://dati.camera.it/ocd/deputato.rdf/d301573_18","CASTIELLO","GIUSEPPINA","20180319","20221012","proporzionale","CAMPANIA 1 - 01","LEGA",
"http://dati.camera.it/ocd/mandatoCamera.rdf/mc18_307285_20180319","http://dati.camera.it/ocd/deputato.rdf/d307285_18","CAVANDOLI","LAURA","20180319","20221012","maggioritario","EMILIA-ROMAGNA - 04",,
"http://dati.camera.it/ocd/mandatoCamera.rdf/mc18_303038_20180319","http://dati.camera.it/ocd/deputato.rdf/d303038_18","CECCANTI","STEFANO","20180319","20221012","proporzionale","TOSCANA - 02","PARTITO DEMOCRATICO",
"http://dati.camera.it/ocd/mandatoCamera.rdf/mc18_307680_20180319","http://dati.camera.it/ocd/deputato.rdf/d307680_18","CECCHETTI","FABRIZIO","20180319","20221012","proporzionale","LOMBARDIA 1 - 04","LEGA",
"http://dati.camera.it/ocd/mandatoCamera.rdf/mc18_307680_20180319","http://dati.camera.it/ocd/deputato.rdf/d307680_18","CECCHETTI","FABRIZIO","20180319","20221012","proporzionale","LOMBARDIA 1 - 04","LEGA",
"http://dati.camera.it/ocd/mandatoCamera.rdf/mc18_307632_20180319","http://dati.camera.it/ocd/deputato.rdf/d307632_18","CENTEMERO","GIULIO","20180319","20221012","proporzionale","LOMBARDIA 3 - 02","LEGA",
"http://dati.camera.it/ocd/mandatoCamera.rdf/mc18_307632_20180319","http://dati.camera.it/ocd/deputato.rdf/d307632_18","CENTEMERO","GIULIO","20180319","20221012","proporzionale","LOMBARDIA 3 - 02","LEGA",
"http://dati.camera.it/ocd/mandatoCamera.rdf/mc18_307283_20180319","http://dati.camera.it/ocd/deputato.rdf/d307283_18","CESTARI","EMANUELE","20180319","20221012","maggioritario","EMILIA-ROMAGNA - 02",,
"http://dati.camera.it/ocd/mandatoCamera.rdf/mc18_307511_20180319","http://dati.camera.it/ocd/deputato.rdf/d307511_18","CIABURRO","MONICA","20180319","20221012","proporzionale","PIEMONTE 2 - 01","FRATELLI D'ITALIA CON GIORGIA MELONI",
"http://dati.camera.it/ocd/mandatoCamera.rdf/mc18_307511_20180319","http://dati.camera.it/ocd/deputato.rdf/d307511_18","CIABURRO","MONICA","20180319","20221012","proporzionale","PIEMONTE 2 - 01","FRATELLI D'ITALIA CON GIORGIA MELONI",
"http://dati.camera.it/ocd/mandatoCamera.rdf/mc18_307258_20180319","http://dati.camera.it/ocd/deputato.rdf/d307258_18","CIAMPI","LUCIA","20180319","20221012","proporzionale","TOSCANA - 02","PARTITO DEMOCRATICO",
"http://dati.camera.it/ocd/mandatoCamera.rdf/mc18_307165_20180319","http://dati.camera.it/ocd/deputato.rdf/d307165_18","CILLIS","LUCIANO","20180319","20221012","proporzionale","BASILICATA - 01","MOVIMENTO 5 STELLE",
"http://dati.camera.it/ocd/mandatoCamera.rdf/mc18_307398_20180319","http://dati.camera.it/ocd/deputato.rdf/d307398_18","CIMINO","ROSALBA","20180319","20221012","proporzionale","SICILIA 1 - 03","MOVIMENTO 5 STELLE",
"http://dati.camera.it/ocd/mandatoCamera.rdf/mc18_305694_20180319","http://dati.camera.it/ocd/deputato.rdf/d305694_18","CIPRINI","TIZIANA","20180319","20221012","proporzionale","UMBRIA - 01","MOVIMENTO 5 STELLE",
"http://dati.camera.it/ocd/mandatoCamera.rdf/mc18_300319_20180319","http://dati.camera.it/ocd/deputato.rdf/d300319_18","CIRIELLI","EDMONDO","20180319","20221012","proporzionale","CAMPANIA 2 - 03","FRATELLI D'ITALIA CON GIORGIA MELONI",
"http://dati.camera.it/ocd/mandatoCamera.rdf/mc18_300319_20180319","http://dati.camera.it/ocd/deputato.rdf/d300319_18","CIRIELLI","EDMONDO","20180319","20221012","proporzionale","CAMPANIA 2 - 03","FRATELLI D'ITALIA CON GIORGIA MELONI",
"http://dati.camera.it/ocd/mandatoCamera.rdf/mc18_302744_20180319","http://dati.camera.it/ocd/deputato.rdf/d302744_18","COLANINNO","MATTEO","20180319","20221012","proporzionale","LOMBARDIA 4 - 01","PARTITO DEMOCRATICO",
"http://dati.camera.it/ocd/mandatoCamera.rdf/mc18_302744_20180319","http://dati.camera.it/ocd/deputato.rdf/d302744_18","COLANINNO","MATTEO","20180319","20221012","proporzionale","LOMBARDIA 4 - 01","PARTITO DEMOCRATICO",
"http://dati.camera.it/ocd/mandatoCamera.rdf/mc18_307698_20180319","http://dati.camera.it/ocd/deputato.rdf/d307698_18","COLMELLERE","ANGELA","20180319","20221012","proporzionale","VENETO 1 - 02","LEGA",
"http://dati.camera.it/ocd/mandatoCamera.rdf/mc18_307698_20180319","http://dati.camera.it/ocd/deputato.rdf/d307698_18","COLMELLERE","ANGELA","20180319","20221012","proporzionale","VENETO 1 - 02","LEGA",
"http://dati.camera.it/ocd/mandatoCamera.rdf/mc18_305520_20180319","http://dati.camera.it/ocd/deputato.rdf/d305520_18","COMINARDI","CLAUDIO","20180319","20221012","proporzionale","LOMBARDIA 3 - 01","MOVIMENTO 5 STELLE",
"http://dati.camera.it/ocd/mandatoCamera.rdf/mc18_305520_20180319","http://dati.camera.it/ocd/deputato.rdf/d305520_18","COMINARDI","CLAUDIO","20180319","20221012","proporzionale","LOMBARDIA 3 - 01","MOVIMENTO 5 STELLE",
"http://dati.camera.it/ocd/mandatoCamera.rdf/mc18_307541_20180319","http://dati.camera.it/ocd/deputato.rdf/d307541_18","CONTE","FEDERICO","20180319","20221012","proporzionale","CAMPANIA 2 - 03","LIBERI E UGUALI",
"http://dati.camera.it/ocd/mandatoCamera.rdf/mc18_307541_20180319","http://dati.camera.it/ocd/deputato.rdf/d307541_18","CONTE","FEDERICO","20180319","20221012","proporzionale","CAMPANIA 2 - 03","LIBERI E UGUALI",
"http://dati.camera.it/ocd/mandatoCamera.rdf/mc18_306031_20180319","http://dati.camera.it/ocd/deputato.rdf/d306031_18","CORDA","EMANUELA","20180319","20221012","proporzionale","SARDEGNA - 01","MOVIMENTO 5 STELLE",
"http://dati.camera.it/ocd/mandatoCamera.rdf/mc18_307236_20180319","http://dati.camera.it/ocd/deputato.rdf/d307236_18","CORNELI","VALENTINA","20180319","20221012","proporzionale","ABRUZZO - 02","MOVIMENTO 5 STELLE",
"http://dati.camera.it/ocd/mandatoCamera.rdf/mc18_307490_20180319","http://dati.camera.it/ocd/deputato.rdf/d307490_18","COSTANZO","JESSICA","20180319","20221012","proporzionale","PIEMONTE 1 - 02","MOVIMENTO 5 STELLE",
"http://dati.camera.it/ocd/mandatoCamera.rdf/mc18_307490_20180319","http://dati.camera.it/ocd/deputato.rdf/d307490_18","COSTANZO","JESSICA","20180319","20221012","proporzionale","PIEMONTE 1 - 02","MOVIMENTO 5 STELLE",
"http://dati.camera.it/ocd/mandatoCamera.rdf/mc18_306022_20180319","http://dati.camera.it/ocd/deputato.rdf/d306022_18","CRIPPA","DAVIDE","20180319","20221012","proporzionale","PIEMONTE 2 - 02","MOVIMENTO 5 STELLE",
"http://dati.camera.it/ocd/mandatoCamera.rdf/mc18_306022_20180319","http://dati.camera.it/ocd/deputato.rdf/d306022_18","CRIPPA","DAVIDE","20180319","20221012","proporzionale","PIEMONTE 2 - 02","MOVIMENTO 5 STELLE",
"http://dati.camera.it/ocd/mandatoCamera.rdf/mc18_307282_20180319","http://dati.camera.it/ocd/deputato.rdf/d307282_18","CRITELLI","FRANCESCO","20180319","20221012","maggioritario","EMILIA-ROMAGNA - 03",,
"http://dati.camera.it/ocd/mandatoCamera.rdf/mc18_300356_20180319","http://dati.camera.it/ocd/deputato.rdf/d300356_18","CROSETTO","GUIDO","20180319","20190313","proporzionale","LOMBARDIA 3 - 02","FRATELLI D'ITALIA CON GIORGIA MELONI",
"http://dati.camera.it/ocd/mandatoCamera.rdf/mc18_300356_20180319","http://dati.camera.it/ocd/deputato.rdf/d300356_18","CROSETTO","GUIDO","20180319","20190313","proporzionale","LOMBARDIA 3 - 02","FRATELLI D'ITALIA CON GIORGIA MELONI",
"http://dati.camera.it/ocd/mandatoCamera.rdf/mc18_307610_20180319","http://dati.camera.it/ocd/deputato.rdf/d307610_18","CURRO'","GIOVANNI","20180319","20221012","proporzionale","LOMBARDIA 2 - 02","MOVIMENTO 5 STELLE",
"http://dati.camera.it/ocd/mandatoCamera.rdf/mc18_307610_20180319","http://dati.camera.it/ocd/deputato.rdf/d307610_18","CURRO'","GIOVANNI","20180319","20221012","proporzionale","LOMBARDIA 2 - 02","MOVIMENTO 5 STELLE",
"http://dati.camera.it/ocd/mandatoCamera.rdf/mc18_307244_20180319","http://dati.camera.it/ocd/deputato.rdf/d307244_18","D'ALESSANDRO","CAMILLO","20180319","20221012","proporzionale","ABRUZZO - 01","PARTITO DEMOCRATICO",
"http://dati.camera.it/ocd/mandatoCamera.rdf/mc18_307472_20180319","http://dati.camera.it/ocd/deputato.rdf/d307472_18","D'ARRANDO","CELESTE","20180319","20221012","maggioritario","PIEMONTE 1 - 01",,
"http://dati.camera.it/ocd/mandatoCamera.rdf/mc18_307472_20180319","http://dati.camera.it/ocd/deputato.rdf/d307472_18","D'ARRANDO","CELESTE","20180319","20221012","maggioritario","PIEMONTE 1 - 01",,
"http://dati.camera.it/ocd/mandatoCamera.rdf/mc18_307312_20180319","http://dati.camera.it/ocd/deputato.rdf/d307312_18","D'ATTIS","MAURO","20180319","20221012","proporzionale","PUGLIA - 03","FORZA ITALIA",
"http://dati.camera.it/ocd/mandatoCamera.rdf/mc18_307242_20180319","http://dati.camera.it/ocd/deputato.rdf/d307242_18","D'ERAMO","LUIGI","20180319","20221012","proporzionale","ABRUZZO - 02","LEGA",
"http://dati.camera.it/ocd/mandatoCamera.rdf/mc18_305674_20180319","http://dati.camera.it/ocd/deputato.rdf/d305674_18","D'INCA'","FEDERICO","20180319","20221012","proporzionale","VENETO 1 - 02","MOVIMENTO 5 STELLE",
"http://dati.camera.it/ocd/mandatoCamera.rdf/mc18_305674_20180319","http://dati.camera.it/ocd/deputato.rdf/d305674_18","D'INCA'","FEDERICO","20180319","20221012","proporzionale","VENETO 1 - 02","MOVIMENTO 5 STELLE",
"http://dati.camera.it/ocd/mandatoCamera.rdf/mc18_307388_20180319","http://dati.camera.it/ocd/deputato.rdf/d307388_18","D'ORSO","VALENTINA","20180319","20221012","proporzionale","SICILIA 1 - 01","MOVIMENTO 5 STELLE",
"http://dati.camera.it/ocd/mandatoCamera.rdf/mc18_306020_20180319","http://dati.camera.it/ocd/deputato.rdf/d306020_18","DADONE","FABIANA","20180319","20221012","proporzionale","PIEMONTE 2 - 01","MOVIMENTO 5 STELLE",
"http://dati.camera.it/ocd/mandatoCamera.rdf/mc18_306020_20180319","http://dati.camera.it/ocd/deputato.rdf/d306020_18","DADONE","FABIANA","20180319","20221012","proporzionale","PIEMONTE 2 - 01","MOVIMENTO 5 STELLE",
"http://dati.camera.it/ocd/mandatoCamera.rdf/mc18_305773_20180319","http://dati.camera.it/ocd/deputato.rdf/d305773_18","DAGA","FEDERICA","20180319","20221012","proporzionale","LAZIO 1 - 02","MOVIMENTO 5 STELLE",
"http://dati.camera.it/ocd/mandatoCamera.rdf/mc18_305967_20180319","http://dati.camera.it/ocd/deputato.rdf/d305967_18","DALL'OSSO","MATTEO","20180319","20221012","proporzionale","EMILIA-ROMAGNA - 03","MOVIMENTO 5 STELLE",
"http://dati.camera.it/ocd/mandatoCamera.rdf/mc18_307432_20180319","http://dati.camera.it/ocd/deputato.rdf/d307432_18","DE ANGELIS","SARA","20180319","20221012","proporzionale","LAZIO 1 - 03","LEGA",
"http://dati.camera.it/ocd/mandatoCamera.rdf/mc18_307380_20180319","http://dati.camera.it/ocd/deputato.rdf/d307380_18","DE CARLO","SABRINA","20180319","20221012","proporzionale","FRIULI-VENEZIA GIULIA - 01","MOVIMENTO 5 STELLE",
"http://dati.camera.it/ocd/mandatoCamera.rdf/mc18_306663_20180319","http://dati.camera.it/ocd/deputato.rdf/d306663_18","DE FILIPPO","VITO","20180319","20221012","proporzionale","BASILICATA - 01","PARTITO DEMOCRATICO",
"http://dati.camera.it/ocd/mandatoCamera.rdf/mc18_306663_20180319","http://dati.camera.it/ocd/deputato.rdf/d306663_18","DE FILIPPO","VITO","20180319","20221012","proporzionale","BASILICATA - 01","PARTITO DEMOCRATICO",
"http://dati.camera.it/ocd/mandatoCamera.rdf/mc18_307293_20180319","http://dati.camera.it/ocd/deputato.rdf/d307293_18","DE GIROLAMO","CARLO UGO","20180319","20221012","proporzionale","EMILIA-ROMAGNA - 01","MOVIMENTO 5 STELLE",
"http://dati.camera.it/ocd/mandatoCamera.rdf/mc18_305848_20180319","http://dati.camera.it/ocd/deputato.rdf/d305848_18","DE LORENZIS","DIEGO","20180319","20221012","proporzionale","PUGLIA - 02","MOVIMENTO 5 STELLE",
"http://dati.camera.it/ocd/mandatoCamera.rdf/mc18_307192_20180319","http://dati.camera.it/ocd/deputato.rdf/d307192_18","DE LORENZO","RINA","20180319","20221012","maggioritario","CAMPANIA 1 - 02",,
"http://dati.camera.it/ocd/mandatoCamera.rdf/mc18_307561_20180319","http://dati.camera.it/ocd/deputato.rdf/d307561_18","DE LUCA","PIERO","20180319","20221012","proporzionale","CAMPANIA 2 - 02","PARTITO DEMOCRATICO",
"http://dati.camera.it/ocd/mandatoCamera.rdf/mc18_307561_20180319","http://dati.camera.it/ocd/deputato.rdf/d307561_18","DE LUCA","PIERO","20180319","20221012","proporzionale","CAMPANIA 2 - 02","PARTITO DEMOCRATICO",
"http://dati.camera.it/ocd/mandatoCamera.rdf/mc18_305698_20180319","http://dati.camera.it/ocd/deputato.rdf/d305698_18","DE MARIA","ANDREA","20180319","20221012","maggioritario","EMILIA-ROMAGNA - 03",,
"http://dati.camera.it/ocd/mandatoCamera.rdf/mc18_307217_20180319","http://dati.camera.it/ocd/deputato.rdf/d307217_18","DE MARTINI","GUIDO","20180319","20221012","proporzionale","SARDEGNA - 01","LEGA",
"http://dati.camera.it/ocd/mandatoCamera.rdf/mc18_305656_20180319","http://dati.camera.it/ocd/deputato.rdf/d305656_18","DE MENECH","ROGER","20180319","20221012","proporzionale","VENETO 1 - 02","PARTITO DEMOCRATICO",
"http://dati.camera.it/ocd/mandatoCamera.rdf/mc18_305656_20180319","http://dati.camera.it/ocd/deputato.rdf/d305656_18","DE MENECH","ROGER","20180319","20221012","proporzionale","VENETO 1 - 02","PARTITO DEMOCRATICO",
"http://dati.camera.it/ocd/mandatoCamera.rdf/mc18_302856_20180319","http://dati.camera.it/ocd/deputato.rdf/d302856_18","DE MICHELI","PAOLA","20180319","20221012","proporzionale","EMILIA-ROMAGNA - 04","PARTITO DEMOCRATICO",
"http://dati.camera.it/ocd/mandatoCamera.rdf/mc18_307227_20180319","http://dati.camera.it/ocd/deputato.rdf/d307227_18","DEIANA","PAOLA","20180319","20221012","proporzionale","SARDEGNA - 02","MOVIMENTO 5 STELLE",
"http://dati.camera.it/ocd/mandatoCamera.rdf/mc18_307219_20180319","http://dati.camera.it/ocd/deputato.rdf/d307219_18","DEIDDA","SALVATORE","20180319","20221012","proporzionale","SARDEGNA - 01","FRATELLI D'ITALIA CON GIORGIA MELONI",
"http://dati.camera.it/ocd/mandatoCamera.rdf/mc18_306382_20180319","http://dati.camera.it/ocd/deputato.rdf/d306382_18","DEL BARBA","MAURO","20180319","20221012","proporzionale","LOMBARDIA 2 - 02","PARTITO DEMOCRATICO",
"http://dati.camera.it/ocd/mandatoCamera.rdf/mc18_306382_20180319","http://dati.camera.it/ocd/deputato.rdf/d306382_18","DEL BARBA","MAURO","20180319","20221012","proporzionale","LOMBARDIA 2 - 02","PARTITO DEMOCRATICO",
"http://dati.camera.it/ocd/mandatoCamera.rdf/mc18_32910_20180319","http://dati.camera.it/ocd/deputato.rdf/d32910_18","DEL BASSO DE CARO","UMBERTO","20180319","20221012","proporzionale","CAMPANIA 2 - 01","PARTITO DEMOCRATICO",
"http://dati.camera.it/ocd/mandatoCamera.rdf/mc18_32910_20180319","http://dati.camera.it/ocd/deputato.rdf/d32910_18","DEL BASSO DE CARO","UMBERTO","20180319","20221012","proporzionale","CAMPANIA 2 - 01","PARTITO DEMOCRATICO",
"http://dati.camera.it/ocd/mandatoCamera.rdf/mc18_307551_20180319","http://dati.camera.it/ocd/deputato.rdf/d307551_18","DEL SESTO","MARGHERITA","20180319","20221012","proporzionale","CAMPANIA 2 - 02","MOVIMENTO 5 STELLE",
"http://dati.camera.it/ocd/mandatoCamera.rdf/mc18_307551_20180319","http://dati.camera.it/ocd/deputato.rdf/d307551_18","DEL SESTO","MARGHERITA","20180319","20221012","proporzionale","CAMPANIA 2 - 02","MOVIMENTO 5 STELLE",
"http://dati.camera.it/ocd/mandatoCamera.rdf/mc18_306540_20180319","http://dati.camera.it/ocd/deputato.rdf/d306540_18","DELRIO","GRAZIANO","20180319","20221012","maggioritario","EMILIA-ROMAGNA - 04",,
"http://dati.camera.it/ocd/mandatoCamera.rdf/mc18_306540_20180319","http://dati.camera.it/ocd/deputato.rdf/d306540_18","DELRIO","GRAZIANO","20180319","20221012","maggioritario","EMILIA-ROMAGNA - 04",,
"http://dati.camera.it/ocd/mandatoCamera.rdf/mc18_307210_20180319","http://dati.camera.it/ocd/deputato.rdf/d307210_18","DI LAURO","CARMELA","20180319","20221012","proporzionale","CAMPANIA 1 - 03","MOVIMENTO 5 STELLE",
"http://dati.camera.it/ocd/mandatoCamera.rdf/mc18_305892_20180319","http://dati.camera.it/ocd/deputato.rdf/d305892_18","DI MAIO","LUIGI","20180319","20221012","maggioritario","CAMPANIA 1 - 01",,
"http://dati.camera.it/ocd/mandatoCamera.rdf/mc18_305850_20180319","http://dati.camera.it/ocd/deputato.rdf/d305850_18","DI MAIO","MARCO","20180319","20221012","maggioritario","EMILIA-ROMAGNA - 01",,
"http://dati.camera.it/ocd/mandatoCamera.rdf/mc18_307527_20180319","http://dati.camera.it/ocd/deputato.rdf/d307527_18","DI MURO","FLAVIO","20180319","20221012","proporzionale","LIGURIA - 01","LEGA",
"http://dati.camera.it/ocd/mandatoCamera.rdf/mc18_307527_20180319","http://dati.camera.it/ocd/deputato.rdf/d307527_18","DI MURO","FLAVIO","20180319","20221012","proporzionale","LIGURIA - 01","LEGA",
"http://dati.camera.it/ocd/mandatoCamera.rdf/mc18_307195_20180319","http://dati.camera.it/ocd/deputato.rdf/d307195_18","DI SARNO","GIANFRANCO","20180319","20221012","maggioritario","CAMPANIA 1 - 03",,
"http://dati.camera.it/ocd/mandatoCamera.rdf/mc18_307200_20180319","http://dati.camera.it/ocd/deputato.rdf/d307200_18","DI STASIO","IOLANDA","20180319","20221012","proporzionale","CAMPANIA 1 - 01","MOVIMENTO 5 STELLE",
"http://dati.camera.it/ocd/mandatoCamera.rdf/mc18_306228_20180319","http://dati.camera.it/ocd/deputato.rdf/d306228_18","DI STEFANO","MANLIO","20180319","20221012","proporzionale","LOMBARDIA 1 - 03","MOVIMENTO 5 STELLE",
"http://dati.camera.it/ocd/mandatoCamera.rdf/mc18_306228_20180319","http://dati.camera.it/ocd/deputato.rdf/d306228_18","DI STEFANO","MANLIO","20180319","20221012","proporzionale","LOMBARDIA 1 - 03","MOVIMENTO 5 STELLE",
"http://dati.camera.it/ocd/mandatoCamera.rdf/mc18_307618_20180319","http://dati.camera.it/ocd/deputato.rdf/d307618_18","DONINA","GIUSEPPE CESARE","20180319","20221012","proporzionale","LOMBARDIA 3 - 01","LEGA",
"http://dati.camera.it/ocd/mandatoCamera.rdf/mc18_307618_20180319","http://dati.camera.it/ocd/deputato.rdf/d307618_18","DONINA","GIUSEPPE CESARE","20180319","20221012","proporzionale","LOMBARDIA 3 - 01","LEGA",
"http://dati.camera.it/ocd/mandatoCamera.rdf/mc18_307348_20180319","http://dati.camera.it/ocd/deputato.rdf/d307348_18","DONNO","LEONARDO","20180319","20221012","proporzionale","PUGLIA - 02","MOVIMENTO 5 STELLE",
"http://dati.camera.it/ocd/mandatoCamera.rdf/mc18_307246_20180319","http://dati.camera.it/ocd/deputato.rdf/d307246_18","DONZELLI","GIOVANNI","20180319","20221012","proporzionale","TOSCANA - 01","FRATELLI D'ITALIA CON GIORGIA MELONI",
"http://dati.camera.it/ocd/mandatoCamera.rdf/mc18_307634_20180319","http://dati.camera.it/ocd/deputato.rdf/d307634_18","DORI","DEVIS","20180319","20221012","proporzionale","LOMBARDIA 3 - 02","MOVIMENTO 5 STELLE",
"http://dati.camera.it/ocd/mandatoCamera.rdf/mc18_307634_20180319","http://dati.camera.it/ocd/deputato.rdf/d307634_18","DORI","DEVIS","20180319","20221012","proporzionale","LOMBARDIA 3 - 02","MOVIMENTO 5 STELLE",
"http://dati.camera.it/ocd/mandatoCamera.rdf/mc18_307468_20180319","http://dati.camera.it/ocd/deputato.rdf/d307468_18","DURIGON","CLAUDIO","20180319","20221012","proporzionale","LAZIO 2 - 02","LEGA",
"http://dati.camera.it/ocd/mandatoCamera.rdf/mc18_307468_20180319","http://dati.camera.it/ocd/deputato.rdf/d307468_18","DURIGON","CLAUDIO","20180319","20221012","proporzionale","LAZIO 2 - 02","LEGA",
"http://dati.camera.it/ocd/mandatoCamera.rdf/mc18_307264_20180319","http://dati.camera.it/ocd/deputato.rdf/d307264_18","EHM","YANA CHIARA","20180319","20221012","proporzionale","TOSCANA - 03","MOVIMENTO 5 STELLE",
"http://dati.camera.it/ocd/mandatoCamera.rdf/mc18_305837_20180319","http://dati.camera.it/ocd/deputato.rdf/d305837_18","EPIFANI","ETTORE GUGLIELMO","20180319","20210607","proporzionale","SICILIA 2 - 01","LIBERI E UGUALI",
"http://dati.camera.it/ocd/mandatoCamera.rdf/mc18_307350_20180319","http://dati.camera.it/ocd/deputato.rdf/d307350_18","ERMELLINO","ALESSANDRA","20180319","20221012","proporzionale","PUGLIA - 03","MOVIMENTO 5 STELLE",
"http://dati.camera.it/ocd/mandatoCamera.rdf/mc18_306168_20180319","http://dati.camera.it/ocd/deputato.rdf/d306168_18","ERMINI","DAVID","20180319","20180925","proporzionale","TOSCANA - 03","PARTITO DEMOCRATICO",
"http://dati.camera.it/ocd/mandatoCamera.rdf/mc18_307346_20180319","http://dati.camera.it/ocd/deputato.rdf/d307346_18","FARO","MARIALUISA","20180319","20221012","proporzionale","PUGLIA - 04","MOVIMENTO 5 STELLE",
"http://dati.camera.it/ocd/mandatoCamera.rdf/mc18_300328_20180319","http://dati.camera.it/ocd/deputato.rdf/d300328_18","FASANO","VINCENZO","20180319","20220123","proporzionale","CAMPANIA 2 - 03","FORZA ITALIA",
"http://dati.camera.it/ocd/mandatoCamera.rdf/mc18_300328_20180319","http://dati.camera.it/ocd/deputato.rdf/d300328_18","FASANO","VINCENZO","20180319","20220123","proporzionale","CAMPANIA 2 - 03","FORZA ITALIA",
"http://dati.camera.it/ocd/mandatoCamera.rdf/mc18_307185_20180319","http://dati.camera.it/ocd/deputato.rdf/d307185_18","FASCINA","MARTA ANTONIA","20180319","20221012","proporzionale","CAMPANIA 1 - 01","FORZA ITALIA",
"http://dati.camera.it/ocd/mandatoCamera.rdf/mc18_305806_20180319","http://dati.camera.it/ocd/deputato.rdf/d305806_18","FASSINA","STEFANO","20180319","20221012","proporzionale","LAZIO 1 - 02","LIBERI E UGUALI",
"http://dati.camera.it/ocd/mandatoCamera.rdf/mc18_36500_20180319","http://dati.camera.it/ocd/deputato.rdf/d36500_18","FASSINO","PIERO FRANCO","20180319","20221012","proporzionale","EMILIA-ROMAGNA - 02","PARTITO DEMOCRATICO",
"http://dati.camera.it/ocd/mandatoCamera.rdf/mc18_307626_20180319","http://dati.camera.it/ocd/deputato.rdf/d307626_18","FATUZZO","CARLO","20180319","20221012","proporzionale","LOMBARDIA 2 - 01","FORZA ITALIA",
"http://dati.camera.it/ocd/mandatoCamera.rdf/mc18_307626_20180319","http://dati.camera.it/ocd/deputato.rdf/d307626_18","FATUZZO","CARLO","20180319","20221012","proporzionale","LOMBARDIA 2 - 01","FORZA ITALIA",
"http://dati.camera.it/ocd/mandatoCamera.rdf/mc18_302983_20180319","http://dati.camera.it/ocd/deputato.rdf/d302983_18","FEDRIGA","MASSIMILIANO","20180319","20180508","proporzionale","FRIULI-VENEZIA GIULIA - 01","LEGA",
"http://dati.camera.it/ocd/mandatoCamera.rdf/mc18_305972_20180319","http://dati.camera.it/ocd/deputato.rdf/d305972_18","FERRARESI","VITTORIO","20180319","20221012","proporzionale","EMILIA-ROMAGNA - 02","MOVIMENTO 5 STELLE",
"http://dati.camera.it/ocd/mandatoCamera.rdf/mc18_307620_20180319","http://dati.camera.it/ocd/deputato.rdf/d307620_18","FERRARI","ROBERTO PAOLO","20180319","20221012","proporzionale","LOMBARDIA 2 - 02","LEGA",
"http://dati.camera.it/ocd/mandatoCamera.rdf/mc18_307620_20180319","http://dati.camera.it/ocd/deputato.rdf/d307620_18","FERRARI","ROBERTO PAOLO","20180319","20221012","proporzionale","LOMBARDIA 2 - 02","LEGA",
"http://dati.camera.it/ocd/mandatoCamera.rdf/mc18_306549_20180319","http://dati.camera.it/ocd/deputato.rdf/d306549_18","FERRI","COSIMO MARIA","20180319","20221012","proporzionale","TOSCANA - 04","PARTITO DEMOCRATICO",
"http://dati.camera.it/ocd/mandatoCamera.rdf/mc18_306549_20180319","http://dati.camera.it/ocd/deputato.rdf/d306549_18","FERRI","COSIMO MARIA","20180319","20221012","proporzionale","TOSCANA - 04","PARTITO DEMOCRATICO",
"http://dati.camera.it/ocd/mandatoCamera.rdf/mc18_301452_20180319","http://dati.camera.it/ocd/deputato.rdf/d301452_18","FIANO","EMANUELE","20180319","20221012","proporzionale","LOMBARDIA 1 - 03","PARTITO DEMOCRATICO",
"http://dati.camera.it/ocd/mandatoCamera.rdf/mc18_305890_20180319","http://dati.camera.it/ocd/deputato.rdf/d305890_18","FICO","ROBERTO","20180319","20221012","maggioritario","CAMPANIA 1 - 02",,
"http://dati.camera.it/ocd/mandatoCamera.rdf/mc18_307670_20180319","http://dati.camera.it/ocd/deputato.rdf/d307670_18","FIDANZA","CARLO","20180319","20190627","proporzionale","LOMBARDIA 1 - 03","FRATELLI D'ITALIA CON GIORGIA MELONI",
"http://dati.camera.it/ocd/mandatoCamera.rdf/mc18_307670_20180319","http://dati.camera.it/ocd/deputato.rdf/d307670_18","FIDANZA","CARLO","20180319","20190627","proporzionale","LOMBARDIA 1 - 03","FRATELLI D'ITALIA CON GIORGIA MELONI",
"http://dati.camera.it/ocd/mandatoCamera.rdf/mc18_307284_20180319","http://dati.camera.it/ocd/deputato.rdf/d307284_18","FIORINI","BENEDETTA","20180319","20221012","maggioritario","EMILIA-ROMAGNA - 02",,
"http://dati.camera.it/ocd/mandatoCamera.rdf/mc18_307445_20180319","http://dati.camera.it/ocd/deputato.rdf/d307445_18","FLATI","FRANCESCA","20180319","20221012","proporzionale","LAZIO 1 - 03","MOVIMENTO 5 STELLE",
"http://dati.camera.it/ocd/mandatoCamera.rdf/mc18_300439_20180319","http://dati.camera.it/ocd/deputato.rdf/d300439_18","FONTANA","GREGORIO","20180319","20221012","proporzionale","LOMBARDIA 3 - 02","FORZA ITALIA",
"http://dati.camera.it/ocd/mandatoCamera.rdf/mc18_300439_20180319","http://dati.camera.it/ocd/deputato.rdf/d300439_18","FONTANA","GREGORIO","20180319","20221012","proporzionale","LOMBARDIA 3 - 02","FORZA ITALIA",
"http://dati.camera.it/ocd/mandatoCamera.rdf/mc18_306398_20180319","http://dati.camera.it/ocd/deputato.rdf/d306398_18","FORNARO","FEDERICO","20180319","20221012","proporzionale","PIEMONTE 2 - 01","LIBERI E UGUALI",
"http://dati.camera.it/ocd/mandatoCamera.rdf/mc18_306398_20180319","http://dati.camera.it/ocd/deputato.rdf/d306398_18","FORNARO","FEDERICO","20180319","20221012","proporzionale","PIEMONTE 2 - 01","LIBERI E UGUALI",
"http://dati.camera.it/ocd/mandatoCamera.rdf/mc18_50204_20180319","http://dati.camera.it/ocd/deputato.rdf/d50204_18","FOTI","TOMMASO","20180319","20221012","maggioritario","EMILIA-ROMAGNA - 04",,
"http://dati.camera.it/ocd/mandatoCamera.rdf/mc18_305595_20180319","http://dati.camera.it/ocd/deputato.rdf/d305595_18","FRACCARO","RICCARDO","20180319","20221012","proporzionale","TRENTINO-ALTO ADIGE/SÜDTIROL - 01","MOVIMENTO 5 STELLE",
"http://dati.camera.it/ocd/mandatoCamera.rdf/mc18_305595_20180319","http://dati.camera.it/ocd/deputato.rdf/d305595_18","FRACCARO","RICCARDO","20180319","20221012","proporzionale","TRENTINO-ALTO ADIGE/SÜDTIROL - 01","MOVIMENTO 5 STELLE",
"http://dati.camera.it/ocd/mandatoCamera.rdf/mc18_305559_20180319","http://dati.camera.it/ocd/deputato.rdf/d305559_18","FRAGOMELI","GIAN MARIO","20180319","20221012","proporzionale","LOMBARDIA 1 - 01","PARTITO DEMOCRATICO",
"http://dati.camera.it/ocd/mandatoCamera.rdf/mc18_305559_20180319","http://dati.camera.it/ocd/deputato.rdf/d305559_18","FRAGOMELI","GIAN MARIO","20180319","20221012","proporzionale","LOMBARDIA 1 - 01","PARTITO DEMOCRATICO",
"http://dati.camera.it/ocd/mandatoCamera.rdf/mc18_300246_20180319","http://dati.camera.it/ocd/deputato.rdf/d300246_18","FRANCESCHINI","DARIO","20180319","20221012","proporzionale","EMILIA-ROMAGNA - 01","PARTITO DEMOCRATICO",
"http://dati.camera.it/ocd/mandatoCamera.rdf/mc18_307630_20180319","http://dati.camera.it/ocd/deputato.rdf/d307630_18","FRASSINI","REBECCA","20180319","20221012","proporzionale","LOMBARDIA 3 - 02","LEGA",
"http://dati.camera.it/ocd/mandatoCamera.rdf/mc18_307630_20180319","http://dati.camera.it/ocd/deputato.rdf/d307630_18","FRASSINI","REBECCA","20180319","20221012","proporzionale","LOMBARDIA 3 - 02","LEGA",
"http://dati.camera.it/ocd/mandatoCamera.rdf/mc18_307204_20180319","http://dati.camera.it/ocd/deputato.rdf/d307204_18","FRATE","FLORA","20180319","20221012","proporzionale","CAMPANIA 1 - 02","MOVIMENTO 5 STELLE",
"http://dati.camera.it/ocd/mandatoCamera.rdf/mc18_305880_20180319","http://dati.camera.it/ocd/deputato.rdf/d305880_18","FRATOIANNI","NICOLA","20180319","20221012","proporzionale","PIEMONTE 1 - 01","LIBERI E UGUALI",
"http://dati.camera.it/ocd/mandatoCamera.rdf/mc18_305880_20180319","http://dati.camera.it/ocd/deputato.rdf/d305880_18","FRATOIANNI","NICOLA","20180319","20221012","proporzionale","PIEMONTE 1 - 01","LIBERI E UGUALI",
"http://dati.camera.it/ocd/mandatoCamera.rdf/mc18_305569_20180319","http://dati.camera.it/ocd/deputato.rdf/d305569_18","FREGOLENT","SILVIA","20180319","20221012","proporzionale","PIEMONTE 1 - 01","PARTITO DEMOCRATICO",
"http://dati.camera.it/ocd/mandatoCamera.rdf/mc18_305569_20180319","http://dati.camera.it/ocd/deputato.rdf/d305569_18","FREGOLENT","SILVIA","20180319","20221012","proporzionale","PIEMONTE 1 - 01","PARTITO DEMOCRATICO",
"http://dati.camera.it/ocd/mandatoCamera.rdf/mc18_305748_20180319","http://dati.camera.it/ocd/deputato.rdf/d305748_18","FRUSONE","LUCA","20180319","20221012","proporzionale","LAZIO 2 - 02","MOVIMENTO 5 STELLE",
"http://dati.camera.it/ocd/mandatoCamera.rdf/mc18_305748_20180319","http://dati.camera.it/ocd/deputato.rdf/d305748_18","FRUSONE","LUCA","20180319","20221012","proporzionale","LAZIO 2 - 02","MOVIMENTO 5 STELLE",
"http://dati.camera.it/ocd/mandatoCamera.rdf/mc18_305553_20180319","http://dati.camera.it/ocd/deputato.rdf/d305553_18","GADDA","MARIA CHIARA","20180319","20221012","proporzionale","LOMBARDIA 2 - 01","PARTITO DEMOCRATICO",
"http://dati.camera.it/ocd/mandatoCamera.rdf/mc18_305553_20180319","http://dati.camera.it/ocd/deputato.rdf/d305553_18","GADDA","MARIA CHIARA","20180319","20221012","proporzionale","LOMBARDIA 2 - 01","PARTITO DEMOCRATICO",
"http://dati.camera.it/ocd/mandatoCamera.rdf/mc18_306096_20180319","http://dati.camera.it/ocd/deputato.rdf/d306096_18","GAGNARLI","CHIARA","20180319","20221012","proporzionale","TOSCANA - 04","MOVIMENTO 5 STELLE",
"http://dati.camera.it/ocd/mandatoCamera.rdf/mc18_307344_20180319","http://dati.camera.it/ocd/deputato.rdf/d307344_18","GALANTINO","DAVIDE","20180319","20221012","proporzionale","PUGLIA - 01","MOVIMENTO 5 STELLE",
"http://dati.camera.it/ocd/mandatoCamera.rdf/mc18_50462_20180319","http://dati.camera.it/ocd/deputato.rdf/d50462_18","GALLI","DARIO","20180319","20221012","proporzionale","LOMBARDIA 2 - 01","LEGA",
"http://dati.camera.it/ocd/mandatoCamera.rdf/mc18_50462_20180319","http://dati.camera.it/ocd/deputato.rdf/d50462_18","GALLI","DARIO","20180319","20221012","proporzionale","LOMBARDIA 2 - 01","LEGA",
"http://dati.camera.it/ocd/mandatoCamera.rdf/mc18_305696_20180319","http://dati.camera.it/ocd/deputato.rdf/d305696_18","GALLINELLA","FILIPPO","20180319","20221012","proporzionale","UMBRIA - 01","MOVIMENTO 5 STELLE",
"http://dati.camera.it/ocd/mandatoCamera.rdf/mc18_305900_20180319","http://dati.camera.it/ocd/deputato.rdf/d305900_18","GALLO","LUIGI","20180319","20221012","maggioritario","CAMPANIA 1 - 03",,
"http://dati.camera.it/ocd/mandatoCamera.rdf/mc18_307504_20180319","http://dati.camera.it/ocd/deputato.rdf/d307504_18","GARIGLIO","DAVIDE","20180319","20221012","proporzionale","PIEMONTE 1 - 02","PARTITO DEMOCRATICO",
"http://dati.camera.it/ocd/mandatoCamera.rdf/mc18_307504_20180319","http://dati.camera.it/ocd/deputato.rdf/d307504_18","GARIGLIO","DAVIDE","20180319","20221012","proporzionale","PIEMONTE 1 - 02","PARTITO DEMOCRATICO",
"http://dati.camera.it/ocd/mandatoCamera.rdf/mc18_307332_20180319","http://dati.camera.it/ocd/deputato.rdf/d307332_18","GEMMATO","MARCELLO","20180319","20221012","proporzionale","PUGLIA - 02","FRATELLI D'ITALIA CON GIORGIA MELONI",
"http://dati.camera.it/ocd/mandatoCamera.rdf/mc18_307477_20180319","http://dati.camera.it/ocd/deputato.rdf/d307477_18","GERARDI","FRANCESCA","20180319","20221012","proporzionale","LAZIO 2 - 02","LEGA",
"http://dati.camera.it/ocd/mandatoCamera.rdf/mc18_307477_20180319","http://dati.camera.it/ocd/deputato.rdf/d307477_18","GERARDI","FRANCESCA","20180319","20221012","proporzionale","LAZIO 2 - 02","LEGA",
"http://dati.camera.it/ocd/mandatoCamera.rdf/mc18_302909_20180319","http://dati.camera.it/ocd/deputato.rdf/d302909_18","GERMANA'","ANTONINO SALVATORE","20180319","20221012","proporzionale","SICILIA 2 - 01","FORZA ITALIA",
"http://dati.camera.it/ocd/mandatoCamera.rdf/mc18_301056_20180319","http://dati.camera.it/ocd/deputato.rdf/d301056_18","GIACOMELLI","ANTONELLO","20180319","20200930","proporzionale","TOSCANA - 01","PARTITO DEMOCRATICO",
"http://dati.camera.it/ocd/mandatoCamera.rdf/mc18_307473_20180319","http://dati.camera.it/ocd/deputato.rdf/d307473_18","GIACOMETTO","CARLUCCIO","20180319","20221012","maggioritario","PIEMONTE 1 - 02",,
"http://dati.camera.it/ocd/mandatoCamera.rdf/mc18_307473_20180319","http://dati.camera.it/ocd/deputato.rdf/d307473_18","GIACOMETTO","CARLUCCIO","20180319","20221012","maggioritario","PIEMONTE 1 - 02",,
"http://dati.camera.it/ocd/mandatoCamera.rdf/mc18_301533_20180319","http://dati.camera.it/ocd/deputato.rdf/d301533_18","GIACOMONI","SESTINO","20180319","20221012","proporzionale","LAZIO 1 - 03","FORZA ITALIA",
"http://dati.camera.it/ocd/mandatoCamera.rdf/mc18_307342_20180319","http://dati.camera.it/ocd/deputato.rdf/d307342_18","GIANNONE","VERONICA","20180319","20221012","proporzionale","PUGLIA - 02","MOVIMENTO 5 STELLE",
"http://dati.camera.it/ocd/mandatoCamera.rdf/mc18_307502_20180319","http://dati.camera.it/ocd/deputato.rdf/d307502_18","GIGLIO VIGNA","ALESSANDRO","20180319","20221012","proporzionale","PIEMONTE 1 - 02","LEGA",
"http://dati.camera.it/ocd/mandatoCamera.rdf/mc18_307502_20180319","http://dati.camera.it/ocd/deputato.rdf/d307502_18","GIGLIO VIGNA","ALESSANDRO","20180319","20221012","proporzionale","PIEMONTE 1 - 02","LEGA",
"http://dati.camera.it/ocd/mandatoCamera.rdf/mc18_307198_20180319","http://dati.camera.it/ocd/deputato.rdf/d307198_18","GIORDANO","CONCETTA","20180319","20221012","proporzionale","CAMPANIA 1 - 01","MOVIMENTO 5 STELLE",
"http://dati.camera.it/ocd/mandatoCamera.rdf/mc18_50115_20180319","http://dati.camera.it/ocd/deputato.rdf/d50115_18","GIORGETTI","GIANCARLO","20180319","20221012","proporzionale","LOMBARDIA 2 - 01","LEGA",
"http://dati.camera.it/ocd/mandatoCamera.rdf/mc18_50115_20180319","http://dati.camera.it/ocd/deputato.rdf/d50115_18","GIORGETTI","GIANCARLO","20180319","20221012","proporzionale","LOMBARDIA 2 - 01","LEGA",
"http://dati.camera.it/ocd/mandatoCamera.rdf/mc18_305567_20180319","http://dati.camera.it/ocd/deputato.rdf/d305567_18","GIORGIS","ANDREA","20180319","20221012","maggioritario","PIEMONTE 1 - 01",,
"http://dati.camera.it/ocd/mandatoCamera.rdf/mc18_305567_20180319","http://dati.camera.it/ocd/deputato.rdf/d305567_18","GIORGIS","ANDREA","20180319","20221012","maggioritario","PIEMONTE 1 - 01",,
"http://dati.camera.it/ocd/mandatoCamera.rdf/mc18_307177_20180319","http://dati.camera.it/ocd/deputato.rdf/d307177_18","GIULIODORI","PAOLO","20180319","20221012","proporzionale","MARCHE - 01","MOVIMENTO 5 STELLE",
"http://dati.camera.it/ocd/mandatoCamera.rdf/mc18_307653_20180319","http://dati.camera.it/ocd/deputato.rdf/d307653_18","GOBBATO","CLAUDIA","20180319","20221012","proporzionale","LOMBARDIA 4 - 02","LEGA",
"http://dati.camera.it/ocd/mandatoCamera.rdf/mc18_307653_20180319","http://dati.camera.it/ocd/deputato.rdf/d307653_18","GOBBATO","CLAUDIA","20180319","20221012","proporzionale","LOMBARDIA 4 - 02","LEGA",
"http://dati.camera.it/ocd/mandatoCamera.rdf/mc18_307314_20180319","http://dati.camera.it/ocd/deputato.rdf/d307314_18","GOLINELLI","GUGLIELMO","20180319","20221012","proporzionale","EMILIA-ROMAGNA - 02","LEGA",
"http://dati.camera.it/ocd/mandatoCamera.rdf/mc18_305784_20180319","http://dati.camera.it/ocd/deputato.rdf/d305784_18","GRANDE","MARTA","20180319","20221012","proporzionale","LAZIO 2 - 01","MOVIMENTO 5 STELLE",
"http://dati.camera.it/ocd/mandatoCamera.rdf/mc18_305784_20180319","http://dati.camera.it/ocd/deputato.rdf/d305784_18","GRANDE","MARTA","20180319","20221012","proporzionale","LAZIO 2 - 01","MOVIMENTO 5 STELLE",
"http://dati.camera.it/ocd/mandatoCamera.rdf/mc18_306008_20180319","http://dati.camera.it/ocd/deputato.rdf/d306008_18","GRIBAUDO","CHIARA","20180319","20221012","proporzionale","PIEMONTE 2 - 01","PARTITO DEMOCRATICO",
"http://dati.camera.it/ocd/mandatoCamera.rdf/mc18_306008_20180319","http://dati.camera.it/ocd/deputato.rdf/d306008_18","GRIBAUDO","CHIARA","20180319","20221012","proporzionale","PIEMONTE 2 - 01","PARTITO DEMOCRATICO",
"http://dati.camera.it/ocd/mandatoCamera.rdf/mc18_301455_20180319","http://dati.camera.it/ocd/deputato.rdf/d301455_18","GRIMOLDI","PAOLO","20180319","20221012","proporzionale","LOMBARDIA 1 - 01","LEGA",
"http://dati.camera.it/ocd/mandatoCamera.rdf/mc18_301455_20180319","http://dati.camera.it/ocd/deputato.rdf/d301455_18","GRIMOLDI","PAOLO","20180319","20221012","proporzionale","LOMBARDIA 1 - 01","LEGA",
"http://dati.camera.it/ocd/mandatoCamera.rdf/mc18_305624_20180319","http://dati.camera.it/ocd/deputato.rdf/d305624_18","GUERINI","LORENZO","20180319","20221012","proporzionale","LOMBARDIA 4 - 01","PARTITO DEMOCRATICO",
"http://dati.camera.it/ocd/mandatoCamera.rdf/mc18_305624_20180319","http://dati.camera.it/ocd/deputato.rdf/d305624_18","GUERINI","LORENZO","20180319","20221012","proporzionale","LOMBARDIA 4 - 01","PARTITO DEMOCRATICO",
"http://dati.camera.it/ocd/mandatoCamera.rdf/mc18_306582_20180319","http://dati.camera.it/ocd/deputato.rdf/d306582_18","GUIDESI","GUIDO","20180319","20210217","proporzionale","LOMBARDIA 4 - 01","LEGA",
"http://dati.camera.it/ocd/mandatoCamera.rdf/mc18_305702_20180319","http://dati.camera.it/ocd/deputato.rdf/d305702_18","INCERTI","ANTONELLA","20180319","20221012","maggioritario","EMILIA-ROMAGNA - 04",,
"http://dati.camera.it/ocd/mandatoCamera.rdf/mc18_307624_20180319","http://dati.camera.it/ocd/deputato.rdf/d307624_18","INVIDIA","NICCOLO'","20180319","20221012","proporzionale","LOMBARDIA 2 - 01","MOVIMENTO 5 STELLE",
"http://dati.camera.it/ocd/mandatoCamera.rdf/mc18_307624_20180319","http://dati.camera.it/ocd/deputato.rdf/d307624_18","INVIDIA","NICCOLO'","20180319","20221012","proporzionale","LOMBARDIA 2 - 01","MOVIMENTO 5 STELLE",
"http://dati.camera.it/ocd/mandatoCamera.rdf/mc18_307555_20180319","http://dati.camera.it/ocd/deputato.rdf/d307555_18","IORIO","MARIANNA","20180319","20221012","proporzionale","CAMPANIA 2 - 02","MOVIMENTO 5 STELLE",
"http://dati.camera.it/ocd/mandatoCamera.rdf/mc18_307555_20180319","http://dati.camera.it/ocd/deputato.rdf/d307555_18","IORIO","MARIANNA","20180319","20221012","proporzionale","CAMPANIA 2 - 02","MOVIMENTO 5 STELLE",
"http://dati.camera.it/ocd/mandatoCamera.rdf/mc18_307208_20180319","http://dati.camera.it/ocd/deputato.rdf/d307208_18","IOVINO","LUIGI","20180319","20221012","proporzionale","CAMPANIA 1 - 03","MOVIMENTO 5 STELLE",
"http://dati.camera.it/ocd/mandatoCamera.rdf/mc18_305842_20180319","http://dati.camera.it/ocd/deputato.rdf/d305842_18","L'ABBATE","GIUSEPPE","20180319","20221012","proporzionale","PUGLIA - 03","MOVIMENTO 5 STELLE",
"http://dati.camera.it/ocd/mandatoCamera.rdf/mc18_305872_20180319","http://dati.camera.it/ocd/deputato.rdf/d305872_18","LABRIOLA","VINCENZA","20180319","20221012","proporzionale","PUGLIA - 03","FORZA ITALIA",
"http://dati.camera.it/ocd/mandatoCamera.rdf/mc18_307308_20180319","http://dati.camera.it/ocd/deputato.rdf/d307308_18","LACARRA","MARCO","20180319","20221012","proporzionale","PUGLIA - 01","PARTITO DEMOCRATICO",
"http://dati.camera.it/ocd/mandatoCamera.rdf/mc18_307173_20180319","http://dati.camera.it/ocd/deputato.rdf/d307173_18","LATINI","GIORGIA","20180319","20201110","proporzionale","MARCHE - 01","LEGA",
"http://dati.camera.it/ocd/mandatoCamera.rdf/mc18_307262_20180319","http://dati.camera.it/ocd/deputato.rdf/d307262_18","LEGNAIOLI","DONATELLA","20180319","20221012","proporzionale","TOSCANA - 03","LEGA",
"http://dati.camera.it/ocd/mandatoCamera.rdf/mc18_306420_20180319","http://dati.camera.it/ocd/deputato.rdf/d306420_18","LEPRI","STEFANO","20180319","20221012","maggioritario","PIEMONTE 1 - 01",,
"http://dati.camera.it/ocd/mandatoCamera.rdf/mc18_306420_20180319","http://dati.camera.it/ocd/deputato.rdf/d306420_18","LEPRI","STEFANO","20180319","20221012","maggioritario","PIEMONTE 1 - 01",,
"http://dati.camera.it/ocd/mandatoCamera.rdf/mc18_306220_20180319","http://dati.camera.it/ocd/deputato.rdf/d306220_18","LIBRANDI","GIANFRANCO","20180319","20221012","proporzionale","LOMBARDIA 1 - 02","PARTITO DEMOCRATICO",
"http://dati.camera.it/ocd/mandatoCamera.rdf/mc18_306220_20180319","http://dati.camera.it/ocd/deputato.rdf/d306220_18","LIBRANDI","GIANFRANCO","20180319","20221012","proporzionale","LOMBARDIA 1 - 02","PARTITO DEMOCRATICO",
"http://dati.camera.it/ocd/mandatoCamera.rdf/mc18_307392_20180319","http://dati.camera.it/ocd/deputato.rdf/d307392_18","LICATINI","CATERINA","20180319","20221012","proporzionale","SICILIA 1 - 02","MOVIMENTO 5 STELLE",
"http://dati.camera.it/ocd/mandatoCamera.rdf/mc18_307525_20180319","http://dati.camera.it/ocd/deputato.rdf/d307525_18","LIUNI","MARZIO","20180319","20221012","proporzionale","PIEMONTE 2 - 02","LEGA",
"http://dati.camera.it/ocd/mandatoCamera.rdf/mc18_307525_20180319","http://dati.camera.it/ocd/deputato.rdf/d307525_18","LIUNI","MARZIO","20180319","20221012","proporzionale","PIEMONTE 2 - 02","LEGA",
"http://dati.camera.it/ocd/mandatoCamera.rdf/mc18_305982_20180319","http://dati.camera.it/ocd/deputato.rdf/d305982_18","LIUZZI","MIRELLA","20180319","20221012","proporzionale","BASILICATA - 01","MOVIMENTO 5 STELLE",
"http://dati.camera.it/ocd/mandatoCamera.rdf/mc18_301477_20180319","http://dati.camera.it/ocd/deputato.rdf/d301477_18","LO MONTE","CARMELO","20180319","20221012","proporzionale","SICILIA 2 - 01","LEGA",
"http://dati.camera.it/ocd/mandatoCamera.rdf/mc18_307622_20180319","http://dati.camera.it/ocd/deputato.rdf/d307622_18","LOCATELLI","ALESSANDRA","20180319","20210217","proporzionale","LOMBARDIA 2 - 02","LEGA",
"http://dati.camera.it/ocd/mandatoCamera.rdf/mc18_307622_20180319","http://dati.camera.it/ocd/deputato.rdf/d307622_18","LOCATELLI","ALESSANDRA","20180319","20210217","proporzionale","LOMBARDIA 2 - 02","LEGA",
"http://dati.camera.it/ocd/mandatoCamera.rdf/mc18_307463_20180319","http://dati.camera.it/ocd/deputato.rdf/d307463_18","LOLLOBRIGIDA","FRANCESCO","20180319","20221012","proporzionale","LAZIO 2 - 01","FRATELLI D'ITALIA CON GIORGIA MELONI",
"http://dati.camera.it/ocd/mandatoCamera.rdf/mc18_307463_20180319","http://dati.camera.it/ocd/deputato.rdf/d307463_18","LOLLOBRIGIDA","FRANCESCO","20180319","20221012","proporzionale","LAZIO 2 - 01","FRATELLI D'ITALIA CON GIORGIA MELONI",
"http://dati.camera.it/ocd/mandatoCamera.rdf/mc18_307390_20180319","http://dati.camera.it/ocd/deputato.rdf/d307390_18","LOMBARDO","ANTONIO","20180319","20221012","proporzionale","SICILIA 1 - 02","MOVIMENTO 5 STELLE",
"http://dati.camera.it/ocd/mandatoCamera.rdf/mc18_302783_20180319","http://dati.camera.it/ocd/deputato.rdf/d302783_18","LORENZIN","BEATRICE","20180319","20221012","maggioritario","EMILIA-ROMAGNA - 02",,
"http://dati.camera.it/ocd/mandatoCamera.rdf/mc18_307614_20180319","http://dati.camera.it/ocd/deputato.rdf/d307614_18","LORENZONI","EVA","20180319","20221012","proporzionale","LOMBARDIA 3 - 01","LEGA",
"http://dati.camera.it/ocd/mandatoCamera.rdf/mc18_307614_20180319","http://dati.camera.it/ocd/deputato.rdf/d307614_18","LORENZONI","EVA","20180319","20221012","proporzionale","LOMBARDIA 3 - 01","LEGA",
"http://dati.camera.it/ocd/mandatoCamera.rdf/mc18_307483_20180319","http://dati.camera.it/ocd/deputato.rdf/d307483_18","LORENZONI","GABRIELE","20180319","20221012","proporzionale","LAZIO 2 - 01","MOVIMENTO 5 STELLE",
"http://dati.camera.it/ocd/mandatoCamera.rdf/mc18_307483_20180319","http://dati.camera.it/ocd/deputato.rdf/d307483_18","LORENZONI","GABRIELE","20180319","20221012","proporzionale","LAZIO 2 - 01","MOVIMENTO 5 STELLE",
"http://dati.camera.it/ocd/mandatoCamera.rdf/mc18_302891_20180319","http://dati.camera.it/ocd/deputato.rdf/d302891_18","LOSACCO","ALBERTO","20180319","20221012","proporzionale","PIEMONTE 2 - 01","PARTITO DEMOCRATICO",
"http://dati.camera.it/ocd/mandatoCamera.rdf/mc18_302891_20180319","http://dati.camera.it/ocd/deputato.rdf/d302891_18","LOSACCO","ALBERTO","20180319","20221012","proporzionale","PIEMONTE 2 - 01","PARTITO DEMOCRATICO",
"http://dati.camera.it/ocd/mandatoCamera.rdf/mc18_307356_20180319","http://dati.camera.it/ocd/deputato.rdf/d307356_18","LOVECCHIO","GIORGIO","20180319","20221012","proporzionale","PUGLIA - 04","MOVIMENTO 5 STELLE",
"http://dati.camera.it/ocd/mandatoCamera.rdf/mc18_307340_20180319","http://dati.camera.it/ocd/deputato.rdf/d307340_18","LUCASELLI","YLENJA","20180319","20221012","proporzionale","EMILIA-ROMAGNA - 04","FRATELLI D'ITALIA CON GIORGIA MELONI",
"http://dati.camera.it/ocd/mandatoCamera.rdf/mc18_302980_20180319","http://dati.camera.it/ocd/deputato.rdf/d302980_18","MACCANTI","ELENA","20180319","20221012","proporzionale","PIEMONTE 1 - 01","LEGA",
"http://dati.camera.it/ocd/mandatoCamera.rdf/mc18_302980_20180319","http://dati.camera.it/ocd/deputato.rdf/d302980_18","MACCANTI","ELENA","20180319","20221012","proporzionale","PIEMONTE 1 - 01","LEGA",
"http://dati.camera.it/ocd/mandatoCamera.rdf/mc18_304601_20180319","http://dati.camera.it/ocd/deputato.rdf/d304601_18","MAGGIONI","MARCO","20180319","20221012","proporzionale","LOMBARDIA 4 - 01","LEGA",
"http://dati.camera.it/ocd/mandatoCamera.rdf/mc18_304601_20180319","http://dati.camera.it/ocd/deputato.rdf/d304601_18","MAGGIONI","MARCO","20180319","20221012","proporzionale","LOMBARDIA 4 - 01","LEGA",
"http://dati.camera.it/ocd/mandatoCamera.rdf/mc18_307549_20180319","http://dati.camera.it/ocd/deputato.rdf/d307549_18","MAGLIONE","PASQUALE","20180319","20221012","proporzionale","CAMPANIA 2 - 01","MOVIMENTO 5 STELLE",
"http://dati.camera.it/ocd/mandatoCamera.rdf/mc18_307549_20180319","http://dati.camera.it/ocd/deputato.rdf/d307549_18","MAGLIONE","PASQUALE","20180319","20221012","proporzionale","CAMPANIA 2 - 01","MOVIMENTO 5 STELLE",
"http://dati.camera.it/ocd/mandatoCamera.rdf/mc18_307672_20180319","http://dati.camera.it/ocd/deputato.rdf/d307672_18","MAMMI'","STEFANIA","20180319","20221012","proporzionale","LOMBARDIA 1 - 04","MOVIMENTO 5 STELLE",
"http://dati.camera.it/ocd/mandatoCamera.rdf/mc18_307672_20180319","http://dati.camera.it/ocd/deputato.rdf/d307672_18","MAMMI'","STEFANIA","20180319","20221012","proporzionale","LOMBARDIA 1 - 04","MOVIMENTO 5 STELLE",
"http://dati.camera.it/ocd/mandatoCamera.rdf/mc18_307225_20180319","http://dati.camera.it/ocd/deputato.rdf/d307225_18","MANCA","ALBERTO","20180319","20221012","proporzionale","SARDEGNA - 02","MOVIMENTO 5 STELLE",
"http://dati.camera.it/ocd/mandatoCamera.rdf/mc18_307229_20180319","http://dati.camera.it/ocd/deputato.rdf/d307229_18","MANCA","GAVINO","20180319","20221012","proporzionale","SARDEGNA - 02","PARTITO DEMOCRATICO",
"http://dati.camera.it/ocd/mandatoCamera.rdf/mc18_307481_20180319","http://dati.camera.it/ocd/deputato.rdf/d307481_18","MANCINI","CLAUDIO","20180319","20221012","proporzionale","LAZIO 2 - 02","PARTITO DEMOCRATICO",
"http://dati.camera.it/ocd/mandatoCamera.rdf/mc18_307481_20180319","http://dati.camera.it/ocd/deputato.rdf/d307481_18","MANCINI","CLAUDIO","20180319","20221012","proporzionale","LAZIO 2 - 02","PARTITO DEMOCRATICO",
"http://dati.camera.it/ocd/mandatoCamera.rdf/mc18_307706_20180319","http://dati.camera.it/ocd/deputato.rdf/d307706_18","MANIERO","ALVISE","20180319","20221012","proporzionale","VENETO 1 - 01","MOVIMENTO 5 STELLE",
"http://dati.camera.it/ocd/mandatoCamera.rdf/mc18_307706_20180319","http://dati.camera.it/ocd/deputato.rdf/d307706_18","MANIERO","ALVISE","20180319","20221012","proporzionale","VENETO 1 - 01","MOVIMENTO 5 STELLE",
"http://dati.camera.it/ocd/mandatoCamera.rdf/mc18_307700_20180319","http://dati.camera.it/ocd/deputato.rdf/d307700_18","MANZATO","FRANCO","20180319","20221012","proporzionale","VENETO 1 - 02","LEGA",
"http://dati.camera.it/ocd/mandatoCamera.rdf/mc18_307700_20180319","http://dati.camera.it/ocd/deputato.rdf/d307700_18","MANZATO","FRANCO","20180319","20221012","proporzionale","VENETO 1 - 02","LEGA",
"http://dati.camera.it/ocd/mandatoCamera.rdf/mc18_307212_20180319","http://dati.camera.it/ocd/deputato.rdf/d307212_18","MANZO","TERESA","20180319","20221012","proporzionale","CAMPANIA 1 - 03","MOVIMENTO 5 STELLE",
"http://dati.camera.it/ocd/mandatoCamera.rdf/mc18_307328_20180319","http://dati.camera.it/ocd/deputato.rdf/d307328_18","MARATTIN","LUIGI","20180319","20221012","proporzionale","EMILIA-ROMAGNA - 04","PARTITO DEMOCRATICO",
"http://dati.camera.it/ocd/mandatoCamera.rdf/mc18_307466_20180319","http://dati.camera.it/ocd/deputato.rdf/d307466_18","MARROCCO","PATRIZIA","20180319","20221012","proporzionale","LAZIO 2 - 02","FORZA ITALIA",
"http://dati.camera.it/ocd/mandatoCamera.rdf/mc18_307466_20180319","http://dati.camera.it/ocd/deputato.rdf/d307466_18","MARROCCO","PATRIZIA","20180319","20221012","proporzionale","LAZIO 2 - 02","FORZA ITALIA",
"http://dati.camera.it/ocd/mandatoCamera.rdf/mc18_306551_20180319","http://dati.camera.it/ocd/deputato.rdf/d306551_18","MARTINA","MAURIZIO","20180319","20210120","proporzionale","LOMBARDIA 3 - 02","PARTITO DEMOCRATICO",
"http://dati.camera.it/ocd/mandatoCamera.rdf/mc18_306551_20180319","http://dati.camera.it/ocd/deputato.rdf/d306551_18","MARTINA","MAURIZIO","20180319","20210120","proporzionale","LOMBARDIA 3 - 02","PARTITO DEMOCRATICO",
"http://dati.camera.it/ocd/mandatoCamera.rdf/mc18_307354_20180319","http://dati.camera.it/ocd/deputato.rdf/d307354_18","MASI","ANGELA","20180319","20221012","proporzionale","PUGLIA - 01","MOVIMENTO 5 STELLE",
"http://dati.camera.it/ocd/mandatoCamera.rdf/mc18_307470_20180319","http://dati.camera.it/ocd/deputato.rdf/d307470_18","MATURI","FILIPPO","20180319","20221012","proporzionale","LAZIO 2 - 01","LEGA",
"http://dati.camera.it/ocd/mandatoCamera.rdf/mc18_307470_20180319","http://dati.camera.it/ocd/deputato.rdf/d307470_18","MATURI","FILIPPO","20180319","20221012","proporzionale","LAZIO 2 - 01","LEGA",
"http://dati.camera.it/ocd/mandatoCamera.rdf/mc18_306176_20180319","http://dati.camera.it/ocd/deputato.rdf/d306176_18","MAURI","MATTEO","20180319","20221012","proporzionale","LOMBARDIA 1 - 02","PARTITO DEMOCRATICO",
"http://dati.camera.it/ocd/mandatoCamera.rdf/mc18_306176_20180319","http://dati.camera.it/ocd/deputato.rdf/d306176_18","MAURI","MATTEO","20180319","20221012","proporzionale","LOMBARDIA 1 - 02","PARTITO DEMOCRATICO",
"http://dati.camera.it/ocd/mandatoCamera.rdf/mc18_307248_20180319","http://dati.camera.it/ocd/deputato.rdf/d307248_18","MAZZETTI","ERICA","20180319","20221012","proporzionale","TOSCANA - 01","FORZA ITALIA",
"http://dati.camera.it/ocd/mandatoCamera.rdf/mc18_305725_20180319","http://dati.camera.it/ocd/deputato.rdf/d305725_18","MELILLI","FABIO","20180319","20221012","proporzionale","LAZIO 2 - 01","PARTITO DEMOCRATICO",
"http://dati.camera.it/ocd/mandatoCamera.rdf/mc18_305725_20180319","http://dati.camera.it/ocd/deputato.rdf/d305725_18","MELILLI","FABIO","20180319","20221012","proporzionale","LAZIO 2 - 01","PARTITO DEMOCRATICO",
"http://dati.camera.it/ocd/mandatoCamera.rdf/mc18_307384_20180319","http://dati.camera.it/ocd/deputato.rdf/d307384_18","MICELI","CARMELO","20180319","20221012","proporzionale","SICILIA 1 - 02","PARTITO DEMOCRATICO",
"http://dati.camera.it/ocd/mandatoCamera.rdf/mc18_305894_20180319","http://dati.camera.it/ocd/deputato.rdf/d305894_18","MICILLO","SALVATORE","20180319","20221012","maggioritario","CAMPANIA 1 - 01",,
"http://dati.camera.it/ocd/mandatoCamera.rdf/mc18_302164_20180319","http://dati.camera.it/ocd/deputato.rdf/d302164_18","MIGLIORE","GENNARO","20180319","20221012","proporzionale","CAMPANIA 1 - 01","PARTITO DEMOCRATICO",
"http://dati.camera.it/ocd/mandatoCamera.rdf/mc18_307272_20180319","http://dati.camera.it/ocd/deputato.rdf/d307272_18","MIGLIORINO","LUCA","20180319","20221012","proporzionale","TOSCANA - 04","MOVIMENTO 5 STELLE",
"http://dati.camera.it/ocd/mandatoCamera.rdf/mc18_302913_20180319","http://dati.camera.it/ocd/deputato.rdf/d302913_18","MINARDO","ANTONINO","20180319","20221012","proporzionale","SICILIA 2 - 02","FORZA ITALIA",
"http://dati.camera.it/ocd/mandatoCamera.rdf/mc18_300146_20180319","http://dati.camera.it/ocd/deputato.rdf/d300146_18","MINNITI","DOMENICO","20180319","20210311","proporzionale","CAMPANIA 2 - 03","PARTITO DEMOCRATICO",
"http://dati.camera.it/ocd/mandatoCamera.rdf/mc18_307424_20180319","http://dati.camera.it/ocd/deputato.rdf/d307424_18","MOLLICONE","FEDERICO","20180319","20221012","proporzionale","LAZIO 1 - 01","FRATELLI D'ITALIA CON GIORGIA MELONI",
"http://dati.camera.it/ocd/mandatoCamera.rdf/mc18_307464_20180319","http://dati.camera.it/ocd/deputato.rdf/d307464_18","MONTARULI","AUGUSTA","20180319","20221012","maggioritario","PIEMONTE 1 - 01",,
"http://dati.camera.it/ocd/mandatoCamera.rdf/mc18_307464_20180319","http://dati.camera.it/ocd/deputato.rdf/d307464_18","MONTARULI","AUGUSTA","20180319","20221012","maggioritario","PIEMONTE 1 - 01",,
"http://dati.camera.it/ocd/mandatoCamera.rdf/mc18_305780_20180319","http://dati.camera.it/ocd/deputato.rdf/d305780_18","MORANI","ALESSIA","20180319","20221012","proporzionale","MARCHE - 02","PARTITO DEMOCRATICO",
"http://dati.camera.it/ocd/mandatoCamera.rdf/mc18_302794_20180319","http://dati.camera.it/ocd/deputato.rdf/d302794_18","MORASSUT","ROBERTO","20180319","20221012","proporzionale","LAZIO 1 - 03","PARTITO DEMOCRATICO",
"http://dati.camera.it/ocd/mandatoCamera.rdf/mc18_307668_20180319","http://dati.camera.it/ocd/deputato.rdf/d307668_18","MORELLI","ALESSANDRO","20180319","20221012","proporzionale","LOMBARDIA 1 - 03","LEGA",
"http://dati.camera.it/ocd/mandatoCamera.rdf/mc18_307668_20180319","http://dati.camera.it/ocd/deputato.rdf/d307668_18","MORELLI","ALESSANDRO","20180319","20221012","proporzionale","LOMBARDIA 1 - 03","LEGA",
"http://dati.camera.it/ocd/mandatoCamera.rdf/mc18_305660_20180319","http://dati.camera.it/ocd/deputato.rdf/d305660_18","MORETTO","SARA","20180319","20221012","proporzionale","VENETO 1 - 01","PARTITO DEMOCRATICO",
"http://dati.camera.it/ocd/mandatoCamera.rdf/mc18_305660_20180319","http://dati.camera.it/ocd/deputato.rdf/d305660_18","MORETTO","SARA","20180319","20221012","proporzionale","VENETO 1 - 01","PARTITO DEMOCRATICO",
"http://dati.camera.it/ocd/mandatoCamera.rdf/mc18_306445_20180319","http://dati.camera.it/ocd/deputato.rdf/d306445_18","MORGONI","MARIO","20180319","20221012","proporzionale","MARCHE - 01","PARTITO DEMOCRATICO",
"http://dati.camera.it/ocd/mandatoCamera.rdf/mc18_307300_20180319","http://dati.camera.it/ocd/deputato.rdf/d307300_18","MORRONE","JACOPO","20180319","20221012","proporzionale","EMILIA-ROMAGNA - 01","LEGA",
"http://dati.camera.it/ocd/mandatoCamera.rdf/mc18_307260_20180319","http://dati.camera.it/ocd/deputato.rdf/d307260_18","MUGNAI","STEFANO","20180319","20221012","proporzionale","TOSCANA - 03","FORZA ITALIA",
"http://dati.camera.it/ocd/mandatoCamera.rdf/mc18_306053_20180319","http://dati.camera.it/ocd/deputato.rdf/d306053_18","MURA","ROMINA","20180319","20221012","proporzionale","SARDEGNA - 01","PARTITO DEMOCRATICO",
"http://dati.camera.it/ocd/mandatoCamera.rdf/mc18_307336_20180319","http://dati.camera.it/ocd/deputato.rdf/d307336_18","MURELLI","ELENA","20180319","20221012","proporzionale","EMILIA-ROMAGNA - 04","LEGA",
"http://dati.camera.it/ocd/mandatoCamera.rdf/mc18_307296_20180319","http://dati.camera.it/ocd/deputato.rdf/d307296_18","MURONI","ROSSELLA","20180319","20221012","proporzionale","PUGLIA - 02","LIBERI E UGUALI",
"http://dati.camera.it/ocd/mandatoCamera.rdf/mc18_307649_20180319","http://dati.camera.it/ocd/deputato.rdf/d307649_18","NANNI","IOLANDA","20180319","20180827","proporzionale","LOMBARDIA 4 - 01","MOVIMENTO 5 STELLE",
"http://dati.camera.it/ocd/mandatoCamera.rdf/mc18_307649_20180319","http://dati.camera.it/ocd/deputato.rdf/d307649_18","NANNI","IOLANDA","20180319","20180827","proporzionale","LOMBARDIA 4 - 01","MOVIMENTO 5 STELLE",
"http://dati.camera.it/ocd/mandatoCamera.rdf/mc18_300387_20180319","http://dati.camera.it/ocd/deputato.rdf/d300387_18","NAPOLI","OSVALDO","20180319","20221012","proporzionale","PIEMONTE 2 - 01","FORZA ITALIA",
"http://dati.camera.it/ocd/mandatoCamera.rdf/mc18_300387_20180319","http://dati.camera.it/ocd/deputato.rdf/d300387_18","NAPOLI","OSVALDO","20180319","20221012","proporzionale","PIEMONTE 2 - 01","FORZA ITALIA",
"http://dati.camera.it/ocd/mandatoCamera.rdf/mc18_307213_20180319","http://dati.camera.it/ocd/deputato.rdf/d307213_18","NAPPI","SILVANA","20180319","20221012","maggioritario","CAMPANIA 1 - 03",,
"http://dati.camera.it/ocd/mandatoCamera.rdf/mc18_306193_20180319","http://dati.camera.it/ocd/deputato.rdf/d306193_18","NARDI","MARTINA","20180319","20221012","proporzionale","TOSCANA - 01","PARTITO DEMOCRATICO",
"http://dati.camera.it/ocd/mandatoCamera.rdf/mc18_307410_20180319","http://dati.camera.it/ocd/deputato.rdf/d307410_18","NAVARRA","PIETRO","20180319","20221012","proporzionale","SICILIA 2 - 01","PARTITO DEMOCRATICO",
"http://dati.camera.it/ocd/mandatoCamera.rdf/mc18_307449_20180319","http://dati.camera.it/ocd/deputato.rdf/d307449_18","NOBILI","LUCIANO","20180319","20221012","proporzionale","LAZIO 1 - 01","PARTITO DEMOCRATICO",
"http://dati.camera.it/ocd/mandatoCamera.rdf/mc18_307676_20180319","http://dati.camera.it/ocd/deputato.rdf/d307676_18","NOJA","LISA","20180319","20221012","proporzionale","LOMBARDIA 1 - 04","PARTITO DEMOCRATICO",
"http://dati.camera.it/ocd/mandatoCamera.rdf/mc18_307676_20180319","http://dati.camera.it/ocd/deputato.rdf/d307676_18","NOJA","LISA","20180319","20221012","proporzionale","LOMBARDIA 1 - 04","PARTITO DEMOCRATICO",
"http://dati.camera.it/ocd/mandatoCamera.rdf/mc18_307378_20180319","http://dati.camera.it/ocd/deputato.rdf/d307378_18","NOVELLI","ROBERTO","20180319","20221012","proporzionale","FRIULI-VENEZIA GIULIA - 01","FORZA ITALIA",
"http://dati.camera.it/ocd/mandatoCamera.rdf/mc18_307281_20180319","http://dati.camera.it/ocd/deputato.rdf/d307281_18","OCCHIONERO","GIUSEPPINA","20180319","20221012","proporzionale","MOLISE - 01","LIBERI E UGUALI",
"http://dati.camera.it/ocd/mandatoCamera.rdf/mc18_307674_20180319","http://dati.camera.it/ocd/deputato.rdf/d307674_18","OLGIATI","RICCARDO","20180319","20221012","proporzionale","LOMBARDIA 1 - 04","MOVIMENTO 5 STELLE",
"http://dati.camera.it/ocd/mandatoCamera.rdf/mc18_307674_20180319","http://dati.camera.it/ocd/deputato.rdf/d307674_18","OLGIATI","RICCARDO","20180319","20221012","proporzionale","LOMBARDIA 1 - 04","MOVIMENTO 5 STELLE",
"http://dati.camera.it/ocd/mandatoCamera.rdf/mc18_305815_20180319","http://dati.camera.it/ocd/deputato.rdf/d305815_18","ORFINI","MATTEO","20180319","20221012","proporzionale","LAZIO 1 - 02","PARTITO DEMOCRATICO",
"http://dati.camera.it/ocd/mandatoCamera.rdf/mc18_301463_20180319","http://dati.camera.it/ocd/deputato.rdf/d301463_18","ORLANDO","ANDREA","20180319","20221012","proporzionale","EMILIA-ROMAGNA - 04","PARTITO DEMOCRATICO",
"http://dati.camera.it/ocd/mandatoCamera.rdf/mc18_300299_20180319","http://dati.camera.it/ocd/deputato.rdf/d300299_18","ORSINI","ANDREA GIORGIO FELICE MARIA","20180319","20221012","proporzionale","LOMBARDIA 3 - 01","FORZA ITALIA",
"http://dati.camera.it/ocd/mandatoCamera.rdf/mc18_300299_20180319","http://dati.camera.it/ocd/deputato.rdf/d300299_18","ORSINI","ANDREA GIORGIO FELICE MARIA","20180319","20221012","proporzionale","LOMBARDIA 3 - 01","FORZA ITALIA",
"http://dati.camera.it/ocd/mandatoCamera.rdf/mc18_307612_20180319","http://dati.camera.it/ocd/deputato.rdf/d307612_18","OSNATO","MARCO","20180319","20221012","proporzionale","LOMBARDIA 2 - 02","FRATELLI D'ITALIA CON GIORGIA MELONI",
"http://dati.camera.it/ocd/mandatoCamera.rdf/mc18_307612_20180319","http://dati.camera.it/ocd/deputato.rdf/d307612_18","OSNATO","MARCO","20180319","20221012","proporzionale","LOMBARDIA 2 - 02","FRATELLI D'ITALIA CON GIORGIA MELONI",
"http://dati.camera.it/ocd/mandatoCamera.rdf/mc18_305866_20180319","http://dati.camera.it/ocd/deputato.rdf/d305866_18","PAGANI","ALBERTO","20180319","20221012","maggioritario","EMILIA-ROMAGNA - 01",,
"http://dati.camera.it/ocd/mandatoCamera.rdf/mc18_302964_20180319","http://dati.camera.it/ocd/deputato.rdf/d302964_18","PAGANO","ALESSANDRO SARO ALFONSO","20180319","20221012","proporzionale","SICILIA 1 - 03","LEGA",
"http://dati.camera.it/ocd/mandatoCamera.rdf/mc18_307304_20180319","http://dati.camera.it/ocd/deputato.rdf/d307304_18","PAGANO","UBALDO","20180319","20221012","proporzionale","PUGLIA - 03","PARTITO DEMOCRATICO",
"http://dati.camera.it/ocd/mandatoCamera.rdf/mc18_307535_20180319","http://dati.camera.it/ocd/deputato.rdf/d307535_18","PAITA","RAFFAELLA","20180319","20221012","proporzionale","LIGURIA - 02","PARTITO DEMOCRATICO",
"http://dati.camera.it/ocd/mandatoCamera.rdf/mc18_307535_20180319","http://dati.camera.it/ocd/deputato.rdf/d307535_18","PAITA","RAFFAELLA","20180319","20221012","proporzionale","LIGURIA - 02","PARTITO DEMOCRATICO",
"http://dati.camera.it/ocd/mandatoCamera.rdf/mc18_306304_20180319","http://dati.camera.it/ocd/deputato.rdf/d306304_18","PALAZZOTTO","ERASMO","20180319","20221012","proporzionale","SICILIA 1 - 01","LIBERI E UGUALI",
"http://dati.camera.it/ocd/mandatoCamera.rdf/mc18_307547_20180319","http://dati.camera.it/ocd/deputato.rdf/d307547_18","PALLINI","MARIA","20180319","20221012","proporzionale","CAMPANIA 2 - 01","MOVIMENTO 5 STELLE",
"http://dati.camera.it/ocd/mandatoCamera.rdf/mc18_307547_20180319","http://dati.camera.it/ocd/deputato.rdf/d307547_18","PALLINI","MARIA","20180319","20221012","proporzionale","CAMPANIA 2 - 01","MOVIMENTO 5 STELLE",
"http://dati.camera.it/ocd/mandatoCamera.rdf/mc18_300453_20180319","http://dati.camera.it/ocd/deputato.rdf/d300453_18","PALMIERI","ANTONIO","20180319","20221012","proporzionale","LOMBARDIA 2 - 02","FORZA ITALIA",
"http://dati.camera.it/ocd/mandatoCamera.rdf/mc18_300453_20180319","http://dati.camera.it/ocd/deputato.rdf/d300453_18","PALMIERI","ANTONIO","20180319","20221012","proporzionale","LOMBARDIA 2 - 02","FORZA ITALIA",
"http://dati.camera.it/ocd/mandatoCamera.rdf/mc18_307338_20180319","http://dati.camera.it/ocd/deputato.rdf/d307338_18","PALMISANO","VALENTINA","20180319","20221012","proporzionale","PUGLIA - 03","MOVIMENTO 5 STELLE",
"http://dati.camera.it/ocd/mandatoCamera.rdf/mc18_307376_20180319","http://dati.camera.it/ocd/deputato.rdf/d307376_18","PANIZZUT","MASSIMILIANO","20180319","20221012","proporzionale","FRIULI-VENEZIA GIULIA - 01","LEGA",
"http://dati.camera.it/ocd/mandatoCamera.rdf/mc18_302995_20180319","http://dati.camera.it/ocd/deputato.rdf/d302995_18","PAOLINI","LUCA RODOLFO","20180319","20221012","proporzionale","MARCHE - 02","LEGA",
"http://dati.camera.it/ocd/mandatoCamera.rdf/mc18_307408_20180319","http://dati.camera.it/ocd/deputato.rdf/d307408_18","PAPIRO","ANTONELLA","20180319","20221012","proporzionale","SICILIA 2 - 01","MOVIMENTO 5 STELLE",
"http://dati.camera.it/ocd/mandatoCamera.rdf/mc18_307181_20180319","http://dati.camera.it/ocd/deputato.rdf/d307181_18","PARISSE","MARTINA","20180319","20221012","proporzionale","MARCHE - 02","MOVIMENTO 5 STELLE",
"http://dati.camera.it/ocd/mandatoCamera.rdf/mc18_305733_20180319","http://dati.camera.it/ocd/deputato.rdf/d305733_18","PASTORINO","LUCA","20180319","20221012","proporzionale","LIGURIA - 02","LIBERI E UGUALI",
"http://dati.camera.it/ocd/mandatoCamera.rdf/mc18_305733_20180319","http://dati.camera.it/ocd/deputato.rdf/d305733_18","PASTORINO","LUCA","20180319","20221012","proporzionale","LIGURIA - 02","LIBERI E UGUALI",
"http://dati.camera.it/ocd/mandatoCamera.rdf/mc18_307522_20180319","http://dati.camera.it/ocd/deputato.rdf/d307522_18","PATELLI","CRISTINA","20180319","20221012","proporzionale","PIEMONTE 2 - 02","LEGA",
"http://dati.camera.it/ocd/mandatoCamera.rdf/mc18_307522_20180319","http://dati.camera.it/ocd/deputato.rdf/d307522_18","PATELLI","CRISTINA","20180319","20221012","proporzionale","PIEMONTE 2 - 02","LEGA",
"http://dati.camera.it/ocd/mandatoCamera.rdf/mc18_307496_20180319","http://dati.camera.it/ocd/deputato.rdf/d307496_18","PELLA","ROBERTO","20180319","20221012","proporzionale","PIEMONTE 1 - 02","FORZA ITALIA",
"http://dati.camera.it/ocd/mandatoCamera.rdf/mc18_307496_20180319","http://dati.camera.it/ocd/deputato.rdf/d307496_18","PELLA","ROBERTO","20180319","20221012","proporzionale","PIEMONTE 1 - 02","FORZA ITALIA",
"http://dati.camera.it/ocd/mandatoCamera.rdf/mc18_307704_20180319","http://dati.camera.it/ocd/deputato.rdf/d307704_18","PELLICANI","NICOLA","20180319","20221012","proporzionale","VENETO 1 - 01","PARTITO DEMOCRATICO",
"http://dati.camera.it/ocd/mandatoCamera.rdf/mc18_307704_20180319","http://dati.camera.it/ocd/deputato.rdf/d307704_18","PELLICANI","NICOLA","20180319","20221012","proporzionale","VENETO 1 - 01","PARTITO DEMOCRATICO",
"http://dati.camera.it/ocd/mandatoCamera.rdf/mc18_307183_20180319","http://dati.camera.it/ocd/deputato.rdf/d307183_18","PENTANGELO","ANTONIO","20180319","20221012","proporzionale","CAMPANIA 1 - 01","FORZA ITALIA",
"http://dati.camera.it/ocd/mandatoCamera.rdf/mc18_307396_20180319","http://dati.camera.it/ocd/deputato.rdf/d307396_18","PERCONTI","FILIPPO GIUSEPPE","20180319","20221012","proporzionale","SICILIA 1 - 03","MOVIMENTO 5 STELLE",
"http://dati.camera.it/ocd/mandatoCamera.rdf/mc18_307643_20180319","http://dati.camera.it/ocd/deputato.rdf/d307643_18","PEREGO DI CREMNAGO","MATTEO","20180319","20221012","proporzionale","LOMBARDIA 4 - 01","FORZA ITALIA",
"http://dati.camera.it/ocd/mandatoCamera.rdf/mc18_307643_20180319","http://dati.camera.it/ocd/deputato.rdf/d307643_18","PEREGO DI CREMNAGO","MATTEO","20180319","20221012","proporzionale","LOMBARDIA 4 - 01","FORZA ITALIA",
"http://dati.camera.it/ocd/mandatoCamera.rdf/mc18_307513_20180319","http://dati.camera.it/ocd/deputato.rdf/d307513_18","PETTAZZI","LINO","20180319","20221012","proporzionale","PIEMONTE 2 - 01","LEGA",
"http://dati.camera.it/ocd/mandatoCamera.rdf/mc18_307513_20180319","http://dati.camera.it/ocd/deputato.rdf/d307513_18","PETTAZZI","LINO","20180319","20221012","proporzionale","PIEMONTE 2 - 01","LEGA",
"http://dati.camera.it/ocd/mandatoCamera.rdf/mc18_306466_20180319","http://dati.camera.it/ocd/deputato.rdf/d306466_18","PEZZOPANE","STEFANIA","20180319","20221012","proporzionale","ABRUZZO - 02","PARTITO DEMOCRATICO",
"http://dati.camera.it/ocd/mandatoCamera.rdf/mc18_307310_20180319","http://dati.camera.it/ocd/deputato.rdf/d307310_18","PIASTRA","CARLO","20180319","20221012","proporzionale","EMILIA-ROMAGNA - 02","LEGA",
"http://dati.camera.it/ocd/mandatoCamera.rdf/mc18_301500_20180319","http://dati.camera.it/ocd/deputato.rdf/d301500_18","PICCHI","GUGLIELMO","20180319","20221012","proporzionale","TOSCANA - 01","LEGA",
"http://dati.camera.it/ocd/mandatoCamera.rdf/mc18_305997_20180319","http://dati.camera.it/ocd/deputato.rdf/d305997_18","PICCOLI","FLAVIA","20180319","20221012","proporzionale","LAZIO 1 - 01","PARTITO DEMOCRATICO",
"http://dati.camera.it/ocd/mandatoCamera.rdf/mc18_305914_20180319","http://dati.camera.it/ocd/deputato.rdf/d305914_18","PINI","GIUDITTA","20180319","20221012","proporzionale","EMILIA-ROMAGNA - 01","PARTITO DEMOCRATICO",
"http://dati.camera.it/ocd/mandatoCamera.rdf/mc18_307223_20180319","http://dati.camera.it/ocd/deputato.rdf/d307223_18","PITTALIS","PIETRO","20180319","20221012","proporzionale","SARDEGNA - 02","FORZA ITALIA",
"http://dati.camera.it/ocd/mandatoCamera.rdf/mc18_302759_20180319","http://dati.camera.it/ocd/deputato.rdf/d302759_18","PIZZETTI","LUCIANO","20180319","20221012","proporzionale","LOMBARDIA 4 - 02","PARTITO DEMOCRATICO",
"http://dati.camera.it/ocd/mandatoCamera.rdf/mc18_302759_20180319","http://dati.camera.it/ocd/deputato.rdf/d302759_18","PIZZETTI","LUCIANO","20180319","20221012","proporzionale","LOMBARDIA 4 - 02","PARTITO DEMOCRATICO",
"http://dati.camera.it/ocd/mandatoCamera.rdf/mc18_302968_20180319","http://dati.camera.it/ocd/deputato.rdf/d302968_18","POLIDORI","CATIA","20180319","20221012","proporzionale","UMBRIA - 01","FORZA ITALIA",
"http://dati.camera.it/ocd/mandatoCamera.rdf/mc18_34180_20180319","http://dati.camera.it/ocd/deputato.rdf/d34180_18","POLLASTRINI","BARBARA MARIA SIMONETTA","20180319","20221012","proporzionale","LOMBARDIA 1 - 01","PARTITO DEMOCRATICO",
"http://dati.camera.it/ocd/mandatoCamera.rdf/mc18_34180_20180319","http://dati.camera.it/ocd/deputato.rdf/d34180_18","POLLASTRINI","BARBARA MARIA SIMONETTA","20180319","20221012","proporzionale","LOMBARDIA 1 - 01","PARTITO DEMOCRATICO",
"http://dati.camera.it/ocd/mandatoCamera.rdf/mc18_305761_20180319","http://dati.camera.it/ocd/deputato.rdf/d305761_18","POLVERINI","RENATA","20180319","20221012","proporzionale","LAZIO 2 - 01","FORZA ITALIA",
"http://dati.camera.it/ocd/mandatoCamera.rdf/mc18_305761_20180319","http://dati.camera.it/ocd/deputato.rdf/d305761_18","POLVERINI","RENATA","20180319","20221012","proporzionale","LAZIO 2 - 01","FORZA ITALIA",
"http://dati.camera.it/ocd/mandatoCamera.rdf/mc18_307474_20180319","http://dati.camera.it/ocd/deputato.rdf/d307474_18","PORCHIETTO","CLAUDIA","20180319","20221012","maggioritario","PIEMONTE 1 - 02",,
"http://dati.camera.it/ocd/mandatoCamera.rdf/mc18_307474_20180319","http://dati.camera.it/ocd/deputato.rdf/d307474_18","PORCHIETTO","CLAUDIA","20180319","20221012","maggioritario","PIEMONTE 1 - 02",,
"http://dati.camera.it/ocd/mandatoCamera.rdf/mc18_302782_20180319","http://dati.camera.it/ocd/deputato.rdf/d302782_18","PORTAS","GIACOMO","20180319","20221012","proporzionale","PIEMONTE 1 - 01","PARTITO DEMOCRATICO",
"http://dati.camera.it/ocd/mandatoCamera.rdf/mc18_302782_20180319","http://dati.camera.it/ocd/deputato.rdf/d302782_18","PORTAS","GIACOMO","20180319","20221012","proporzionale","PIEMONTE 1 - 01","PARTITO DEMOCRATICO",
"http://dati.camera.it/ocd/mandatoCamera.rdf/mc18_307270_20180319","http://dati.camera.it/ocd/deputato.rdf/d307270_18","POTENTI","MANFREDI","20180319","20221012","proporzionale","TOSCANA - 04","LEGA",
"http://dati.camera.it/ocd/mandatoCamera.rdf/mc18_38350_20180319","http://dati.camera.it/ocd/deputato.rdf/d38350_18","PRESTIGIACOMO","STEFANIA","20180319","20221012","proporzionale","SICILIA 2 - 03","FORZA ITALIA",
"http://dati.camera.it/ocd/mandatoCamera.rdf/mc18_306101_20180319","http://dati.camera.it/ocd/deputato.rdf/d306101_18","RACITI","FAUSTO","20180319","20221012","proporzionale","SICILIA 2 - 03","PARTITO DEMOCRATICO",
"http://dati.camera.it/ocd/mandatoCamera.rdf/mc18_307406_20180319","http://dati.camera.it/ocd/deputato.rdf/d307406_18","RAFFA","ANGELA","20180319","20221012","proporzionale","SICILIA 2 - 01","MOVIMENTO 5 STELLE",
"http://dati.camera.it/ocd/mandatoCamera.rdf/mc18_307288_20180319","http://dati.camera.it/ocd/deputato.rdf/d307288_18","RAFFAELLI","ELENA","20180319","20221012","maggioritario","EMILIA-ROMAGNA - 01",,
"http://dati.camera.it/ocd/mandatoCamera.rdf/mc18_301436_20180319","http://dati.camera.it/ocd/deputato.rdf/d301436_18","RAMPELLI","FABIO","20180319","20221012","proporzionale","LAZIO 1 - 03","FRATELLI D'ITALIA CON GIORGIA MELONI",
"http://dati.camera.it/ocd/mandatoCamera.rdf/mc18_307628_20180319","http://dati.camera.it/ocd/deputato.rdf/d307628_18","RIBOLLA","ALBERTO","20180319","20221012","proporzionale","LOMBARDIA 3 - 02","LEGA",
"http://dati.camera.it/ocd/mandatoCamera.rdf/mc18_307628_20180319","http://dati.camera.it/ocd/deputato.rdf/d307628_18","RIBOLLA","ALBERTO","20180319","20221012","proporzionale","LOMBARDIA 3 - 02","LEGA",
"http://dati.camera.it/ocd/mandatoCamera.rdf/mc18_307250_20180319","http://dati.camera.it/ocd/deputato.rdf/d307250_18","RICCIARDI","RICCARDO","20180319","20221012","proporzionale","TOSCANA - 01","MOVIMENTO 5 STELLE",
"http://dati.camera.it/ocd/mandatoCamera.rdf/mc18_307268_20180319","http://dati.camera.it/ocd/deputato.rdf/d307268_18","RIPANI","ELISABETTA","20180319","20221012","proporzionale","TOSCANA - 04","FORZA ITALIA",
"http://dati.camera.it/ocd/mandatoCamera.rdf/mc18_304521_20180319","http://dati.camera.it/ocd/deputato.rdf/d304521_18","RIXI","EDOARDO","20180319","20221012","proporzionale","LIGURIA - 02","LEGA",
"http://dati.camera.it/ocd/mandatoCamera.rdf/mc18_305688_20180319","http://dati.camera.it/ocd/deputato.rdf/d305688_18","RIZZETTO","WALTER","20180319","20221012","proporzionale","FRIULI-VENEZIA GIULIA - 01","FRATELLI D'ITALIA CON GIORGIA MELONI",
"http://dati.camera.it/ocd/mandatoCamera.rdf/mc18_306088_20180319","http://dati.camera.it/ocd/deputato.rdf/d306088_18","RIZZO","GIANLUCA","20180319","20221012","proporzionale","SICILIA 2 - 03","MOVIMENTO 5 STELLE",
"http://dati.camera.it/ocd/mandatoCamera.rdf/mc18_307322_20180319","http://dati.camera.it/ocd/deputato.rdf/d307322_18","RIZZO NERVO","LUCA","20180319","20221012","proporzionale","EMILIA-ROMAGNA - 03","PARTITO DEMOCRATICO",
"http://dati.camera.it/ocd/mandatoCamera.rdf/mc18_307646_20180319","http://dati.camera.it/ocd/deputato.rdf/d307646_18","ROMANIELLO","CRISTIAN","20180319","20221012","proporzionale","LOMBARDIA 4 - 01","MOVIMENTO 5 STELLE",
"http://dati.camera.it/ocd/mandatoCamera.rdf/mc18_307646_20180319","http://dati.camera.it/ocd/deputato.rdf/d307646_18","ROMANIELLO","CRISTIAN","20180319","20221012","proporzionale","LOMBARDIA 4 - 01","MOVIMENTO 5 STELLE",
"http://dati.camera.it/ocd/mandatoCamera.rdf/mc18_306030_20180319","http://dati.camera.it/ocd/deputato.rdf/d306030_18","ROMANO","PAOLO NICOLO'","20180319","20221012","proporzionale","PIEMONTE 2 - 01","MOVIMENTO 5 STELLE",
"http://dati.camera.it/ocd/mandatoCamera.rdf/mc18_306030_20180319","http://dati.camera.it/ocd/deputato.rdf/d306030_18","ROMANO","PAOLO NICOLO'","20180319","20221012","proporzionale","PIEMONTE 2 - 01","MOVIMENTO 5 STELLE",
"http://dati.camera.it/ocd/mandatoCamera.rdf/mc18_300674_20180319","http://dati.camera.it/ocd/deputato.rdf/d300674_18","ROSATO","ETTORE","20180319","20221012","proporzionale","FRIULI-VENEZIA GIULIA - 01","PARTITO DEMOCRATICO",
"http://dati.camera.it/ocd/mandatoCamera.rdf/mc18_307678_20180319","http://dati.camera.it/ocd/deputato.rdf/d307678_18","ROSSELLO","CRISTINA","20180319","20221012","proporzionale","LOMBARDIA 1 - 04","FORZA ITALIA",
"http://dati.camera.it/ocd/mandatoCamera.rdf/mc18_307678_20180319","http://dati.camera.it/ocd/deputato.rdf/d307678_18","ROSSELLO","CRISTINA","20180319","20221012","proporzionale","LOMBARDIA 1 - 04","FORZA ITALIA",
"http://dati.camera.it/ocd/mandatoCamera.rdf/mc18_307306_20180319","http://dati.camera.it/ocd/deputato.rdf/d307306_18","ROSSI","ANDREA","20180319","20221012","proporzionale","EMILIA-ROMAGNA - 02","PARTITO DEMOCRATICO",
"http://dati.camera.it/ocd/mandatoCamera.rdf/mc18_307710_20180319","http://dati.camera.it/ocd/deputato.rdf/d307710_18","ROSSINI","EMANUELA","20180319","20221012","proporzionale","TRENTINO-ALTO ADIGE/SÜDTIROL - 01","SVP - PATT",
"http://dati.camera.it/ocd/mandatoCamera.rdf/mc18_307710_20180319","http://dati.camera.it/ocd/deputato.rdf/d307710_18","ROSSINI","EMANUELA","20180319","20221012","proporzionale","TRENTINO-ALTO ADIGE/SÜDTIROL - 01","SVP - PATT",
"http://dati.camera.it/ocd/mandatoCamera.rdf/mc18_307179_20180319","http://dati.camera.it/ocd/deputato.rdf/d307179_18","ROSSINI","ROBERTO","20180319","20221012","proporzionale","MARCHE - 02","MOVIMENTO 5 STELLE",
"http://dati.camera.it/ocd/mandatoCamera.rdf/mc18_307461_20180319","http://dati.camera.it/ocd/deputato.rdf/d307461_18","ROSSO","ROBERTO","20180319","20221012","maggioritario","PIEMONTE 1 - 01",,
"http://dati.camera.it/ocd/mandatoCamera.rdf/mc18_307461_20180319","http://dati.camera.it/ocd/deputato.rdf/d307461_18","ROSSO","ROBERTO","20180319","20221012","maggioritario","PIEMONTE 1 - 01",,
"http://dati.camera.it/ocd/mandatoCamera.rdf/mc18_305859_20180319","http://dati.camera.it/ocd/deputato.rdf/d305859_18","ROSTAN","MICHELA","20180319","20221012","proporzionale","CAMPANIA 1 - 01","LIBERI E UGUALI",
"http://dati.camera.it/ocd/mandatoCamera.rdf/mc18_38560_20180319","http://dati.camera.it/ocd/deputato.rdf/d38560_18","ROTONDI","GIANFRANCO","20180319","20221012","proporzionale","ABRUZZO - 01","FORZA ITALIA",
"http://dati.camera.it/ocd/mandatoCamera.rdf/mc18_305650_20180319","http://dati.camera.it/ocd/deputato.rdf/d305650_18","ROTTA","ALESSIA","20180319","20221012","proporzionale","TOSCANA - 04","PARTITO DEMOCRATICO",
"http://dati.camera.it/ocd/mandatoCamera.rdf/mc18_307478_20180319","http://dati.camera.it/ocd/deputato.rdf/d307478_18","RUFFINO","DANIELA","20180319","20221012","maggioritario","PIEMONTE 1 - 02",,
"http://dati.camera.it/ocd/mandatoCamera.rdf/mc18_307478_20180319","http://dati.camera.it/ocd/deputato.rdf/d307478_18","RUFFINO","DANIELA","20180319","20221012","maggioritario","PIEMONTE 1 - 02",,
"http://dati.camera.it/ocd/mandatoCamera.rdf/mc18_307422_20180319","http://dati.camera.it/ocd/deputato.rdf/d307422_18","RUGGIERI","ANDREA","20180319","20221012","proporzionale","LAZIO 1 - 01","FORZA ITALIA",
"http://dati.camera.it/ocd/mandatoCamera.rdf/mc18_305796_20180319","http://dati.camera.it/ocd/deputato.rdf/d305796_18","RUOCCO","CARLA","20180319","20221012","proporzionale","LAZIO 1 - 01","MOVIMENTO 5 STELLE",
"http://dati.camera.it/ocd/mandatoCamera.rdf/mc18_307553_20180319","http://dati.camera.it/ocd/deputato.rdf/d307553_18","RUSSO","GIOVANNI","20180319","20221012","proporzionale","CAMPANIA 2 - 02","MOVIMENTO 5 STELLE",
"http://dati.camera.it/ocd/mandatoCamera.rdf/mc18_50213_20180319","http://dati.camera.it/ocd/deputato.rdf/d50213_18","RUSSO","PAOLO","20180319","20221012","proporzionale","CAMPANIA 1 - 03","FORZA ITALIA",
"http://dati.camera.it/ocd/mandatoCamera.rdf/mc18_307659_20180319","http://dati.camera.it/ocd/deputato.rdf/d307659_18","SACCANI","GLORIA","20180319","20221012","proporzionale","LOMBARDIA 1 - 01","FORZA ITALIA",
"http://dati.camera.it/ocd/mandatoCamera.rdf/mc18_307659_20180319","http://dati.camera.it/ocd/deputato.rdf/d307659_18","SACCANI","GLORIA","20180319","20221012","proporzionale","LOMBARDIA 1 - 01","FORZA ITALIA",
"http://dati.camera.it/ocd/mandatoCamera.rdf/mc18_307439_20180319","http://dati.camera.it/ocd/deputato.rdf/d307439_18","SALAFIA","ANGELA","20180319","20221012","proporzionale","LAZIO 1 - 02","MOVIMENTO 5 STELLE",
"http://dati.camera.it/ocd/mandatoCamera.rdf/mc18_302914_20180319","http://dati.camera.it/ocd/deputato.rdf/d302914_18","SALTAMARTINI","BARBARA","20180319","20221012","proporzionale","LAZIO 1 - 02","LEGA",
"http://dati.camera.it/ocd/mandatoCamera.rdf/mc18_307191_20180319","http://dati.camera.it/ocd/deputato.rdf/d307191_18","SARLI","DORIANA","20180319","20221012","maggioritario","CAMPANIA 1 - 02",,
"http://dati.camera.it/ocd/mandatoCamera.rdf/mc18_303108_20180319","http://dati.camera.it/ocd/deputato.rdf/d303108_18","SARRO","CARLO","20180319","20221012","proporzionale","CAMPANIA 2 - 02","FORZA ITALIA",
"http://dati.camera.it/ocd/mandatoCamera.rdf/mc18_303108_20180319","http://dati.camera.it/ocd/deputato.rdf/d303108_18","SARRO","CARLO","20180319","20221012","proporzionale","CAMPANIA 2 - 02","FORZA ITALIA",
"http://dati.camera.it/ocd/mandatoCamera.rdf/mc18_305960_20180319","http://dati.camera.it/ocd/deputato.rdf/d305960_18","SARTI","GIULIA","20180319","20221012","proporzionale","EMILIA-ROMAGNA - 01","MOVIMENTO 5 STELLE",
"http://dati.camera.it/ocd/mandatoCamera.rdf/mc18_307360_20180319","http://dati.camera.it/ocd/deputato.rdf/d307360_18","SASSO","ROSSANO","20180319","20221012","proporzionale","PUGLIA - 02","LEGA",
"http://dati.camera.it/ocd/mandatoCamera.rdf/mc18_302882_20180319","http://dati.camera.it/ocd/deputato.rdf/d302882_18","SAVINO","ELVIRA","20180319","20221012","proporzionale","PUGLIA - 02","FORZA ITALIA",
"http://dati.camera.it/ocd/mandatoCamera.rdf/mc18_305933_20180319","http://dati.camera.it/ocd/deputato.rdf/d305933_18","SCALFAROTTO","IVAN","20180319","20221012","proporzionale","LOMBARDIA 1 - 03","PARTITO DEMOCRATICO",
"http://dati.camera.it/ocd/mandatoCamera.rdf/mc18_305933_20180319","http://dati.camera.it/ocd/deputato.rdf/d305933_18","SCALFAROTTO","IVAN","20180319","20221012","proporzionale","LOMBARDIA 1 - 03","PARTITO DEMOCRATICO",
"http://dati.camera.it/ocd/mandatoCamera.rdf/mc18_307221_20180319","http://dati.camera.it/ocd/deputato.rdf/d307221_18","SCANU","LUCIA","20180319","20221012","proporzionale","SARDEGNA - 01","MOVIMENTO 5 STELLE",
"http://dati.camera.it/ocd/mandatoCamera.rdf/mc18_307418_20180319","http://dati.camera.it/ocd/deputato.rdf/d307418_18","SCERRA","FILIPPO","20180319","20221012","proporzionale","SICILIA 2 - 03","MOVIMENTO 5 STELLE",
"http://dati.camera.it/ocd/mandatoCamera.rdf/mc18_305586_20180319","http://dati.camera.it/ocd/deputato.rdf/d305586_18","SCHULLIAN","MANFRED","20180319","20221012","proporzionale","TRENTINO-ALTO ADIGE/SÜDTIROL - 01","SVP - PATT",
"http://dati.camera.it/ocd/mandatoCamera.rdf/mc18_305586_20180319","http://dati.camera.it/ocd/deputato.rdf/d305586_18","SCHULLIAN","MANFRED","20180319","20221012","proporzionale","TRENTINO-ALTO ADIGE/SÜDTIROL - 01","SVP - PATT",
"http://dati.camera.it/ocd/mandatoCamera.rdf/mc18_306483_20180319","http://dati.camera.it/ocd/deputato.rdf/d306483_18","SCOMA","FRANCESCO","20180319","20221012","proporzionale","SICILIA 1 - 01","FORZA ITALIA",
"http://dati.camera.it/ocd/mandatoCamera.rdf/mc18_307488_20180319","http://dati.camera.it/ocd/deputato.rdf/d307488_18","SEGNERI","ENRICA","20180319","20221012","proporzionale","LAZIO 2 - 02","MOVIMENTO 5 STELLE",
"http://dati.camera.it/ocd/mandatoCamera.rdf/mc18_307488_20180319","http://dati.camera.it/ocd/deputato.rdf/d307488_18","SEGNERI","ENRICA","20180319","20221012","proporzionale","LAZIO 2 - 02","MOVIMENTO 5 STELLE",
"http://dati.camera.it/ocd/mandatoCamera.rdf/mc18_307266_20180319","http://dati.camera.it/ocd/deputato.rdf/d307266_18","SENSI","FILIPPO","20180319","20221012","proporzionale","TOSCANA - 03","PARTITO DEMOCRATICO",
"http://dati.camera.it/ocd/mandatoCamera.rdf/mc18_307374_20180319","http://dati.camera.it/ocd/deputato.rdf/d307374_18","SERRACCHIANI","DEBORA","20180319","20221012","proporzionale","FRIULI-VENEZIA GIULIA - 01","PARTITO DEMOCRATICO",
"http://dati.camera.it/ocd/mandatoCamera.rdf/mc18_307498_20180319","http://dati.camera.it/ocd/deputato.rdf/d307498_18","SERRITELLA","DAVIDE","20180319","20221012","proporzionale","PIEMONTE 1 - 01","MOVIMENTO 5 STELLE",
"http://dati.camera.it/ocd/mandatoCamera.rdf/mc18_307498_20180319","http://dati.camera.it/ocd/deputato.rdf/d307498_18","SERRITELLA","DAVIDE","20180319","20221012","proporzionale","PIEMONTE 1 - 01","MOVIMENTO 5 STELLE",
"http://dati.camera.it/ocd/mandatoCamera.rdf/mc18_34510_20180319","http://dati.camera.it/ocd/deputato.rdf/d34510_18","SGARBI","VITTORIO","20180319","20221012","proporzionale","EMILIA-ROMAGNA - 02","FORZA ITALIA",
"http://dati.camera.it/ocd/mandatoCamera.rdf/mc18_307187_20180319","http://dati.camera.it/ocd/deputato.rdf/d307187_18","SIANI","PAOLO","20180319","20221012","proporzionale","CAMPANIA 1 - 02","PARTITO DEMOCRATICO",
"http://dati.camera.it/ocd/mandatoCamera.rdf/mc18_305918_20180319","http://dati.camera.it/ocd/deputato.rdf/d305918_18","SIBILIA","CARLO","20180319","20221012","proporzionale","CAMPANIA 2 - 01","MOVIMENTO 5 STELLE",
"http://dati.camera.it/ocd/mandatoCamera.rdf/mc18_305918_20180319","http://dati.camera.it/ocd/deputato.rdf/d305918_18","SIBILIA","CARLO","20180319","20221012","proporzionale","CAMPANIA 2 - 01","MOVIMENTO 5 STELLE",
"http://dati.camera.it/ocd/mandatoCamera.rdf/mc18_303110_20180319","http://dati.camera.it/ocd/deputato.rdf/d303110_18","SIBILIA","COSIMO","20180319","20221012","proporzionale","CAMPANIA 2 - 01","FORZA ITALIA",
"http://dati.camera.it/ocd/mandatoCamera.rdf/mc18_303110_20180319","http://dati.camera.it/ocd/deputato.rdf/d303110_18","SIBILIA","COSIMO","20180319","20221012","proporzionale","CAMPANIA 2 - 01","FORZA ITALIA",
"http://dati.camera.it/ocd/mandatoCamera.rdf/mc18_307447_20180319","http://dati.camera.it/ocd/deputato.rdf/d307447_18","SILVESTRI","FRANCESCO","20180319","20221012","proporzionale","LAZIO 1 - 03","MOVIMENTO 5 STELLE",
"http://dati.camera.it/ocd/mandatoCamera.rdf/mc18_307175_20180319","http://dati.camera.it/ocd/deputato.rdf/d307175_18","SILVESTRI","RACHELE","20180319","20221012","proporzionale","MARCHE - 01","MOVIMENTO 5 STELLE",
"http://dati.camera.it/ocd/mandatoCamera.rdf/mc18_307402_20180319","http://dati.camera.it/ocd/deputato.rdf/d307402_18","SIRACUSANO","MATILDE","20180319","20221012","proporzionale","SICILIA 1 - 02","FORZA ITALIA",
"http://dati.camera.it/ocd/mandatoCamera.rdf/mc18_302886_20180319","http://dati.camera.it/ocd/deputato.rdf/d302886_18","SISTO","FRANCESCO PAOLO","20180319","20221012","proporzionale","PUGLIA - 01","FORZA ITALIA",
"http://dati.camera.it/ocd/mandatoCamera.rdf/mc18_307276_20180319","http://dati.camera.it/ocd/deputato.rdf/d307276_18","SOVERINI","SERSE","20180319","20221012","maggioritario","EMILIA-ROMAGNA - 03",,
"http://dati.camera.it/ocd/mandatoCamera.rdf/mc18_307517_20180319","http://dati.camera.it/ocd/deputato.rdf/d307517_18","SOZZANI","DIEGO","20180319","20221012","proporzionale","PIEMONTE 2 - 02","FORZA ITALIA",
"http://dati.camera.it/ocd/mandatoCamera.rdf/mc18_307517_20180319","http://dati.camera.it/ocd/deputato.rdf/d307517_18","SOZZANI","DIEGO","20180319","20221012","proporzionale","PIEMONTE 2 - 02","FORZA ITALIA",
"http://dati.camera.it/ocd/mandatoCamera.rdf/mc18_307190_20180319","http://dati.camera.it/ocd/deputato.rdf/d307190_18","SPADAFORA","VINCENZO","20180319","20221012","maggioritario","CAMPANIA 1 - 01",,
"http://dati.camera.it/ocd/mandatoCamera.rdf/mc18_305970_20180319","http://dati.camera.it/ocd/deputato.rdf/d305970_18","SPADONI","MARIA EDERA","20180319","20221012","proporzionale","EMILIA-ROMAGNA - 04","MOVIMENTO 5 STELLE",
"http://dati.camera.it/ocd/mandatoCamera.rdf/mc18_305974_20180319","http://dati.camera.it/ocd/deputato.rdf/d305974_18","SPERANZA","ROBERTO","20180319","20221012","proporzionale","TOSCANA - 03","LIBERI E UGUALI",
"http://dati.camera.it/ocd/mandatoCamera.rdf/mc18_305668_20180319","http://dati.camera.it/ocd/deputato.rdf/d305668_18","SPESSOTTO","ARIANNA","20180319","20221012","proporzionale","VENETO 1 - 01","MOVIMENTO 5 STELLE",
"http://dati.camera.it/ocd/mandatoCamera.rdf/mc18_305668_20180319","http://dati.camera.it/ocd/deputato.rdf/d305668_18","SPESSOTTO","ARIANNA","20180319","20221012","proporzionale","VENETO 1 - 01","MOVIMENTO 5 STELLE",
"http://dati.camera.it/ocd/mandatoCamera.rdf/mc18_307202_20180319","http://dati.camera.it/ocd/deputato.rdf/d307202_18","SPORTIELLO","GILDA","20180319","20221012","proporzionale","CAMPANIA 1 - 02","MOVIMENTO 5 STELLE",
"http://dati.camera.it/ocd/mandatoCamera.rdf/mc18_307382_20180319","http://dati.camera.it/ocd/deputato.rdf/d307382_18","SUT","LUCA","20180319","20221012","proporzionale","FRIULI-VENEZIA GIULIA - 01","MOVIMENTO 5 STELLE",
"http://dati.camera.it/ocd/mandatoCamera.rdf/mc18_307316_20180319","http://dati.camera.it/ocd/deputato.rdf/d307316_18","TARTAGLIONE","ANNAELSA","20180319","20221012","proporzionale","PUGLIA - 04","FORZA ITALIA",
"http://dati.camera.it/ocd/mandatoCamera.rdf/mc18_307362_20180319","http://dati.camera.it/ocd/deputato.rdf/d307362_18","TATEO","ANNA RITA","20180319","20221012","proporzionale","PUGLIA - 03","LEGA",
"http://dati.camera.it/ocd/mandatoCamera.rdf/mc18_307636_20180319","http://dati.camera.it/ocd/deputato.rdf/d307636_18","TERMINI","GUIA","20180319","20221012","proporzionale","LOMBARDIA 3 - 02","MOVIMENTO 5 STELLE",
"http://dati.camera.it/ocd/mandatoCamera.rdf/mc18_307636_20180319","http://dati.camera.it/ocd/deputato.rdf/d307636_18","TERMINI","GUIA","20180319","20221012","proporzionale","LOMBARDIA 3 - 02","MOVIMENTO 5 STELLE",
"http://dati.camera.it/ocd/mandatoCamera.rdf/mc18_307664_20180319","http://dati.camera.it/ocd/deputato.rdf/d307664_18","TERZI","CLAUDIA MARIA","20180319","20180627","proporzionale","LOMBARDIA 1 - 02","LEGA",
"http://dati.camera.it/ocd/mandatoCamera.rdf/mc18_307664_20180319","http://dati.camera.it/ocd/deputato.rdf/d307664_18","TERZI","CLAUDIA MARIA","20180319","20180627","proporzionale","LOMBARDIA 1 - 02","LEGA",
"http://dati.camera.it/ocd/mandatoCamera.rdf/mc18_305910_20180319","http://dati.camera.it/ocd/deputato.rdf/d305910_18","TOFALO","ANGELO","20180319","20221012","proporzionale","CAMPANIA 2 - 03","MOVIMENTO 5 STELLE",
"http://dati.camera.it/ocd/mandatoCamera.rdf/mc18_305910_20180319","http://dati.camera.it/ocd/deputato.rdf/d305910_18","TOFALO","ANGELO","20180319","20221012","proporzionale","CAMPANIA 2 - 03","MOVIMENTO 5 STELLE",
"http://dati.camera.it/ocd/mandatoCamera.rdf/mc18_307279_20180319","http://dati.camera.it/ocd/deputato.rdf/d307279_18","TOMASI","MAURA","20180319","20221012","maggioritario","EMILIA-ROMAGNA - 02",,
"http://dati.camera.it/ocd/mandatoCamera.rdf/mc18_307286_20180319","http://dati.camera.it/ocd/deputato.rdf/d307286_18","TOMBOLATO","GIOVANNI BATTISTA","20180319","20221012","maggioritario","EMILIA-ROMAGNA - 04",,
"http://dati.camera.it/ocd/mandatoCamera.rdf/mc18_307324_20180319","http://dati.camera.it/ocd/deputato.rdf/d307324_18","TONELLI","GIANNI","20180319","20221012","proporzionale","EMILIA-ROMAGNA - 03","LEGA",
"http://dati.camera.it/ocd/mandatoCamera.rdf/mc18_307189_20180319","http://dati.camera.it/ocd/deputato.rdf/d307189_18","TOPO","RAFFAELE","20180319","20221012","proporzionale","CAMPANIA 1 - 03","PARTITO DEMOCRATICO",
"http://dati.camera.it/ocd/mandatoCamera.rdf/mc18_307234_20180319","http://dati.camera.it/ocd/deputato.rdf/d307234_18","TORTO","DANIELA","20180319","20221012","proporzionale","ABRUZZO - 01","MOVIMENTO 5 STELLE",
"http://dati.camera.it/ocd/mandatoCamera.rdf/mc18_307486_20180319","http://dati.camera.it/ocd/deputato.rdf/d307486_18","TRANO","RAFFAELE","20180319","20221012","proporzionale","LAZIO 2 - 02","MOVIMENTO 5 STELLE",
"http://dati.camera.it/ocd/mandatoCamera.rdf/mc18_307486_20180319","http://dati.camera.it/ocd/deputato.rdf/d307486_18","TRANO","RAFFAELE","20180319","20221012","proporzionale","LAZIO 2 - 02","MOVIMENTO 5 STELLE",
"http://dati.camera.it/ocd/mandatoCamera.rdf/mc18_306230_20180319","http://dati.camera.it/ocd/deputato.rdf/d306230_18","TRIPIEDI","DAVIDE","20180319","20221012","proporzionale","LOMBARDIA 1 - 01","MOVIMENTO 5 STELLE",
"http://dati.camera.it/ocd/mandatoCamera.rdf/mc18_306230_20180319","http://dati.camera.it/ocd/deputato.rdf/d306230_18","TRIPIEDI","DAVIDE","20180319","20221012","proporzionale","LOMBARDIA 1 - 01","MOVIMENTO 5 STELLE",
"http://dati.camera.it/ocd/mandatoCamera.rdf/mc18_307352_20180319","http://dati.camera.it/ocd/deputato.rdf/d307352_18","TROIANO","FRANCESCA","20180319","20221012","proporzionale","PUGLIA - 04","MOVIMENTO 5 STELLE",
"http://dati.camera.it/ocd/mandatoCamera.rdf/mc18_307443_20180319","http://dati.camera.it/ocd/deputato.rdf/d307443_18","TUZI","MANUEL","20180319","20221012","proporzionale","LAZIO 1 - 02","MOVIMENTO 5 STELLE",
"http://dati.camera.it/ocd/mandatoCamera.rdf/mc18_306058_20180319","http://dati.camera.it/ocd/deputato.rdf/d306058_18","VACCA","GIANLUCA","20180319","20221012","proporzionale","ABRUZZO - 01","MOVIMENTO 5 STELLE",
"http://dati.camera.it/ocd/mandatoCamera.rdf/mc18_305717_20180319","http://dati.camera.it/ocd/deputato.rdf/d305717_18","VALENTE","SIMONE","20180319","20221012","proporzionale","LIGURIA - 02","MOVIMENTO 5 STELLE",
"http://dati.camera.it/ocd/mandatoCamera.rdf/mc18_305717_20180319","http://dati.camera.it/ocd/deputato.rdf/d305717_18","VALENTE","SIMONE","20180319","20221012","proporzionale","LIGURIA - 02","MOVIMENTO 5 STELLE",
"http://dati.camera.it/ocd/mandatoCamera.rdf/mc18_301559_20180319","http://dati.camera.it/ocd/deputato.rdf/d301559_18","VALENTINI","VALENTINO","20180319","20221012","proporzionale","LOMBARDIA 1 - 02","FORZA ITALIA",
"http://dati.camera.it/ocd/mandatoCamera.rdf/mc18_301559_20180319","http://dati.camera.it/ocd/deputato.rdf/d301559_18","VALENTINI","VALENTINO","20180319","20221012","proporzionale","LOMBARDIA 1 - 02","FORZA ITALIA",
"http://dati.camera.it/ocd/mandatoCamera.rdf/mc18_306034_20180319","http://dati.camera.it/ocd/deputato.rdf/d306034_18","VALLASCAS","ANDREA","20180319","20221012","proporzionale","SARDEGNA - 01","MOVIMENTO 5 STELLE",
"http://dati.camera.it/ocd/mandatoCamera.rdf/mc18_307694_20180319","http://dati.camera.it/ocd/deputato.rdf/d307694_18","VALLOTTO","SERGIO","20180319","20221012","proporzionale","VENETO 1 - 01","LEGA",
"http://dati.camera.it/ocd/mandatoCamera.rdf/mc18_307694_20180319","http://dati.camera.it/ocd/deputato.rdf/d307694_18","VALLOTTO","SERGIO","20180319","20221012","proporzionale","VENETO 1 - 01","LEGA",
"http://dati.camera.it/ocd/mandatoCamera.rdf/mc18_307400_20180319","http://dati.camera.it/ocd/deputato.rdf/d307400_18","VARCHI","MARIA CAROLINA","20180319","20221012","proporzionale","SICILIA 1 - 03","FRATELLI D'ITALIA CON GIORGIA MELONI",
"http://dati.camera.it/ocd/mandatoCamera.rdf/mc18_307386_20180319","http://dati.camera.it/ocd/deputato.rdf/d307386_18","VARRICA","ADRIANO","20180319","20221012","proporzionale","SICILIA 1 - 01","MOVIMENTO 5 STELLE",
"http://dati.camera.it/ocd/mandatoCamera.rdf/mc18_305735_20180319","http://dati.camera.it/ocd/deputato.rdf/d305735_18","VAZIO","FRANCO","20180319","20221012","proporzionale","LIGURIA - 01","PARTITO DEMOCRATICO",
"http://dati.camera.it/ocd/mandatoCamera.rdf/mc18_305735_20180319","http://dati.camera.it/ocd/deputato.rdf/d305735_18","VAZIO","FRANCO","20180319","20221012","proporzionale","LIGURIA - 01","PARTITO DEMOCRATICO",
"http://dati.camera.it/ocd/mandatoCamera.rdf/mc18_302774_20180319","http://dati.camera.it/ocd/deputato.rdf/d302774_18","VERINI","WALTER","20180319","20221012","proporzionale","UMBRIA - 01","PARTITO DEMOCRATICO",
"http://dati.camera.it/ocd/mandatoCamera.rdf/mc18_307358_20180319","http://dati.camera.it/ocd/deputato.rdf/d307358_18","VIANELLO","GIOVANNI","20180319","20221012","proporzionale","PUGLIA - 03","MOVIMENTO 5 STELLE",
"http://dati.camera.it/ocd/mandatoCamera.rdf/mc18_307277_20180319","http://dati.camera.it/ocd/deputato.rdf/d307277_18","VIETINA","SIMONA","20180319","20221012","maggioritario","EMILIA-ROMAGNA - 01",,
"http://dati.camera.it/ocd/mandatoCamera.rdf/mc18_305798_20180319","http://dati.camera.it/ocd/deputato.rdf/d305798_18","VIGNAROLI","STEFANO","20180319","20221012","proporzionale","LAZIO 1 - 03","MOVIMENTO 5 STELLE",
"http://dati.camera.it/ocd/mandatoCamera.rdf/mc18_307334_20180319","http://dati.camera.it/ocd/deputato.rdf/d307334_18","VINCI","GIANLUCA","20180319","20221012","proporzionale","EMILIA-ROMAGNA - 04","LEGA",
"http://dati.camera.it/ocd/mandatoCamera.rdf/mc18_307196_20180319","http://dati.camera.it/ocd/deputato.rdf/d307196_18","VITIELLO","CATELLO","20180319","20221012","maggioritario","CAMPANIA 1 - 03",,
"http://dati.camera.it/ocd/mandatoCamera.rdf/mc18_34730_20180319","http://dati.camera.it/ocd/deputato.rdf/d34730_18","VITO","ELIO","20180319","20220713","proporzionale","PUGLIA - 02","FORZA ITALIA",
"http://dati.camera.it/ocd/mandatoCamera.rdf/mc18_307533_20180319","http://dati.camera.it/ocd/deputato.rdf/d307533_18","VIVIANI","LORENZO","20180319","20221012","proporzionale","LIGURIA - 02","LEGA",
"http://dati.camera.it/ocd/mandatoCamera.rdf/mc18_307533_20180319","http://dati.camera.it/ocd/deputato.rdf/d307533_18","VIVIANI","LORENZO","20180319","20221012","proporzionale","LIGURIA - 02","LEGA",
"http://dati.camera.it/ocd/mandatoCamera.rdf/mc18_307252_20180319","http://dati.camera.it/ocd/deputato.rdf/d307252_18","VIZZINI","GLORIA","20180319","20221012","proporzionale","TOSCANA - 01","MOVIMENTO 5 STELLE",
"http://dati.camera.it/ocd/mandatoCamera.rdf/mc18_307519_20180319","http://dati.camera.it/ocd/deputato.rdf/d307519_18","VOLPI","LEDA","20180319","20221012","proporzionale","LIGURIA - 01","MOVIMENTO 5 STELLE",
"http://dati.camera.it/ocd/mandatoCamera.rdf/mc18_307519_20180319","http://dati.camera.it/ocd/deputato.rdf/d307519_18","VOLPI","LEDA","20180319","20221012","proporzionale","LIGURIA - 01","MOVIMENTO 5 STELLE",
"http://dati.camera.it/ocd/mandatoCamera.rdf/mc18_307492_20180319","http://dati.camera.it/ocd/deputato.rdf/d307492_18","ZANGRILLO","PAOLO","20180319","20221012","proporzionale","PIEMONTE 1 - 01","FORZA ITALIA",
"http://dati.camera.it/ocd/mandatoCamera.rdf/mc18_307492_20180319","http://dati.camera.it/ocd/deputato.rdf/d307492_18","ZANGRILLO","PAOLO","20180319","20221012","proporzionale","PIEMONTE 1 - 01","FORZA ITALIA",
"http://dati.camera.it/ocd/mandatoCamera.rdf/mc18_307326_20180319","http://dati.camera.it/ocd/deputato.rdf/d307326_18","ZANICHELLI","DAVIDE","20180319","20221012","proporzionale","EMILIA-ROMAGNA - 04","MOVIMENTO 5 STELLE",
"http://dati.camera.it/ocd/mandatoCamera.rdf/mc18_307616_20180319","http://dati.camera.it/ocd/deputato.rdf/d307616_18","ZOFFILI","EUGENIO","20180319","20221012","proporzionale","LOMBARDIA 2 - 02","LEGA",
"http://dati.camera.it/ocd/mandatoCamera.rdf/mc18_307616_20180319","http://dati.camera.it/ocd/deputato.rdf/d307616_18","ZOFFILI","EUGENIO","20180319","20221012","proporzionale","LOMBARDIA 2 - 02","LEGA",
"http://dati.camera.it/ocd/mandatoCamera.rdf/mc18_305598_20180319","http://dati.camera.it/ocd/deputato.rdf/d305598_18","ZOLEZZI","ALBERTO","20180319","20221012","proporzionale","LOMBARDIA 4 - 02","MOVIMENTO 5 STELLE",
"http://dati.camera.it/ocd/mandatoCamera.rdf/mc18_305598_20180319","http://dati.camera.it/ocd/deputato.rdf/d305598_18","ZOLEZZI","ALBERTO","20180319","20221012","proporzionale","LOMBARDIA 4 - 02","MOVIMENTO 5 STELLE",
"http://dati.camera.it/ocd/mandatoCamera.rdf/mc18_307597_20180320","http://dati.camera.it/ocd/deputato.rdf/d307597_18","ANNIBALI","LUCIA","20180320","20221012","proporzionale","VENETO 2 - 02","PARTITO DEMOCRATICO",
"http://dati.camera.it/ocd/mandatoCamera.rdf/mc18_307597_20180320","http://dati.camera.it/ocd/deputato.rdf/d307597_18","ANNIBALI","LUCIA","20180320","20221012","proporzionale","VENETO 2 - 02","PARTITO DEMOCRATICO",
"http://dati.camera.it/ocd/mandatoCamera.rdf/mc18_305604_20180320","http://dati.camera.it/ocd/deputato.rdf/d305604_18","BENEDETTI","SILVIA","20180320","20221012","proporzionale","VENETO 2 - 01","MOVIMENTO 5 STELLE",
"http://dati.camera.it/ocd/mandatoCamera.rdf/mc18_305604_20180320","http://dati.camera.it/ocd/deputato.rdf/d305604_18","BENEDETTI","SILVIA","20180320","20221012","proporzionale","VENETO 2 - 01","MOVIMENTO 5 STELLE",
"http://dati.camera.it/ocd/mandatoCamera.rdf/mc18_302124_20180320","http://dati.camera.it/ocd/deputato.rdf/d302124_18","BIANCOFIORE","MICHAELA","20180320","20221012","proporzionale","EMILIA-ROMAGNA - 04","FORZA ITALIA",
"http://dati.camera.it/ocd/mandatoCamera.rdf/mc18_302124_20180320","http://dati.camera.it/ocd/deputato.rdf/d302124_18","BIANCOFIORE","MICHAELA","20180320","20221012","proporzionale","EMILIA-ROMAGNA - 04","FORZA ITALIA",
"http://dati.camera.it/ocd/mandatoCamera.rdf/mc18_302824_20180320","http://dati.camera.it/ocd/deputato.rdf/d302824_18","BITONCI","MASSIMO","20180320","20221012","proporzionale","VENETO 2 - 01","LEGA",
"http://dati.camera.it/ocd/mandatoCamera.rdf/mc18_302824_20180320","http://dati.camera.it/ocd/deputato.rdf/d302824_18","BITONCI","MASSIMO","20180320","20221012","proporzionale","VENETO 2 - 01","LEGA",
"http://dati.camera.it/ocd/mandatoCamera.rdf/mc18_306134_20180320","http://dati.camera.it/ocd/deputato.rdf/d306134_18","BRUNO BOSSIO","VINCENZA","20180320","20221012","proporzionale","CALABRIA - 01","PARTITO DEMOCRATICO",
"http://dati.camera.it/ocd/mandatoCamera.rdf/mc18_306134_20180320","http://dati.camera.it/ocd/deputato.rdf/d306134_18","BRUNO BOSSIO","VINCENZA","20180320","20221012","proporzionale","CALABRIA - 01","PARTITO DEMOCRATICO",
"http://dati.camera.it/ocd/mandatoCamera.rdf/mc18_305602_20180320","http://dati.camera.it/ocd/deputato.rdf/d305602_18","BUSINAROLO","FRANCESCA","20180320","20221012","proporzionale","VENETO 2 - 03","MOVIMENTO 5 STELLE",
"http://dati.camera.it/ocd/mandatoCamera.rdf/mc18_305632_20180320","http://dati.camera.it/ocd/deputato.rdf/d305632_18","CAON","ROBERTO","20180320","20221012","proporzionale","VENETO 2 - 01","FORZA ITALIA",
"http://dati.camera.it/ocd/mandatoCamera.rdf/mc18_305632_20180320","http://dati.camera.it/ocd/deputato.rdf/d305632_18","CAON","ROBERTO","20180320","20221012","proporzionale","VENETO 2 - 01","FORZA ITALIA",
"http://dati.camera.it/ocd/mandatoCamera.rdf/mc18_307582_20180320","http://dati.camera.it/ocd/deputato.rdf/d307582_18","COVOLO","SILVIA","20180320","20221012","proporzionale","VENETO 2 - 02","LEGA",
"http://dati.camera.it/ocd/mandatoCamera.rdf/mc18_307582_20180320","http://dati.camera.it/ocd/deputato.rdf/d307582_18","COVOLO","SILVIA","20180320","20221012","proporzionale","VENETO 2 - 02","LEGA",
"http://dati.camera.it/ocd/mandatoCamera.rdf/mc18_307595_20180320","http://dati.camera.it/ocd/deputato.rdf/d307595_18","CUNIAL","SARA","20180320","20221012","proporzionale","VENETO 2 - 02","MOVIMENTO 5 STELLE",
"http://dati.camera.it/ocd/mandatoCamera.rdf/mc18_307595_20180320","http://dati.camera.it/ocd/deputato.rdf/d307595_18","CUNIAL","SARA","20180320","20221012","proporzionale","VENETO 2 - 02","MOVIMENTO 5 STELLE",
"http://dati.camera.it/ocd/mandatoCamera.rdf/mc18_302832_20180320","http://dati.camera.it/ocd/deputato.rdf/d302832_18","DAL MORO","GIAN PIETRO","20180320","20221012","proporzionale","VENETO 2 - 03","PARTITO DEMOCRATICO",
"http://dati.camera.it/ocd/mandatoCamera.rdf/mc18_302832_20180320","http://dati.camera.it/ocd/deputato.rdf/d302832_18","DAL MORO","GIAN PIETRO","20180320","20221012","proporzionale","VENETO 2 - 03","PARTITO DEMOCRATICO",
"http://dati.camera.it/ocd/mandatoCamera.rdf/mc18_307708_20180320","http://dati.camera.it/ocd/deputato.rdf/d307708_18","DE CARLO","LUCA","20180320","20200805","proporzionale","VENETO 1 - 02","FRATELLI D'ITALIA CON GIORGIA MELONI",
"http://dati.camera.it/ocd/mandatoCamera.rdf/mc18_307708_20180320","http://dati.camera.it/ocd/deputato.rdf/d307708_18","DE CARLO","LUCA","20180320","20200805","proporzionale","VENETO 1 - 02","FRATELLI D'ITALIA CON GIORGIA MELONI",
"http://dati.camera.it/ocd/mandatoCamera.rdf/mc18_305612_20180320","http://dati.camera.it/ocd/deputato.rdf/d305612_18","FANTINATI","MATTIA","20180320","20221012","proporzionale","VENETO 2 - 03","MOVIMENTO 5 STELLE",
"http://dati.camera.it/ocd/mandatoCamera.rdf/mc18_305612_20180320","http://dati.camera.it/ocd/deputato.rdf/d305612_18","FANTINATI","MATTIA","20180320","20221012","proporzionale","VENETO 2 - 03","MOVIMENTO 5 STELLE",
"http://dati.camera.it/ocd/mandatoCamera.rdf/mc18_307591_20180320","http://dati.camera.it/ocd/deputato.rdf/d307591_18","FONTANA","LORENZO","20180320","20221012","proporzionale","VENETO 2 - 03","LEGA",
"http://dati.camera.it/ocd/mandatoCamera.rdf/mc18_307591_20180320","http://dati.camera.it/ocd/deputato.rdf/d307591_18","FONTANA","LORENZO","20180320","20221012","proporzionale","VENETO 2 - 03","LEGA",
"http://dati.camera.it/ocd/mandatoCamera.rdf/mc18_307720_20180320","http://dati.camera.it/ocd/deputato.rdf/d307720_18","FORCINITI","FRANCESCO","20180320","20221012","proporzionale","CALABRIA - 01","MOVIMENTO 5 STELLE",
"http://dati.camera.it/ocd/mandatoCamera.rdf/mc18_307720_20180320","http://dati.camera.it/ocd/deputato.rdf/d307720_18","FORCINITI","FRANCESCO","20180320","20221012","proporzionale","CALABRIA - 01","MOVIMENTO 5 STELLE",
"http://dati.camera.it/ocd/mandatoCamera.rdf/mc18_307718_20180320","http://dati.camera.it/ocd/deputato.rdf/d307718_18","FURGIUELE","DOMENICO","20180320","20221012","proporzionale","CALABRIA - 02","LEGA",
"http://dati.camera.it/ocd/mandatoCamera.rdf/mc18_307718_20180320","http://dati.camera.it/ocd/deputato.rdf/d307718_18","FURGIUELE","DOMENICO","20180320","20221012","proporzionale","CALABRIA - 02","LEGA",
"http://dati.camera.it/ocd/mandatoCamera.rdf/mc18_306432_20180320","http://dati.camera.it/ocd/deputato.rdf/d306432_18","MARIN","MARCO","20180320","20221012","proporzionale","VENETO 2 - 03","FORZA ITALIA",
"http://dati.camera.it/ocd/mandatoCamera.rdf/mc18_306432_20180320","http://dati.camera.it/ocd/deputato.rdf/d306432_18","MARIN","MARCO","20180320","20221012","proporzionale","VENETO 2 - 03","FORZA ITALIA",
"http://dati.camera.it/ocd/mandatoCamera.rdf/mc18_307575_20180320","http://dati.camera.it/ocd/deputato.rdf/d307575_18","MASCHIO","CIRO","20180320","20221012","proporzionale","VENETO 2 - 03","FRATELLI D'ITALIA CON GIORGIA MELONI",
"http://dati.camera.it/ocd/mandatoCamera.rdf/mc18_307575_20180320","http://dati.camera.it/ocd/deputato.rdf/d307575_18","MASCHIO","CIRO","20180320","20221012","proporzionale","VENETO 2 - 03","FRATELLI D'ITALIA CON GIORGIA MELONI",
"http://dati.camera.it/ocd/mandatoCamera.rdf/mc18_307724_20180320","http://dati.camera.it/ocd/deputato.rdf/d307724_18","MELICCHIO","ALESSANDRO","20180320","20221012","proporzionale","CALABRIA - 01","MOVIMENTO 5 STELLE",
"http://dati.camera.it/ocd/mandatoCamera.rdf/mc18_307724_20180320","http://dati.camera.it/ocd/deputato.rdf/d307724_18","MELICCHIO","ALESSANDRO","20180320","20221012","proporzionale","CALABRIA - 01","MOVIMENTO 5 STELLE",
"http://dati.camera.it/ocd/mandatoCamera.rdf/mc18_306109_20180320","http://dati.camera.it/ocd/deputato.rdf/d306109_18","NESCI","DALILA","20180320","20221012","proporzionale","CALABRIA - 02","MOVIMENTO 5 STELLE",
"http://dati.camera.it/ocd/mandatoCamera.rdf/mc18_306109_20180320","http://dati.camera.it/ocd/deputato.rdf/d306109_18","NESCI","DALILA","20180320","20221012","proporzionale","CALABRIA - 02","MOVIMENTO 5 STELLE",
"http://dati.camera.it/ocd/mandatoCamera.rdf/mc18_302969_20180320","http://dati.camera.it/ocd/deputato.rdf/d302969_18","OCCHIUTO","ROBERTO","20180320","20211104","proporzionale","CALABRIA - 01","FORZA ITALIA",
"http://dati.camera.it/ocd/mandatoCamera.rdf/mc18_302969_20180320","http://dati.camera.it/ocd/deputato.rdf/d302969_18","OCCHIUTO","ROBERTO","20180320","20211104","proporzionale","CALABRIA - 01","FORZA ITALIA",
"http://dati.camera.it/ocd/mandatoCamera.rdf/mc18_306124_20180320","http://dati.camera.it/ocd/deputato.rdf/d306124_18","PARENTELA","PAOLO","20180320","20221012","proporzionale","CALABRIA - 02","MOVIMENTO 5 STELLE",
"http://dati.camera.it/ocd/mandatoCamera.rdf/mc18_306124_20180320","http://dati.camera.it/ocd/deputato.rdf/d306124_18","PARENTELA","PAOLO","20180320","20221012","proporzionale","CALABRIA - 02","MOVIMENTO 5 STELLE",
"http://dati.camera.it/ocd/mandatoCamera.rdf/mc18_307585_20180320","http://dati.camera.it/ocd/deputato.rdf/d307585_18","PRETTO","ERIK UMBERTO","20180320","20221012","proporzionale","VENETO 2 - 02","LEGA",
"http://dati.camera.it/ocd/mandatoCamera.rdf/mc18_307585_20180320","http://dati.camera.it/ocd/deputato.rdf/d307585_18","PRETTO","ERIK UMBERTO","20180320","20221012","proporzionale","VENETO 2 - 02","LEGA",
"http://dati.camera.it/ocd/mandatoCamera.rdf/mc18_307593_20180320","http://dati.camera.it/ocd/deputato.rdf/d307593_18","RADUZZI","RAPHAEL","20180320","20221012","proporzionale","VENETO 2 - 01","MOVIMENTO 5 STELLE",
"http://dati.camera.it/ocd/mandatoCamera.rdf/mc18_307593_20180320","http://dati.camera.it/ocd/deputato.rdf/d307593_18","RADUZZI","RAPHAEL","20180320","20221012","proporzionale","VENETO 2 - 01","MOVIMENTO 5 STELLE",
"http://dati.camera.it/ocd/mandatoCamera.rdf/mc18_300306_20180320","http://dati.camera.it/ocd/deputato.rdf/d300306_18","SANTELLI","JOLE","20180320","20200331","proporzionale","CALABRIA - 02","FORZA ITALIA",
"http://dati.camera.it/ocd/mandatoCamera.rdf/mc18_300306_20180320","http://dati.camera.it/ocd/deputato.rdf/d300306_18","SANTELLI","JOLE","20180320","20200331","proporzionale","CALABRIA - 02","FORZA ITALIA",
"http://dati.camera.it/ocd/mandatoCamera.rdf/mc18_307714_20180320","http://dati.camera.it/ocd/deputato.rdf/d307714_18","SEGNANA","STEFANIA","20180320","20190109","proporzionale","TRENTINO-ALTO ADIGE/SÜDTIROL - 01","LEGA",
"http://dati.camera.it/ocd/mandatoCamera.rdf/mc18_307714_20180320","http://dati.camera.it/ocd/deputato.rdf/d307714_18","SEGNANA","STEFANIA","20180320","20190109","proporzionale","TRENTINO-ALTO ADIGE/SÜDTIROL - 01","LEGA",
"http://dati.camera.it/ocd/mandatoCamera.rdf/mc18_306139_20180320","http://dati.camera.it/ocd/deputato.rdf/d306139_18","STUMPO","NICOLA","20180320","20221012","proporzionale","CALABRIA - 02","LIBERI E UGUALI",
"http://dati.camera.it/ocd/mandatoCamera.rdf/mc18_306139_20180320","http://dati.camera.it/ocd/deputato.rdf/d306139_18","STUMPO","NICOLA","20180320","20221012","proporzionale","CALABRIA - 02","LIBERI E UGUALI",
"http://dati.camera.it/ocd/mandatoCamera.rdf/mc18_307728_20180320","http://dati.camera.it/ocd/deputato.rdf/d307728_18","TRIPODI","MARIA","20180320","20221012","proporzionale","CALABRIA - 02","FORZA ITALIA",
"http://dati.camera.it/ocd/mandatoCamera.rdf/mc18_307728_20180320","http://dati.camera.it/ocd/deputato.rdf/d307728_18","TRIPODI","MARIA","20180320","20221012","proporzionale","CALABRIA - 02","FORZA ITALIA",
"http://dati.camera.it/ocd/mandatoCamera.rdf/mc18_307726_20180320","http://dati.camera.it/ocd/deputato.rdf/d307726_18","TUCCI","RICCARDO","20180320","20221012","proporzionale","CALABRIA - 02","MOVIMENTO 5 STELLE",
"http://dati.camera.it/ocd/mandatoCamera.rdf/mc18_307726_20180320","http://dati.camera.it/ocd/deputato.rdf/d307726_18","TUCCI","RICCARDO","20180320","20221012","proporzionale","CALABRIA - 02","MOVIMENTO 5 STELLE",
"http://dati.camera.it/ocd/mandatoCamera.rdf/mc18_307589_20180320","http://dati.camera.it/ocd/deputato.rdf/d307589_18","TURRI","ROBERTO","20180320","20221012","proporzionale","VENETO 2 - 03","LEGA",
"http://dati.camera.it/ocd/mandatoCamera.rdf/mc18_307589_20180320","http://dati.camera.it/ocd/deputato.rdf/d307589_18","TURRI","ROBERTO","20180320","20221012","proporzionale","VENETO 2 - 03","LEGA",
"http://dati.camera.it/ocd/mandatoCamera.rdf/mc18_307587_20180320","http://dati.camera.it/ocd/deputato.rdf/d307587_18","VALBUSA","VANIA","20180320","20221012","proporzionale","VENETO 2 - 03","LEGA",
"http://dati.camera.it/ocd/mandatoCamera.rdf/mc18_307587_20180320","http://dati.camera.it/ocd/deputato.rdf/d307587_18","VALBUSA","VANIA","20180320","20221012","proporzionale","VENETO 2 - 03","LEGA",
"http://dati.camera.it/ocd/mandatoCamera.rdf/mc18_307730_20180320","http://dati.camera.it/ocd/deputato.rdf/d307730_18","VISCOMI","ANTONIO","20180320","20221012","proporzionale","CALABRIA - 02","PARTITO DEMOCRATICO",
"http://dati.camera.it/ocd/mandatoCamera.rdf/mc18_307730_20180320","http://dati.camera.it/ocd/deputato.rdf/d307730_18","VISCOMI","ANTONIO","20180320","20221012","proporzionale","CALABRIA - 02","PARTITO DEMOCRATICO",
"http://dati.camera.it/ocd/mandatoCamera.rdf/mc18_306272_20180320","http://dati.camera.it/ocd/deputato.rdf/d306272_18","ZAN","ALESSANDRO","20180320","20221012","proporzionale","VENETO 2 - 01","PARTITO DEMOCRATICO",
"http://dati.camera.it/ocd/mandatoCamera.rdf/mc18_306272_20180320","http://dati.camera.it/ocd/deputato.rdf/d306272_18","ZAN","ALESSANDRO","20180320","20221012","proporzionale","VENETO 2 - 01","PARTITO DEMOCRATICO",
"http://dati.camera.it/ocd/mandatoCamera.rdf/mc18_305640_20180320","http://dati.camera.it/ocd/deputato.rdf/d305640_18","ZARDINI","DIEGO","20180320","20221012","proporzionale","VENETO 2 - 03","PARTITO DEMOCRATICO",
"http://dati.camera.it/ocd/mandatoCamera.rdf/mc18_305640_20180320","http://dati.camera.it/ocd/deputato.rdf/d305640_18","ZARDINI","DIEGO","20180320","20221012","proporzionale","VENETO 2 - 03","PARTITO DEMOCRATICO",
"http://dati.camera.it/ocd/mandatoCamera.rdf/mc18_307578_20180320","http://dati.camera.it/ocd/deputato.rdf/d307578_18","ZORDAN","ADOLFO","20180320","20221012","proporzionale","VENETO 2 - 01","LEGA",
"http://dati.camera.it/ocd/mandatoCamera.rdf/mc18_307578_20180320","http://dati.camera.it/ocd/deputato.rdf/d307578_18","ZORDAN","ADOLFO","20180320","20221012","proporzionale","VENETO 2 - 01","LEGA",
"http://dati.camera.it/ocd/mandatoCamera.rdf/mc18_307722_20180321","http://dati.camera.it/ocd/deputato.rdf/d307722_18","SCUTELLA'","ELISA","20180321","20221012","proporzionale","CALABRIA - 01","MOVIMENTO 5 STELLE",
"http://dati.camera.it/ocd/mandatoCamera.rdf/mc18_307722_20180321","http://dati.camera.it/ocd/deputato.rdf/d307722_18","SCUTELLA'","ELISA","20180321","20221012","proporzionale","CALABRIA - 01","MOVIMENTO 5 STELLE",
"http://dati.camera.it/ocd/mandatoCamera.rdf/mc18_307981_20180725","http://dati.camera.it/ocd/deputato.rdf/d307981_18","BUBISUTTI","AURELIA","20180725","20221012","proporzionale","FRIULI-VENEZIA GIULIA - 01","LEGA","nodeID://b19450469253386317"
"http://dati.camera.it/ocd/mandatoCamera.rdf/mc18_307983_20180725","http://dati.camera.it/ocd/deputato.rdf/d307983_18","TOCCALINI","LUCA","20180725","20221012","proporzionale","LOMBARDIA 1 - 02","LEGA","nodeID://b19450415939530462"
"http://dati.camera.it/ocd/mandatoCamera.rdf/mc18_308001_20180911","http://dati.camera.it/ocd/deputato.rdf/d308001_18","BARZOTTI","VALENTINA","20180911","20221012","proporzionale","LOMBARDIA 4 - 01","MOVIMENTO 5 STELLE","nodeID://b19450517023703078"
"http://dati.camera.it/ocd/mandatoCamera.rdf/mc18_308021_20180925","http://dati.camera.it/ocd/deputato.rdf/d308021_18","BURATTI","UMBERTO","20180925","20221012","proporzionale","TOSCANA - 01","PARTITO DEMOCRATICO","nodeID://b19450455405905195"
"http://dati.camera.it/ocd/mandatoCamera.rdf/mc18_308061_20190109","http://dati.camera.it/ocd/deputato.rdf/d308061_18","PICCOLO","TIZIANA","20190109","20221012","proporzionale","TRENTINO-ALTO ADIGE/SÜDTIROL - 01","LEGA","nodeID://b19450400744988572"
"http://dati.camera.it/ocd/mandatoCamera.rdf/mc18_308080_20190122","http://dati.camera.it/ocd/deputato.rdf/d308080_18","FRAILIS","ANDREA","20190122","20221012","maggioritario suppletiva","SARDEGNA",,"nodeID://b19450518405632848"
"http://dati.camera.it/ocd/mandatoCamera.rdf/mc18_308101_20190315","http://dati.camera.it/ocd/deputato.rdf/d308101_18","MANTOVANI","LUCREZIA MARIA BENEDETTA","20190315","20221012","proporzionale","LOMBARDIA 3 - 02","FRATELLI D'ITALIA CON GIORGIA MELONI","nodeID://b19450471817496116"
"http://dati.camera.it/ocd/mandatoCamera.rdf/mc18_308140_20190530","http://dati.camera.it/ocd/deputato.rdf/d308140_18","LOSS","MARTINA","20190530","20221012","maggioritario suppletiva","TRENTINO-ALTO ADIGE/SÜDTIROL",,"nodeID://b19450483382441415"
"http://dati.camera.it/ocd/mandatoCamera.rdf/mc18_308141_20190530","http://dati.camera.it/ocd/deputato.rdf/d308141_18","SUTTO","MAURO","20190530","20221012","maggioritario suppletiva","TRENTINO-ALTO ADIGE/SÜDTIROL",,"nodeID://b19450409815874696"
"http://dati.camera.it/ocd/mandatoCamera.rdf/mc18_308181_20190627","http://dati.camera.it/ocd/deputato.rdf/d308181_18","BALDINI","MARIA TERESA","20190627","20221012","proporzionale","LOMBARDIA 1 - 03","FRATELLI D'ITALIA CON GIORGIA MELONI","nodeID://b19450365000618106"
"http://dati.camera.it/ocd/mandatoCamera.rdf/mc18_308241_20200304","http://dati.camera.it/ocd/deputato.rdf/d308241_18","GUALTIERI","ROBERTO","20200304","20211104","maggioritario suppletiva","LAZIO 1",,"nodeID://b100454183437163701"
"http://dati.camera.it/ocd/mandatoCamera.rdf/mc18_308341_20200331","http://dati.camera.it/ocd/deputato.rdf/d308341_18","GIANNETTA","DOMENICO","20200331","20200507","proporzionale","CALABRIA - 02","FORZA ITALIA","nodeID://b53276008661329169"
"http://dati.camera.it/ocd/mandatoCamera.rdf/mc18_308361_20200507","http://dati.camera.it/ocd/deputato.rdf/d308361_18","TORROMINO","SERGIO","20200507","20221012","proporzionale","CALABRIA - 01","FORZA ITALIA","nodeID://b19450292415168672"
"http://dati.camera.it/ocd/mandatoCamera.rdf/mc18_308381_20200805","http://dati.camera.it/ocd/deputato.rdf/d308381_18","PAOLIN","GIUSEPPE","20200805","20221012","proporzionale","VENETO 1 - 02","LEGA","nodeID://b19450527290712193"
"http://dati.camera.it/ocd/mandatoCamera.rdf/mc18_302863_20200930","http://dati.camera.it/ocd/deputato.rdf/d302863_18","SANI","LUCA","20200930","20221012","proporzionale","TOSCANA - 04","PARTITO DEMOCRATICO","nodeID://b19450301275766012"
"http://dati.camera.it/ocd/mandatoCamera.rdf/mc18_308421_20201022","http://dati.camera.it/ocd/deputato.rdf/d308421_18","ALBANO","LUCIA","20201022","20221012","proporzionale","MARCHE - 01","FRATELLI D'ITALIA CON GIORGIA MELONI","nodeID://b19450461454890435"
"http://dati.camera.it/ocd/mandatoCamera.rdf/mc18_308441_20201110","http://dati.camera.it/ocd/deputato.rdf/d308441_18","LUCENTINI","MAURO","20201110","20221012","proporzionale","MARCHE - 01","LEGA","nodeID://b19450318064352911"
"http://dati.camera.it/ocd/mandatoCamera.rdf/mc18_301465_20210120","http://dati.camera.it/ocd/deputato.rdf/d301465_18","SANGA","GIOVANNI","20210120","20210413","proporzionale","LOMBARDIA 3 - 02","PARTITO DEMOCRATICO","nodeID://b83703074514170086"
"http://dati.camera.it/ocd/mandatoCamera.rdf/mc18_308492_20210217","http://dati.camera.it/ocd/deputato.rdf/d308492_18","MICHELI","MATTEO","20210217","20221012","proporzionale","LOMBARDIA 4 - 02","LEGA","nodeID://b19450354521225571"
"http://dati.camera.it/ocd/mandatoCamera.rdf/mc18_308490_20210217","http://dati.camera.it/ocd/deputato.rdf/d308490_18","SNIDER","SILVANA","20210217","20221012","proporzionale","LOMBARDIA 2 - 02","LEGA","nodeID://b19450457385132704"
"http://dati.camera.it/ocd/mandatoCamera.rdf/mc18_308521_20210311","http://dati.camera.it/ocd/deputato.rdf/d308521_18","AVOSSA","EVA","20210311","20221012","proporzionale","CAMPANIA 2 - 03","PARTITO DEMOCRATICO","nodeID://b19450548481702235"
"http://dati.camera.it/ocd/mandatoCamera.rdf/mc18_308541_20210414","http://dati.camera.it/ocd/deputato.rdf/d308541_18","CIAGA'","GRAZIELLA LEYLA","20210414","20221012","proporzionale","LOMBARDIA 3 - 02","PARTITO DEMOCRATICO","nodeID://b19450312191204693"
"http://dati.camera.it/ocd/mandatoCamera.rdf/mc18_308561_20210609","http://dati.camera.it/ocd/deputato.rdf/d308561_18","TIMBRO","MARIA FLAVIA","20210609","20221012","proporzionale","SICILIA 2 - 01","LIBERI E UGUALI","nodeID://b19450454785501010"
"http://dati.camera.it/ocd/mandatoCamera.rdf/mc18_300127_20211006","http://dati.camera.it/ocd/deputato.rdf/d300127_18","LETTA","ENRICO","20211006","20221012","maggioritario suppletiva","TOSCANA",,"nodeID://b19450417504168520"
"http://dati.camera.it/ocd/mandatoCamera.rdf/mc18_308600_20211008","http://dati.camera.it/ocd/deputato.rdf/d308600_18","CASU","ANDREA","20211008","20221012","maggioritario suppletiva","LAZIO 1",,"nodeID://b19450311364300162"
"http://dati.camera.it/ocd/mandatoCamera.rdf/mc18_308620_20211104","http://dati.camera.it/ocd/deputato.rdf/d308620_18","GENTILE","ANDREA","20211104","20221012","maggioritario","CALABRIA - 01",,"nodeID://b19450344869096246"
"http://dati.camera.it/ocd/mandatoCamera.rdf/mc18_308660_20220119","http://dati.camera.it/ocd/deputato.rdf/d308660_18","D'ELIA","CECILIA","20220119","20221012","maggioritario suppletiva","LAZIO 1",,"nodeID://b19450494629204784"
"http://dati.camera.it/ocd/mandatoCamera.rdf/mc18_308681_20220125","http://dati.camera.it/ocd/deputato.rdf/d308681_18","SESSA","MARIA ROSA","20220125","20221012","proporzionale","CAMPANIA 2 - 03","FORZA ITALIA","nodeID://b19450388862830142"
"http://dati.camera.it/ocd/mandatoCamera.rdf/mc18_308721_20220530","http://dati.camera.it/ocd/deputato.rdf/d308721_18","ROMANO'","MARINA","20220530","20221012","proporzionale","LOMBARDIA 1 - 01","LEGA","nodeID://b19450475672927524"
"http://dati.camera.it/ocd/mandatoCamera.rdf/mc18_308741_20220713","http://dati.camera.it/ocd/deputato.rdf/d308741_18","DI DONNA","MICHAELA","20220713","20221012","proporzionale","PUGLIA - 02","FORZA ITALIA","nodeID://b19450404955637216"
