"d","surname","firstName","start","end","gruppo","label","componente"
"http://dati.camera.it/ocd/deputato.rdf/d307171_18","ACQUAROLI","FRANCESCO","20180327","20201022","http://dati.camera.it/ocd/gruppoParlamentare.rdf/gr3052","FRATELLI D'ITALIA (27.03.2018-22.10.2020)",
"http://dati.camera.it/ocd/deputato.rdf/d307538_18","ACUNZO","NICOLA","20180327","20200520","http://dati.camera.it/ocd/gruppoParlamentare.rdf/gr3051","MOVIMENTO 5 STELLE (27.03.2018-20.05.2020)",
"http://dati.camera.it/ocd/deputato.rdf/d307538_18","ACUNZO","NICOLA","20200520","20220510","http://dati.camera.it/ocd/gruppoParlamentare.rdf/gr3033","MISTO (20.05.2020-10.05.2022)",
"http://dati.camera.it/ocd/deputato.rdf/d307538_18","ACUNZO","NICOLA","20220510","20221012","http://dati.camera.it/ocd/gruppoParlamentare.rdf/gr3053","FORZA ITALIA - BERLUSCONI PRESIDENTE (10.05.2022-12.10.2022)",
"http://dati.camera.it/ocd/deputato.rdf/d307559_18","ADELIZZI","COSIMO","20180327","20220621","http://dati.camera.it/ocd/gruppoParlamentare.rdf/gr3051","MOVIMENTO 5 STELLE (27.03.2018-21.06.2022)",
"http://dati.camera.it/ocd/deputato.rdf/d307559_18","ADELIZZI","COSIMO","20220621","20221012","http://dati.camera.it/ocd/gruppoParlamentare.rdf/gr3892","INSIEME PER IL FUTURO (21.06.2022-12.10.2022)",
"http://dati.camera.it/ocd/deputato.rdf/d307394_18","AIELLO","DAVIDE","20180327","20221012","http://dati.camera.it/ocd/gruppoParlamentare.rdf/gr3051","MOVIMENTO 5 STELLE (27.03.2018-12.10.2022)",
"http://dati.camera.it/ocd/deputato.rdf/d307119_18","AIELLO","PIERA","20180327","20200902","http://dati.camera.it/ocd/gruppoParlamentare.rdf/gr3051","MOVIMENTO 5 STELLE (27.03.2018-02.09.2020)",
"http://dati.camera.it/ocd/deputato.rdf/d307119_18","AIELLO","PIERA","20200902","20221012","http://dati.camera.it/ocd/gruppoParlamentare.rdf/gr3033","MISTO (02.09.2020-12.10.2022)",
"http://dati.camera.it/ocd/deputato.rdf/d307114_18","ALAIMO","ROBERTA","20180327","20220621","http://dati.camera.it/ocd/gruppoParlamentare.rdf/gr3051","MOVIMENTO 5 STELLE (27.03.2018-21.06.2022)",
"http://dati.camera.it/ocd/deputato.rdf/d307114_18","ALAIMO","ROBERTA","20220621","20221012","http://dati.camera.it/ocd/gruppoParlamentare.rdf/gr3892","INSIEME PER IL FUTURO (21.06.2022-12.10.2022)",
"http://dati.camera.it/ocd/deputato.rdf/d308421_18","ALBANO","LUCIA","20201022","20221012","http://dati.camera.it/ocd/gruppoParlamentare.rdf/gr3052","FRATELLI D'ITALIA (22.10.2020-12.10.2022)",
"http://dati.camera.it/ocd/deputato.rdf/d307364_18","ALEMANNO","MARIA SOAVE","20180327","20220721","http://dati.camera.it/ocd/gruppoParlamentare.rdf/gr3051","MOVIMENTO 5 STELLE (27.03.2018-21.07.2022)",
"http://dati.camera.it/ocd/deputato.rdf/d307364_18","ALEMANNO","MARIA SOAVE","20220721","20221012","http://dati.camera.it/ocd/gruppoParlamentare.rdf/gr3251","ITALIA VIVA (21.07.2022-12.10.2022)",
"http://dati.camera.it/ocd/deputato.rdf/d307206_18","AMITRANO","ALESSANDRO","20180327","20220621","http://dati.camera.it/ocd/gruppoParlamentare.rdf/gr3051","MOVIMENTO 5 STELLE (27.03.2018-21.06.2022)",
"http://dati.camera.it/ocd/deputato.rdf/d307206_18","AMITRANO","ALESSANDRO","20220621","20221012","http://dati.camera.it/ocd/gruppoParlamentare.rdf/gr3892","INSIEME PER IL FUTURO (21.06.2022-12.10.2022)",
"http://dati.camera.it/ocd/deputato.rdf/d307686_18","ANDREUZZA","GIORGIA","20180327","20221012","http://dati.camera.it/ocd/gruppoParlamentare.rdf/gr3055","LEGA - SALVINI PREMIER (27.03.2018-12.10.2022)",
"http://dati.camera.it/ocd/deputato.rdf/d302942_18","ANGELUCCI","ANTONIO","20180327","20221012","http://dati.camera.it/ocd/gruppoParlamentare.rdf/gr3053","FORZA ITALIA - BERLUSCONI PRESIDENTE (27.03.2018-12.10.2022)",
"http://dati.camera.it/ocd/deputato.rdf/d307294_18","ANGIOLA","NUNZIO","20180327","20200103","http://dati.camera.it/ocd/gruppoParlamentare.rdf/gr3051","MOVIMENTO 5 STELLE (27.03.2018-03.01.2020)",
"http://dati.camera.it/ocd/deputato.rdf/d307294_18","ANGIOLA","NUNZIO","20200103","20221012","http://dati.camera.it/ocd/gruppoParlamentare.rdf/gr3033","MISTO (03.01.2020-12.10.2022)",
"http://dati.camera.it/ocd/deputato.rdf/d307597_18","ANNIBALI","LUCIA","20180327","20190919","http://dati.camera.it/ocd/gruppoParlamentare.rdf/gr3054","PARTITO DEMOCRATICO (27.03.2018-19.09.2019)",
"http://dati.camera.it/ocd/deputato.rdf/d307597_18","ANNIBALI","LUCIA","20190919","20221012","http://dati.camera.it/ocd/gruppoParlamentare.rdf/gr3251","ITALIA VIVA (19.09.2019-12.10.2022)",
"http://dati.camera.it/ocd/deputato.rdf/d305946_18","ANZALDI","MICHELE","20180327","20190919","http://dati.camera.it/ocd/gruppoParlamentare.rdf/gr3054","PARTITO DEMOCRATICO (27.03.2018-19.09.2019)",
"http://dati.camera.it/ocd/deputato.rdf/d305946_18","ANZALDI","MICHELE","20190919","20221012","http://dati.camera.it/ocd/gruppoParlamentare.rdf/gr3251","ITALIA VIVA (19.09.2019-12.10.2022)",
"http://dati.camera.it/ocd/deputato.rdf/d35050_18","APREA","VALENTINA","20180327","20221012","http://dati.camera.it/ocd/gruppoParlamentare.rdf/gr3053","FORZA ITALIA - BERLUSCONI PRESIDENTE (27.03.2018-12.10.2022)",
"http://dati.camera.it/ocd/deputato.rdf/d307365_18","APRILE","NADIA","20180327","20200121","http://dati.camera.it/ocd/gruppoParlamentare.rdf/gr3051","MOVIMENTO 5 STELLE (27.03.2018-21.01.2020)",
"http://dati.camera.it/ocd/deputato.rdf/d307365_18","APRILE","NADIA","20200121","20221012","http://dati.camera.it/ocd/gruppoParlamentare.rdf/gr3033","MISTO (21.01.2020-12.10.2022)",
"http://dati.camera.it/ocd/deputato.rdf/d307368_18","ARESTA","GIOVANNI LUCA","20180327","20220621","http://dati.camera.it/ocd/gruppoParlamentare.rdf/gr3051","MOVIMENTO 5 STELLE (27.03.2018-21.06.2022)",
"http://dati.camera.it/ocd/deputato.rdf/d307368_18","ARESTA","GIOVANNI LUCA","20220621","20221012","http://dati.camera.it/ocd/gruppoParlamentare.rdf/gr3892","INSIEME PER IL FUTURO (21.06.2022-12.10.2022)",
"http://dati.camera.it/ocd/deputato.rdf/d305704_18","ASCANI","ANNA","20180327","20221012","http://dati.camera.it/ocd/gruppoParlamentare.rdf/gr3054","PARTITO DEMOCRATICO (27.03.2018-12.10.2022)",
"http://dati.camera.it/ocd/deputato.rdf/d307302_18","ASCARI","STEFANIA","20180327","20221012","http://dati.camera.it/ocd/gruppoParlamentare.rdf/gr3051","MOVIMENTO 5 STELLE (27.03.2018-12.10.2022)",
"http://dati.camera.it/ocd/deputato.rdf/d308521_18","AVOSSA","EVA","20210311","20221012","http://dati.camera.it/ocd/gruppoParlamentare.rdf/gr3054","PARTITO DEMOCRATICO (11.03.2021-12.10.2022)",
"http://dati.camera.it/ocd/deputato.rdf/d307530_18","AZZOLINA","LUCIA","20180327","20220623","http://dati.camera.it/ocd/gruppoParlamentare.rdf/gr3051","MOVIMENTO 5 STELLE (27.03.2018-23.06.2022)",
"http://dati.camera.it/ocd/deputato.rdf/d307530_18","AZZOLINA","LUCIA","20220624","20221012","http://dati.camera.it/ocd/gruppoParlamentare.rdf/gr3892","INSIEME PER IL FUTURO (24.06.2022-12.10.2022)",
"http://dati.camera.it/ocd/deputato.rdf/d307691_18","BADOLE","MIRCO","20180327","20221012","http://dati.camera.it/ocd/gruppoParlamentare.rdf/gr3055","LEGA - SALVINI PREMIER (27.03.2018-12.10.2022)",
"http://dati.camera.it/ocd/deputato.rdf/d307134_18","BAGNASCO","ROBERTO","20180327","20221012","http://dati.camera.it/ocd/gruppoParlamentare.rdf/gr3053","FORZA ITALIA - BERLUSCONI PRESIDENTE (27.03.2018-12.10.2022)",
"http://dati.camera.it/ocd/deputato.rdf/d302089_18","BALDELLI","SIMONE","20180327","20221012","http://dati.camera.it/ocd/gruppoParlamentare.rdf/gr3053","FORZA ITALIA - BERLUSCONI PRESIDENTE (27.03.2018-12.10.2022)",
"http://dati.camera.it/ocd/deputato.rdf/d308181_18","BALDINI","MARIA TERESA","20190628","20200806","http://dati.camera.it/ocd/gruppoParlamentare.rdf/gr3052","FRATELLI D'ITALIA (28.06.2019-06.08.2020)",
"http://dati.camera.it/ocd/deputato.rdf/d308181_18","BALDINI","MARIA TERESA","20200806","20200818","http://dati.camera.it/ocd/gruppoParlamentare.rdf/gr3033","MISTO (06.08.2020-18.08.2020)",
"http://dati.camera.it/ocd/deputato.rdf/d308181_18","BALDINI","MARIA TERESA","20200818","20210527","http://dati.camera.it/ocd/gruppoParlamentare.rdf/gr3053","FORZA ITALIA - BERLUSCONI PRESIDENTE (18.08.2020-27.05.2021)",
"http://dati.camera.it/ocd/deputato.rdf/d308181_18","BALDINI","MARIA TERESA","20210527","20211223","http://dati.camera.it/ocd/gruppoParlamentare.rdf/gr3591","CORAGGIO ITALIA (27.05.2021-23.12.2021)",
"http://dati.camera.it/ocd/deputato.rdf/d308181_18","BALDINI","MARIA TERESA","20211223","20220713","http://dati.camera.it/ocd/gruppoParlamentare.rdf/gr3251","ITALIA VIVA (23.12.2021-13.07.2022)",
"http://dati.camera.it/ocd/deputato.rdf/d308181_18","BALDINI","MARIA TERESA","20220714","20221012","http://dati.camera.it/ocd/gruppoParlamentare.rdf/gr3033","MISTO (14.07.2022-12.10.2022)",
"http://dati.camera.it/ocd/deputato.rdf/d307435_18","BALDINO","VITTORIA","20180327","20221012","http://dati.camera.it/ocd/gruppoParlamentare.rdf/gr3051","MOVIMENTO 5 STELLE (27.03.2018-12.10.2022)",
"http://dati.camera.it/ocd/deputato.rdf/d307692_18","BARATTO","RAFFAELE","20180327","20210527","http://dati.camera.it/ocd/gruppoParlamentare.rdf/gr3053","FORZA ITALIA - BERLUSCONI PRESIDENTE (27.03.2018-27.05.2021)",
"http://dati.camera.it/ocd/deputato.rdf/d307692_18","BARATTO","RAFFAELE","20210527","20220623","http://dati.camera.it/ocd/gruppoParlamentare.rdf/gr3591","CORAGGIO ITALIA (27.05.2021-23.06.2022)",
"http://dati.camera.it/ocd/deputato.rdf/d307692_18","BARATTO","RAFFAELE","20220623","20221012","http://dati.camera.it/ocd/gruppoParlamentare.rdf/gr3033","MISTO (23.06.2022-12.10.2022)",
"http://dati.camera.it/ocd/deputato.rdf/d307566_18","BARBUTO","ELISABETTA MARIA","20180327","20221012","http://dati.camera.it/ocd/gruppoParlamentare.rdf/gr3051","MOVIMENTO 5 STELLE (27.03.2018-12.10.2022)",
"http://dati.camera.it/ocd/deputato.rdf/d300497_18","BARELLI","PAOLO","20180327","20221012","http://dati.camera.it/ocd/gruppoParlamentare.rdf/gr3053","FORZA ITALIA - BERLUSCONI PRESIDENTE (27.03.2018-12.10.2022)",
"http://dati.camera.it/ocd/deputato.rdf/d307655_18","BARONI","ANNA LISA","20180327","20220725","http://dati.camera.it/ocd/gruppoParlamentare.rdf/gr3053","FORZA ITALIA - BERLUSCONI PRESIDENTE (27.03.2018-25.07.2022)",
"http://dati.camera.it/ocd/deputato.rdf/d307655_18","BARONI","ANNA LISA","20220725","20221012","http://dati.camera.it/ocd/gruppoParlamentare.rdf/gr3033","MISTO (25.07.2022-12.10.2022)",
"http://dati.camera.it/ocd/deputato.rdf/d305800_18","BARONI","MASSIMO ENRICO","20180327","20210219","http://dati.camera.it/ocd/gruppoParlamentare.rdf/gr3051","MOVIMENTO 5 STELLE (27.03.2018-19.02.2021)",
"http://dati.camera.it/ocd/deputato.rdf/d305800_18","BARONI","MASSIMO ENRICO","20210219","20221012","http://dati.camera.it/ocd/gruppoParlamentare.rdf/gr3033","MISTO (19.02.2021-12.10.2022)",
"http://dati.camera.it/ocd/deputato.rdf/d307404_18","BARTOLOZZI","GIUSI","20180327","20210727","http://dati.camera.it/ocd/gruppoParlamentare.rdf/gr3053","FORZA ITALIA - BERLUSCONI PRESIDENTE (27.03.2018-27.07.2021)",
"http://dati.camera.it/ocd/deputato.rdf/d307404_18","BARTOLOZZI","GIUSI","20210727","20221012","http://dati.camera.it/ocd/gruppoParlamentare.rdf/gr3033","MISTO (27.07.2021-12.10.2022)",
"http://dati.camera.it/ocd/deputato.rdf/d308001_18","BARZOTTI","VALENTINA","20180911","20221012","http://dati.camera.it/ocd/gruppoParlamentare.rdf/gr3051","MOVIMENTO 5 STELLE (11.09.2018-12.10.2022)",
"http://dati.camera.it/ocd/deputato.rdf/d200049_18","BASINI","GIUSEPPE","20180327","20221012","http://dati.camera.it/ocd/gruppoParlamentare.rdf/gr3055","LEGA - SALVINI PREMIER (27.03.2018-12.10.2022)",
"http://dati.camera.it/ocd/deputato.rdf/d305715_18","BATTELLI","SERGIO","20180327","20220621","http://dati.camera.it/ocd/gruppoParlamentare.rdf/gr3051","MOVIMENTO 5 STELLE (27.03.2018-21.06.2022)",
"http://dati.camera.it/ocd/deputato.rdf/d305715_18","BATTELLI","SERGIO","20220621","20221012","http://dati.camera.it/ocd/gruppoParlamentare.rdf/gr3892","INSIEME PER IL FUTURO (21.06.2022-12.10.2022)",
"http://dati.camera.it/ocd/deputato.rdf/d307456_18","BATTILOCCHIO","ALESSANDRO","20180327","20221012","http://dati.camera.it/ocd/gruppoParlamentare.rdf/gr3053","FORZA ITALIA - BERLUSCONI PRESIDENTE (27.03.2018-12.10.2022)",
"http://dati.camera.it/ocd/deputato.rdf/d305547_18","BAZOLI","ALFREDO","20180327","20221012","http://dati.camera.it/ocd/gruppoParlamentare.rdf/gr3054","PARTITO DEMOCRATICO (27.03.2018-12.10.2022)",
"http://dati.camera.it/ocd/deputato.rdf/d307696_18","BAZZARO","ALEX","20180327","20221012","http://dati.camera.it/ocd/gruppoParlamentare.rdf/gr3055","LEGA - SALVINI PREMIER (27.03.2018-12.10.2022)",
"http://dati.camera.it/ocd/deputato.rdf/d307429_18","BELLA","MARCO","20180327","20221012","http://dati.camera.it/ocd/gruppoParlamentare.rdf/gr3051","MOVIMENTO 5 STELLE (27.03.2018-12.10.2022)",
"http://dati.camera.it/ocd/deputato.rdf/d307240_18","BELLACHIOMA","GIUSEPPE ERCOLE","20180327","20221012","http://dati.camera.it/ocd/gruppoParlamentare.rdf/gr3055","LEGA - SALVINI PREMIER (27.03.2018-12.10.2022)",
"http://dati.camera.it/ocd/deputato.rdf/d307426_18","BELLUCCI","MARIA TERESA","20180327","20221012","http://dati.camera.it/ocd/gruppoParlamentare.rdf/gr3052","FRATELLI D'ITALIA (27.03.2018-12.10.2022)",
"http://dati.camera.it/ocd/deputato.rdf/d307605_18","BELOTTI","DANIELE","20180327","20221012","http://dati.camera.it/ocd/gruppoParlamentare.rdf/gr3055","LEGA - SALVINI PREMIER (27.03.2018-12.10.2022)",
"http://dati.camera.it/ocd/deputato.rdf/d302854_18","BENAMATI","GIANLUCA","20180327","20221012","http://dati.camera.it/ocd/gruppoParlamentare.rdf/gr3054","PARTITO DEMOCRATICO (27.03.2018-12.10.2022)",
"http://dati.camera.it/ocd/deputato.rdf/d307583_18","BENDINELLI","DAVIDE","20180327","20191220","http://dati.camera.it/ocd/gruppoParlamentare.rdf/gr3053","FORZA ITALIA - BERLUSCONI PRESIDENTE (27.03.2018-20.12.2019)",
"http://dati.camera.it/ocd/deputato.rdf/d307583_18","BENDINELLI","DAVIDE","20191220","20221012","http://dati.camera.it/ocd/gruppoParlamentare.rdf/gr3251","ITALIA VIVA (20.12.2019-12.10.2022)",
"http://dati.camera.it/ocd/deputato.rdf/d305604_18","BENEDETTI","SILVIA","20180327","20221012","http://dati.camera.it/ocd/gruppoParlamentare.rdf/gr3033","MISTO (27.03.2018-12.10.2022)",
"http://dati.camera.it/ocd/deputato.rdf/d307604_18","BENIGNI","STEFANO","20180327","20190909","http://dati.camera.it/ocd/gruppoParlamentare.rdf/gr3053","FORZA ITALIA - BERLUSCONI PRESIDENTE (27.03.2018-09.09.2019)",
"http://dati.camera.it/ocd/deputato.rdf/d307604_18","BENIGNI","STEFANO","20190909","20220518","http://dati.camera.it/ocd/gruppoParlamentare.rdf/gr3033","MISTO (09.09.2019-18.05.2022)",
"http://dati.camera.it/ocd/deputato.rdf/d307604_18","BENIGNI","STEFANO","20220518","20221012","http://dati.camera.it/ocd/gruppoParlamentare.rdf/gr3053","FORZA ITALIA - BERLUSCONI PRESIDENTE (18.05.2022-12.10.2022)",
"http://dati.camera.it/ocd/deputato.rdf/d307471_18","BENVENUTO","ALESSANDRO MANUEL","20180327","20221012","http://dati.camera.it/ocd/gruppoParlamentare.rdf/gr3055","LEGA - SALVINI PREMIER (27.03.2018-12.10.2022)",
"http://dati.camera.it/ocd/deputato.rdf/d307238_18","BERARDINI","FABIO","20180327","20201210","http://dati.camera.it/ocd/gruppoParlamentare.rdf/gr3051","MOVIMENTO 5 STELLE (27.03.2018-10.12.2020)",
"http://dati.camera.it/ocd/deputato.rdf/d307238_18","BERARDINI","FABIO","20201210","20210527","http://dati.camera.it/ocd/gruppoParlamentare.rdf/gr3033","MISTO (10.12.2020-27.05.2021)",
"http://dati.camera.it/ocd/deputato.rdf/d307238_18","BERARDINI","FABIO","20210527","20220623","http://dati.camera.it/ocd/gruppoParlamentare.rdf/gr3591","CORAGGIO ITALIA (27.05.2021-23.06.2022)",
"http://dati.camera.it/ocd/deputato.rdf/d307238_18","BERARDINI","FABIO","20220623","20221012","http://dati.camera.it/ocd/gruppoParlamentare.rdf/gr3033","MISTO (23.06.2022-12.10.2022)",
"http://dati.camera.it/ocd/deputato.rdf/d302867_18","BERGAMINI","DEBORAH","20180327","20221012","http://dati.camera.it/ocd/gruppoParlamentare.rdf/gr3053","FORZA ITALIA - BERLUSCONI PRESIDENTE (27.03.2018-12.10.2022)",
"http://dati.camera.it/ocd/deputato.rdf/d305555_18","BERLINGHIERI","MARINA","20180327","20221012","http://dati.camera.it/ocd/gruppoParlamentare.rdf/gr3054","PARTITO DEMOCRATICO (27.03.2018-12.10.2022)",
"http://dati.camera.it/ocd/deputato.rdf/d300026_18","BERSANI","PIER LUIGI","20180327","20180410","http://dati.camera.it/ocd/gruppoParlamentare.rdf/gr3033","MISTO (27.03.2018-10.04.2018)",
"http://dati.camera.it/ocd/deputato.rdf/d300026_18","BERSANI","PIER LUIGI","20180410","20221012","http://dati.camera.it/ocd/gruppoParlamentare.rdf/gr3070","LIBERI E UGUALI (10.04.2018-12.10.2022)",
"http://dati.camera.it/ocd/deputato.rdf/d307256_18","BERTI","FRANCESCO","20180327","20220713","http://dati.camera.it/ocd/gruppoParlamentare.rdf/gr3051","MOVIMENTO 5 STELLE (27.03.2018-13.07.2022)",
"http://dati.camera.it/ocd/deputato.rdf/d307256_18","BERTI","FRANCESCO","20220713","20221006","http://dati.camera.it/ocd/gruppoParlamentare.rdf/gr3892","INSIEME PER IL FUTURO (13.07.2022-06.10.2022)",
"http://dati.camera.it/ocd/deputato.rdf/d307256_18","BERTI","FRANCESCO","20221006","20221012","http://dati.camera.it/ocd/gruppoParlamentare.rdf/gr3033","MISTO (06.10.2022-12.10.2022)",
"http://dati.camera.it/ocd/deputato.rdf/d307599_18","BIANCHI","MATTEO LUIGI","20180327","20221012","http://dati.camera.it/ocd/gruppoParlamentare.rdf/gr3055","LEGA - SALVINI PREMIER (27.03.2018-12.10.2022)",
"http://dati.camera.it/ocd/deputato.rdf/d302124_18","BIANCOFIORE","MICHAELA","20180327","20210527","http://dati.camera.it/ocd/gruppoParlamentare.rdf/gr3053","FORZA ITALIA - BERLUSCONI PRESIDENTE (27.03.2018-27.05.2021)",
"http://dati.camera.it/ocd/deputato.rdf/d302124_18","BIANCOFIORE","MICHAELA","20210527","20220623","http://dati.camera.it/ocd/gruppoParlamentare.rdf/gr3591","CORAGGIO ITALIA (27.05.2021-23.06.2022)",
"http://dati.camera.it/ocd/deputato.rdf/d302124_18","BIANCOFIORE","MICHAELA","20220623","20221012","http://dati.camera.it/ocd/gruppoParlamentare.rdf/gr3033","MISTO (23.06.2022-12.10.2022)",
"http://dati.camera.it/ocd/deputato.rdf/d307298_18","BIGNAMI","GALEAZZO","20180327","20190828","http://dati.camera.it/ocd/gruppoParlamentare.rdf/gr3053","FORZA ITALIA - BERLUSCONI PRESIDENTE (27.03.2018-28.08.2019)",
"http://dati.camera.it/ocd/deputato.rdf/d307298_18","BIGNAMI","GALEAZZO","20190829","20221012","http://dati.camera.it/ocd/gruppoParlamentare.rdf/gr3052","FRATELLI D'ITALIA (29.08.2019-12.10.2022)",
"http://dati.camera.it/ocd/deputato.rdf/d307151_18","BILLI","SIMONE","20180327","20221012","http://dati.camera.it/ocd/gruppoParlamentare.rdf/gr3055","LEGA - SALVINI PREMIER (27.03.2018-12.10.2022)",
"http://dati.camera.it/ocd/deputato.rdf/d307557_18","BILOTTI","ANNA","20180327","20221012","http://dati.camera.it/ocd/gruppoParlamentare.rdf/gr3051","MOVIMENTO 5 STELLE (27.03.2018-12.10.2022)",
"http://dati.camera.it/ocd/deputato.rdf/d307712_18","BINELLI","DIEGO","20180327","20221012","http://dati.camera.it/ocd/gruppoParlamentare.rdf/gr3055","LEGA - SALVINI PREMIER (27.03.2018-12.10.2022)",
"http://dati.camera.it/ocd/deputato.rdf/d307689_18","BISA","INGRID","20180327","20221012","http://dati.camera.it/ocd/gruppoParlamentare.rdf/gr3055","LEGA - SALVINI PREMIER (27.03.2018-12.10.2022)",
"http://dati.camera.it/ocd/deputato.rdf/d302824_18","BITONCI","MASSIMO","20180327","20221012","http://dati.camera.it/ocd/gruppoParlamentare.rdf/gr3055","LEGA - SALVINI PREMIER (27.03.2018-12.10.2022)",
"http://dati.camera.it/ocd/deputato.rdf/d302892_18","BOCCIA","FRANCESCO","20180327","20221012","http://dati.camera.it/ocd/gruppoParlamentare.rdf/gr3054","PARTITO DEMOCRATICO (27.03.2018-12.10.2022)",
"http://dati.camera.it/ocd/deputato.rdf/d300506_18","BOLDI","ROSSANA LIDIA","20180327","20221012","http://dati.camera.it/ocd/gruppoParlamentare.rdf/gr3055","LEGA - SALVINI PREMIER (27.03.2018-12.10.2022)",
"http://dati.camera.it/ocd/deputato.rdf/d305757_18","BOLDRINI","LAURA","20180327","20180410","http://dati.camera.it/ocd/gruppoParlamentare.rdf/gr3033","MISTO (27.03.2018-10.04.2018)",
"http://dati.camera.it/ocd/deputato.rdf/d305757_18","BOLDRINI","LAURA","20180410","20190924","http://dati.camera.it/ocd/gruppoParlamentare.rdf/gr3070","LIBERI E UGUALI (10.04.2018-24.09.2019)",
"http://dati.camera.it/ocd/deputato.rdf/d305757_18","BOLDRINI","LAURA","20190924","20221012","http://dati.camera.it/ocd/gruppoParlamentare.rdf/gr3054","PARTITO DEMOCRATICO (24.09.2019-12.10.2022)",
"http://dati.camera.it/ocd/deputato.rdf/d307607_18","BOLOGNA","FABIOLA","20180327","20200424","http://dati.camera.it/ocd/gruppoParlamentare.rdf/gr3051","MOVIMENTO 5 STELLE (27.03.2018-24.04.2020)",
"http://dati.camera.it/ocd/deputato.rdf/d307607_18","BOLOGNA","FABIOLA","20200424","20210527","http://dati.camera.it/ocd/gruppoParlamentare.rdf/gr3033","MISTO (24.04.2020-27.05.2021)",
"http://dati.camera.it/ocd/deputato.rdf/d307607_18","BOLOGNA","FABIOLA","20210527","20220623","http://dati.camera.it/ocd/gruppoParlamentare.rdf/gr3591","CORAGGIO ITALIA (27.05.2021-23.06.2022)",
"http://dati.camera.it/ocd/deputato.rdf/d307607_18","BOLOGNA","FABIOLA","20220623","20221012","http://dati.camera.it/ocd/gruppoParlamentare.rdf/gr3033","MISTO (23.06.2022-12.10.2022)",
"http://dati.camera.it/ocd/deputato.rdf/d306087_18","BONAFEDE","ALFONSO","20180327","20221012","http://dati.camera.it/ocd/gruppoParlamentare.rdf/gr3051","MOVIMENTO 5 STELLE (27.03.2018-12.10.2022)",
"http://dati.camera.it/ocd/deputato.rdf/d307702_18","BOND","DARIO","20180327","20220906","http://dati.camera.it/ocd/gruppoParlamentare.rdf/gr3053","FORZA ITALIA - BERLUSCONI PRESIDENTE (27.03.2018-06.09.2022)",
"http://dati.camera.it/ocd/deputato.rdf/d307702_18","BOND","DARIO","20220906","20221012","http://dati.camera.it/ocd/gruppoParlamentare.rdf/gr3052","FRATELLI D'ITALIA (06.09.2022-12.10.2022)",
"http://dati.camera.it/ocd/deputato.rdf/d307682_18","BONIARDI","FABIO MASSIMO","20180327","20221012","http://dati.camera.it/ocd/gruppoParlamentare.rdf/gr3055","LEGA - SALVINI PREMIER (27.03.2018-12.10.2022)",
"http://dati.camera.it/ocd/deputato.rdf/d305563_18","BONOMO","FRANCESCA","20180327","20221012","http://dati.camera.it/ocd/gruppoParlamentare.rdf/gr3054","PARTITO DEMOCRATICO (27.03.2018-12.10.2022)",
"http://dati.camera.it/ocd/deputato.rdf/d301561_18","BORDO","MICHELE","20180327","20221012","http://dati.camera.it/ocd/gruppoParlamentare.rdf/gr3054","PARTITO DEMOCRATICO (27.03.2018-12.10.2022)",
"http://dati.camera.it/ocd/deputato.rdf/d307601_18","BORDONALI","SIMONA","20180327","20221012","http://dati.camera.it/ocd/gruppoParlamentare.rdf/gr3055","LEGA - SALVINI PREMIER (27.03.2018-12.10.2022)",
"http://dati.camera.it/ocd/deputato.rdf/d306249_18","BORGHESE","MARIO ALEJANDRO","20180327","20221012","http://dati.camera.it/ocd/gruppoParlamentare.rdf/gr3033","MISTO (27.03.2018-12.10.2022)",
"http://dati.camera.it/ocd/deputato.rdf/d307254_18","BORGHI","CLAUDIO","20180327","20221012","http://dati.camera.it/ocd/gruppoParlamentare.rdf/gr3055","LEGA - SALVINI PREMIER (27.03.2018-12.10.2022)",
"http://dati.camera.it/ocd/deputato.rdf/d305999_18","BORGHI","ENRICO","20180327","20221012","http://dati.camera.it/ocd/gruppoParlamentare.rdf/gr3054","PARTITO DEMOCRATICO (27.03.2018-12.10.2022)",
"http://dati.camera.it/ocd/deputato.rdf/d306160_18","BOSCHI","MARIA ELENA","20180327","20190919","http://dati.camera.it/ocd/gruppoParlamentare.rdf/gr3054","PARTITO DEMOCRATICO (27.03.2018-19.09.2019)",
"http://dati.camera.it/ocd/deputato.rdf/d306160_18","BOSCHI","MARIA ELENA","20190919","20221012","http://dati.camera.it/ocd/gruppoParlamentare.rdf/gr3251","ITALIA VIVA (19.09.2019-12.10.2022)",
"http://dati.camera.it/ocd/deputato.rdf/d302754_18","BRAGA","CHIARA","20180327","20221012","http://dati.camera.it/ocd/gruppoParlamentare.rdf/gr3054","PARTITO DEMOCRATICO (27.03.2018-12.10.2022)",
"http://dati.camera.it/ocd/deputato.rdf/d302838_18","BRAMBILLA","MICHELA VITTORIA","20180327","20221012","http://dati.camera.it/ocd/gruppoParlamentare.rdf/gr3053","FORZA ITALIA - BERLUSCONI PRESIDENTE (27.03.2018-12.10.2022)",
"http://dati.camera.it/ocd/deputato.rdf/d305852_18","BRESCIA","GIUSEPPE","20180327","20221012","http://dati.camera.it/ocd/gruppoParlamentare.rdf/gr3051","MOVIMENTO 5 STELLE (27.03.2018-12.10.2022)",
"http://dati.camera.it/ocd/deputato.rdf/d302875_18","BRUNETTA","RENATO","20180327","20220721","http://dati.camera.it/ocd/gruppoParlamentare.rdf/gr3053","FORZA ITALIA - BERLUSCONI PRESIDENTE (27.03.2018-21.07.2022)",
"http://dati.camera.it/ocd/deputato.rdf/d302875_18","BRUNETTA","RENATO","20220721","20221012","http://dati.camera.it/ocd/gruppoParlamentare.rdf/gr3033","MISTO (21.07.2022-12.10.2022)",
"http://dati.camera.it/ocd/deputato.rdf/d307193_18","BRUNO","RAFFAELE","20180327","20221012","http://dati.camera.it/ocd/gruppoParlamentare.rdf/gr3051","MOVIMENTO 5 STELLE (27.03.2018-12.10.2022)",
"http://dati.camera.it/ocd/deputato.rdf/d306134_18","BRUNO BOSSIO","VINCENZA","20180327","20221012","http://dati.camera.it/ocd/gruppoParlamentare.rdf/gr3054","PARTITO DEMOCRATICO (27.03.2018-12.10.2022)",
"http://dati.camera.it/ocd/deputato.rdf/d307981_18","BUBISUTTI","AURELIA","20180726","20221012","http://dati.camera.it/ocd/gruppoParlamentare.rdf/gr3055","LEGA - SALVINI PREMIER (26.07.2018-12.10.2022)",
"http://dati.camera.it/ocd/deputato.rdf/d307412_18","BUCALO","CARMELA","20180327","20221012","http://dati.camera.it/ocd/gruppoParlamentare.rdf/gr3052","FRATELLI D'ITALIA (27.03.2018-12.10.2022)",
"http://dati.camera.it/ocd/deputato.rdf/d307661_18","BUFFAGNI","STEFANO","20180327","20221012","http://dati.camera.it/ocd/gruppoParlamentare.rdf/gr3051","MOVIMENTO 5 STELLE (27.03.2018-12.10.2022)",
"http://dati.camera.it/ocd/deputato.rdf/d307523_18","BUOMPANE","GIUSEPPE","20180327","20221012","http://dati.camera.it/ocd/gruppoParlamentare.rdf/gr3051","MOVIMENTO 5 STELLE (27.03.2018-12.10.2022)",
"http://dati.camera.it/ocd/deputato.rdf/d308021_18","BURATTI","UMBERTO","20180926","20221012","http://dati.camera.it/ocd/gruppoParlamentare.rdf/gr3054","PARTITO DEMOCRATICO (26.09.2018-12.10.2022)",
"http://dati.camera.it/ocd/deputato.rdf/d305602_18","BUSINAROLO","FRANCESCA","20180327","20221012","http://dati.camera.it/ocd/gruppoParlamentare.rdf/gr3051","MOVIMENTO 5 STELLE (27.03.2018-12.10.2022)",
"http://dati.camera.it/ocd/deputato.rdf/d32500_18","BUTTI","ALESSIO","20180327","20221012","http://dati.camera.it/ocd/gruppoParlamentare.rdf/gr3052","FRATELLI D'ITALIA (27.03.2018-12.10.2022)",
"http://dati.camera.it/ocd/deputato.rdf/d307108_18","CABRAS","PINO","20180327","20210219","http://dati.camera.it/ocd/gruppoParlamentare.rdf/gr3051","MOVIMENTO 5 STELLE (27.03.2018-19.02.2021)",
"http://dati.camera.it/ocd/deputato.rdf/d307108_18","CABRAS","PINO","20210219","20221012","http://dati.camera.it/ocd/gruppoParlamentare.rdf/gr3033","MISTO (19.02.2021-12.10.2022)",
"http://dati.camera.it/ocd/deputato.rdf/d307111_18","CADEDDU","LUCIANO","20180327","20220621","http://dati.camera.it/ocd/gruppoParlamentare.rdf/gr3051","MOVIMENTO 5 STELLE (27.03.2018-21.06.2022)",
"http://dati.camera.it/ocd/deputato.rdf/d307111_18","CADEDDU","LUCIANO","20220621","20221012","http://dati.camera.it/ocd/gruppoParlamentare.rdf/gr3892","INSIEME PER IL FUTURO (21.06.2022-12.10.2022)",
"http://dati.camera.it/ocd/deputato.rdf/d307506_18","CAFFARATTO","GUALTIERO","20180327","20221012","http://dati.camera.it/ocd/gruppoParlamentare.rdf/gr3055","LEGA - SALVINI PREMIER (27.03.2018-12.10.2022)",
"http://dati.camera.it/ocd/deputato.rdf/d307162_18","CAIATA","SALVATORE","20180327","20190514","http://dati.camera.it/ocd/gruppoParlamentare.rdf/gr3033","MISTO (27.03.2018-14.05.2019)",
"http://dati.camera.it/ocd/deputato.rdf/d307162_18","CAIATA","SALVATORE","20190514","20221012","http://dati.camera.it/ocd/gruppoParlamentare.rdf/gr3052","FRATELLI D'ITALIA (14.05.2019-12.10.2022)",
"http://dati.camera.it/ocd/deputato.rdf/d303200_18","CALABRIA","ANNAGRAZIA","20180327","20221012","http://dati.camera.it/ocd/gruppoParlamentare.rdf/gr3053","FORZA ITALIA - BERLUSCONI PRESIDENTE (27.03.2018-12.10.2022)",
"http://dati.camera.it/ocd/deputato.rdf/d305810_18","CAMPANA","MICAELA","20180327","20221012","http://dati.camera.it/ocd/gruppoParlamentare.rdf/gr3054","PARTITO DEMOCRATICO (27.03.2018-12.10.2022)",
"http://dati.camera.it/ocd/deputato.rdf/d306050_18","CANCELLERI","AZZURRA PIA MARIA","20180327","20221012","http://dati.camera.it/ocd/gruppoParlamentare.rdf/gr3051","MOVIMENTO 5 STELLE (27.03.2018-12.10.2022)",
"http://dati.camera.it/ocd/deputato.rdf/d307666_18","CANNATELLI","PASQUALE PIO GRAZIANO","20180327","20221012","http://dati.camera.it/ocd/gruppoParlamentare.rdf/gr3053","FORZA ITALIA - BERLUSCONI PRESIDENTE (27.03.2018-12.10.2022)",
"http://dati.camera.it/ocd/deputato.rdf/d307568_18","CANNIZZARO","FRANCESCO","20180327","20221012","http://dati.camera.it/ocd/gruppoParlamentare.rdf/gr3053","FORZA ITALIA - BERLUSCONI PRESIDENTE (27.03.2018-12.10.2022)",
"http://dati.camera.it/ocd/deputato.rdf/d307545_18","CANTALAMESSA","GIANLUCA","20180327","20221012","http://dati.camera.it/ocd/gruppoParlamentare.rdf/gr3055","LEGA - SALVINI PREMIER (27.03.2018-12.10.2022)",
"http://dati.camera.it/ocd/deputato.rdf/d306350_18","CANTINI","LAURA","20180327","20221012","http://dati.camera.it/ocd/gruppoParlamentare.rdf/gr3054","PARTITO DEMOCRATICO (27.03.2018-12.10.2022)",
"http://dati.camera.it/ocd/deputato.rdf/d307320_18","CANTONE","CARLA","20180327","20221012","http://dati.camera.it/ocd/gruppoParlamentare.rdf/gr3054","PARTITO DEMOCRATICO (27.03.2018-12.10.2022)",
"http://dati.camera.it/ocd/deputato.rdf/d307416_18","CANTONE","LUCIANO","20180327","20221012","http://dati.camera.it/ocd/gruppoParlamentare.rdf/gr3051","MOVIMENTO 5 STELLE (27.03.2018-12.10.2022)",
"http://dati.camera.it/ocd/deputato.rdf/d305632_18","CAON","ROBERTO","20180327","20220725","http://dati.camera.it/ocd/gruppoParlamentare.rdf/gr3053","FORZA ITALIA - BERLUSCONI PRESIDENTE (27.03.2018-25.07.2022)",
"http://dati.camera.it/ocd/deputato.rdf/d305632_18","CAON","ROBERTO","20220725","20221012","http://dati.camera.it/ocd/gruppoParlamentare.rdf/gr3033","MISTO (25.07.2022-12.10.2022)",
"http://dati.camera.it/ocd/deputato.rdf/d307420_18","CAPARVI","VIRGINIO","20180327","20221012","http://dati.camera.it/ocd/gruppoParlamentare.rdf/gr3055","LEGA - SALVINI PREMIER (27.03.2018-12.10.2022)",
"http://dati.camera.it/ocd/deputato.rdf/d307685_18","CAPITANIO","MASSIMILIANO","20180327","20220527","http://dati.camera.it/ocd/gruppoParlamentare.rdf/gr3055","LEGA - SALVINI PREMIER (27.03.2018-27.05.2022)",
"http://dati.camera.it/ocd/deputato.rdf/d307215_18","CAPPELLACCI","UGO","20180327","20221012","http://dati.camera.it/ocd/gruppoParlamentare.rdf/gr3053","FORZA ITALIA - BERLUSCONI PRESIDENTE (27.03.2018-12.10.2022)",
"http://dati.camera.it/ocd/deputato.rdf/d307414_18","CAPPELLANI","SANTI","20180327","20200114","http://dati.camera.it/ocd/gruppoParlamentare.rdf/gr3051","MOVIMENTO 5 STELLE (27.03.2018-14.01.2020)",
"http://dati.camera.it/ocd/deputato.rdf/d307414_18","CAPPELLANI","SANTI","20200114","20200219","http://dati.camera.it/ocd/gruppoParlamentare.rdf/gr3033","MISTO (14.01.2020-19.02.2020)",
"http://dati.camera.it/ocd/deputato.rdf/d307414_18","CAPPELLANI","SANTI","20200219","20221012","http://dati.camera.it/ocd/gruppoParlamentare.rdf/gr3054","PARTITO DEMOCRATICO (19.02.2020-12.10.2022)",
"http://dati.camera.it/ocd/deputato.rdf/d307500_18","CARABETTA","LUCA","20180327","20221012","http://dati.camera.it/ocd/gruppoParlamentare.rdf/gr3051","MOVIMENTO 5 STELLE (27.03.2018-12.10.2022)",
"http://dati.camera.it/ocd/deputato.rdf/d307318_18","CARBONARO","ALESSANDRA","20180327","20220728","http://dati.camera.it/ocd/gruppoParlamentare.rdf/gr3051","MOVIMENTO 5 STELLE (27.03.2018-28.07.2022)",
"http://dati.camera.it/ocd/deputato.rdf/d307318_18","CARBONARO","ALESSANDRA","20220728","20221012","http://dati.camera.it/ocd/gruppoParlamentare.rdf/gr3033","MISTO (28.07.2022-12.10.2022)",
"http://dati.camera.it/ocd/deputato.rdf/d302881_18","CARDINALE","DANIELA","20180327","20190613","http://dati.camera.it/ocd/gruppoParlamentare.rdf/gr3054","PARTITO DEMOCRATICO (27.03.2018-13.06.2019)",
"http://dati.camera.it/ocd/deputato.rdf/d302881_18","CARDINALE","DANIELA","20190613","20221012","http://dati.camera.it/ocd/gruppoParlamentare.rdf/gr3033","MISTO (13.06.2019-12.10.2022)",
"http://dati.camera.it/ocd/deputato.rdf/d307161_18","CARE'","NICOLA","20180327","20190919","http://dati.camera.it/ocd/gruppoParlamentare.rdf/gr3054","PARTITO DEMOCRATICO (27.03.2018-19.09.2019)",
"http://dati.camera.it/ocd/deputato.rdf/d307161_18","CARE'","NICOLA","20190919","20200930","http://dati.camera.it/ocd/gruppoParlamentare.rdf/gr3251","ITALIA VIVA (19.09.2019-30.09.2020)",
"http://dati.camera.it/ocd/deputato.rdf/d307161_18","CARE'","NICOLA","20200930","20221012","http://dati.camera.it/ocd/gruppoParlamentare.rdf/gr3054","PARTITO DEMOCRATICO (30.09.2020-12.10.2022)",
"http://dati.camera.it/ocd/deputato.rdf/d307433_18","CARELLI","EMILIO","20180327","20210204","http://dati.camera.it/ocd/gruppoParlamentare.rdf/gr3051","MOVIMENTO 5 STELLE (27.03.2018-04.02.2021)",
"http://dati.camera.it/ocd/deputato.rdf/d307433_18","CARELLI","EMILIO","20210204","20210608","http://dati.camera.it/ocd/gruppoParlamentare.rdf/gr3033","MISTO (04.02.2021-08.06.2021)",
"http://dati.camera.it/ocd/deputato.rdf/d307433_18","CARELLI","EMILIO","20210608","20220623","http://dati.camera.it/ocd/gruppoParlamentare.rdf/gr3591","CORAGGIO ITALIA (08.06.2021-23.06.2022)",
"http://dati.camera.it/ocd/deputato.rdf/d307433_18","CARELLI","EMILIO","20220623","20220712","http://dati.camera.it/ocd/gruppoParlamentare.rdf/gr3033","MISTO (23.06.2022-12.07.2022)",
"http://dati.camera.it/ocd/deputato.rdf/d307433_18","CARELLI","EMILIO","20220712","20221012","http://dati.camera.it/ocd/gruppoParlamentare.rdf/gr3892","INSIEME PER IL FUTURO (12.07.2022-12.10.2022)",
"http://dati.camera.it/ocd/deputato.rdf/d307573_18","CARETTA","MARIA CRISTINA","20180327","20221012","http://dati.camera.it/ocd/gruppoParlamentare.rdf/gr3052","FRATELLI D'ITALIA (27.03.2018-12.10.2022)",
"http://dati.camera.it/ocd/deputato.rdf/d301531_18","CARFAGNA","MARIA ROSARIA","20180327","20220727","http://dati.camera.it/ocd/gruppoParlamentare.rdf/gr3053","FORZA ITALIA - BERLUSCONI PRESIDENTE (27.03.2018-27.07.2022)",
"http://dati.camera.it/ocd/deputato.rdf/d301531_18","CARFAGNA","MARIA ROSARIA","20220727","20221012","http://dati.camera.it/ocd/gruppoParlamentare.rdf/gr3033","MISTO (27.07.2022-12.10.2022)",
"http://dati.camera.it/ocd/deputato.rdf/d306222_18","CARINELLI","PAOLA","20180327","20221012","http://dati.camera.it/ocd/gruppoParlamentare.rdf/gr3051","MOVIMENTO 5 STELLE (27.03.2018-12.10.2022)",
"http://dati.camera.it/ocd/deputato.rdf/d305539_18","CARNEVALI","ELENA","20180327","20221012","http://dati.camera.it/ocd/gruppoParlamentare.rdf/gr3054","PARTITO DEMOCRATICO (27.03.2018-12.10.2022)",
"http://dati.camera.it/ocd/deputato.rdf/d307140_18","CARRARA","MAURIZIO","20180327","20201119","http://dati.camera.it/ocd/gruppoParlamentare.rdf/gr3053","FORZA ITALIA - BERLUSCONI PRESIDENTE (27.03.2018-19.11.2020)",
"http://dati.camera.it/ocd/deputato.rdf/d307140_18","CARRARA","MAURIZIO","20201119","20221012","http://dati.camera.it/ocd/gruppoParlamentare.rdf/gr3055","LEGA - SALVINI PREMIER (19.11.2020-12.10.2022)",
"http://dati.camera.it/ocd/deputato.rdf/d307116_18","CASA","VITTORIA","20180327","20220621","http://dati.camera.it/ocd/gruppoParlamentare.rdf/gr3051","MOVIMENTO 5 STELLE (27.03.2018-21.06.2022)",
"http://dati.camera.it/ocd/deputato.rdf/d307116_18","CASA","VITTORIA","20220621","20221012","http://dati.camera.it/ocd/gruppoParlamentare.rdf/gr3892","INSIEME PER IL FUTURO (21.06.2022-12.10.2022)",
"http://dati.camera.it/ocd/deputato.rdf/d307543_18","CASCIELLO","LUIGI","20180327","20220728","http://dati.camera.it/ocd/gruppoParlamentare.rdf/gr3053","FORZA ITALIA - BERLUSCONI PRESIDENTE (27.03.2018-28.07.2022)",
"http://dati.camera.it/ocd/deputato.rdf/d307543_18","CASCIELLO","LUIGI","20220728","20221012","http://dati.camera.it/ocd/gruppoParlamentare.rdf/gr3033","MISTO (28.07.2022-12.10.2022)",
"http://dati.camera.it/ocd/deputato.rdf/d307169_18","CASINO","MICHELE","20180327","20221012","http://dati.camera.it/ocd/gruppoParlamentare.rdf/gr3053","FORZA ITALIA - BERLUSCONI PRESIDENTE (27.03.2018-12.10.2022)",
"http://dati.camera.it/ocd/deputato.rdf/d307194_18","CASO","ANDREA","20180327","20220621","http://dati.camera.it/ocd/gruppoParlamentare.rdf/gr3051","MOVIMENTO 5 STELLE (27.03.2018-21.06.2022)",
"http://dati.camera.it/ocd/deputato.rdf/d307194_18","CASO","ANDREA","20220621","20221012","http://dati.camera.it/ocd/gruppoParlamentare.rdf/gr3892","INSIEME PER IL FUTURO (21.06.2022-12.10.2022)",
"http://dati.camera.it/ocd/deputato.rdf/d307367_18","CASSESE","GIANPAOLO","20180327","20220621","http://dati.camera.it/ocd/gruppoParlamentare.rdf/gr3051","MOVIMENTO 5 STELLE (27.03.2018-21.06.2022)",
"http://dati.camera.it/ocd/deputato.rdf/d307367_18","CASSESE","GIANPAOLO","20220621","20221012","http://dati.camera.it/ocd/gruppoParlamentare.rdf/gr3892","INSIEME PER IL FUTURO (21.06.2022-12.10.2022)",
"http://dati.camera.it/ocd/deputato.rdf/d302949_18","CASSINELLI","ROBERTO","20180327","20221012","http://dati.camera.it/ocd/gruppoParlamentare.rdf/gr3053","FORZA ITALIA - BERLUSCONI PRESIDENTE (27.03.2018-12.10.2022)",
"http://dati.camera.it/ocd/deputato.rdf/d305525_18","CASTELLI","LAURA","20180327","20220621","http://dati.camera.it/ocd/gruppoParlamentare.rdf/gr3051","MOVIMENTO 5 STELLE (27.03.2018-21.06.2022)",
"http://dati.camera.it/ocd/deputato.rdf/d305525_18","CASTELLI","LAURA","20220621","20221012","http://dati.camera.it/ocd/gruppoParlamentare.rdf/gr3892","INSIEME PER IL FUTURO (21.06.2022-12.10.2022)",
"http://dati.camera.it/ocd/deputato.rdf/d301573_18","CASTIELLO","GIUSEPPINA","20180327","20221012","http://dati.camera.it/ocd/gruppoParlamentare.rdf/gr3055","LEGA - SALVINI PREMIER (27.03.2018-12.10.2022)",
"http://dati.camera.it/ocd/deputato.rdf/d308600_18","CASU","ANDREA","20211011","20221012","http://dati.camera.it/ocd/gruppoParlamentare.rdf/gr3054","PARTITO DEMOCRATICO (11.10.2021-12.10.2022)",
"http://dati.camera.it/ocd/deputato.rdf/d307126_18","CATALDI","ROBERTO","20180327","20221012","http://dati.camera.it/ocd/gruppoParlamentare.rdf/gr3051","MOVIMENTO 5 STELLE (27.03.2018-12.10.2022)",
"http://dati.camera.it/ocd/deputato.rdf/d307657_18","CATTANEO","ALESSANDRO","20180327","20221012","http://dati.camera.it/ocd/gruppoParlamentare.rdf/gr3053","FORZA ITALIA - BERLUSCONI PRESIDENTE (27.03.2018-12.10.2022)",
"http://dati.camera.it/ocd/deputato.rdf/d307129_18","CATTOI","MAURIZIO","20180327","20220729","http://dati.camera.it/ocd/gruppoParlamentare.rdf/gr3051","MOVIMENTO 5 STELLE (27.03.2018-29.07.2022)",
"http://dati.camera.it/ocd/deputato.rdf/d307129_18","CATTOI","MAURIZIO","20220730","20221012","http://dati.camera.it/ocd/gruppoParlamentare.rdf/gr3033","MISTO (30.07.2022-12.10.2022)",
"http://dati.camera.it/ocd/deputato.rdf/d307716_18","CATTOI","VANESSA","20180327","20221012","http://dati.camera.it/ocd/gruppoParlamentare.rdf/gr3055","LEGA - SALVINI PREMIER (27.03.2018-12.10.2022)",
"http://dati.camera.it/ocd/deputato.rdf/d307285_18","CAVANDOLI","LAURA","20180327","20221012","http://dati.camera.it/ocd/gruppoParlamentare.rdf/gr3055","LEGA - SALVINI PREMIER (27.03.2018-12.10.2022)",
"http://dati.camera.it/ocd/deputato.rdf/d303038_18","CECCANTI","STEFANO","20180327","20221012","http://dati.camera.it/ocd/gruppoParlamentare.rdf/gr3054","PARTITO DEMOCRATICO (27.03.2018-12.10.2022)",
"http://dati.camera.it/ocd/deputato.rdf/d307680_18","CECCHETTI","FABRIZIO","20180327","20221012","http://dati.camera.it/ocd/gruppoParlamentare.rdf/gr3055","LEGA - SALVINI PREMIER (27.03.2018-12.10.2022)",
"http://dati.camera.it/ocd/deputato.rdf/d305787_18","CECCONI","ANDREA","20180327","20221012","http://dati.camera.it/ocd/gruppoParlamentare.rdf/gr3033","MISTO (27.03.2018-12.10.2022)",
"http://dati.camera.it/ocd/deputato.rdf/d302943_18","CENNI","SUSANNA","20180327","20221012","http://dati.camera.it/ocd/gruppoParlamentare.rdf/gr3054","PARTITO DEMOCRATICO (27.03.2018-12.10.2022)",
"http://dati.camera.it/ocd/deputato.rdf/d307632_18","CENTEMERO","GIULIO","20180327","20221012","http://dati.camera.it/ocd/gruppoParlamentare.rdf/gr3055","LEGA - SALVINI PREMIER (27.03.2018-12.10.2022)",
"http://dati.camera.it/ocd/deputato.rdf/d307283_18","CESTARI","EMANUELE","20180327","20221012","http://dati.camera.it/ocd/gruppoParlamentare.rdf/gr3055","LEGA - SALVINI PREMIER (27.03.2018-12.10.2022)",
"http://dati.camera.it/ocd/deputato.rdf/d307117_18","CHIAZZESE","GIUSEPPE","20180327","20221012","http://dati.camera.it/ocd/gruppoParlamentare.rdf/gr3051","MOVIMENTO 5 STELLE (27.03.2018-12.10.2022)",
"http://dati.camera.it/ocd/deputato.rdf/d307511_18","CIABURRO","MONICA","20180327","20221012","http://dati.camera.it/ocd/gruppoParlamentare.rdf/gr3052","FRATELLI D'ITALIA (27.03.2018-12.10.2022)",
"http://dati.camera.it/ocd/deputato.rdf/d308541_18","CIAGA'","GRAZIELLA LEYLA","20210414","20221012","http://dati.camera.it/ocd/gruppoParlamentare.rdf/gr3054","PARTITO DEMOCRATICO (14.04.2021-12.10.2022)",
"http://dati.camera.it/ocd/deputato.rdf/d307258_18","CIAMPI","LUCIA","20180327","20221012","http://dati.camera.it/ocd/gruppoParlamentare.rdf/gr3054","PARTITO DEMOCRATICO (27.03.2018-12.10.2022)",
"http://dati.camera.it/ocd/deputato.rdf/d307165_18","CILLIS","LUCIANO","20180327","20220621","http://dati.camera.it/ocd/gruppoParlamentare.rdf/gr3051","MOVIMENTO 5 STELLE (27.03.2018-21.06.2022)",
"http://dati.camera.it/ocd/deputato.rdf/d307165_18","CILLIS","LUCIANO","20220621","20221012","http://dati.camera.it/ocd/gruppoParlamentare.rdf/gr3892","INSIEME PER IL FUTURO (21.06.2022-12.10.2022)",
"http://dati.camera.it/ocd/deputato.rdf/d307398_18","CIMINO","ROSALBA","20180327","20221012","http://dati.camera.it/ocd/gruppoParlamentare.rdf/gr3051","MOVIMENTO 5 STELLE (27.03.2018-12.10.2022)",
"http://dati.camera.it/ocd/deputato.rdf/d305694_18","CIPRINI","TIZIANA","20180327","20221012","http://dati.camera.it/ocd/gruppoParlamentare.rdf/gr3051","MOVIMENTO 5 STELLE (27.03.2018-12.10.2022)",
"http://dati.camera.it/ocd/deputato.rdf/d300319_18","CIRIELLI","EDMONDO","20180327","20221012","http://dati.camera.it/ocd/gruppoParlamentare.rdf/gr3052","FRATELLI D'ITALIA (27.03.2018-12.10.2022)",
"http://dati.camera.it/ocd/deputato.rdf/d307688_18","COIN","DIMITRI","20180327","20221012","http://dati.camera.it/ocd/gruppoParlamentare.rdf/gr3055","LEGA - SALVINI PREMIER (27.03.2018-12.10.2022)",
"http://dati.camera.it/ocd/deputato.rdf/d302744_18","COLANINNO","MATTEO","20180327","20190919","http://dati.camera.it/ocd/gruppoParlamentare.rdf/gr3054","PARTITO DEMOCRATICO (27.03.2018-19.09.2019)",
"http://dati.camera.it/ocd/deputato.rdf/d302744_18","COLANINNO","MATTEO","20190919","20221012","http://dati.camera.it/ocd/gruppoParlamentare.rdf/gr3251","ITALIA VIVA (19.09.2019-12.10.2022)",
"http://dati.camera.it/ocd/deputato.rdf/d307640_18","COLLA","JARI","20180327","20221012","http://dati.camera.it/ocd/gruppoParlamentare.rdf/gr3055","LEGA - SALVINI PREMIER (27.03.2018-12.10.2022)",
"http://dati.camera.it/ocd/deputato.rdf/d306060_18","COLLETTI","ANDREA","20180327","20210219","http://dati.camera.it/ocd/gruppoParlamentare.rdf/gr3051","MOVIMENTO 5 STELLE (27.03.2018-19.02.2021)",
"http://dati.camera.it/ocd/deputato.rdf/d306060_18","COLLETTI","ANDREA","20210219","20221012","http://dati.camera.it/ocd/gruppoParlamentare.rdf/gr3033","MISTO (19.02.2021-12.10.2022)",
"http://dati.camera.it/ocd/deputato.rdf/d307698_18","COLMELLERE","ANGELA","20180327","20221012","http://dati.camera.it/ocd/gruppoParlamentare.rdf/gr3055","LEGA - SALVINI PREMIER (27.03.2018-12.10.2022)",
"http://dati.camera.it/ocd/deputato.rdf/d307603_18","COLUCCI","ALESSANDRO","20180327","20221012","http://dati.camera.it/ocd/gruppoParlamentare.rdf/gr3033","MISTO (27.03.2018-12.10.2022)",
"http://dati.camera.it/ocd/deputato.rdf/d302764_18","COMAROLI","SILVANA ANDREINA","20180327","20221012","http://dati.camera.it/ocd/gruppoParlamentare.rdf/gr3055","LEGA - SALVINI PREMIER (27.03.2018-12.10.2022)",
"http://dati.camera.it/ocd/deputato.rdf/d307579_18","COMENCINI","VITO","20180327","20221012","http://dati.camera.it/ocd/gruppoParlamentare.rdf/gr3055","LEGA - SALVINI PREMIER (27.03.2018-12.10.2022)",
"http://dati.camera.it/ocd/deputato.rdf/d305520_18","COMINARDI","CLAUDIO","20180327","20221012","http://dati.camera.it/ocd/gruppoParlamentare.rdf/gr3051","MOVIMENTO 5 STELLE (27.03.2018-12.10.2022)",
"http://dati.camera.it/ocd/deputato.rdf/d307541_18","CONTE","FEDERICO","20180327","20180410","http://dati.camera.it/ocd/gruppoParlamentare.rdf/gr3033","MISTO (27.03.2018-10.04.2018)",
"http://dati.camera.it/ocd/deputato.rdf/d307541_18","CONTE","FEDERICO","20180410","20221012","http://dati.camera.it/ocd/gruppoParlamentare.rdf/gr3070","LIBERI E UGUALI (10.04.2018-12.10.2022)",
"http://dati.camera.it/ocd/deputato.rdf/d306031_18","CORDA","EMANUELA","20180327","20210219","http://dati.camera.it/ocd/gruppoParlamentare.rdf/gr3051","MOVIMENTO 5 STELLE (27.03.2018-19.02.2021)",
"http://dati.camera.it/ocd/deputato.rdf/d306031_18","CORDA","EMANUELA","20210219","20221012","http://dati.camera.it/ocd/gruppoParlamentare.rdf/gr3033","MISTO (19.02.2021-12.10.2022)",
"http://dati.camera.it/ocd/deputato.rdf/d307236_18","CORNELI","VALENTINA","20180327","20221012","http://dati.camera.it/ocd/gruppoParlamentare.rdf/gr3051","MOVIMENTO 5 STELLE (27.03.2018-12.10.2022)",
"http://dati.camera.it/ocd/deputato.rdf/d307580_18","CORTELAZZO","PIERGIORGIO","20180327","20221012","http://dati.camera.it/ocd/gruppoParlamentare.rdf/gr3053","FORZA ITALIA - BERLUSCONI PRESIDENTE (27.03.2018-12.10.2022)",
"http://dati.camera.it/ocd/deputato.rdf/d301541_18","COSTA","ENRICO","20180327","20180418","http://dati.camera.it/ocd/gruppoParlamentare.rdf/gr3033","MISTO (27.03.2018-18.04.2018)",
"http://dati.camera.it/ocd/deputato.rdf/d301541_18","COSTA","ENRICO","20180418","20200804","http://dati.camera.it/ocd/gruppoParlamentare.rdf/gr3053","FORZA ITALIA - BERLUSCONI PRESIDENTE (18.04.2018-04.08.2020)",
"http://dati.camera.it/ocd/deputato.rdf/d301541_18","COSTA","ENRICO","20200804","20221012","http://dati.camera.it/ocd/gruppoParlamentare.rdf/gr3033","MISTO (04.08.2020-12.10.2022)",
"http://dati.camera.it/ocd/deputato.rdf/d307490_18","COSTANZO","JESSICA","20180327","20210219","http://dati.camera.it/ocd/gruppoParlamentare.rdf/gr3051","MOVIMENTO 5 STELLE (27.03.2018-19.02.2021)",
"http://dati.camera.it/ocd/deputato.rdf/d307490_18","COSTANZO","JESSICA","20210219","20221012","http://dati.camera.it/ocd/gruppoParlamentare.rdf/gr3033","MISTO (19.02.2021-12.10.2022)",
"http://dati.camera.it/ocd/deputato.rdf/d307582_18","COVOLO","SILVIA","20180327","20221012","http://dati.camera.it/ocd/gruppoParlamentare.rdf/gr3055","LEGA - SALVINI PREMIER (27.03.2018-12.10.2022)",
"http://dati.camera.it/ocd/deputato.rdf/d307639_18","CRIPPA","ANDREA","20180327","20221012","http://dati.camera.it/ocd/gruppoParlamentare.rdf/gr3055","LEGA - SALVINI PREMIER (27.03.2018-12.10.2022)",
"http://dati.camera.it/ocd/deputato.rdf/d306022_18","CRIPPA","DAVIDE","20180327","20220729","http://dati.camera.it/ocd/gruppoParlamentare.rdf/gr3051","MOVIMENTO 5 STELLE (27.03.2018-29.07.2022)",
"http://dati.camera.it/ocd/deputato.rdf/d306022_18","CRIPPA","DAVIDE","20220730","20221012","http://dati.camera.it/ocd/gruppoParlamentare.rdf/gr3033","MISTO (30.07.2022-12.10.2022)",
"http://dati.camera.it/ocd/deputato.rdf/d307460_18","CRISTINA","MIRELLA","20180327","20221012","http://dati.camera.it/ocd/gruppoParlamentare.rdf/gr3053","FORZA ITALIA - BERLUSCONI PRESIDENTE (27.03.2018-12.10.2022)",
"http://dati.camera.it/ocd/deputato.rdf/d307282_18","CRITELLI","FRANCESCO","20180327","20221012","http://dati.camera.it/ocd/gruppoParlamentare.rdf/gr3054","PARTITO DEMOCRATICO (27.03.2018-12.10.2022)",
"http://dati.camera.it/ocd/deputato.rdf/d300356_18","CROSETTO","GUIDO","20180327","20190313","http://dati.camera.it/ocd/gruppoParlamentare.rdf/gr3052","FRATELLI D'ITALIA (27.03.2018-13.03.2019)",
"http://dati.camera.it/ocd/deputato.rdf/d307440_18","CUBEDDU","SEBASTIANO","20180327","20221012","http://dati.camera.it/ocd/gruppoParlamentare.rdf/gr3051","MOVIMENTO 5 STELLE (27.03.2018-12.10.2022)",
"http://dati.camera.it/ocd/deputato.rdf/d307595_18","CUNIAL","SARA","20180327","20190417","http://dati.camera.it/ocd/gruppoParlamentare.rdf/gr3051","MOVIMENTO 5 STELLE (27.03.2018-17.04.2019)",
"http://dati.camera.it/ocd/deputato.rdf/d307595_18","CUNIAL","SARA","20190417","20221012","http://dati.camera.it/ocd/gruppoParlamentare.rdf/gr3033","MISTO (17.04.2019-12.10.2022)",
"http://dati.camera.it/ocd/deputato.rdf/d307610_18","CURRO'","GIOVANNI","20180327","20221012","http://dati.camera.it/ocd/gruppoParlamentare.rdf/gr3051","MOVIMENTO 5 STELLE (27.03.2018-12.10.2022)",
"http://dati.camera.it/ocd/deputato.rdf/d307244_18","D'ALESSANDRO","CAMILLO","20180327","20190919","http://dati.camera.it/ocd/gruppoParlamentare.rdf/gr3054","PARTITO DEMOCRATICO (27.03.2018-19.09.2019)",
"http://dati.camera.it/ocd/deputato.rdf/d307244_18","D'ALESSANDRO","CAMILLO","20190919","20221012","http://dati.camera.it/ocd/gruppoParlamentare.rdf/gr3251","ITALIA VIVA (19.09.2019-12.10.2022)",
"http://dati.camera.it/ocd/deputato.rdf/d305838_18","D'AMBROSIO","GIUSEPPE","20180327","20210218","http://dati.camera.it/ocd/gruppoParlamentare.rdf/gr3051","MOVIMENTO 5 STELLE (27.03.2018-18.02.2021)",
"http://dati.camera.it/ocd/deputato.rdf/d305838_18","D'AMBROSIO","GIUSEPPE","20210218","20221012","http://dati.camera.it/ocd/gruppoParlamentare.rdf/gr3033","MISTO (18.02.2021-12.10.2022)",
"http://dati.camera.it/ocd/deputato.rdf/d307472_18","D'ARRANDO","CELESTE","20180327","20221012","http://dati.camera.it/ocd/gruppoParlamentare.rdf/gr3051","MOVIMENTO 5 STELLE (27.03.2018-12.10.2022)",
"http://dati.camera.it/ocd/deputato.rdf/d307312_18","D'ATTIS","MAURO","20180327","20221012","http://dati.camera.it/ocd/gruppoParlamentare.rdf/gr3053","FORZA ITALIA - BERLUSCONI PRESIDENTE (27.03.2018-12.10.2022)",
"http://dati.camera.it/ocd/deputato.rdf/d308660_18","D'ELIA","CECILIA","20220119","20221012","http://dati.camera.it/ocd/gruppoParlamentare.rdf/gr3054","PARTITO DEMOCRATICO (19.01.2022-12.10.2022)",
"http://dati.camera.it/ocd/deputato.rdf/d307242_18","D'ERAMO","LUIGI","20180327","20221012","http://dati.camera.it/ocd/gruppoParlamentare.rdf/gr3055","LEGA - SALVINI PREMIER (27.03.2018-12.10.2022)",
"http://dati.camera.it/ocd/deputato.rdf/d307141_18","D'ETTORE","FELICE MAURIZIO","20180327","20210527","http://dati.camera.it/ocd/gruppoParlamentare.rdf/gr3053","FORZA ITALIA - BERLUSCONI PRESIDENTE (27.03.2018-27.05.2021)",
"http://dati.camera.it/ocd/deputato.rdf/d307141_18","D'ETTORE","FELICE MAURIZIO","20210527","20220623","http://dati.camera.it/ocd/gruppoParlamentare.rdf/gr3591","CORAGGIO ITALIA (27.05.2021-23.06.2022)",
"http://dati.camera.it/ocd/deputato.rdf/d307141_18","D'ETTORE","FELICE MAURIZIO","20220623","20220909","http://dati.camera.it/ocd/gruppoParlamentare.rdf/gr3033","MISTO (23.06.2022-09.09.2022)",
"http://dati.camera.it/ocd/deputato.rdf/d307141_18","D'ETTORE","FELICE MAURIZIO","20220909","20221012","http://dati.camera.it/ocd/gruppoParlamentare.rdf/gr3052","FRATELLI D'ITALIA (09.09.2022-12.10.2022)",
"http://dati.camera.it/ocd/deputato.rdf/d305674_18","D'INCA'","FEDERICO","20180327","20220729","http://dati.camera.it/ocd/gruppoParlamentare.rdf/gr3051","MOVIMENTO 5 STELLE (27.03.2018-29.07.2022)",
"http://dati.camera.it/ocd/deputato.rdf/d305674_18","D'INCA'","FEDERICO","20220730","20221012","http://dati.camera.it/ocd/gruppoParlamentare.rdf/gr3033","MISTO (30.07.2022-12.10.2022)",
"http://dati.camera.it/ocd/deputato.rdf/d307565_18","D'IPPOLITO","GIUSEPPE","20180327","20220621","http://dati.camera.it/ocd/gruppoParlamentare.rdf/gr3051","MOVIMENTO 5 STELLE (27.03.2018-21.06.2022)",
"http://dati.camera.it/ocd/deputato.rdf/d307565_18","D'IPPOLITO","GIUSEPPE","20220621","20221012","http://dati.camera.it/ocd/gruppoParlamentare.rdf/gr3892","INSIEME PER IL FUTURO (21.06.2022-12.10.2022)",
"http://dati.camera.it/ocd/deputato.rdf/d307388_18","D'ORSO","VALENTINA","20180327","20221012","http://dati.camera.it/ocd/gruppoParlamentare.rdf/gr3051","MOVIMENTO 5 STELLE (27.03.2018-12.10.2022)",
"http://dati.camera.it/ocd/deputato.rdf/d306085_18","D'UVA","FRANCESCO","20180327","20220621","http://dati.camera.it/ocd/gruppoParlamentare.rdf/gr3051","MOVIMENTO 5 STELLE (27.03.2018-21.06.2022)",
"http://dati.camera.it/ocd/deputato.rdf/d306085_18","D'UVA","FRANCESCO","20220621","20221012","http://dati.camera.it/ocd/gruppoParlamentare.rdf/gr3892","INSIEME PER IL FUTURO (21.06.2022-12.10.2022)",
"http://dati.camera.it/ocd/deputato.rdf/d306020_18","DADONE","FABIANA","20180327","20221012","http://dati.camera.it/ocd/gruppoParlamentare.rdf/gr3051","MOVIMENTO 5 STELLE (27.03.2018-12.10.2022)",
"http://dati.camera.it/ocd/deputato.rdf/d305773_18","DAGA","FEDERICA","20180327","20220621","http://dati.camera.it/ocd/gruppoParlamentare.rdf/gr3051","MOVIMENTO 5 STELLE (27.03.2018-21.06.2022)",
"http://dati.camera.it/ocd/deputato.rdf/d305773_18","DAGA","FEDERICA","20220621","20221012","http://dati.camera.it/ocd/gruppoParlamentare.rdf/gr3892","INSIEME PER IL FUTURO (21.06.2022-12.10.2022)",
"http://dati.camera.it/ocd/deputato.rdf/d302832_18","DAL MORO","GIAN PIETRO","20180327","20221012","http://dati.camera.it/ocd/gruppoParlamentare.rdf/gr3054","PARTITO DEMOCRATICO (27.03.2018-12.10.2022)",
"http://dati.camera.it/ocd/deputato.rdf/d305967_18","DALL'OSSO","MATTEO","20180327","20181207","http://dati.camera.it/ocd/gruppoParlamentare.rdf/gr3051","MOVIMENTO 5 STELLE (27.03.2018-07.12.2018)",
"http://dati.camera.it/ocd/deputato.rdf/d305967_18","DALL'OSSO","MATTEO","20181207","20210527","http://dati.camera.it/ocd/gruppoParlamentare.rdf/gr3053","FORZA ITALIA - BERLUSCONI PRESIDENTE (07.12.2018-27.05.2021)",
"http://dati.camera.it/ocd/deputato.rdf/d305967_18","DALL'OSSO","MATTEO","20210527","20220129","http://dati.camera.it/ocd/gruppoParlamentare.rdf/gr3591","CORAGGIO ITALIA (27.05.2021-29.01.2022)",
"http://dati.camera.it/ocd/deputato.rdf/d305967_18","DALL'OSSO","MATTEO","20220129","20220913","http://dati.camera.it/ocd/gruppoParlamentare.rdf/gr3053","FORZA ITALIA - BERLUSCONI PRESIDENTE (29.01.2022-13.09.2022)",
"http://dati.camera.it/ocd/deputato.rdf/d305967_18","DALL'OSSO","MATTEO","20220913","20221012","http://dati.camera.it/ocd/gruppoParlamentare.rdf/gr3033","MISTO (13.09.2022-12.10.2022)",
"http://dati.camera.it/ocd/deputato.rdf/d307683_18","DARA","ANDREA","20180327","20221012","http://dati.camera.it/ocd/gruppoParlamentare.rdf/gr3055","LEGA - SALVINI PREMIER (27.03.2018-12.10.2022)",
"http://dati.camera.it/ocd/deputato.rdf/d307432_18","DE ANGELIS","SARA","20180327","20221012","http://dati.camera.it/ocd/gruppoParlamentare.rdf/gr3055","LEGA - SALVINI PREMIER (27.03.2018-12.10.2022)",
"http://dati.camera.it/ocd/deputato.rdf/d307708_18","DE CARLO","LUCA","20180327","20200805","http://dati.camera.it/ocd/gruppoParlamentare.rdf/gr3052","FRATELLI D'ITALIA (27.03.2018-05.08.2020)",
"http://dati.camera.it/ocd/deputato.rdf/d307380_18","DE CARLO","SABRINA","20180327","20220809","http://dati.camera.it/ocd/gruppoParlamentare.rdf/gr3051","MOVIMENTO 5 STELLE (27.03.2018-09.08.2022)",
"http://dati.camera.it/ocd/deputato.rdf/d307380_18","DE CARLO","SABRINA","20220809","20221012","http://dati.camera.it/ocd/gruppoParlamentare.rdf/gr3033","MISTO (09.08.2022-12.10.2022)",
"http://dati.camera.it/ocd/deputato.rdf/d306663_18","DE FILIPPO","VITO","20180327","20190919","http://dati.camera.it/ocd/gruppoParlamentare.rdf/gr3054","PARTITO DEMOCRATICO (27.03.2018-19.09.2019)",
"http://dati.camera.it/ocd/deputato.rdf/d306663_18","DE FILIPPO","VITO","20190919","20210118","http://dati.camera.it/ocd/gruppoParlamentare.rdf/gr3251","ITALIA VIVA (19.09.2019-18.01.2021)",
"http://dati.camera.it/ocd/deputato.rdf/d306663_18","DE FILIPPO","VITO","20210118","20221012","http://dati.camera.it/ocd/gruppoParlamentare.rdf/gr3054","PARTITO DEMOCRATICO (18.01.2021-12.10.2022)",
"http://dati.camera.it/ocd/deputato.rdf/d307366_18","DE GIORGI","ROSALBA","20180327","20200506","http://dati.camera.it/ocd/gruppoParlamentare.rdf/gr3051","MOVIMENTO 5 STELLE (27.03.2018-06.05.2020)",
"http://dati.camera.it/ocd/deputato.rdf/d307366_18","DE GIORGI","ROSALBA","20200506","20221012","http://dati.camera.it/ocd/gruppoParlamentare.rdf/gr3033","MISTO (06.05.2020-12.10.2022)",
"http://dati.camera.it/ocd/deputato.rdf/d307293_18","DE GIROLAMO","CARLO UGO","20180327","20201210","http://dati.camera.it/ocd/gruppoParlamentare.rdf/gr3051","MOVIMENTO 5 STELLE (27.03.2018-10.12.2020)",
"http://dati.camera.it/ocd/deputato.rdf/d307293_18","DE GIROLAMO","CARLO UGO","20201210","20210527","http://dati.camera.it/ocd/gruppoParlamentare.rdf/gr3033","MISTO (10.12.2020-27.05.2021)",
"http://dati.camera.it/ocd/deputato.rdf/d307293_18","DE GIROLAMO","CARLO UGO","20210527","20220623","http://dati.camera.it/ocd/gruppoParlamentare.rdf/gr3591","CORAGGIO ITALIA (27.05.2021-23.06.2022)",
"http://dati.camera.it/ocd/deputato.rdf/d307293_18","DE GIROLAMO","CARLO UGO","20220623","20221012","http://dati.camera.it/ocd/gruppoParlamentare.rdf/gr3033","MISTO (23.06.2022-12.10.2022)",
"http://dati.camera.it/ocd/deputato.rdf/d305848_18","DE LORENZIS","DIEGO","20180327","20221012","http://dati.camera.it/ocd/gruppoParlamentare.rdf/gr3051","MOVIMENTO 5 STELLE (27.03.2018-12.10.2022)",
"http://dati.camera.it/ocd/deputato.rdf/d307192_18","DE LORENZO","RINA","20180327","20201027","http://dati.camera.it/ocd/gruppoParlamentare.rdf/gr3051","MOVIMENTO 5 STELLE (27.03.2018-27.10.2020)",
"http://dati.camera.it/ocd/deputato.rdf/d307192_18","DE LORENZO","RINA","20201027","20221012","http://dati.camera.it/ocd/gruppoParlamentare.rdf/gr3070","LIBERI E UGUALI (27.10.2020-12.10.2022)",
"http://dati.camera.it/ocd/deputato.rdf/d307561_18","DE LUCA","PIERO","20180327","20221012","http://dati.camera.it/ocd/gruppoParlamentare.rdf/gr3054","PARTITO DEMOCRATICO (27.03.2018-12.10.2022)",
"http://dati.camera.it/ocd/deputato.rdf/d305698_18","DE MARIA","ANDREA","20180327","20221012","http://dati.camera.it/ocd/gruppoParlamentare.rdf/gr3054","PARTITO DEMOCRATICO (27.03.2018-12.10.2022)",
"http://dati.camera.it/ocd/deputato.rdf/d307217_18","DE MARTINI","GUIDO","20180327","20221012","http://dati.camera.it/ocd/gruppoParlamentare.rdf/gr3055","LEGA - SALVINI PREMIER (27.03.2018-12.10.2022)",
"http://dati.camera.it/ocd/deputato.rdf/d305656_18","DE MENECH","ROGER","20180327","20221012","http://dati.camera.it/ocd/gruppoParlamentare.rdf/gr3054","PARTITO DEMOCRATICO (27.03.2018-12.10.2022)",
"http://dati.camera.it/ocd/deputato.rdf/d302856_18","DE MICHELI","PAOLA","20180327","20221012","http://dati.camera.it/ocd/gruppoParlamentare.rdf/gr3054","PARTITO DEMOCRATICO (27.03.2018-12.10.2022)",
"http://dati.camera.it/ocd/deputato.rdf/d307427_18","DE TOMA","MASSIMILIANO","20180327","20200109","http://dati.camera.it/ocd/gruppoParlamentare.rdf/gr3051","MOVIMENTO 5 STELLE (27.03.2018-09.01.2020)",
"http://dati.camera.it/ocd/deputato.rdf/d307427_18","DE TOMA","MASSIMILIANO","20200109","20210319","http://dati.camera.it/ocd/gruppoParlamentare.rdf/gr3033","MISTO (09.01.2020-19.03.2021)",
"http://dati.camera.it/ocd/deputato.rdf/d307427_18","DE TOMA","MASSIMILIANO","20210319","20221012","http://dati.camera.it/ocd/gruppoParlamentare.rdf/gr3052","FRATELLI D'ITALIA (19.03.2021-12.10.2022)",
"http://dati.camera.it/ocd/deputato.rdf/d307227_18","DEIANA","PAOLA","20180327","20220621","http://dati.camera.it/ocd/gruppoParlamentare.rdf/gr3051","MOVIMENTO 5 STELLE (27.03.2018-21.06.2022)",
"http://dati.camera.it/ocd/deputato.rdf/d307227_18","DEIANA","PAOLA","20220621","20221012","http://dati.camera.it/ocd/gruppoParlamentare.rdf/gr3892","INSIEME PER IL FUTURO (21.06.2022-12.10.2022)",
"http://dati.camera.it/ocd/deputato.rdf/d307219_18","DEIDDA","SALVATORE","20180327","20221012","http://dati.camera.it/ocd/gruppoParlamentare.rdf/gr3052","FRATELLI D'ITALIA (27.03.2018-12.10.2022)",
"http://dati.camera.it/ocd/deputato.rdf/d306382_18","DEL BARBA","MAURO","20180327","20190919","http://dati.camera.it/ocd/gruppoParlamentare.rdf/gr3054","PARTITO DEMOCRATICO (27.03.2018-19.09.2019)",
"http://dati.camera.it/ocd/deputato.rdf/d306382_18","DEL BARBA","MAURO","20190919","20221012","http://dati.camera.it/ocd/gruppoParlamentare.rdf/gr3251","ITALIA VIVA (19.09.2019-12.10.2022)",
"http://dati.camera.it/ocd/deputato.rdf/d32910_18","DEL BASSO DE CARO","UMBERTO","20180327","20221012","http://dati.camera.it/ocd/gruppoParlamentare.rdf/gr3054","PARTITO DEMOCRATICO (27.03.2018-12.10.2022)",
"http://dati.camera.it/ocd/deputato.rdf/d306062_18","DEL GROSSO","DANIELE","20180327","20220621","http://dati.camera.it/ocd/gruppoParlamentare.rdf/gr3051","MOVIMENTO 5 STELLE (27.03.2018-21.06.2022)",
"http://dati.camera.it/ocd/deputato.rdf/d306062_18","DEL GROSSO","DANIELE","20220621","20221012","http://dati.camera.it/ocd/gruppoParlamentare.rdf/gr3892","INSIEME PER IL FUTURO (21.06.2022-12.10.2022)",
"http://dati.camera.it/ocd/deputato.rdf/d307520_18","DEL MONACO","ANTONIO","20180327","20221012","http://dati.camera.it/ocd/gruppoParlamentare.rdf/gr3051","MOVIMENTO 5 STELLE (27.03.2018-12.10.2022)",
"http://dati.camera.it/ocd/deputato.rdf/d307437_18","DEL RE","EMANUELA CLAUDIA","20180327","20210630","http://dati.camera.it/ocd/gruppoParlamentare.rdf/gr3051","MOVIMENTO 5 STELLE (27.03.2018-30.06.2021)",
"http://dati.camera.it/ocd/deputato.rdf/d307551_18","DEL SESTO","MARGHERITA","20180327","20220621","http://dati.camera.it/ocd/gruppoParlamentare.rdf/gr3051","MOVIMENTO 5 STELLE (27.03.2018-21.06.2022)",
"http://dati.camera.it/ocd/deputato.rdf/d307551_18","DEL SESTO","MARGHERITA","20220621","20220908","http://dati.camera.it/ocd/gruppoParlamentare.rdf/gr3892","INSIEME PER IL FUTURO (21.06.2022-08.09.2022)",
"http://dati.camera.it/ocd/deputato.rdf/d307551_18","DEL SESTO","MARGHERITA","20220908","20221012","http://dati.camera.it/ocd/gruppoParlamentare.rdf/gr3033","MISTO (08.09.2022-12.10.2022)",
"http://dati.camera.it/ocd/deputato.rdf/d307644_18","DELLA FRERA","GUIDO","20180327","20210215","http://dati.camera.it/ocd/gruppoParlamentare.rdf/gr3053","FORZA ITALIA - BERLUSCONI PRESIDENTE (27.03.2018-15.02.2021)",
"http://dati.camera.it/ocd/deputato.rdf/d307644_18","DELLA FRERA","GUIDO","20210215","20210527","http://dati.camera.it/ocd/gruppoParlamentare.rdf/gr3033","MISTO (15.02.2021-27.05.2021)",
"http://dati.camera.it/ocd/deputato.rdf/d307644_18","DELLA FRERA","GUIDO","20210527","20220623","http://dati.camera.it/ocd/gruppoParlamentare.rdf/gr3591","CORAGGIO ITALIA (27.05.2021-23.06.2022)",
"http://dati.camera.it/ocd/deputato.rdf/d307644_18","DELLA FRERA","GUIDO","20220623","20221012","http://dati.camera.it/ocd/gruppoParlamentare.rdf/gr3033","MISTO (23.06.2022-12.10.2022)",
"http://dati.camera.it/ocd/deputato.rdf/d307479_18","DELMASTRO DELLE VEDOVE","ANDREA","20180327","20221012","http://dati.camera.it/ocd/gruppoParlamentare.rdf/gr3052","FRATELLI D'ITALIA (27.03.2018-12.10.2022)",
"http://dati.camera.it/ocd/deputato.rdf/d306540_18","DELRIO","GRAZIANO","20180327","20221012","http://dati.camera.it/ocd/gruppoParlamentare.rdf/gr3054","PARTITO DEMOCRATICO (27.03.2018-12.10.2022)",
"http://dati.camera.it/ocd/deputato.rdf/d308741_18","DI DONNA","MICHAELA","20220716","20221012","http://dati.camera.it/ocd/gruppoParlamentare.rdf/gr3033","MISTO (16.07.2022-12.10.2022)",
"http://dati.camera.it/ocd/deputato.rdf/d306383_18","DI GIORGI","ROSA MARIA","20180327","20221012","http://dati.camera.it/ocd/gruppoParlamentare.rdf/gr3054","PARTITO DEMOCRATICO (27.03.2018-12.10.2022)",
"http://dati.camera.it/ocd/deputato.rdf/d307210_18","DI LAURO","CARMELA","20180327","20221012","http://dati.camera.it/ocd/gruppoParlamentare.rdf/gr3051","MOVIMENTO 5 STELLE (27.03.2018-12.10.2022)",
"http://dati.camera.it/ocd/deputato.rdf/d305892_18","DI MAIO","LUIGI","20180327","20220621","http://dati.camera.it/ocd/gruppoParlamentare.rdf/gr3051","MOVIMENTO 5 STELLE (27.03.2018-21.06.2022)",
"http://dati.camera.it/ocd/deputato.rdf/d305892_18","DI MAIO","LUIGI","20220621","20221012","http://dati.camera.it/ocd/gruppoParlamentare.rdf/gr3892","INSIEME PER IL FUTURO (21.06.2022-12.10.2022)",
"http://dati.camera.it/ocd/deputato.rdf/d305850_18","DI MAIO","MARCO","20180327","20190919","http://dati.camera.it/ocd/gruppoParlamentare.rdf/gr3054","PARTITO DEMOCRATICO (27.03.2018-19.09.2019)",
"http://dati.camera.it/ocd/deputato.rdf/d305850_18","DI MAIO","MARCO","20190919","20221012","http://dati.camera.it/ocd/gruppoParlamentare.rdf/gr3251","ITALIA VIVA (19.09.2019-12.10.2022)",
"http://dati.camera.it/ocd/deputato.rdf/d307527_18","DI MURO","FLAVIO","20180327","20221012","http://dati.camera.it/ocd/gruppoParlamentare.rdf/gr3055","LEGA - SALVINI PREMIER (27.03.2018-12.10.2022)",
"http://dati.camera.it/ocd/deputato.rdf/d307159_18","DI SAN MARTINO LORENZATO DI IVREA","LUIS ROBERTO","20180327","20221012","http://dati.camera.it/ocd/gruppoParlamentare.rdf/gr3055","LEGA - SALVINI PREMIER (27.03.2018-12.10.2022)",
"http://dati.camera.it/ocd/deputato.rdf/d307195_18","DI SARNO","GIANFRANCO","20180327","20220621","http://dati.camera.it/ocd/gruppoParlamentare.rdf/gr3051","MOVIMENTO 5 STELLE (27.03.2018-21.06.2022)",
"http://dati.camera.it/ocd/deputato.rdf/d307195_18","DI SARNO","GIANFRANCO","20220621","20220909","http://dati.camera.it/ocd/gruppoParlamentare.rdf/gr3892","INSIEME PER IL FUTURO (21.06.2022-09.09.2022)",
"http://dati.camera.it/ocd/deputato.rdf/d307195_18","DI SARNO","GIANFRANCO","20220909","20221012","http://dati.camera.it/ocd/gruppoParlamentare.rdf/gr3052","FRATELLI D'ITALIA (09.09.2022-12.10.2022)",
"http://dati.camera.it/ocd/deputato.rdf/d307200_18","DI STASIO","IOLANDA","20180327","20220621","http://dati.camera.it/ocd/gruppoParlamentare.rdf/gr3051","MOVIMENTO 5 STELLE (27.03.2018-21.06.2022)",
"http://dati.camera.it/ocd/deputato.rdf/d307200_18","DI STASIO","IOLANDA","20220621","20221012","http://dati.camera.it/ocd/gruppoParlamentare.rdf/gr3892","INSIEME PER IL FUTURO (21.06.2022-12.10.2022)",
"http://dati.camera.it/ocd/deputato.rdf/d306228_18","DI STEFANO","MANLIO","20180327","20220621","http://dati.camera.it/ocd/gruppoParlamentare.rdf/gr3051","MOVIMENTO 5 STELLE (27.03.2018-21.06.2022)",
"http://dati.camera.it/ocd/deputato.rdf/d306228_18","DI STEFANO","MANLIO","20220621","20221012","http://dati.camera.it/ocd/gruppoParlamentare.rdf/gr3892","INSIEME PER IL FUTURO (21.06.2022-12.10.2022)",
"http://dati.camera.it/ocd/deputato.rdf/d306120_18","DIENI","FEDERICA","20180327","20220731","http://dati.camera.it/ocd/gruppoParlamentare.rdf/gr3051","MOVIMENTO 5 STELLE (27.03.2018-31.07.2022)",
"http://dati.camera.it/ocd/deputato.rdf/d306120_18","DIENI","FEDERICA","20220801","20220809","http://dati.camera.it/ocd/gruppoParlamentare.rdf/gr3033","MISTO (01.08.2022-09.08.2022)",
"http://dati.camera.it/ocd/deputato.rdf/d306120_18","DIENI","FEDERICA","20220809","20221012","http://dati.camera.it/ocd/gruppoParlamentare.rdf/gr3251","ITALIA VIVA-ITALIA C'E' (09.08.2022-12.10.2022)",
"http://dati.camera.it/ocd/deputato.rdf/d307618_18","DONINA","GIUSEPPE CESARE","20180327","20221012","http://dati.camera.it/ocd/gruppoParlamentare.rdf/gr3055","LEGA - SALVINI PREMIER (27.03.2018-12.10.2022)",
"http://dati.camera.it/ocd/deputato.rdf/d307348_18","DONNO","LEONARDO","20180327","20221012","http://dati.camera.it/ocd/gruppoParlamentare.rdf/gr3051","MOVIMENTO 5 STELLE (27.03.2018-12.10.2022)",
"http://dati.camera.it/ocd/deputato.rdf/d307246_18","DONZELLI","GIOVANNI","20180327","20221012","http://dati.camera.it/ocd/gruppoParlamentare.rdf/gr3052","FRATELLI D'ITALIA (27.03.2018-12.10.2022)",
"http://dati.camera.it/ocd/deputato.rdf/d307634_18","DORI","DEVIS","20180327","20210709","http://dati.camera.it/ocd/gruppoParlamentare.rdf/gr3051","MOVIMENTO 5 STELLE (27.03.2018-09.07.2021)",
"http://dati.camera.it/ocd/deputato.rdf/d307634_18","DORI","DEVIS","20210709","20220210","http://dati.camera.it/ocd/gruppoParlamentare.rdf/gr3070","LIBERI E UGUALI (09.07.2021-10.02.2022)",
"http://dati.camera.it/ocd/deputato.rdf/d307634_18","DORI","DEVIS","20220210","20221012","http://dati.camera.it/ocd/gruppoParlamentare.rdf/gr3033","MISTO (10.02.2022-12.10.2022)",
"http://dati.camera.it/ocd/deputato.rdf/d307468_18","DURIGON","CLAUDIO","20180327","20221012","http://dati.camera.it/ocd/gruppoParlamentare.rdf/gr3055","LEGA - SALVINI PREMIER (27.03.2018-12.10.2022)",
"http://dati.camera.it/ocd/deputato.rdf/d307264_18","EHM","YANA CHIARA","20180327","20210302","http://dati.camera.it/ocd/gruppoParlamentare.rdf/gr3051","MOVIMENTO 5 STELLE (27.03.2018-02.03.2021)",
"http://dati.camera.it/ocd/deputato.rdf/d307264_18","EHM","YANA CHIARA","20210302","20221012","http://dati.camera.it/ocd/gruppoParlamentare.rdf/gr3033","MISTO (02.03.2021-12.10.2022)",
"http://dati.camera.it/ocd/deputato.rdf/d307127_18","EMILIOZZI","MIRELLA","20180327","20221012","http://dati.camera.it/ocd/gruppoParlamentare.rdf/gr3051","MOVIMENTO 5 STELLE (27.03.2018-12.10.2022)",
"http://dati.camera.it/ocd/deputato.rdf/d305837_18","EPIFANI","ETTORE GUGLIELMO","20180327","20180410","http://dati.camera.it/ocd/gruppoParlamentare.rdf/gr3033","MISTO (27.03.2018-10.04.2018)",
"http://dati.camera.it/ocd/deputato.rdf/d305837_18","EPIFANI","ETTORE GUGLIELMO","20180410","20210607","http://dati.camera.it/ocd/gruppoParlamentare.rdf/gr3070","LIBERI E UGUALI (10.04.2018-07.06.2021)",
"http://dati.camera.it/ocd/deputato.rdf/d307350_18","ERMELLINO","ALESSANDRA","20180327","20200622","http://dati.camera.it/ocd/gruppoParlamentare.rdf/gr3051","MOVIMENTO 5 STELLE (27.03.2018-22.06.2020)",
"http://dati.camera.it/ocd/deputato.rdf/d307350_18","ERMELLINO","ALESSANDRA","20200622","20221012","http://dati.camera.it/ocd/gruppoParlamentare.rdf/gr3033","MISTO (22.06.2020-12.10.2022)",
"http://dati.camera.it/ocd/deputato.rdf/d306168_18","ERMINI","DAVID","20180327","20180925","http://dati.camera.it/ocd/gruppoParlamentare.rdf/gr3054","PARTITO DEMOCRATICO (27.03.2018-25.09.2018)",
"http://dati.camera.it/ocd/deputato.rdf/d305612_18","FANTINATI","MATTIA","20180327","20220621","http://dati.camera.it/ocd/gruppoParlamentare.rdf/gr3051","MOVIMENTO 5 STELLE (27.03.2018-21.06.2022)",
"http://dati.camera.it/ocd/deputato.rdf/d305612_18","FANTINATI","MATTIA","20220621","20221012","http://dati.camera.it/ocd/gruppoParlamentare.rdf/gr3892","INSIEME PER IL FUTURO (21.06.2022-12.10.2022)",
"http://dati.camera.it/ocd/deputato.rdf/d307690_18","FANTUZ","MARICA","20180327","20221012","http://dati.camera.it/ocd/gruppoParlamentare.rdf/gr3055","LEGA - SALVINI PREMIER (27.03.2018-12.10.2022)",
"http://dati.camera.it/ocd/deputato.rdf/d307346_18","FARO","MARIALUISA","20180327","20220621","http://dati.camera.it/ocd/gruppoParlamentare.rdf/gr3051","MOVIMENTO 5 STELLE (27.03.2018-21.06.2022)",
"http://dati.camera.it/ocd/deputato.rdf/d307346_18","FARO","MARIALUISA","20220621","20221012","http://dati.camera.it/ocd/gruppoParlamentare.rdf/gr3892","INSIEME PER IL FUTURO (21.06.2022-12.10.2022)",
"http://dati.camera.it/ocd/deputato.rdf/d300328_18","FASANO","VINCENZO","20180327","20220123","http://dati.camera.it/ocd/gruppoParlamentare.rdf/gr3053","FORZA ITALIA - BERLUSCONI PRESIDENTE (27.03.2018-23.01.2022)",
"http://dati.camera.it/ocd/deputato.rdf/d307185_18","FASCINA","MARTA ANTONIA","20180327","20221012","http://dati.camera.it/ocd/gruppoParlamentare.rdf/gr3053","FORZA ITALIA - BERLUSCONI PRESIDENTE (27.03.2018-12.10.2022)",
"http://dati.camera.it/ocd/deputato.rdf/d305806_18","FASSINA","STEFANO","20180327","20180410","http://dati.camera.it/ocd/gruppoParlamentare.rdf/gr3033","MISTO (27.03.2018-10.04.2018)",
"http://dati.camera.it/ocd/deputato.rdf/d305806_18","FASSINA","STEFANO","20180410","20221012","http://dati.camera.it/ocd/gruppoParlamentare.rdf/gr3070","LIBERI E UGUALI (10.04.2018-12.10.2022)",
"http://dati.camera.it/ocd/deputato.rdf/d36500_18","FASSINO","PIERO FRANCO","20180327","20221012","http://dati.camera.it/ocd/gruppoParlamentare.rdf/gr3054","PARTITO DEMOCRATICO (27.03.2018-12.10.2022)",
"http://dati.camera.it/ocd/deputato.rdf/d307626_18","FATUZZO","CARLO","20180327","20221012","http://dati.camera.it/ocd/gruppoParlamentare.rdf/gr3053","FORZA ITALIA - BERLUSCONI PRESIDENTE (27.03.2018-12.10.2022)",
"http://dati.camera.it/ocd/deputato.rdf/d307278_18","FEDERICO","ANTONIO","20180327","20221012","http://dati.camera.it/ocd/gruppoParlamentare.rdf/gr3051","MOVIMENTO 5 STELLE (27.03.2018-12.10.2022)",
"http://dati.camera.it/ocd/deputato.rdf/d302983_18","FEDRIGA","MASSIMILIANO","20180327","20180508","http://dati.camera.it/ocd/gruppoParlamentare.rdf/gr3055","LEGA - SALVINI PREMIER (27.03.2018-08.05.2018)",
"http://dati.camera.it/ocd/deputato.rdf/d307539_18","FERRAIOLI","MARZIA","20180327","20221012","http://dati.camera.it/ocd/gruppoParlamentare.rdf/gr3053","FORZA ITALIA - BERLUSCONI PRESIDENTE (27.03.2018-12.10.2022)",
"http://dati.camera.it/ocd/deputato.rdf/d305972_18","FERRARESI","VITTORIO","20180327","20221012","http://dati.camera.it/ocd/gruppoParlamentare.rdf/gr3051","MOVIMENTO 5 STELLE (27.03.2018-12.10.2022)",
"http://dati.camera.it/ocd/deputato.rdf/d307620_18","FERRARI","ROBERTO PAOLO","20180327","20221012","http://dati.camera.it/ocd/gruppoParlamentare.rdf/gr3055","LEGA - SALVINI PREMIER (27.03.2018-12.10.2022)",
"http://dati.camera.it/ocd/deputato.rdf/d306549_18","FERRI","COSIMO MARIA","20180327","20190919","http://dati.camera.it/ocd/gruppoParlamentare.rdf/gr3054","PARTITO DEMOCRATICO (27.03.2018-19.09.2019)",
"http://dati.camera.it/ocd/deputato.rdf/d306549_18","FERRI","COSIMO MARIA","20190919","20221012","http://dati.camera.it/ocd/gruppoParlamentare.rdf/gr3251","ITALIA VIVA (19.09.2019-12.10.2022)",
"http://dati.camera.it/ocd/deputato.rdf/d307567_18","FERRO","WANDA","20180327","20221012","http://dati.camera.it/ocd/gruppoParlamentare.rdf/gr3052","FRATELLI D'ITALIA (27.03.2018-12.10.2022)",
"http://dati.camera.it/ocd/deputato.rdf/d301452_18","FIANO","EMANUELE","20180327","20221012","http://dati.camera.it/ocd/gruppoParlamentare.rdf/gr3054","PARTITO DEMOCRATICO (27.03.2018-12.10.2022)",
"http://dati.camera.it/ocd/deputato.rdf/d307125_18","FICARA","PAOLO","20180327","20221012","http://dati.camera.it/ocd/gruppoParlamentare.rdf/gr3051","MOVIMENTO 5 STELLE (27.03.2018-12.10.2022)",
"http://dati.camera.it/ocd/deputato.rdf/d305890_18","FICO","ROBERTO","20180327","20221012","http://dati.camera.it/ocd/gruppoParlamentare.rdf/gr3051","MOVIMENTO 5 STELLE (27.03.2018-12.10.2022)",
"http://dati.camera.it/ocd/deputato.rdf/d307670_18","FIDANZA","CARLO","20180327","20190627","http://dati.camera.it/ocd/gruppoParlamentare.rdf/gr3052","FRATELLI D'ITALIA (27.03.2018-27.06.2019)",
"http://dati.camera.it/ocd/deputato.rdf/d307450_18","FIORAMONTI","LORENZO","20180327","20200107","http://dati.camera.it/ocd/gruppoParlamentare.rdf/gr3051","MOVIMENTO 5 STELLE (27.03.2018-07.01.2020)",
"http://dati.camera.it/ocd/deputato.rdf/d307450_18","FIORAMONTI","LORENZO","20200107","20221012","http://dati.camera.it/ocd/gruppoParlamentare.rdf/gr3033","MISTO (07.01.2020-12.10.2022)",
"http://dati.camera.it/ocd/deputato.rdf/d307284_18","FIORINI","BENEDETTA","20180327","20200805","http://dati.camera.it/ocd/gruppoParlamentare.rdf/gr3053","FORZA ITALIA - BERLUSCONI PRESIDENTE (27.03.2018-05.08.2020)",
"http://dati.camera.it/ocd/deputato.rdf/d307284_18","FIORINI","BENEDETTA","20200805","20221012","http://dati.camera.it/ocd/gruppoParlamentare.rdf/gr3055","LEGA - SALVINI PREMIER (05.08.2020-12.10.2022)",
"http://dati.camera.it/ocd/deputato.rdf/d307445_18","FLATI","FRANCESCA","20180327","20221012","http://dati.camera.it/ocd/gruppoParlamentare.rdf/gr3051","MOVIMENTO 5 STELLE (27.03.2018-12.10.2022)",
"http://dati.camera.it/ocd/deputato.rdf/d307687_18","FOGLIANI","KETTY","20180327","20221012","http://dati.camera.it/ocd/gruppoParlamentare.rdf/gr3055","LEGA - SALVINI PREMIER (27.03.2018-12.10.2022)",
"http://dati.camera.it/ocd/deputato.rdf/d300439_18","FONTANA","GREGORIO","20180327","20221012","http://dati.camera.it/ocd/gruppoParlamentare.rdf/gr3053","FORZA ITALIA - BERLUSCONI PRESIDENTE (27.03.2018-12.10.2022)",
"http://dati.camera.it/ocd/deputato.rdf/d307459_18","FONTANA","ILARIA","20180327","20221012","http://dati.camera.it/ocd/gruppoParlamentare.rdf/gr3051","MOVIMENTO 5 STELLE (27.03.2018-12.10.2022)",
"http://dati.camera.it/ocd/deputato.rdf/d307591_18","FONTANA","LORENZO","20180327","20221012","http://dati.camera.it/ocd/gruppoParlamentare.rdf/gr3055","LEGA - SALVINI PREMIER (27.03.2018-12.10.2022)",
"http://dati.camera.it/ocd/deputato.rdf/d307720_18","FORCINITI","FRANCESCO","20180327","20210219","http://dati.camera.it/ocd/gruppoParlamentare.rdf/gr3051","MOVIMENTO 5 STELLE (27.03.2018-19.02.2021)",
"http://dati.camera.it/ocd/deputato.rdf/d307720_18","FORCINITI","FRANCESCO","20210219","20221012","http://dati.camera.it/ocd/gruppoParlamentare.rdf/gr3033","MISTO (19.02.2021-12.10.2022)",
"http://dati.camera.it/ocd/deputato.rdf/d307602_18","FORMENTINI","PAOLO","20180327","20221012","http://dati.camera.it/ocd/gruppoParlamentare.rdf/gr3055","LEGA - SALVINI PREMIER (27.03.2018-12.10.2022)",
"http://dati.camera.it/ocd/deputato.rdf/d306398_18","FORNARO","FEDERICO","20180327","20180410","http://dati.camera.it/ocd/gruppoParlamentare.rdf/gr3033","MISTO (27.03.2018-10.04.2018)",
"http://dati.camera.it/ocd/deputato.rdf/d306398_18","FORNARO","FEDERICO","20180410","20221012","http://dati.camera.it/ocd/gruppoParlamentare.rdf/gr3070","LIBERI E UGUALI (10.04.2018-12.10.2022)",
"http://dati.camera.it/ocd/deputato.rdf/d307131_18","FOSCOLO","SARA","20180327","20221012","http://dati.camera.it/ocd/gruppoParlamentare.rdf/gr3055","LEGA - SALVINI PREMIER (27.03.2018-12.10.2022)",
"http://dati.camera.it/ocd/deputato.rdf/d50204_18","FOTI","TOMMASO","20180327","20221012","http://dati.camera.it/ocd/gruppoParlamentare.rdf/gr3052","FRATELLI D'ITALIA (27.03.2018-12.10.2022)",
"http://dati.camera.it/ocd/deputato.rdf/d305595_18","FRACCARO","RICCARDO","20180327","20221012","http://dati.camera.it/ocd/gruppoParlamentare.rdf/gr3051","MOVIMENTO 5 STELLE (27.03.2018-12.10.2022)",
"http://dati.camera.it/ocd/deputato.rdf/d305559_18","FRAGOMELI","GIAN MARIO","20180327","20221012","http://dati.camera.it/ocd/gruppoParlamentare.rdf/gr3054","PARTITO DEMOCRATICO (27.03.2018-12.10.2022)",
"http://dati.camera.it/ocd/deputato.rdf/d308080_18","FRAILIS","ANDREA","20190124","20221012","http://dati.camera.it/ocd/gruppoParlamentare.rdf/gr3054","PARTITO DEMOCRATICO (24.01.2019-12.10.2022)",
"http://dati.camera.it/ocd/deputato.rdf/d300246_18","FRANCESCHINI","DARIO","20180327","20221012","http://dati.camera.it/ocd/gruppoParlamentare.rdf/gr3054","PARTITO DEMOCRATICO (27.03.2018-12.10.2022)",
"http://dati.camera.it/ocd/deputato.rdf/d301457_18","FRASSINETTI","PAOLA","20180327","20221012","http://dati.camera.it/ocd/gruppoParlamentare.rdf/gr3052","FRATELLI D'ITALIA (27.03.2018-12.10.2022)",
"http://dati.camera.it/ocd/deputato.rdf/d307630_18","FRASSINI","REBECCA","20180327","20221012","http://dati.camera.it/ocd/gruppoParlamentare.rdf/gr3055","LEGA - SALVINI PREMIER (27.03.2018-12.10.2022)",
"http://dati.camera.it/ocd/deputato.rdf/d307204_18","FRATE","FLORA","20180327","20200204","http://dati.camera.it/ocd/gruppoParlamentare.rdf/gr3051","MOVIMENTO 5 STELLE (27.03.2018-04.02.2020)",
"http://dati.camera.it/ocd/deputato.rdf/d307204_18","FRATE","FLORA","20200204","20211223","http://dati.camera.it/ocd/gruppoParlamentare.rdf/gr3033","MISTO (04.02.2020-23.12.2021)",
"http://dati.camera.it/ocd/deputato.rdf/d307204_18","FRATE","FLORA","20211223","20221012","http://dati.camera.it/ocd/gruppoParlamentare.rdf/gr3251","ITALIA VIVA (23.12.2021-12.10.2022)",
"http://dati.camera.it/ocd/deputato.rdf/d305880_18","FRATOIANNI","NICOLA","20180327","20180410","http://dati.camera.it/ocd/gruppoParlamentare.rdf/gr3033","MISTO (27.03.2018-10.04.2018)",
"http://dati.camera.it/ocd/deputato.rdf/d305880_18","FRATOIANNI","NICOLA","20180410","20221012","http://dati.camera.it/ocd/gruppoParlamentare.rdf/gr3070","LIBERI E UGUALI (10.04.2018-12.10.2022)",
"http://dati.camera.it/ocd/deputato.rdf/d305569_18","FREGOLENT","SILVIA","20180327","20190919","http://dati.camera.it/ocd/gruppoParlamentare.rdf/gr3054","PARTITO DEMOCRATICO (27.03.2018-19.09.2019)",
"http://dati.camera.it/ocd/deputato.rdf/d305569_18","FREGOLENT","SILVIA","20190919","20221012","http://dati.camera.it/ocd/gruppoParlamentare.rdf/gr3251","ITALIA VIVA (19.09.2019-12.10.2022)",
"http://dati.camera.it/ocd/deputato.rdf/d305748_18","FRUSONE","LUCA","20180327","20220621","http://dati.camera.it/ocd/gruppoParlamentare.rdf/gr3051","MOVIMENTO 5 STELLE (27.03.2018-21.06.2022)",
"http://dati.camera.it/ocd/deputato.rdf/d305748_18","FRUSONE","LUCA","20220621","20221012","http://dati.camera.it/ocd/gruppoParlamentare.rdf/gr3892","INSIEME PER IL FUTURO (21.06.2022-12.10.2022)",
"http://dati.camera.it/ocd/deputato.rdf/d302155_18","FUGATTI","MAURIZIO","20180327","20190109","http://dati.camera.it/ocd/gruppoParlamentare.rdf/gr3055","LEGA - SALVINI PREMIER (27.03.2018-09.01.2019)",
"http://dati.camera.it/ocd/deputato.rdf/d307718_18","FURGIUELE","DOMENICO","20180327","20221012","http://dati.camera.it/ocd/gruppoParlamentare.rdf/gr3055","LEGA - SALVINI PREMIER (27.03.2018-12.10.2022)",
"http://dati.camera.it/ocd/deputato.rdf/d307155_18","FUSACCHIA","ALESSANDRO","20180327","20221012","http://dati.camera.it/ocd/gruppoParlamentare.rdf/gr3033","MISTO (27.03.2018-12.10.2022)",
"http://dati.camera.it/ocd/deputato.rdf/d305553_18","GADDA","MARIA CHIARA","20180327","20190919","http://dati.camera.it/ocd/gruppoParlamentare.rdf/gr3054","PARTITO DEMOCRATICO (27.03.2018-19.09.2019)",
"http://dati.camera.it/ocd/deputato.rdf/d305553_18","GADDA","MARIA CHIARA","20190919","20221012","http://dati.camera.it/ocd/gruppoParlamentare.rdf/gr3251","ITALIA VIVA (19.09.2019-12.10.2022)",
"http://dati.camera.it/ocd/deputato.rdf/d307135_18","GAGLIARDI","MANUELA","20180327","20190909","http://dati.camera.it/ocd/gruppoParlamentare.rdf/gr3053","FORZA ITALIA - BERLUSCONI PRESIDENTE (27.03.2018-09.09.2019)",
"http://dati.camera.it/ocd/deputato.rdf/d307135_18","GAGLIARDI","MANUELA","20190909","20210527","http://dati.camera.it/ocd/gruppoParlamentare.rdf/gr3033","MISTO (09.09.2019-27.05.2021)",
"http://dati.camera.it/ocd/deputato.rdf/d307135_18","GAGLIARDI","MANUELA","20210527","20220623","http://dati.camera.it/ocd/gruppoParlamentare.rdf/gr3591","CORAGGIO ITALIA (27.05.2021-23.06.2022)",
"http://dati.camera.it/ocd/deputato.rdf/d307135_18","GAGLIARDI","MANUELA","20220623","20221012","http://dati.camera.it/ocd/gruppoParlamentare.rdf/gr3033","MISTO (23.06.2022-12.10.2022)",
"http://dati.camera.it/ocd/deputato.rdf/d306096_18","GAGNARLI","CHIARA","20180327","20220621","http://dati.camera.it/ocd/gruppoParlamentare.rdf/gr3051","MOVIMENTO 5 STELLE (27.03.2018-21.06.2022)",
"http://dati.camera.it/ocd/deputato.rdf/d306096_18","GAGNARLI","CHIARA","20220621","20221012","http://dati.camera.it/ocd/gruppoParlamentare.rdf/gr3892","INSIEME PER IL FUTURO (21.06.2022-12.10.2022)",
"http://dati.camera.it/ocd/deputato.rdf/d307344_18","GALANTINO","DAVIDE","20180327","20190710","http://dati.camera.it/ocd/gruppoParlamentare.rdf/gr3051","MOVIMENTO 5 STELLE (27.03.2018-10.07.2019)",
"http://dati.camera.it/ocd/deputato.rdf/d307344_18","GALANTINO","DAVIDE","20190710","20191008","http://dati.camera.it/ocd/gruppoParlamentare.rdf/gr3033","MISTO (10.07.2019-08.10.2019)",
"http://dati.camera.it/ocd/deputato.rdf/d307344_18","GALANTINO","DAVIDE","20191008","20221012","http://dati.camera.it/ocd/gruppoParlamentare.rdf/gr3052","FRATELLI D'ITALIA (08.10.2019-12.10.2022)",
"http://dati.camera.it/ocd/deputato.rdf/d307290_18","GALIZIA","FRANCESCA","20180327","20221012","http://dati.camera.it/ocd/gruppoParlamentare.rdf/gr3051","MOVIMENTO 5 STELLE (27.03.2018-12.10.2022)",
"http://dati.camera.it/ocd/deputato.rdf/d50462_18","GALLI","DARIO","20180327","20221012","http://dati.camera.it/ocd/gruppoParlamentare.rdf/gr3055","LEGA - SALVINI PREMIER (27.03.2018-12.10.2022)",
"http://dati.camera.it/ocd/deputato.rdf/d305696_18","GALLINELLA","FILIPPO","20180327","20220621","http://dati.camera.it/ocd/gruppoParlamentare.rdf/gr3051","MOVIMENTO 5 STELLE (27.03.2018-21.06.2022)",
"http://dati.camera.it/ocd/deputato.rdf/d305696_18","GALLINELLA","FILIPPO","20220621","20221012","http://dati.camera.it/ocd/gruppoParlamentare.rdf/gr3892","INSIEME PER IL FUTURO (21.06.2022-12.10.2022)",
"http://dati.camera.it/ocd/deputato.rdf/d305900_18","GALLO","LUIGI","20180327","20221012","http://dati.camera.it/ocd/gruppoParlamentare.rdf/gr3051","MOVIMENTO 5 STELLE (27.03.2018-12.10.2022)",
"http://dati.camera.it/ocd/deputato.rdf/d302151_18","GARAVAGLIA","MASSIMO","20180327","20221012","http://dati.camera.it/ocd/gruppoParlamentare.rdf/gr3055","LEGA - SALVINI PREMIER (27.03.2018-12.10.2022)",
"http://dati.camera.it/ocd/deputato.rdf/d307504_18","GARIGLIO","DAVIDE","20180327","20221012","http://dati.camera.it/ocd/gruppoParlamentare.rdf/gr3054","PARTITO DEMOCRATICO (27.03.2018-12.10.2022)",
"http://dati.camera.it/ocd/deputato.rdf/d307509_18","GASTALDI","FLAVIO","20180327","20221012","http://dati.camera.it/ocd/gruppoParlamentare.rdf/gr3055","LEGA - SALVINI PREMIER (27.03.2018-12.10.2022)",
"http://dati.camera.it/ocd/deputato.rdf/d307138_18","GAVA","VANNIA","20180327","20221012","http://dati.camera.it/ocd/gruppoParlamentare.rdf/gr3055","LEGA - SALVINI PREMIER (27.03.2018-12.10.2022)",
"http://dati.camera.it/ocd/deputato.rdf/d305580_18","GEBHARD","RENATE","20180327","20221012","http://dati.camera.it/ocd/gruppoParlamentare.rdf/gr3033","MISTO (27.03.2018-12.10.2022)",
"http://dati.camera.it/ocd/deputato.rdf/d301449_18","GELMINI","MARIASTELLA","20180327","20220721","http://dati.camera.it/ocd/gruppoParlamentare.rdf/gr3053","FORZA ITALIA - BERLUSCONI PRESIDENTE (27.03.2018-21.07.2022)",
"http://dati.camera.it/ocd/deputato.rdf/d301449_18","GELMINI","MARIASTELLA","20220721","20221012","http://dati.camera.it/ocd/gruppoParlamentare.rdf/gr3033","MISTO (21.07.2022-12.10.2022)",
"http://dati.camera.it/ocd/deputato.rdf/d307332_18","GEMMATO","MARCELLO","20180327","20221012","http://dati.camera.it/ocd/gruppoParlamentare.rdf/gr3052","FRATELLI D'ITALIA (27.03.2018-12.10.2022)",
"http://dati.camera.it/ocd/deputato.rdf/d308620_18","GENTILE","ANDREA","20211104","20221012","http://dati.camera.it/ocd/gruppoParlamentare.rdf/gr3053","FORZA ITALIA - BERLUSCONI PRESIDENTE (04.11.2021-12.10.2022)",
"http://dati.camera.it/ocd/deputato.rdf/d300637_18","GENTILONI SILVERI","PAOLO","20180327","20191202","http://dati.camera.it/ocd/gruppoParlamentare.rdf/gr3054","PARTITO DEMOCRATICO (27.03.2018-02.12.2019)",
"http://dati.camera.it/ocd/deputato.rdf/d307477_18","GERARDI","FRANCESCA","20180327","20221012","http://dati.camera.it/ocd/gruppoParlamentare.rdf/gr3055","LEGA - SALVINI PREMIER (27.03.2018-12.10.2022)",
"http://dati.camera.it/ocd/deputato.rdf/d302909_18","GERMANA'","ANTONINO SALVATORE","20180327","20200522","http://dati.camera.it/ocd/gruppoParlamentare.rdf/gr3053","FORZA ITALIA - BERLUSCONI PRESIDENTE (27.03.2018-22.05.2020)",
"http://dati.camera.it/ocd/deputato.rdf/d302909_18","GERMANA'","ANTONINO SALVATORE","20200522","20210408","http://dati.camera.it/ocd/gruppoParlamentare.rdf/gr3033","MISTO (22.05.2020-08.04.2021)",
"http://dati.camera.it/ocd/deputato.rdf/d302909_18","GERMANA'","ANTONINO SALVATORE","20210408","20221012","http://dati.camera.it/ocd/gruppoParlamentare.rdf/gr3055","LEGA - SALVINI PREMIER (08.04.2021-12.10.2022)",
"http://dati.camera.it/ocd/deputato.rdf/d307508_18","GIACCONE","ANDREA","20180327","20221012","http://dati.camera.it/ocd/gruppoParlamentare.rdf/gr3055","LEGA - SALVINI PREMIER (27.03.2018-12.10.2022)",
"http://dati.camera.it/ocd/deputato.rdf/d300480_18","GIACHETTI","ROBERTO","20180327","20190919","http://dati.camera.it/ocd/gruppoParlamentare.rdf/gr3054","PARTITO DEMOCRATICO (27.03.2018-19.09.2019)",
"http://dati.camera.it/ocd/deputato.rdf/d300480_18","GIACHETTI","ROBERTO","20190919","20221012","http://dati.camera.it/ocd/gruppoParlamentare.rdf/gr3251","ITALIA VIVA (19.09.2019-12.10.2022)",
"http://dati.camera.it/ocd/deputato.rdf/d301056_18","GIACOMELLI","ANTONELLO","20180327","20200930","http://dati.camera.it/ocd/gruppoParlamentare.rdf/gr3054","PARTITO DEMOCRATICO (27.03.2018-30.09.2020)",
"http://dati.camera.it/ocd/deputato.rdf/d307569_18","GIACOMETTI","ANTONIETTA","20180327","20221012","http://dati.camera.it/ocd/gruppoParlamentare.rdf/gr3055","LEGA - SALVINI PREMIER (27.03.2018-12.10.2022)",
"http://dati.camera.it/ocd/deputato.rdf/d307473_18","GIACOMETTO","CARLUCCIO","20180327","20221012","http://dati.camera.it/ocd/gruppoParlamentare.rdf/gr3053","FORZA ITALIA - BERLUSCONI PRESIDENTE (27.03.2018-12.10.2022)",
"http://dati.camera.it/ocd/deputato.rdf/d301533_18","GIACOMONI","SESTINO","20180327","20221012","http://dati.camera.it/ocd/gruppoParlamentare.rdf/gr3053","FORZA ITALIA - BERLUSCONI PRESIDENTE (27.03.2018-12.10.2022)",
"http://dati.camera.it/ocd/deputato.rdf/d308341_18","GIANNETTA","DOMENICO","20200402","20200507","http://dati.camera.it/ocd/gruppoParlamentare.rdf/gr3053","FORZA ITALIA - BERLUSCONI PRESIDENTE (02.04.2020-07.05.2020)",
"http://dati.camera.it/ocd/deputato.rdf/d307342_18","GIANNONE","VERONICA","20180327","20190701","http://dati.camera.it/ocd/gruppoParlamentare.rdf/gr3051","MOVIMENTO 5 STELLE (27.03.2018-01.07.2019)",
"http://dati.camera.it/ocd/deputato.rdf/d307342_18","GIANNONE","VERONICA","20190701","20210120","http://dati.camera.it/ocd/gruppoParlamentare.rdf/gr3033","MISTO (01.07.2019-20.01.2021)",
"http://dati.camera.it/ocd/deputato.rdf/d307342_18","GIANNONE","VERONICA","20210120","20220914","http://dati.camera.it/ocd/gruppoParlamentare.rdf/gr3053","FORZA ITALIA - BERLUSCONI PRESIDENTE (20.01.2021-14.09.2022)",
"http://dati.camera.it/ocd/deputato.rdf/d307342_18","GIANNONE","VERONICA","20220914","20221012","http://dati.camera.it/ocd/gruppoParlamentare.rdf/gr3033","MISTO (14.09.2022-12.10.2022)",
"http://dati.camera.it/ocd/deputato.rdf/d307121_18","GIARRIZZO","ANDREA","20180327","20220621","http://dati.camera.it/ocd/gruppoParlamentare.rdf/gr3051","MOVIMENTO 5 STELLE (27.03.2018-21.06.2022)",
"http://dati.camera.it/ocd/deputato.rdf/d307121_18","GIARRIZZO","ANDREA","20220621","20221012","http://dati.camera.it/ocd/gruppoParlamentare.rdf/gr3892","INSIEME PER IL FUTURO (21.06.2022-12.10.2022)",
"http://dati.camera.it/ocd/deputato.rdf/d307502_18","GIGLIO VIGNA","ALESSANDRO","20180327","20221012","http://dati.camera.it/ocd/gruppoParlamentare.rdf/gr3055","LEGA - SALVINI PREMIER (27.03.2018-12.10.2022)",
"http://dati.camera.it/ocd/deputato.rdf/d307198_18","GIORDANO","CONCETTA","20180327","20220621","http://dati.camera.it/ocd/gruppoParlamentare.rdf/gr3051","MOVIMENTO 5 STELLE (27.03.2018-21.06.2022)",
"http://dati.camera.it/ocd/deputato.rdf/d307198_18","GIORDANO","CONCETTA","20220621","20221012","http://dati.camera.it/ocd/gruppoParlamentare.rdf/gr3892","INSIEME PER IL FUTURO (21.06.2022-12.10.2022)",
"http://dati.camera.it/ocd/deputato.rdf/d50115_18","GIORGETTI","GIANCARLO","20180327","20221012","http://dati.camera.it/ocd/gruppoParlamentare.rdf/gr3055","LEGA - SALVINI PREMIER (27.03.2018-12.10.2022)",
"http://dati.camera.it/ocd/deputato.rdf/d305567_18","GIORGIS","ANDREA","20180327","20221012","http://dati.camera.it/ocd/gruppoParlamentare.rdf/gr3054","PARTITO DEMOCRATICO (27.03.2018-12.10.2022)",
"http://dati.camera.it/ocd/deputato.rdf/d307370_18","GIULIANO","CARLA","20180327","20221012","http://dati.camera.it/ocd/gruppoParlamentare.rdf/gr3051","MOVIMENTO 5 STELLE (27.03.2018-12.10.2022)",
"http://dati.camera.it/ocd/deputato.rdf/d307177_18","GIULIODORI","PAOLO","20180327","20210219","http://dati.camera.it/ocd/gruppoParlamentare.rdf/gr3051","MOVIMENTO 5 STELLE (27.03.2018-19.02.2021)",
"http://dati.camera.it/ocd/deputato.rdf/d307177_18","GIULIODORI","PAOLO","20210219","20221012","http://dati.camera.it/ocd/gruppoParlamentare.rdf/gr3033","MISTO (19.02.2021-12.10.2022)",
"http://dati.camera.it/ocd/deputato.rdf/d307653_18","GOBBATO","CLAUDIA","20180327","20221012","http://dati.camera.it/ocd/gruppoParlamentare.rdf/gr3055","LEGA - SALVINI PREMIER (27.03.2018-12.10.2022)",
"http://dati.camera.it/ocd/deputato.rdf/d307314_18","GOLINELLI","GUGLIELMO","20180327","20221012","http://dati.camera.it/ocd/gruppoParlamentare.rdf/gr3055","LEGA - SALVINI PREMIER (27.03.2018-12.10.2022)",
"http://dati.camera.it/ocd/deputato.rdf/d305784_18","GRANDE","MARTA","20180327","20220621","http://dati.camera.it/ocd/gruppoParlamentare.rdf/gr3051","MOVIMENTO 5 STELLE (27.03.2018-21.06.2022)",
"http://dati.camera.it/ocd/deputato.rdf/d305784_18","GRANDE","MARTA","20220621","20221012","http://dati.camera.it/ocd/gruppoParlamentare.rdf/gr3892","INSIEME PER IL FUTURO (21.06.2022-12.10.2022)",
"http://dati.camera.it/ocd/deputato.rdf/d306008_18","GRIBAUDO","CHIARA","20180327","20221012","http://dati.camera.it/ocd/gruppoParlamentare.rdf/gr3054","PARTITO DEMOCRATICO (27.03.2018-12.10.2022)",
"http://dati.camera.it/ocd/deputato.rdf/d306071_18","GRILLO","GIULIA","20180327","20221012","http://dati.camera.it/ocd/gruppoParlamentare.rdf/gr3051","MOVIMENTO 5 STELLE (27.03.2018-12.10.2022)",
"http://dati.camera.it/ocd/deputato.rdf/d307528_18","GRIMALDI","NICOLA","20180327","20220621","http://dati.camera.it/ocd/gruppoParlamentare.rdf/gr3051","MOVIMENTO 5 STELLE (27.03.2018-21.06.2022)",
"http://dati.camera.it/ocd/deputato.rdf/d307528_18","GRIMALDI","NICOLA","20220621","20221012","http://dati.camera.it/ocd/gruppoParlamentare.rdf/gr3892","INSIEME PER IL FUTURO (21.06.2022-12.10.2022)",
"http://dati.camera.it/ocd/deputato.rdf/d301455_18","GRIMOLDI","PAOLO","20180327","20221012","http://dati.camera.it/ocd/gruppoParlamentare.rdf/gr3055","LEGA - SALVINI PREMIER (27.03.2018-12.10.2022)",
"http://dati.camera.it/ocd/deputato.rdf/d307232_18","GRIPPA","CARMELA","20180327","20221012","http://dati.camera.it/ocd/gruppoParlamentare.rdf/gr3051","MOVIMENTO 5 STELLE (27.03.2018-12.10.2022)",
"http://dati.camera.it/ocd/deputato.rdf/d308241_18","GUALTIERI","ROBERTO","20200304","20211104","http://dati.camera.it/ocd/gruppoParlamentare.rdf/gr3054","PARTITO DEMOCRATICO (04.03.2020-04.11.2021)",
"http://dati.camera.it/ocd/deputato.rdf/d307531_18","GUBITOSA","MICHELE","20180327","20221012","http://dati.camera.it/ocd/gruppoParlamentare.rdf/gr3051","MOVIMENTO 5 STELLE (27.03.2018-12.10.2022)",
"http://dati.camera.it/ocd/deputato.rdf/d305624_18","GUERINI","LORENZO","20180327","20221012","http://dati.camera.it/ocd/gruppoParlamentare.rdf/gr3054","PARTITO DEMOCRATICO (27.03.2018-12.10.2022)",
"http://dati.camera.it/ocd/deputato.rdf/d306582_18","GUIDESI","GUIDO","20180327","20210217","http://dati.camera.it/ocd/gruppoParlamentare.rdf/gr3055","LEGA - SALVINI PREMIER (27.03.2018-17.02.2021)",
"http://dati.camera.it/ocd/deputato.rdf/d307475_18","GUSMEROLI","ALBERTO LUIGI","20180327","20221012","http://dati.camera.it/ocd/gruppoParlamentare.rdf/gr3055","LEGA - SALVINI PREMIER (27.03.2018-12.10.2022)",
"http://dati.camera.it/ocd/deputato.rdf/d307514_18","IANARO","ANGELA","20180327","20220303","http://dati.camera.it/ocd/gruppoParlamentare.rdf/gr3051","MOVIMENTO 5 STELLE (27.03.2018-03.03.2022)",
"http://dati.camera.it/ocd/deputato.rdf/d307514_18","IANARO","ANGELA","20220303","20221012","http://dati.camera.it/ocd/gruppoParlamentare.rdf/gr3054","PARTITO DEMOCRATICO (03.03.2022-12.10.2022)",
"http://dati.camera.it/ocd/deputato.rdf/d307641_18","IEZZI","IGOR GIANCARLO","20180327","20221012","http://dati.camera.it/ocd/gruppoParlamentare.rdf/gr3055","LEGA - SALVINI PREMIER (27.03.2018-12.10.2022)",
"http://dati.camera.it/ocd/deputato.rdf/d305702_18","INCERTI","ANTONELLA","20180327","20221012","http://dati.camera.it/ocd/gruppoParlamentare.rdf/gr3054","PARTITO DEMOCRATICO (27.03.2018-12.10.2022)",
"http://dati.camera.it/ocd/deputato.rdf/d305503_18","INVERNIZZI","CRISTIAN","20180327","20221012","http://dati.camera.it/ocd/gruppoParlamentare.rdf/gr3055","LEGA - SALVINI PREMIER (27.03.2018-12.10.2022)",
"http://dati.camera.it/ocd/deputato.rdf/d307624_18","INVIDIA","NICCOLO'","20180327","20220728","http://dati.camera.it/ocd/gruppoParlamentare.rdf/gr3051","MOVIMENTO 5 STELLE (27.03.2018-28.07.2022)",
"http://dati.camera.it/ocd/deputato.rdf/d307624_18","INVIDIA","NICCOLO'","20220729","20221012","http://dati.camera.it/ocd/gruppoParlamentare.rdf/gr3033","MISTO (29.07.2022-12.10.2022)",
"http://dati.camera.it/ocd/deputato.rdf/d307555_18","IORIO","MARIANNA","20180327","20220621","http://dati.camera.it/ocd/gruppoParlamentare.rdf/gr3051","MOVIMENTO 5 STELLE (27.03.2018-21.06.2022)",
"http://dati.camera.it/ocd/deputato.rdf/d307555_18","IORIO","MARIANNA","20220621","20221012","http://dati.camera.it/ocd/gruppoParlamentare.rdf/gr3892","INSIEME PER IL FUTURO (21.06.2022-12.10.2022)",
"http://dati.camera.it/ocd/deputato.rdf/d307208_18","IOVINO","LUIGI","20180327","20220621","http://dati.camera.it/ocd/gruppoParlamentare.rdf/gr3051","MOVIMENTO 5 STELLE (27.03.2018-21.06.2022)",
"http://dati.camera.it/ocd/deputato.rdf/d307208_18","IOVINO","LUIGI","20220621","20221012","http://dati.camera.it/ocd/gruppoParlamentare.rdf/gr3892","INSIEME PER IL FUTURO (21.06.2022-12.10.2022)",
"http://dati.camera.it/ocd/deputato.rdf/d305842_18","L'ABBATE","GIUSEPPE","20180327","20220621","http://dati.camera.it/ocd/gruppoParlamentare.rdf/gr3051","MOVIMENTO 5 STELLE (27.03.2018-21.06.2022)",
"http://dati.camera.it/ocd/deputato.rdf/d305842_18","L'ABBATE","GIUSEPPE","20220621","20221012","http://dati.camera.it/ocd/gruppoParlamentare.rdf/gr3892","INSIEME PER IL FUTURO (21.06.2022-12.10.2022)",
"http://dati.camera.it/ocd/deputato.rdf/d306253_18","LA MARCA","FRANCESCA","20180327","20221012","http://dati.camera.it/ocd/gruppoParlamentare.rdf/gr3054","PARTITO DEMOCRATICO (27.03.2018-12.10.2022)",
"http://dati.camera.it/ocd/deputato.rdf/d305872_18","LABRIOLA","VINCENZA","20180327","20220914","http://dati.camera.it/ocd/gruppoParlamentare.rdf/gr3053","FORZA ITALIA - BERLUSCONI PRESIDENTE (27.03.2018-14.09.2022)",
"http://dati.camera.it/ocd/deputato.rdf/d305872_18","LABRIOLA","VINCENZA","20220914","20221012","http://dati.camera.it/ocd/gruppoParlamentare.rdf/gr3033","MISTO (14.09.2022-12.10.2022)",
"http://dati.camera.it/ocd/deputato.rdf/d307308_18","LACARRA","MARCO","20180327","20221012","http://dati.camera.it/ocd/gruppoParlamentare.rdf/gr3054","PARTITO DEMOCRATICO (27.03.2018-12.10.2022)",
"http://dati.camera.it/ocd/deputato.rdf/d307107_18","LAPIA","MARA","20180327","20201210","http://dati.camera.it/ocd/gruppoParlamentare.rdf/gr3051","MOVIMENTO 5 STELLE (27.03.2018-10.12.2020)",
"http://dati.camera.it/ocd/deputato.rdf/d307107_18","LAPIA","MARA","20201210","20221012","http://dati.camera.it/ocd/gruppoParlamentare.rdf/gr3033","MISTO (10.12.2020-12.10.2022)",
"http://dati.camera.it/ocd/deputato.rdf/d307173_18","LATINI","GIORGIA","20180327","20201110","http://dati.camera.it/ocd/gruppoParlamentare.rdf/gr3055","LEGA - SALVINI PREMIER (27.03.2018-10.11.2020)",
"http://dati.camera.it/ocd/deputato.rdf/d307287_18","LATTANZIO","PAOLO","20180327","20200807","http://dati.camera.it/ocd/gruppoParlamentare.rdf/gr3051","MOVIMENTO 5 STELLE (27.03.2018-07.08.2020)",
"http://dati.camera.it/ocd/deputato.rdf/d307287_18","LATTANZIO","PAOLO","20200807","20201210","http://dati.camera.it/ocd/gruppoParlamentare.rdf/gr3033","MISTO (07.08.2020-10.12.2020)",
"http://dati.camera.it/ocd/deputato.rdf/d307287_18","LATTANZIO","PAOLO","20201210","20221012","http://dati.camera.it/ocd/gruppoParlamentare.rdf/gr3054","PARTITO DEMOCRATICO (10.12.2020-12.10.2022)",
"http://dati.camera.it/ocd/deputato.rdf/d307570_18","LAZZARINI","ARIANNA","20180327","20221012","http://dati.camera.it/ocd/gruppoParlamentare.rdf/gr3055","LEGA - SALVINI PREMIER (27.03.2018-12.10.2022)",
"http://dati.camera.it/ocd/deputato.rdf/d307262_18","LEGNAIOLI","DONATELLA","20180327","20221012","http://dati.camera.it/ocd/gruppoParlamentare.rdf/gr3055","LEGA - SALVINI PREMIER (27.03.2018-12.10.2022)",
"http://dati.camera.it/ocd/deputato.rdf/d306420_18","LEPRI","STEFANO","20180327","20221012","http://dati.camera.it/ocd/gruppoParlamentare.rdf/gr3054","PARTITO DEMOCRATICO (27.03.2018-12.10.2022)",
"http://dati.camera.it/ocd/deputato.rdf/d300127_18","LETTA","ENRICO","20211006","20221012","http://dati.camera.it/ocd/gruppoParlamentare.rdf/gr3054","PARTITO DEMOCRATICO (06.10.2021-12.10.2022)",
"http://dati.camera.it/ocd/deputato.rdf/d306220_18","LIBRANDI","GIANFRANCO","20180327","20190919","http://dati.camera.it/ocd/gruppoParlamentare.rdf/gr3054","PARTITO DEMOCRATICO (27.03.2018-19.09.2019)",
"http://dati.camera.it/ocd/deputato.rdf/d306220_18","LIBRANDI","GIANFRANCO","20190919","20221012","http://dati.camera.it/ocd/gruppoParlamentare.rdf/gr3251","ITALIA VIVA (19.09.2019-12.10.2022)",
"http://dati.camera.it/ocd/deputato.rdf/d307392_18","LICATINI","CATERINA","20180327","20220621","http://dati.camera.it/ocd/gruppoParlamentare.rdf/gr3051","MOVIMENTO 5 STELLE (27.03.2018-21.06.2022)",
"http://dati.camera.it/ocd/deputato.rdf/d307392_18","LICATINI","CATERINA","20220621","20221012","http://dati.camera.it/ocd/gruppoParlamentare.rdf/gr3892","INSIEME PER IL FUTURO (21.06.2022-12.10.2022)",
"http://dati.camera.it/ocd/deputato.rdf/d307525_18","LIUNI","MARZIO","20180327","20221012","http://dati.camera.it/ocd/gruppoParlamentare.rdf/gr3055","LEGA - SALVINI PREMIER (27.03.2018-12.10.2022)",
"http://dati.camera.it/ocd/deputato.rdf/d305982_18","LIUZZI","MIRELLA","20180327","20221012","http://dati.camera.it/ocd/gruppoParlamentare.rdf/gr3051","MOVIMENTO 5 STELLE (27.03.2018-12.10.2022)",
"http://dati.camera.it/ocd/deputato.rdf/d301477_18","LO MONTE","CARMELO","20180327","20190909","http://dati.camera.it/ocd/gruppoParlamentare.rdf/gr3055","LEGA - SALVINI PREMIER (27.03.2018-09.09.2019)",
"http://dati.camera.it/ocd/deputato.rdf/d301477_18","LO MONTE","CARMELO","20190909","20221012","http://dati.camera.it/ocd/gruppoParlamentare.rdf/gr3033","MISTO (09.09.2019-12.10.2022)",
"http://dati.camera.it/ocd/deputato.rdf/d307622_18","LOCATELLI","ALESSANDRA","20180327","20210217","http://dati.camera.it/ocd/gruppoParlamentare.rdf/gr3055","LEGA - SALVINI PREMIER (27.03.2018-17.02.2021)",
"http://dati.camera.it/ocd/deputato.rdf/d307145_18","LOLINI","MARIO","20180327","20221012","http://dati.camera.it/ocd/gruppoParlamentare.rdf/gr3055","LEGA - SALVINI PREMIER (27.03.2018-12.10.2022)",
"http://dati.camera.it/ocd/deputato.rdf/d307463_18","LOLLOBRIGIDA","FRANCESCO","20180327","20221012","http://dati.camera.it/ocd/gruppoParlamentare.rdf/gr3052","FRATELLI D'ITALIA (27.03.2018-12.10.2022)",
"http://dati.camera.it/ocd/deputato.rdf/d307390_18","LOMBARDO","ANTONIO","20180327","20201210","http://dati.camera.it/ocd/gruppoParlamentare.rdf/gr3051","MOVIMENTO 5 STELLE (27.03.2018-10.12.2020)",
"http://dati.camera.it/ocd/deputato.rdf/d307390_18","LOMBARDO","ANTONIO","20201210","20220301","http://dati.camera.it/ocd/gruppoParlamentare.rdf/gr3033","MISTO (10.12.2020-01.03.2022)",
"http://dati.camera.it/ocd/deputato.rdf/d307390_18","LOMBARDO","ANTONIO","20220301","20220621","http://dati.camera.it/ocd/gruppoParlamentare.rdf/gr3591","CORAGGIO ITALIA (01.03.2022-21.06.2022)",
"http://dati.camera.it/ocd/deputato.rdf/d307390_18","LOMBARDO","ANTONIO","20220621","20220905","http://dati.camera.it/ocd/gruppoParlamentare.rdf/gr3892","INSIEME PER IL FUTURO (21.06.2022-05.09.2022)",
"http://dati.camera.it/ocd/deputato.rdf/d307390_18","LOMBARDO","ANTONIO","20220905","20221012","http://dati.camera.it/ocd/gruppoParlamentare.rdf/gr3033","MISTO (05.09.2022-12.10.2022)",
"http://dati.camera.it/ocd/deputato.rdf/d306425_18","LONGO","FAUSTO GUILHERME","20180327","20221012","http://dati.camera.it/ocd/gruppoParlamentare.rdf/gr3033","MISTO (27.03.2018-12.10.2022)",
"http://dati.camera.it/ocd/deputato.rdf/d306082_18","LOREFICE","MARIALUCIA","20180327","20221012","http://dati.camera.it/ocd/gruppoParlamentare.rdf/gr3051","MOVIMENTO 5 STELLE (27.03.2018-12.10.2022)",
"http://dati.camera.it/ocd/deputato.rdf/d302783_18","LORENZIN","BEATRICE","20180327","20190923","http://dati.camera.it/ocd/gruppoParlamentare.rdf/gr3033","MISTO (27.03.2018-23.09.2019)",
"http://dati.camera.it/ocd/deputato.rdf/d302783_18","LORENZIN","BEATRICE","20190923","20221012","http://dati.camera.it/ocd/gruppoParlamentare.rdf/gr3054","PARTITO DEMOCRATICO (23.09.2019-12.10.2022)",
"http://dati.camera.it/ocd/deputato.rdf/d307614_18","LORENZONI","EVA","20180327","20221012","http://dati.camera.it/ocd/gruppoParlamentare.rdf/gr3055","LEGA - SALVINI PREMIER (27.03.2018-12.10.2022)",
"http://dati.camera.it/ocd/deputato.rdf/d307483_18","LORENZONI","GABRIELE","20180327","20221012","http://dati.camera.it/ocd/gruppoParlamentare.rdf/gr3051","MOVIMENTO 5 STELLE (27.03.2018-12.10.2022)",
"http://dati.camera.it/ocd/deputato.rdf/d302891_18","LOSACCO","ALBERTO","20180327","20221012","http://dati.camera.it/ocd/gruppoParlamentare.rdf/gr3054","PARTITO DEMOCRATICO (27.03.2018-12.10.2022)",
"http://dati.camera.it/ocd/deputato.rdf/d308140_18","LOSS","MARTINA","20190531","20221012","http://dati.camera.it/ocd/gruppoParlamentare.rdf/gr3055","LEGA - SALVINI PREMIER (31.05.2019-12.10.2022)",
"http://dati.camera.it/ocd/deputato.rdf/d306128_18","LOTTI","LUCA","20180327","20221012","http://dati.camera.it/ocd/gruppoParlamentare.rdf/gr3054","PARTITO DEMOCRATICO (27.03.2018-12.10.2022)",
"http://dati.camera.it/ocd/deputato.rdf/d307356_18","LOVECCHIO","GIORGIO","20180327","20221012","http://dati.camera.it/ocd/gruppoParlamentare.rdf/gr3051","MOVIMENTO 5 STELLE (27.03.2018-12.10.2022)",
"http://dati.camera.it/ocd/deputato.rdf/d307340_18","LUCASELLI","YLENJA","20180327","20221012","http://dati.camera.it/ocd/gruppoParlamentare.rdf/gr3052","FRATELLI D'ITALIA (27.03.2018-12.10.2022)",
"http://dati.camera.it/ocd/deputato.rdf/d307656_18","LUCCHINI","ELENA","20180327","20221012","http://dati.camera.it/ocd/gruppoParlamentare.rdf/gr3055","LEGA - SALVINI PREMIER (27.03.2018-12.10.2022)",
"http://dati.camera.it/ocd/deputato.rdf/d308441_18","LUCENTINI","MAURO","20201111","20221012","http://dati.camera.it/ocd/gruppoParlamentare.rdf/gr3055","LEGA - SALVINI PREMIER (11.11.2020-12.10.2022)",
"http://dati.camera.it/ocd/deputato.rdf/d300447_18","LUPI","MAURIZIO ENZO","20180327","20221012","http://dati.camera.it/ocd/gruppoParlamentare.rdf/gr3033","MISTO (27.03.2018-12.10.2022)",
"http://dati.camera.it/ocd/deputato.rdf/d302980_18","MACCANTI","ELENA","20180327","20221012","http://dati.camera.it/ocd/gruppoParlamentare.rdf/gr3055","LEGA - SALVINI PREMIER (27.03.2018-12.10.2022)",
"http://dati.camera.it/ocd/deputato.rdf/d307369_18","MACINA","ANNA","20180327","20220621","http://dati.camera.it/ocd/gruppoParlamentare.rdf/gr3051","MOVIMENTO 5 STELLE (27.03.2018-21.06.2022)",
"http://dati.camera.it/ocd/deputato.rdf/d307369_18","MACINA","ANNA","20220621","20221012","http://dati.camera.it/ocd/gruppoParlamentare.rdf/gr3892","INSIEME PER IL FUTURO (21.06.2022-12.10.2022)",
"http://dati.camera.it/ocd/deputato.rdf/d302789_18","MADIA","MARIA ANNA","20180327","20221012","http://dati.camera.it/ocd/gruppoParlamentare.rdf/gr3054","PARTITO DEMOCRATICO (27.03.2018-12.10.2022)",
"http://dati.camera.it/ocd/deputato.rdf/d304601_18","MAGGIONI","MARCO","20180327","20221012","http://dati.camera.it/ocd/gruppoParlamentare.rdf/gr3055","LEGA - SALVINI PREMIER (27.03.2018-12.10.2022)",
"http://dati.camera.it/ocd/deputato.rdf/d307436_18","MAGI","RICCARDO","20180327","20221012","http://dati.camera.it/ocd/gruppoParlamentare.rdf/gr3033","MISTO (27.03.2018-12.10.2022)",
"http://dati.camera.it/ocd/deputato.rdf/d307549_18","MAGLIONE","PASQUALE","20180327","20220621","http://dati.camera.it/ocd/gruppoParlamentare.rdf/gr3051","MOVIMENTO 5 STELLE (27.03.2018-21.06.2022)",
"http://dati.camera.it/ocd/deputato.rdf/d307549_18","MAGLIONE","PASQUALE","20220621","20221012","http://dati.camera.it/ocd/gruppoParlamentare.rdf/gr3892","INSIEME PER IL FUTURO (21.06.2022-12.10.2022)",
"http://dati.camera.it/ocd/deputato.rdf/d307672_18","MAMMI'","STEFANIA","20180327","20221012","http://dati.camera.it/ocd/gruppoParlamentare.rdf/gr3051","MOVIMENTO 5 STELLE (27.03.2018-12.10.2022)",
"http://dati.camera.it/ocd/deputato.rdf/d307225_18","MANCA","ALBERTO","20180327","20220621","http://dati.camera.it/ocd/gruppoParlamentare.rdf/gr3051","MOVIMENTO 5 STELLE (27.03.2018-21.06.2022)",
"http://dati.camera.it/ocd/deputato.rdf/d307225_18","MANCA","ALBERTO","20220621","20221012","http://dati.camera.it/ocd/gruppoParlamentare.rdf/gr3892","INSIEME PER IL FUTURO (21.06.2022-12.10.2022)",
"http://dati.camera.it/ocd/deputato.rdf/d307229_18","MANCA","GAVINO","20180327","20221012","http://dati.camera.it/ocd/gruppoParlamentare.rdf/gr3054","PARTITO DEMOCRATICO (27.03.2018-12.10.2022)",
"http://dati.camera.it/ocd/deputato.rdf/d307481_18","MANCINI","CLAUDIO","20180327","20221012","http://dati.camera.it/ocd/gruppoParlamentare.rdf/gr3054","PARTITO DEMOCRATICO (27.03.2018-12.10.2022)",
"http://dati.camera.it/ocd/deputato.rdf/d306430_18","MANDELLI","ANDREA","20180327","20221012","http://dati.camera.it/ocd/gruppoParlamentare.rdf/gr3053","FORZA ITALIA - BERLUSCONI PRESIDENTE (27.03.2018-12.10.2022)",
"http://dati.camera.it/ocd/deputato.rdf/d307706_18","MANIERO","ALVISE","20180327","20210219","http://dati.camera.it/ocd/gruppoParlamentare.rdf/gr3051","MOVIMENTO 5 STELLE (27.03.2018-19.02.2021)",
"http://dati.camera.it/ocd/deputato.rdf/d307706_18","MANIERO","ALVISE","20210219","20221012","http://dati.camera.it/ocd/gruppoParlamentare.rdf/gr3033","MISTO (19.02.2021-12.10.2022)",
"http://dati.camera.it/ocd/deputato.rdf/d308101_18","MANTOVANI","LUCREZIA MARIA BENEDETTA","20190315","20221012","http://dati.camera.it/ocd/gruppoParlamentare.rdf/gr3052","FRATELLI D'ITALIA (15.03.2019-12.10.2022)",
"http://dati.camera.it/ocd/deputato.rdf/d307700_18","MANZATO","FRANCO","20180327","20221012","http://dati.camera.it/ocd/gruppoParlamentare.rdf/gr3055","LEGA - SALVINI PREMIER (27.03.2018-12.10.2022)",
"http://dati.camera.it/ocd/deputato.rdf/d307212_18","MANZO","TERESA","20180327","20221012","http://dati.camera.it/ocd/gruppoParlamentare.rdf/gr3051","MOVIMENTO 5 STELLE (27.03.2018-12.10.2022)",
"http://dati.camera.it/ocd/deputato.rdf/d307515_18","MARAIA","GENEROSO","20180327","20220621","http://dati.camera.it/ocd/gruppoParlamentare.rdf/gr3051","MOVIMENTO 5 STELLE (27.03.2018-21.06.2022)",
"http://dati.camera.it/ocd/deputato.rdf/d307515_18","MARAIA","GENEROSO","20220621","20221012","http://dati.camera.it/ocd/gruppoParlamentare.rdf/gr3892","INSIEME PER IL FUTURO (21.06.2022-12.10.2022)",
"http://dati.camera.it/ocd/deputato.rdf/d307328_18","MARATTIN","LUIGI","20180327","20190919","http://dati.camera.it/ocd/gruppoParlamentare.rdf/gr3054","PARTITO DEMOCRATICO (27.03.2018-19.09.2019)",
"http://dati.camera.it/ocd/deputato.rdf/d307328_18","MARATTIN","LUIGI","20190919","20221012","http://dati.camera.it/ocd/gruppoParlamentare.rdf/gr3251","ITALIA VIVA (19.09.2019-12.10.2022)",
"http://dati.camera.it/ocd/deputato.rdf/d307453_18","MARCHETTI","RICCARDO AUGUSTO","20180327","20221012","http://dati.camera.it/ocd/gruppoParlamentare.rdf/gr3055","LEGA - SALVINI PREMIER (27.03.2018-12.10.2022)",
"http://dati.camera.it/ocd/deputato.rdf/d307428_18","MARIANI","FELICE","20180327","20210421","http://dati.camera.it/ocd/gruppoParlamentare.rdf/gr3051","MOVIMENTO 5 STELLE (27.03.2018-21.04.2021)",
"http://dati.camera.it/ocd/deputato.rdf/d307428_18","MARIANI","FELICE","20210421","20221012","http://dati.camera.it/ocd/gruppoParlamentare.rdf/gr3055","LEGA - SALVINI PREMIER (21.04.2021-12.10.2022)",
"http://dati.camera.it/ocd/deputato.rdf/d306432_18","MARIN","MARCO","20180327","20210527","http://dati.camera.it/ocd/gruppoParlamentare.rdf/gr3053","FORZA ITALIA - BERLUSCONI PRESIDENTE (27.03.2018-27.05.2021)",
"http://dati.camera.it/ocd/deputato.rdf/d306432_18","MARIN","MARCO","20210527","20220623","http://dati.camera.it/ocd/gruppoParlamentare.rdf/gr3591","CORAGGIO ITALIA (27.05.2021-23.06.2022)",
"http://dati.camera.it/ocd/deputato.rdf/d306432_18","MARIN","MARCO","20220623","20221012","http://dati.camera.it/ocd/gruppoParlamentare.rdf/gr3033","MISTO (23.06.2022-12.10.2022)",
"http://dati.camera.it/ocd/deputato.rdf/d307110_18","MARINO","BERNARDO","20180327","20220120","http://dati.camera.it/ocd/gruppoParlamentare.rdf/gr3051","MOVIMENTO 5 STELLE (27.03.2018-20.01.2022)",
"http://dati.camera.it/ocd/deputato.rdf/d307110_18","MARINO","BERNARDO","20220120","20220504","http://dati.camera.it/ocd/gruppoParlamentare.rdf/gr3033","MISTO (20.01.2022-04.05.2022)",
"http://dati.camera.it/ocd/deputato.rdf/d307110_18","MARINO","BERNARDO","20220504","20221012","http://dati.camera.it/ocd/gruppoParlamentare.rdf/gr3251","ITALIA VIVA (04.05.2022-12.10.2022)",
"http://dati.camera.it/ocd/deputato.rdf/d307466_18","MARROCCO","PATRIZIA","20180327","20221012","http://dati.camera.it/ocd/gruppoParlamentare.rdf/gr3053","FORZA ITALIA - BERLUSCONI PRESIDENTE (27.03.2018-12.10.2022)",
"http://dati.camera.it/ocd/deputato.rdf/d306551_18","MARTINA","MAURIZIO","20180327","20210120","http://dati.camera.it/ocd/gruppoParlamentare.rdf/gr3054","PARTITO DEMOCRATICO (27.03.2018-20.01.2021)",
"http://dati.camera.it/ocd/deputato.rdf/d307120_18","MARTINCIGLIO","VITA","20180327","20220621","http://dati.camera.it/ocd/gruppoParlamentare.rdf/gr3051","MOVIMENTO 5 STELLE (27.03.2018-21.06.2022)",
"http://dati.camera.it/ocd/deputato.rdf/d307120_18","MARTINCIGLIO","VITA","20220621","20220627","http://dati.camera.it/ocd/gruppoParlamentare.rdf/gr3892","INSIEME PER IL FUTURO (21.06.2022-27.06.2022)",
"http://dati.camera.it/ocd/deputato.rdf/d307120_18","MARTINCIGLIO","VITA","20220627","20221012","http://dati.camera.it/ocd/gruppoParlamentare.rdf/gr3051","MOVIMENTO 5 STELLE (27.06.2022-12.10.2022)",
"http://dati.camera.it/ocd/deputato.rdf/d307230_18","MARTINO","ANTONIO","20180327","20221012","http://dati.camera.it/ocd/gruppoParlamentare.rdf/gr3053","FORZA ITALIA - BERLUSCONI PRESIDENTE (27.03.2018-12.10.2022)",
"http://dati.camera.it/ocd/deputato.rdf/d306080_18","MARZANA","MARIA","20180327","20221012","http://dati.camera.it/ocd/gruppoParlamentare.rdf/gr3051","MOVIMENTO 5 STELLE (27.03.2018-12.10.2022)",
"http://dati.camera.it/ocd/deputato.rdf/d307575_18","MASCHIO","CIRO","20180327","20221012","http://dati.camera.it/ocd/gruppoParlamentare.rdf/gr3052","FRATELLI D'ITALIA (27.03.2018-12.10.2022)",
"http://dati.camera.it/ocd/deputato.rdf/d307354_18","MASI","ANGELA","20180327","20221012","http://dati.camera.it/ocd/gruppoParlamentare.rdf/gr3051","MOVIMENTO 5 STELLE (27.03.2018-12.10.2022)",
"http://dati.camera.it/ocd/deputato.rdf/d307470_18","MATURI","FILIPPO","20180327","20221012","http://dati.camera.it/ocd/gruppoParlamentare.rdf/gr3055","LEGA - SALVINI PREMIER (27.03.2018-12.10.2022)",
"http://dati.camera.it/ocd/deputato.rdf/d306176_18","MAURI","MATTEO","20180327","20221012","http://dati.camera.it/ocd/gruppoParlamentare.rdf/gr3054","PARTITO DEMOCRATICO (27.03.2018-12.10.2022)",
"http://dati.camera.it/ocd/deputato.rdf/d307248_18","MAZZETTI","ERICA","20180327","20221012","http://dati.camera.it/ocd/gruppoParlamentare.rdf/gr3053","FORZA ITALIA - BERLUSCONI PRESIDENTE (27.03.2018-12.10.2022)",
"http://dati.camera.it/ocd/deputato.rdf/d307724_18","MELICCHIO","ALESSANDRO","20180327","20221012","http://dati.camera.it/ocd/gruppoParlamentare.rdf/gr3051","MOVIMENTO 5 STELLE (27.03.2018-12.10.2022)",
"http://dati.camera.it/ocd/deputato.rdf/d305725_18","MELILLI","FABIO","20180327","20221012","http://dati.camera.it/ocd/gruppoParlamentare.rdf/gr3054","PARTITO DEMOCRATICO (27.03.2018-12.10.2022)",
"http://dati.camera.it/ocd/deputato.rdf/d302103_18","MELONI","GIORGIA","20180327","20221012","http://dati.camera.it/ocd/gruppoParlamentare.rdf/gr3052","FRATELLI D'ITALIA (27.03.2018-12.10.2022)",
"http://dati.camera.it/ocd/deputato.rdf/d307372_18","MENGA","ROSA","20180327","20210219","http://dati.camera.it/ocd/gruppoParlamentare.rdf/gr3051","MOVIMENTO 5 STELLE (27.03.2018-19.02.2021)",
"http://dati.camera.it/ocd/deputato.rdf/d307372_18","MENGA","ROSA","20210219","20221012","http://dati.camera.it/ocd/gruppoParlamentare.rdf/gr3033","MISTO (19.02.2021-12.10.2022)",
"http://dati.camera.it/ocd/deputato.rdf/d307384_18","MICELI","CARMELO","20180327","20221012","http://dati.camera.it/ocd/gruppoParlamentare.rdf/gr3054","PARTITO DEMOCRATICO (27.03.2018-12.10.2022)",
"http://dati.camera.it/ocd/deputato.rdf/d308492_18","MICHELI","MATTEO","20210217","20221012","http://dati.camera.it/ocd/gruppoParlamentare.rdf/gr3055","LEGA - SALVINI PREMIER (17.02.2021-12.10.2022)",
"http://dati.camera.it/ocd/deputato.rdf/d305894_18","MICILLO","SALVATORE","20180327","20221012","http://dati.camera.it/ocd/gruppoParlamentare.rdf/gr3051","MOVIMENTO 5 STELLE (27.03.2018-12.10.2022)",
"http://dati.camera.it/ocd/deputato.rdf/d302164_18","MIGLIORE","GENNARO","20180327","20190919","http://dati.camera.it/ocd/gruppoParlamentare.rdf/gr3054","PARTITO DEMOCRATICO (27.03.2018-19.09.2019)",
"http://dati.camera.it/ocd/deputato.rdf/d302164_18","MIGLIORE","GENNARO","20190919","20221012","http://dati.camera.it/ocd/gruppoParlamentare.rdf/gr3251","ITALIA VIVA (19.09.2019-12.10.2022)",
"http://dati.camera.it/ocd/deputato.rdf/d307272_18","MIGLIORINO","LUCA","20180327","20221012","http://dati.camera.it/ocd/gruppoParlamentare.rdf/gr3051","MOVIMENTO 5 STELLE (27.03.2018-12.10.2022)",
"http://dati.camera.it/ocd/deputato.rdf/d300296_18","MILANATO","LORENA","20180327","20221012","http://dati.camera.it/ocd/gruppoParlamentare.rdf/gr3053","FORZA ITALIA - BERLUSCONI PRESIDENTE (27.03.2018-12.10.2022)",
"http://dati.camera.it/ocd/deputato.rdf/d302913_18","MINARDO","ANTONINO","20180327","20191203","http://dati.camera.it/ocd/gruppoParlamentare.rdf/gr3053","FORZA ITALIA - BERLUSCONI PRESIDENTE (27.03.2018-03.12.2019)",
"http://dati.camera.it/ocd/deputato.rdf/d302913_18","MINARDO","ANTONINO","20191203","20221012","http://dati.camera.it/ocd/gruppoParlamentare.rdf/gr3055","LEGA - SALVINI PREMIER (03.12.2019-12.10.2022)",
"http://dati.camera.it/ocd/deputato.rdf/d300146_18","MINNITI","DOMENICO","20180327","20210311","http://dati.camera.it/ocd/gruppoParlamentare.rdf/gr3054","PARTITO DEMOCRATICO (27.03.2018-11.03.2021)",
"http://dati.camera.it/ocd/deputato.rdf/d307562_18","MISITI","CARMELO MASSIMO","20180327","20221012","http://dati.camera.it/ocd/gruppoParlamentare.rdf/gr3051","MOVIMENTO 5 STELLE (27.03.2018-12.10.2022)",
"http://dati.camera.it/ocd/deputato.rdf/d307507_18","MOLINARI","RICCARDO","20180327","20221012","http://dati.camera.it/ocd/gruppoParlamentare.rdf/gr3055","LEGA - SALVINI PREMIER (27.03.2018-12.10.2022)",
"http://dati.camera.it/ocd/deputato.rdf/d307424_18","MOLLICONE","FEDERICO","20180327","20221012","http://dati.camera.it/ocd/gruppoParlamentare.rdf/gr3052","FRATELLI D'ITALIA (27.03.2018-12.10.2022)",
"http://dati.camera.it/ocd/deputato.rdf/d302762_18","MOLTENI","NICOLA","20180327","20221012","http://dati.camera.it/ocd/gruppoParlamentare.rdf/gr3055","LEGA - SALVINI PREMIER (27.03.2018-12.10.2022)",
"http://dati.camera.it/ocd/deputato.rdf/d307464_18","MONTARULI","AUGUSTA","20180327","20221012","http://dati.camera.it/ocd/gruppoParlamentare.rdf/gr3052","FRATELLI D'ITALIA (27.03.2018-12.10.2022)",
"http://dati.camera.it/ocd/deputato.rdf/d307647_18","MOR","MATTIA","20180327","20190919","http://dati.camera.it/ocd/gruppoParlamentare.rdf/gr3054","PARTITO DEMOCRATICO (27.03.2018-19.09.2019)",
"http://dati.camera.it/ocd/deputato.rdf/d307647_18","MOR","MATTIA","20190919","20221012","http://dati.camera.it/ocd/gruppoParlamentare.rdf/gr3251","ITALIA VIVA (19.09.2019-12.10.2022)",
"http://dati.camera.it/ocd/deputato.rdf/d305780_18","MORANI","ALESSIA","20180327","20221012","http://dati.camera.it/ocd/gruppoParlamentare.rdf/gr3054","PARTITO DEMOCRATICO (27.03.2018-12.10.2022)",
"http://dati.camera.it/ocd/deputato.rdf/d302794_18","MORASSUT","ROBERTO","20180327","20221012","http://dati.camera.it/ocd/gruppoParlamentare.rdf/gr3054","PARTITO DEMOCRATICO (27.03.2018-12.10.2022)",
"http://dati.camera.it/ocd/deputato.rdf/d307668_18","MORELLI","ALESSANDRO","20180327","20221012","http://dati.camera.it/ocd/gruppoParlamentare.rdf/gr3055","LEGA - SALVINI PREMIER (27.03.2018-12.10.2022)",
"http://dati.camera.it/ocd/deputato.rdf/d305660_18","MORETTO","SARA","20180327","20190919","http://dati.camera.it/ocd/gruppoParlamentare.rdf/gr3054","PARTITO DEMOCRATICO (27.03.2018-19.09.2019)",
"http://dati.camera.it/ocd/deputato.rdf/d305660_18","MORETTO","SARA","20190919","20221012","http://dati.camera.it/ocd/gruppoParlamentare.rdf/gr3251","ITALIA VIVA (19.09.2019-12.10.2022)",
"http://dati.camera.it/ocd/deputato.rdf/d306445_18","MORGONI","MARIO","20180327","20221012","http://dati.camera.it/ocd/gruppoParlamentare.rdf/gr3054","PARTITO DEMOCRATICO (27.03.2018-12.10.2022)",
"http://dati.camera.it/ocd/deputato.rdf/d307300_18","MORRONE","JACOPO","20180327","20221012","http://dati.camera.it/ocd/gruppoParlamentare.rdf/gr3055","LEGA - SALVINI PREMIER (27.03.2018-12.10.2022)",
"http://dati.camera.it/ocd/deputato.rdf/d307137_18","MOSCHIONI","DANIELE","20180327","20221012","http://dati.camera.it/ocd/gruppoParlamentare.rdf/gr3055","LEGA - SALVINI PREMIER (27.03.2018-12.10.2022)",
"http://dati.camera.it/ocd/deputato.rdf/d307260_18","MUGNAI","STEFANO","20180327","20210527","http://dati.camera.it/ocd/gruppoParlamentare.rdf/gr3053","FORZA ITALIA - BERLUSCONI PRESIDENTE (27.03.2018-27.05.2021)",
"http://dati.camera.it/ocd/deputato.rdf/d307260_18","MUGNAI","STEFANO","20210527","20220623","http://dati.camera.it/ocd/gruppoParlamentare.rdf/gr3591","CORAGGIO ITALIA (27.05.2021-23.06.2022)",
"http://dati.camera.it/ocd/deputato.rdf/d307260_18","MUGNAI","STEFANO","20220623","20221012","http://dati.camera.it/ocd/gruppoParlamentare.rdf/gr3033","MISTO (23.06.2022-12.10.2022)",
"http://dati.camera.it/ocd/deputato.rdf/d307130_18","MULE'","GIORGIO","20180327","20221012","http://dati.camera.it/ocd/gruppoParlamentare.rdf/gr3053","FORZA ITALIA - BERLUSCONI PRESIDENTE (27.03.2018-12.10.2022)",
"http://dati.camera.it/ocd/deputato.rdf/d307106_18","MURA","ANDREA","20180327","20180725","http://dati.camera.it/ocd/gruppoParlamentare.rdf/gr3051","MOVIMENTO 5 STELLE (27.03.2018-25.07.2018)",
"http://dati.camera.it/ocd/deputato.rdf/d307106_18","MURA","ANDREA","20180726","20180927","http://dati.camera.it/ocd/gruppoParlamentare.rdf/gr3033","MISTO (26.07.2018-27.09.2018)",
"http://dati.camera.it/ocd/deputato.rdf/d306053_18","MURA","ROMINA","20180327","20221012","http://dati.camera.it/ocd/gruppoParlamentare.rdf/gr3054","PARTITO DEMOCRATICO (27.03.2018-12.10.2022)",
"http://dati.camera.it/ocd/deputato.rdf/d307336_18","MURELLI","ELENA","20180327","20221012","http://dati.camera.it/ocd/gruppoParlamentare.rdf/gr3055","LEGA - SALVINI PREMIER (27.03.2018-12.10.2022)",
"http://dati.camera.it/ocd/deputato.rdf/d307296_18","MURONI","ROSSELLA","20180327","20180410","http://dati.camera.it/ocd/gruppoParlamentare.rdf/gr3033","MISTO (27.03.2018-10.04.2018)",
"http://dati.camera.it/ocd/deputato.rdf/d307296_18","MURONI","ROSSELLA","20180410","20210303","http://dati.camera.it/ocd/gruppoParlamentare.rdf/gr3070","LIBERI E UGUALI (10.04.2018-03.03.2021)",
"http://dati.camera.it/ocd/deputato.rdf/d307296_18","MURONI","ROSSELLA","20210303","20221012","http://dati.camera.it/ocd/gruppoParlamentare.rdf/gr3033","MISTO (03.03.2021-12.10.2022)",
"http://dati.camera.it/ocd/deputato.rdf/d307651_18","MUSELLA","GRAZIANO","20180327","20221012","http://dati.camera.it/ocd/gruppoParlamentare.rdf/gr3053","FORZA ITALIA - BERLUSCONI PRESIDENTE (27.03.2018-12.10.2022)",
"http://dati.camera.it/ocd/deputato.rdf/d307649_18","NANNI","IOLANDA","20180327","20180827","http://dati.camera.it/ocd/gruppoParlamentare.rdf/gr3051","MOVIMENTO 5 STELLE (27.03.2018-27.08.2018)",
"http://dati.camera.it/ocd/deputato.rdf/d300387_18","NAPOLI","OSVALDO","20180327","20210215","http://dati.camera.it/ocd/gruppoParlamentare.rdf/gr3053","FORZA ITALIA - BERLUSCONI PRESIDENTE (27.03.2018-15.02.2021)",
"http://dati.camera.it/ocd/deputato.rdf/d300387_18","NAPOLI","OSVALDO","20210215","20210527","http://dati.camera.it/ocd/gruppoParlamentare.rdf/gr3033","MISTO (15.02.2021-27.05.2021)",
"http://dati.camera.it/ocd/deputato.rdf/d300387_18","NAPOLI","OSVALDO","20210527","20220317","http://dati.camera.it/ocd/gruppoParlamentare.rdf/gr3591","CORAGGIO ITALIA (27.05.2021-17.03.2022)",
"http://dati.camera.it/ocd/deputato.rdf/d300387_18","NAPOLI","OSVALDO","20220317","20221012","http://dati.camera.it/ocd/gruppoParlamentare.rdf/gr3033","MISTO (17.03.2022-12.10.2022)",
"http://dati.camera.it/ocd/deputato.rdf/d307213_18","NAPPI","SILVANA","20180327","20221012","http://dati.camera.it/ocd/gruppoParlamentare.rdf/gr3051","MOVIMENTO 5 STELLE (27.03.2018-12.10.2022)",
"http://dati.camera.it/ocd/deputato.rdf/d306193_18","NARDI","MARTINA","20180327","20221012","http://dati.camera.it/ocd/gruppoParlamentare.rdf/gr3054","PARTITO DEMOCRATICO (27.03.2018-12.10.2022)",
"http://dati.camera.it/ocd/deputato.rdf/d307410_18","NAVARRA","PIETRO","20180327","20221012","http://dati.camera.it/ocd/gruppoParlamentare.rdf/gr3054","PARTITO DEMOCRATICO (27.03.2018-12.10.2022)",
"http://dati.camera.it/ocd/deputato.rdf/d306109_18","NESCI","DALILA","20180327","20220621","http://dati.camera.it/ocd/gruppoParlamentare.rdf/gr3051","MOVIMENTO 5 STELLE (27.03.2018-21.06.2022)",
"http://dati.camera.it/ocd/deputato.rdf/d306109_18","NESCI","DALILA","20220621","20221012","http://dati.camera.it/ocd/gruppoParlamentare.rdf/gr3892","INSIEME PER IL FUTURO (21.06.2022-12.10.2022)",
"http://dati.camera.it/ocd/deputato.rdf/d307454_18","NEVI","RAFFAELE","20180327","20221012","http://dati.camera.it/ocd/gruppoParlamentare.rdf/gr3053","FORZA ITALIA - BERLUSCONI PRESIDENTE (27.03.2018-12.10.2022)",
"http://dati.camera.it/ocd/deputato.rdf/d306251_18","NISSOLI","ANGELA","20180327","20221012","http://dati.camera.it/ocd/gruppoParlamentare.rdf/gr3053","FORZA ITALIA - BERLUSCONI PRESIDENTE (27.03.2018-12.10.2022)",
"http://dati.camera.it/ocd/deputato.rdf/d307363_18","NITTI","MICHELE","20180327","20200121","http://dati.camera.it/ocd/gruppoParlamentare.rdf/gr3051","MOVIMENTO 5 STELLE (27.03.2018-21.01.2020)",
"http://dati.camera.it/ocd/deputato.rdf/d307363_18","NITTI","MICHELE","20200121","20201210","http://dati.camera.it/ocd/gruppoParlamentare.rdf/gr3033","MISTO (21.01.2020-10.12.2020)",
"http://dati.camera.it/ocd/deputato.rdf/d307363_18","NITTI","MICHELE","20201210","20221012","http://dati.camera.it/ocd/gruppoParlamentare.rdf/gr3054","PARTITO DEMOCRATICO (10.12.2020-12.10.2022)",
"http://dati.camera.it/ocd/deputato.rdf/d307449_18","NOBILI","LUCIANO","20180327","20190919","http://dati.camera.it/ocd/gruppoParlamentare.rdf/gr3054","PARTITO DEMOCRATICO (27.03.2018-19.09.2019)",
"http://dati.camera.it/ocd/deputato.rdf/d307449_18","NOBILI","LUCIANO","20190919","20221012","http://dati.camera.it/ocd/gruppoParlamentare.rdf/gr3251","ITALIA VIVA (19.09.2019-12.10.2022)",
"http://dati.camera.it/ocd/deputato.rdf/d307676_18","NOJA","LISA","20180327","20190919","http://dati.camera.it/ocd/gruppoParlamentare.rdf/gr3054","PARTITO DEMOCRATICO (27.03.2018-19.09.2019)",
"http://dati.camera.it/ocd/deputato.rdf/d307676_18","NOJA","LISA","20190919","20221012","http://dati.camera.it/ocd/gruppoParlamentare.rdf/gr3251","ITALIA VIVA (19.09.2019-12.10.2022)",
"http://dati.camera.it/ocd/deputato.rdf/d307378_18","NOVELLI","ROBERTO","20180327","20221012","http://dati.camera.it/ocd/gruppoParlamentare.rdf/gr3053","FORZA ITALIA - BERLUSCONI PRESIDENTE (27.03.2018-12.10.2022)",
"http://dati.camera.it/ocd/deputato.rdf/d307281_18","OCCHIONERO","GIUSEPPINA","20180327","20180410","http://dati.camera.it/ocd/gruppoParlamentare.rdf/gr3033","MISTO (27.03.2018-10.04.2018)",
"http://dati.camera.it/ocd/deputato.rdf/d307281_18","OCCHIONERO","GIUSEPPINA","20180410","20191025","http://dati.camera.it/ocd/gruppoParlamentare.rdf/gr3070","LIBERI E UGUALI (10.04.2018-25.10.2019)",
"http://dati.camera.it/ocd/deputato.rdf/d307281_18","OCCHIONERO","GIUSEPPINA","20191025","20221012","http://dati.camera.it/ocd/gruppoParlamentare.rdf/gr3251","ITALIA VIVA (25.10.2019-12.10.2022)",
"http://dati.camera.it/ocd/deputato.rdf/d302969_18","OCCHIUTO","ROBERTO","20180327","20211104","http://dati.camera.it/ocd/gruppoParlamentare.rdf/gr3053","FORZA ITALIA - BERLUSCONI PRESIDENTE (27.03.2018-04.11.2021)",
"http://dati.camera.it/ocd/deputato.rdf/d307674_18","OLGIATI","RICCARDO","20180327","20221012","http://dati.camera.it/ocd/gruppoParlamentare.rdf/gr3051","MOVIMENTO 5 STELLE (27.03.2018-12.10.2022)",
"http://dati.camera.it/ocd/deputato.rdf/d305815_18","ORFINI","MATTEO","20180327","20221012","http://dati.camera.it/ocd/gruppoParlamentare.rdf/gr3054","PARTITO DEMOCRATICO (27.03.2018-12.10.2022)",
"http://dati.camera.it/ocd/deputato.rdf/d301463_18","ORLANDO","ANDREA","20180327","20221012","http://dati.camera.it/ocd/gruppoParlamentare.rdf/gr3054","PARTITO DEMOCRATICO (27.03.2018-12.10.2022)",
"http://dati.camera.it/ocd/deputato.rdf/d307564_18","ORRICO","ANNA LAURA","20180327","20221012","http://dati.camera.it/ocd/gruppoParlamentare.rdf/gr3051","MOVIMENTO 5 STELLE (27.03.2018-12.10.2022)",
"http://dati.camera.it/ocd/deputato.rdf/d300299_18","ORSINI","ANDREA GIORGIO FELICE MARIA","20180327","20221012","http://dati.camera.it/ocd/gruppoParlamentare.rdf/gr3053","FORZA ITALIA - BERLUSCONI PRESIDENTE (27.03.2018-12.10.2022)",
"http://dati.camera.it/ocd/deputato.rdf/d307612_18","OSNATO","MARCO","20180327","20221012","http://dati.camera.it/ocd/gruppoParlamentare.rdf/gr3052","FRATELLI D'ITALIA (27.03.2018-12.10.2022)",
"http://dati.camera.it/ocd/deputato.rdf/d306641_18","PADOAN","PIETRO CARLO","20180327","20201104","http://dati.camera.it/ocd/gruppoParlamentare.rdf/gr3054","PARTITO DEMOCRATICO (27.03.2018-04.11.2020)",
"http://dati.camera.it/ocd/deputato.rdf/d305866_18","PAGANI","ALBERTO","20180327","20221012","http://dati.camera.it/ocd/gruppoParlamentare.rdf/gr3054","PARTITO DEMOCRATICO (27.03.2018-12.10.2022)",
"http://dati.camera.it/ocd/deputato.rdf/d302964_18","PAGANO","ALESSANDRO SARO ALFONSO","20180327","20221012","http://dati.camera.it/ocd/gruppoParlamentare.rdf/gr3055","LEGA - SALVINI PREMIER (27.03.2018-12.10.2022)",
"http://dati.camera.it/ocd/deputato.rdf/d307304_18","PAGANO","UBALDO","20180327","20221012","http://dati.camera.it/ocd/gruppoParlamentare.rdf/gr3054","PARTITO DEMOCRATICO (27.03.2018-12.10.2022)",
"http://dati.camera.it/ocd/deputato.rdf/d307535_18","PAITA","RAFFAELLA","20180327","20190919","http://dati.camera.it/ocd/gruppoParlamentare.rdf/gr3054","PARTITO DEMOCRATICO (27.03.2018-19.09.2019)",
"http://dati.camera.it/ocd/deputato.rdf/d307535_18","PAITA","RAFFAELLA","20190919","20221012","http://dati.camera.it/ocd/gruppoParlamentare.rdf/gr3251","ITALIA VIVA (19.09.2019-12.10.2022)",
"http://dati.camera.it/ocd/deputato.rdf/d306304_18","PALAZZOTTO","ERASMO","20180327","20180410","http://dati.camera.it/ocd/gruppoParlamentare.rdf/gr3033","MISTO (27.03.2018-10.04.2018)",
"http://dati.camera.it/ocd/deputato.rdf/d306304_18","PALAZZOTTO","ERASMO","20180410","20220316","http://dati.camera.it/ocd/gruppoParlamentare.rdf/gr3070","LIBERI E UGUALI (10.04.2018-16.03.2022)",
"http://dati.camera.it/ocd/deputato.rdf/d306304_18","PALAZZOTTO","ERASMO","20220316","20221012","http://dati.camera.it/ocd/gruppoParlamentare.rdf/gr3054","PARTITO DEMOCRATICO (16.03.2022-12.10.2022)",
"http://dati.camera.it/ocd/deputato.rdf/d307547_18","PALLINI","MARIA","20180327","20220621","http://dati.camera.it/ocd/gruppoParlamentare.rdf/gr3051","MOVIMENTO 5 STELLE (27.03.2018-21.06.2022)",
"http://dati.camera.it/ocd/deputato.rdf/d307547_18","PALLINI","MARIA","20220621","20221012","http://dati.camera.it/ocd/gruppoParlamentare.rdf/gr3892","INSIEME PER IL FUTURO (21.06.2022-12.10.2022)",
"http://dati.camera.it/ocd/deputato.rdf/d300453_18","PALMIERI","ANTONIO","20180327","20221012","http://dati.camera.it/ocd/gruppoParlamentare.rdf/gr3053","FORZA ITALIA - BERLUSCONI PRESIDENTE (27.03.2018-12.10.2022)",
"http://dati.camera.it/ocd/deputato.rdf/d307338_18","PALMISANO","VALENTINA","20180327","20221012","http://dati.camera.it/ocd/gruppoParlamentare.rdf/gr3051","MOVIMENTO 5 STELLE (27.03.2018-12.10.2022)",
"http://dati.camera.it/ocd/deputato.rdf/d307376_18","PANIZZUT","MASSIMILIANO","20180327","20221012","http://dati.camera.it/ocd/gruppoParlamentare.rdf/gr3055","LEGA - SALVINI PREMIER (27.03.2018-12.10.2022)",
"http://dati.camera.it/ocd/deputato.rdf/d308381_18","PAOLIN","GIUSEPPE","20200805","20221012","http://dati.camera.it/ocd/gruppoParlamentare.rdf/gr3055","LEGA - SALVINI PREMIER (05.08.2020-12.10.2022)",
"http://dati.camera.it/ocd/deputato.rdf/d302995_18","PAOLINI","LUCA RODOLFO","20180327","20221012","http://dati.camera.it/ocd/gruppoParlamentare.rdf/gr3055","LEGA - SALVINI PREMIER (27.03.2018-12.10.2022)",
"http://dati.camera.it/ocd/deputato.rdf/d307408_18","PAPIRO","ANTONELLA","20180327","20221012","http://dati.camera.it/ocd/gruppoParlamentare.rdf/gr3051","MOVIMENTO 5 STELLE (27.03.2018-12.10.2022)",
"http://dati.camera.it/ocd/deputato.rdf/d306124_18","PARENTELA","PAOLO","20180327","20221012","http://dati.camera.it/ocd/gruppoParlamentare.rdf/gr3051","MOVIMENTO 5 STELLE (27.03.2018-12.10.2022)",
"http://dati.camera.it/ocd/deputato.rdf/d307181_18","PARISSE","MARTINA","20180327","20210527","http://dati.camera.it/ocd/gruppoParlamentare.rdf/gr3051","MOVIMENTO 5 STELLE (27.03.2018-27.05.2021)",
"http://dati.camera.it/ocd/deputato.rdf/d307181_18","PARISSE","MARTINA","20210527","20220623","http://dati.camera.it/ocd/gruppoParlamentare.rdf/gr3591","CORAGGIO ITALIA (27.05.2021-23.06.2022)",
"http://dati.camera.it/ocd/deputato.rdf/d307181_18","PARISSE","MARTINA","20220623","20221012","http://dati.camera.it/ocd/gruppoParlamentare.rdf/gr3033","MISTO (23.06.2022-12.10.2022)",
"http://dati.camera.it/ocd/deputato.rdf/d50123_18","PAROLO","UGO","20180327","20221012","http://dati.camera.it/ocd/gruppoParlamentare.rdf/gr3055","LEGA - SALVINI PREMIER (27.03.2018-12.10.2022)",
"http://dati.camera.it/ocd/deputato.rdf/d305733_18","PASTORINO","LUCA","20180327","20180410","http://dati.camera.it/ocd/gruppoParlamentare.rdf/gr3033","MISTO (27.03.2018-10.04.2018)",
"http://dati.camera.it/ocd/deputato.rdf/d305733_18","PASTORINO","LUCA","20180410","20221012","http://dati.camera.it/ocd/gruppoParlamentare.rdf/gr3070","LIBERI E UGUALI (10.04.2018-12.10.2022)",
"http://dati.camera.it/ocd/deputato.rdf/d307128_18","PATASSINI","TULLIO","20180327","20221012","http://dati.camera.it/ocd/gruppoParlamentare.rdf/gr3055","LEGA - SALVINI PREMIER (27.03.2018-12.10.2022)",
"http://dati.camera.it/ocd/deputato.rdf/d307522_18","PATELLI","CRISTINA","20180327","20221012","http://dati.camera.it/ocd/gruppoParlamentare.rdf/gr3055","LEGA - SALVINI PREMIER (27.03.2018-12.10.2022)",
"http://dati.camera.it/ocd/deputato.rdf/d307576_18","PATERNOSTER","PAOLO","20180327","20221012","http://dati.camera.it/ocd/gruppoParlamentare.rdf/gr3055","LEGA - SALVINI PREMIER (27.03.2018-12.10.2022)",
"http://dati.camera.it/ocd/deputato.rdf/d307122_18","PAXIA","MARIA LAURA","20180327","20210219","http://dati.camera.it/ocd/gruppoParlamentare.rdf/gr3051","MOVIMENTO 5 STELLE (27.03.2018-19.02.2021)",
"http://dati.camera.it/ocd/deputato.rdf/d307122_18","PAXIA","MARIA LAURA","20210219","20221012","http://dati.camera.it/ocd/gruppoParlamentare.rdf/gr3033","MISTO (19.02.2021-12.10.2022)",
"http://dati.camera.it/ocd/deputato.rdf/d307662_18","PEDRAZZINI","CLAUDIO","20180327","20190909","http://dati.camera.it/ocd/gruppoParlamentare.rdf/gr3053","FORZA ITALIA - BERLUSCONI PRESIDENTE (27.03.2018-09.09.2019)",
"http://dati.camera.it/ocd/deputato.rdf/d307662_18","PEDRAZZINI","CLAUDIO","20190909","20210527","http://dati.camera.it/ocd/gruppoParlamentare.rdf/gr3033","MISTO (09.09.2019-27.05.2021)",
"http://dati.camera.it/ocd/deputato.rdf/d307662_18","PEDRAZZINI","CLAUDIO","20210527","20211201","http://dati.camera.it/ocd/gruppoParlamentare.rdf/gr3591","CORAGGIO ITALIA (27.05.2021-01.12.2021)",
"http://dati.camera.it/ocd/deputato.rdf/d307662_18","PEDRAZZINI","CLAUDIO","20211201","20221012","http://dati.camera.it/ocd/gruppoParlamentare.rdf/gr3033","MISTO (01.12.2021-12.10.2022)",
"http://dati.camera.it/ocd/deputato.rdf/d307496_18","PELLA","ROBERTO","20180327","20221012","http://dati.camera.it/ocd/gruppoParlamentare.rdf/gr3053","FORZA ITALIA - BERLUSCONI PRESIDENTE (27.03.2018-12.10.2022)",
"http://dati.camera.it/ocd/deputato.rdf/d307704_18","PELLICANI","NICOLA","20180327","20221012","http://dati.camera.it/ocd/gruppoParlamentare.rdf/gr3054","PARTITO DEMOCRATICO (27.03.2018-12.10.2022)",
"http://dati.camera.it/ocd/deputato.rdf/d307112_18","PENNA","LEONARDO SALVATORE","20180327","20221012","http://dati.camera.it/ocd/gruppoParlamentare.rdf/gr3051","MOVIMENTO 5 STELLE (27.03.2018-12.10.2022)",
"http://dati.camera.it/ocd/deputato.rdf/d307183_18","PENTANGELO","ANTONIO","20180327","20220905","http://dati.camera.it/ocd/gruppoParlamentare.rdf/gr3053","FORZA ITALIA - BERLUSCONI PRESIDENTE (27.03.2018-05.09.2022)",
"http://dati.camera.it/ocd/deputato.rdf/d307183_18","PENTANGELO","ANTONIO","20220905","20221012","http://dati.camera.it/ocd/gruppoParlamentare.rdf/gr3033","MISTO (05.09.2022-12.10.2022)",
"http://dati.camera.it/ocd/deputato.rdf/d307109_18","PERANTONI","MARIO","20180327","20221012","http://dati.camera.it/ocd/gruppoParlamentare.rdf/gr3051","MOVIMENTO 5 STELLE (27.03.2018-12.10.2022)",
"http://dati.camera.it/ocd/deputato.rdf/d307396_18","PERCONTI","FILIPPO GIUSEPPE","20180327","20221012","http://dati.camera.it/ocd/gruppoParlamentare.rdf/gr3051","MOVIMENTO 5 STELLE (27.03.2018-12.10.2022)",
"http://dati.camera.it/ocd/deputato.rdf/d307643_18","PEREGO DI CREMNAGO","MATTEO","20180327","20221012","http://dati.camera.it/ocd/gruppoParlamentare.rdf/gr3053","FORZA ITALIA - BERLUSCONI PRESIDENTE (27.03.2018-12.10.2022)",
"http://dati.camera.it/ocd/deputato.rdf/d307136_18","PETTARIN","GUIDO GERMANO","20180327","20210527","http://dati.camera.it/ocd/gruppoParlamentare.rdf/gr3053","FORZA ITALIA - BERLUSCONI PRESIDENTE (27.03.2018-27.05.2021)",
"http://dati.camera.it/ocd/deputato.rdf/d307136_18","PETTARIN","GUIDO GERMANO","20210527","20220623","http://dati.camera.it/ocd/gruppoParlamentare.rdf/gr3591","CORAGGIO ITALIA (27.05.2021-23.06.2022)",
"http://dati.camera.it/ocd/deputato.rdf/d307136_18","PETTARIN","GUIDO GERMANO","20220623","20221012","http://dati.camera.it/ocd/gruppoParlamentare.rdf/gr3033","MISTO (23.06.2022-12.10.2022)",
"http://dati.camera.it/ocd/deputato.rdf/d307513_18","PETTAZZI","LINO","20180327","20221012","http://dati.camera.it/ocd/gruppoParlamentare.rdf/gr3055","LEGA - SALVINI PREMIER (27.03.2018-12.10.2022)",
"http://dati.camera.it/ocd/deputato.rdf/d306466_18","PEZZOPANE","STEFANIA","20180327","20221012","http://dati.camera.it/ocd/gruppoParlamentare.rdf/gr3054","PARTITO DEMOCRATICO (27.03.2018-12.10.2022)",
"http://dati.camera.it/ocd/deputato.rdf/d307310_18","PIASTRA","CARLO","20180327","20221012","http://dati.camera.it/ocd/gruppoParlamentare.rdf/gr3055","LEGA - SALVINI PREMIER (27.03.2018-12.10.2022)",
"http://dati.camera.it/ocd/deputato.rdf/d301500_18","PICCHI","GUGLIELMO","20180327","20221012","http://dati.camera.it/ocd/gruppoParlamentare.rdf/gr3055","LEGA - SALVINI PREMIER (27.03.2018-12.10.2022)",
"http://dati.camera.it/ocd/deputato.rdf/d305997_18","PICCOLI","FLAVIA","20180327","20221012","http://dati.camera.it/ocd/gruppoParlamentare.rdf/gr3054","PARTITO DEMOCRATICO (27.03.2018-12.10.2022)",
"http://dati.camera.it/ocd/deputato.rdf/d308061_18","PICCOLO","TIZIANA","20190110","20210527","http://dati.camera.it/ocd/gruppoParlamentare.rdf/gr3055","LEGA - SALVINI PREMIER (10.01.2019-27.05.2021)",
"http://dati.camera.it/ocd/deputato.rdf/d308061_18","PICCOLO","TIZIANA","20210527","20220707","http://dati.camera.it/ocd/gruppoParlamentare.rdf/gr3055","LEGA - SALVINI PREMIER (27.05.2021-07.07.2022)",
"http://dati.camera.it/ocd/deputato.rdf/d308061_18","PICCOLO","TIZIANA","20210527","20210527","http://dati.camera.it/ocd/gruppoParlamentare.rdf/gr3591","CORAGGIO ITALIA (27.05.2021-27.05.2021)",
"http://dati.camera.it/ocd/deputato.rdf/d308061_18","PICCOLO","TIZIANA","20220707","20221012","http://dati.camera.it/ocd/gruppoParlamentare.rdf/gr3033","MISTO (07.07.2022-12.10.2022)",
"http://dati.camera.it/ocd/deputato.rdf/d307115_18","PIGNATONE","DEDALO COSIMO GAETANO","20180327","20221012","http://dati.camera.it/ocd/gruppoParlamentare.rdf/gr3051","MOVIMENTO 5 STELLE (27.03.2018-12.10.2022)",
"http://dati.camera.it/ocd/deputato.rdf/d305914_18","PINI","GIUDITTA","20180327","20221012","http://dati.camera.it/ocd/gruppoParlamentare.rdf/gr3054","PARTITO DEMOCRATICO (27.03.2018-12.10.2022)",
"http://dati.camera.it/ocd/deputato.rdf/d307223_18","PITTALIS","PIETRO","20180327","20221012","http://dati.camera.it/ocd/gruppoParlamentare.rdf/gr3053","FORZA ITALIA - BERLUSCONI PRESIDENTE (27.03.2018-12.10.2022)",
"http://dati.camera.it/ocd/deputato.rdf/d302759_18","PIZZETTI","LUCIANO","20180327","20221012","http://dati.camera.it/ocd/gruppoParlamentare.rdf/gr3054","PARTITO DEMOCRATICO (27.03.2018-12.10.2022)",
"http://dati.camera.it/ocd/deputato.rdf/d305578_18","PLANGGER","ALBRECHT","20180327","20221012","http://dati.camera.it/ocd/gruppoParlamentare.rdf/gr3033","MISTO (27.03.2018-12.10.2022)",
"http://dati.camera.it/ocd/deputato.rdf/d302968_18","POLIDORI","CATIA","20180327","20221012","http://dati.camera.it/ocd/gruppoParlamentare.rdf/gr3053","FORZA ITALIA - BERLUSCONI PRESIDENTE (27.03.2018-12.10.2022)",
"http://dati.camera.it/ocd/deputato.rdf/d34180_18","POLLASTRINI","BARBARA MARIA SIMONETTA","20180327","20221012","http://dati.camera.it/ocd/gruppoParlamentare.rdf/gr3054","PARTITO DEMOCRATICO (27.03.2018-12.10.2022)",
"http://dati.camera.it/ocd/deputato.rdf/d305761_18","POLVERINI","RENATA","20180327","20210120","http://dati.camera.it/ocd/gruppoParlamentare.rdf/gr3053","FORZA ITALIA - BERLUSCONI PRESIDENTE (27.03.2018-20.01.2021)",
"http://dati.camera.it/ocd/deputato.rdf/d305761_18","POLVERINI","RENATA","20210121","20210521","http://dati.camera.it/ocd/gruppoParlamentare.rdf/gr3033","MISTO (21.01.2021-21.05.2021)",
"http://dati.camera.it/ocd/deputato.rdf/d305761_18","POLVERINI","RENATA","20210521","20221012","http://dati.camera.it/ocd/gruppoParlamentare.rdf/gr3053","FORZA ITALIA - BERLUSCONI PRESIDENTE (21.05.2021-12.10.2022)",
"http://dati.camera.it/ocd/deputato.rdf/d307474_18","PORCHIETTO","CLAUDIA","20180327","20221012","http://dati.camera.it/ocd/gruppoParlamentare.rdf/gr3053","FORZA ITALIA - BERLUSCONI PRESIDENTE (27.03.2018-12.10.2022)",
"http://dati.camera.it/ocd/deputato.rdf/d302782_18","PORTAS","GIACOMO","20180327","20190924","http://dati.camera.it/ocd/gruppoParlamentare.rdf/gr3054","PARTITO DEMOCRATICO (27.03.2018-24.09.2019)",
"http://dati.camera.it/ocd/deputato.rdf/d302782_18","PORTAS","GIACOMO","20190924","20221012","http://dati.camera.it/ocd/gruppoParlamentare.rdf/gr3251","ITALIA VIVA (24.09.2019-12.10.2022)",
"http://dati.camera.it/ocd/deputato.rdf/d307270_18","POTENTI","MANFREDI","20180327","20221012","http://dati.camera.it/ocd/gruppoParlamentare.rdf/gr3055","LEGA - SALVINI PREMIER (27.03.2018-12.10.2022)",
"http://dati.camera.it/ocd/deputato.rdf/d38350_18","PRESTIGIACOMO","STEFANIA","20180327","20221012","http://dati.camera.it/ocd/gruppoParlamentare.rdf/gr3053","FORZA ITALIA - BERLUSCONI PRESIDENTE (27.03.2018-12.10.2022)",
"http://dati.camera.it/ocd/deputato.rdf/d307430_18","PRESTIPINO","PATRIZIA","20180327","20221012","http://dati.camera.it/ocd/gruppoParlamentare.rdf/gr3054","PARTITO DEMOCRATICO (27.03.2018-12.10.2022)",
"http://dati.camera.it/ocd/deputato.rdf/d307585_18","PRETTO","ERIK UMBERTO","20180327","20221012","http://dati.camera.it/ocd/gruppoParlamentare.rdf/gr3055","LEGA - SALVINI PREMIER (27.03.2018-12.10.2022)",
"http://dati.camera.it/ocd/deputato.rdf/d307452_18","PRISCO","EMANUELE","20180327","20221012","http://dati.camera.it/ocd/gruppoParlamentare.rdf/gr3052","FRATELLI D'ITALIA (27.03.2018-12.10.2022)",
"http://dati.camera.it/ocd/deputato.rdf/d307537_18","PROVENZA","NICOLA","20180327","20221012","http://dati.camera.it/ocd/gruppoParlamentare.rdf/gr3051","MOVIMENTO 5 STELLE (27.03.2018-12.10.2022)",
"http://dati.camera.it/ocd/deputato.rdf/d306189_18","QUARTAPELLE PROCOPIO","LIA","20180327","20221012","http://dati.camera.it/ocd/gruppoParlamentare.rdf/gr3054","PARTITO DEMOCRATICO (27.03.2018-12.10.2022)",
"http://dati.camera.it/ocd/deputato.rdf/d307572_18","RACCHELLA","GERMANO","20180327","20221012","http://dati.camera.it/ocd/gruppoParlamentare.rdf/gr3055","LEGA - SALVINI PREMIER (27.03.2018-12.10.2022)",
"http://dati.camera.it/ocd/deputato.rdf/d306101_18","RACITI","FAUSTO","20180327","20221012","http://dati.camera.it/ocd/gruppoParlamentare.rdf/gr3054","PARTITO DEMOCRATICO (27.03.2018-12.10.2022)",
"http://dati.camera.it/ocd/deputato.rdf/d307593_18","RADUZZI","RAPHAEL","20180327","20210219","http://dati.camera.it/ocd/gruppoParlamentare.rdf/gr3051","MOVIMENTO 5 STELLE (27.03.2018-19.02.2021)",
"http://dati.camera.it/ocd/deputato.rdf/d307593_18","RADUZZI","RAPHAEL","20210219","20221012","http://dati.camera.it/ocd/gruppoParlamentare.rdf/gr3033","MISTO (19.02.2021-12.10.2022)",
"http://dati.camera.it/ocd/deputato.rdf/d307406_18","RAFFA","ANGELA","20180327","20221012","http://dati.camera.it/ocd/gruppoParlamentare.rdf/gr3051","MOVIMENTO 5 STELLE (27.03.2018-12.10.2022)",
"http://dati.camera.it/ocd/deputato.rdf/d307288_18","RAFFAELLI","ELENA","20180327","20221012","http://dati.camera.it/ocd/gruppoParlamentare.rdf/gr3055","LEGA - SALVINI PREMIER (27.03.2018-12.10.2022)",
"http://dati.camera.it/ocd/deputato.rdf/d301436_18","RAMPELLI","FABIO","20180327","20221012","http://dati.camera.it/ocd/gruppoParlamentare.rdf/gr3052","FRATELLI D'ITALIA (27.03.2018-12.10.2022)",
"http://dati.camera.it/ocd/deputato.rdf/d301459_18","RAVETTO","LAURA","20180327","20201119","http://dati.camera.it/ocd/gruppoParlamentare.rdf/gr3053","FORZA ITALIA - BERLUSCONI PRESIDENTE (27.03.2018-19.11.2020)",
"http://dati.camera.it/ocd/deputato.rdf/d301459_18","RAVETTO","LAURA","20201119","20221012","http://dati.camera.it/ocd/gruppoParlamentare.rdf/gr3055","LEGA - SALVINI PREMIER (19.11.2020-12.10.2022)",
"http://dati.camera.it/ocd/deputato.rdf/d307628_18","RIBOLLA","ALBERTO","20180327","20221012","http://dati.camera.it/ocd/gruppoParlamentare.rdf/gr3055","LEGA - SALVINI PREMIER (27.03.2018-12.10.2022)",
"http://dati.camera.it/ocd/deputato.rdf/d307250_18","RICCIARDI","RICCARDO","20180327","20221012","http://dati.camera.it/ocd/gruppoParlamentare.rdf/gr3051","MOVIMENTO 5 STELLE (27.03.2018-12.10.2022)",
"http://dati.camera.it/ocd/deputato.rdf/d307268_18","RIPANI","ELISABETTA","20180327","20210527","http://dati.camera.it/ocd/gruppoParlamentare.rdf/gr3053","FORZA ITALIA - BERLUSCONI PRESIDENTE (27.03.2018-27.05.2021)",
"http://dati.camera.it/ocd/deputato.rdf/d307268_18","RIPANI","ELISABETTA","20210527","20220623","http://dati.camera.it/ocd/gruppoParlamentare.rdf/gr3591","CORAGGIO ITALIA (27.05.2021-23.06.2022)",
"http://dati.camera.it/ocd/deputato.rdf/d307268_18","RIPANI","ELISABETTA","20220623","20221012","http://dati.camera.it/ocd/gruppoParlamentare.rdf/gr3033","MISTO (23.06.2022-12.10.2022)",
"http://dati.camera.it/ocd/deputato.rdf/d304521_18","RIXI","EDOARDO","20180327","20221012","http://dati.camera.it/ocd/gruppoParlamentare.rdf/gr3055","LEGA - SALVINI PREMIER (27.03.2018-12.10.2022)",
"http://dati.camera.it/ocd/deputato.rdf/d305688_18","RIZZETTO","WALTER","20180327","20221012","http://dati.camera.it/ocd/gruppoParlamentare.rdf/gr3052","FRATELLI D'ITALIA (27.03.2018-12.10.2022)",
"http://dati.camera.it/ocd/deputato.rdf/d306088_18","RIZZO","GIANLUCA","20180327","20220621","http://dati.camera.it/ocd/gruppoParlamentare.rdf/gr3051","MOVIMENTO 5 STELLE (27.03.2018-21.06.2022)",
"http://dati.camera.it/ocd/deputato.rdf/d306088_18","RIZZO","GIANLUCA","20220621","20221012","http://dati.camera.it/ocd/gruppoParlamentare.rdf/gr3892","INSIEME PER IL FUTURO (21.06.2022-12.10.2022)",
"http://dati.camera.it/ocd/deputato.rdf/d307322_18","RIZZO NERVO","LUCA","20180327","20221012","http://dati.camera.it/ocd/gruppoParlamentare.rdf/gr3054","PARTITO DEMOCRATICO (27.03.2018-12.10.2022)",
"http://dati.camera.it/ocd/deputato.rdf/d307133_18","RIZZONE","MARCO","20180327","20200921","http://dati.camera.it/ocd/gruppoParlamentare.rdf/gr3051","MOVIMENTO 5 STELLE (27.03.2018-21.09.2020)",
"http://dati.camera.it/ocd/deputato.rdf/d307133_18","RIZZONE","MARCO","20200921","20210527","http://dati.camera.it/ocd/gruppoParlamentare.rdf/gr3033","MISTO (21.09.2020-27.05.2021)",
"http://dati.camera.it/ocd/deputato.rdf/d307133_18","RIZZONE","MARCO","20210527","20220623","http://dati.camera.it/ocd/gruppoParlamentare.rdf/gr3591","CORAGGIO ITALIA (27.05.2021-23.06.2022)",
"http://dati.camera.it/ocd/deputato.rdf/d307133_18","RIZZONE","MARCO","20220623","20221012","http://dati.camera.it/ocd/gruppoParlamentare.rdf/gr3033","MISTO (23.06.2022-12.10.2022)",
"http://dati.camera.it/ocd/deputato.rdf/d307646_18","ROMANIELLO","CRISTIAN","20180327","20210302","http://dati.camera.it/ocd/gruppoParlamentare.rdf/gr3051","MOVIMENTO 5 STELLE (27.03.2018-02.03.2021)",
"http://dati.camera.it/ocd/deputato.rdf/d307646_18","ROMANIELLO","CRISTIAN","20210302","20221012","http://dati.camera.it/ocd/gruppoParlamentare.rdf/gr3033","MISTO (02.03.2021-12.10.2022)",
"http://dati.camera.it/ocd/deputato.rdf/d306181_18","ROMANO","ANDREA","20180327","20221012","http://dati.camera.it/ocd/gruppoParlamentare.rdf/gr3054","PARTITO DEMOCRATICO (27.03.2018-12.10.2022)",
"http://dati.camera.it/ocd/deputato.rdf/d306030_18","ROMANO","PAOLO NICOLO'","20180327","20201020","http://dati.camera.it/ocd/gruppoParlamentare.rdf/gr3051","MOVIMENTO 5 STELLE (27.03.2018-20.10.2020)",
"http://dati.camera.it/ocd/deputato.rdf/d306030_18","ROMANO","PAOLO NICOLO'","20201020","20221012","http://dati.camera.it/ocd/gruppoParlamentare.rdf/gr3033","MISTO (20.10.2020-12.10.2022)",
"http://dati.camera.it/ocd/deputato.rdf/d308721_18","ROMANO'","MARINA","20220530","20221012","http://dati.camera.it/ocd/gruppoParlamentare.rdf/gr3055","LEGA - SALVINI PREMIER (30.05.2022-12.10.2022)",
"http://dati.camera.it/ocd/deputato.rdf/d300674_18","ROSATO","ETTORE","20180327","20190919","http://dati.camera.it/ocd/gruppoParlamentare.rdf/gr3054","PARTITO DEMOCRATICO (27.03.2018-19.09.2019)",
"http://dati.camera.it/ocd/deputato.rdf/d300674_18","ROSATO","ETTORE","20190919","20221012","http://dati.camera.it/ocd/gruppoParlamentare.rdf/gr3251","ITALIA VIVA (19.09.2019-12.10.2022)",
"http://dati.camera.it/ocd/deputato.rdf/d307163_18","ROSPI","GIANLUCA","20180327","20200103","http://dati.camera.it/ocd/gruppoParlamentare.rdf/gr3051","MOVIMENTO 5 STELLE (27.03.2018-03.01.2020)",
"http://dati.camera.it/ocd/deputato.rdf/d307163_18","ROSPI","GIANLUCA","20200103","20210527","http://dati.camera.it/ocd/gruppoParlamentare.rdf/gr3033","MISTO (03.01.2020-27.05.2021)",
"http://dati.camera.it/ocd/deputato.rdf/d307163_18","ROSPI","GIANLUCA","20210527","20211118","http://dati.camera.it/ocd/gruppoParlamentare.rdf/gr3591","CORAGGIO ITALIA (27.05.2021-18.11.2021)",
"http://dati.camera.it/ocd/deputato.rdf/d307163_18","ROSPI","GIANLUCA","20211118","20221012","http://dati.camera.it/ocd/gruppoParlamentare.rdf/gr3053","FORZA ITALIA - BERLUSCONI PRESIDENTE (18.11.2021-12.10.2022)",
"http://dati.camera.it/ocd/deputato.rdf/d307678_18","ROSSELLO","CRISTINA","20180327","20221012","http://dati.camera.it/ocd/gruppoParlamentare.rdf/gr3053","FORZA ITALIA - BERLUSCONI PRESIDENTE (27.03.2018-12.10.2022)",
"http://dati.camera.it/ocd/deputato.rdf/d307306_18","ROSSI","ANDREA","20180327","20221012","http://dati.camera.it/ocd/gruppoParlamentare.rdf/gr3054","PARTITO DEMOCRATICO (27.03.2018-12.10.2022)",
"http://dati.camera.it/ocd/deputato.rdf/d307710_18","ROSSINI","EMANUELA","20180327","20221012","http://dati.camera.it/ocd/gruppoParlamentare.rdf/gr3033","MISTO (27.03.2018-12.10.2022)",
"http://dati.camera.it/ocd/deputato.rdf/d307179_18","ROSSINI","ROBERTO","20180327","20221012","http://dati.camera.it/ocd/gruppoParlamentare.rdf/gr3051","MOVIMENTO 5 STELLE (27.03.2018-12.10.2022)",
"http://dati.camera.it/ocd/deputato.rdf/d307461_18","ROSSO","ROBERTO","20180327","20221012","http://dati.camera.it/ocd/gruppoParlamentare.rdf/gr3053","FORZA ITALIA - BERLUSCONI PRESIDENTE (27.03.2018-12.10.2022)",
"http://dati.camera.it/ocd/deputato.rdf/d305859_18","ROSTAN","MICHELA","20180327","20180410","http://dati.camera.it/ocd/gruppoParlamentare.rdf/gr3033","MISTO (27.03.2018-10.04.2018)",
"http://dati.camera.it/ocd/deputato.rdf/d305859_18","ROSTAN","MICHELA","20180410","20200219","http://dati.camera.it/ocd/gruppoParlamentare.rdf/gr3070","LIBERI E UGUALI (10.04.2018-19.02.2020)",
"http://dati.camera.it/ocd/deputato.rdf/d305859_18","ROSTAN","MICHELA","20200219","20210202","http://dati.camera.it/ocd/gruppoParlamentare.rdf/gr3251","ITALIA VIVA (19.02.2020-02.02.2021)",
"http://dati.camera.it/ocd/deputato.rdf/d305859_18","ROSTAN","MICHELA","20210202","20220603","http://dati.camera.it/ocd/gruppoParlamentare.rdf/gr3033","MISTO (02.02.2021-03.06.2022)",
"http://dati.camera.it/ocd/deputato.rdf/d305859_18","ROSTAN","MICHELA","20220603","20221012","http://dati.camera.it/ocd/gruppoParlamentare.rdf/gr3053","FORZA ITALIA - BERLUSCONI PRESIDENTE (03.06.2022-12.10.2022)",
"http://dati.camera.it/ocd/deputato.rdf/d307455_18","ROTELLI","MAURO","20180327","20221012","http://dati.camera.it/ocd/gruppoParlamentare.rdf/gr3052","FRATELLI D'ITALIA (27.03.2018-12.10.2022)",
"http://dati.camera.it/ocd/deputato.rdf/d38560_18","ROTONDI","GIANFRANCO","20180327","20221012","http://dati.camera.it/ocd/gruppoParlamentare.rdf/gr3053","FORZA ITALIA - BERLUSCONI PRESIDENTE (27.03.2018-12.10.2022)",
"http://dati.camera.it/ocd/deputato.rdf/d305650_18","ROTTA","ALESSIA","20180327","20221012","http://dati.camera.it/ocd/gruppoParlamentare.rdf/gr3054","PARTITO DEMOCRATICO (27.03.2018-12.10.2022)",
"http://dati.camera.it/ocd/deputato.rdf/d307478_18","RUFFINO","DANIELA","20180327","20210215","http://dati.camera.it/ocd/gruppoParlamentare.rdf/gr3053","FORZA ITALIA - BERLUSCONI PRESIDENTE (27.03.2018-15.02.2021)",
"http://dati.camera.it/ocd/deputato.rdf/d307478_18","RUFFINO","DANIELA","20210215","20210527","http://dati.camera.it/ocd/gruppoParlamentare.rdf/gr3033","MISTO (15.02.2021-27.05.2021)",
"http://dati.camera.it/ocd/deputato.rdf/d307478_18","RUFFINO","DANIELA","20210527","20220317","http://dati.camera.it/ocd/gruppoParlamentare.rdf/gr3591","CORAGGIO ITALIA (27.05.2021-17.03.2022)",
"http://dati.camera.it/ocd/deputato.rdf/d307478_18","RUFFINO","DANIELA","20220317","20221012","http://dati.camera.it/ocd/gruppoParlamentare.rdf/gr3033","MISTO (17.03.2022-12.10.2022)",
"http://dati.camera.it/ocd/deputato.rdf/d307422_18","RUGGIERI","ANDREA","20180327","20221012","http://dati.camera.it/ocd/gruppoParlamentare.rdf/gr3053","FORZA ITALIA - BERLUSCONI PRESIDENTE (27.03.2018-12.10.2022)",
"http://dati.camera.it/ocd/deputato.rdf/d307289_18","RUGGIERO","FRANCESCA ANNA","20180327","20221012","http://dati.camera.it/ocd/gruppoParlamentare.rdf/gr3051","MOVIMENTO 5 STELLE (27.03.2018-12.10.2022)",
"http://dati.camera.it/ocd/deputato.rdf/d305796_18","RUOCCO","CARLA","20180327","20220621","http://dati.camera.it/ocd/gruppoParlamentare.rdf/gr3051","MOVIMENTO 5 STELLE (27.03.2018-21.06.2022)",
"http://dati.camera.it/ocd/deputato.rdf/d305796_18","RUOCCO","CARLA","20220621","20221012","http://dati.camera.it/ocd/gruppoParlamentare.rdf/gr3892","INSIEME PER IL FUTURO (21.06.2022-12.10.2022)",
"http://dati.camera.it/ocd/deputato.rdf/d307553_18","RUSSO","GIOVANNI","20180327","20210219","http://dati.camera.it/ocd/gruppoParlamentare.rdf/gr3051","MOVIMENTO 5 STELLE (27.03.2018-19.02.2021)",
"http://dati.camera.it/ocd/deputato.rdf/d307553_18","RUSSO","GIOVANNI","20210219","20210722","http://dati.camera.it/ocd/gruppoParlamentare.rdf/gr3033","MISTO (19.02.2021-22.07.2021)",
"http://dati.camera.it/ocd/deputato.rdf/d307553_18","RUSSO","GIOVANNI","20210722","20221012","http://dati.camera.it/ocd/gruppoParlamentare.rdf/gr3052","FRATELLI D'ITALIA (22.07.2021-12.10.2022)",
"http://dati.camera.it/ocd/deputato.rdf/d50213_18","RUSSO","PAOLO","20180327","20220801","http://dati.camera.it/ocd/gruppoParlamentare.rdf/gr3053","FORZA ITALIA - BERLUSCONI PRESIDENTE (27.03.2018-01.08.2022)",
"http://dati.camera.it/ocd/deputato.rdf/d50213_18","RUSSO","PAOLO","20220801","20221012","http://dati.camera.it/ocd/gruppoParlamentare.rdf/gr3033","MISTO (01.08.2022-12.10.2022)",
"http://dati.camera.it/ocd/deputato.rdf/d307659_18","SACCANI","GLORIA","20180327","20221012","http://dati.camera.it/ocd/gruppoParlamentare.rdf/gr3053","FORZA ITALIA - BERLUSCONI PRESIDENTE (27.03.2018-12.10.2022)",
"http://dati.camera.it/ocd/deputato.rdf/d307124_18","SAITTA","EUGENIO","20180327","20221012","http://dati.camera.it/ocd/gruppoParlamentare.rdf/gr3051","MOVIMENTO 5 STELLE (27.03.2018-12.10.2022)",
"http://dati.camera.it/ocd/deputato.rdf/d307439_18","SALAFIA","ANGELA","20180327","20221012","http://dati.camera.it/ocd/gruppoParlamentare.rdf/gr3051","MOVIMENTO 5 STELLE (27.03.2018-12.10.2022)",
"http://dati.camera.it/ocd/deputato.rdf/d302914_18","SALTAMARTINI","BARBARA","20180327","20221012","http://dati.camera.it/ocd/gruppoParlamentare.rdf/gr3055","LEGA - SALVINI PREMIER (27.03.2018-12.10.2022)",
"http://dati.camera.it/ocd/deputato.rdf/d301465_18","SANGA","GIOVANNI","20210121","20210413","http://dati.camera.it/ocd/gruppoParlamentare.rdf/gr3054","PARTITO DEMOCRATICO (21.01.2021-13.04.2021)",
"http://dati.camera.it/ocd/deputato.rdf/d307157_18","SANGREGORIO","EUGENIO","20180327","20221012","http://dati.camera.it/ocd/gruppoParlamentare.rdf/gr3033","MISTO (27.03.2018-12.10.2022)",
"http://dati.camera.it/ocd/deputato.rdf/d302863_18","SANI","LUCA","20200930","20221012","http://dati.camera.it/ocd/gruppoParlamentare.rdf/gr3054","PARTITO DEMOCRATICO (30.09.2020-12.10.2022)",
"http://dati.camera.it/ocd/deputato.rdf/d300306_18","SANTELLI","JOLE","20180327","20200331","http://dati.camera.it/ocd/gruppoParlamentare.rdf/gr3053","FORZA ITALIA - BERLUSCONI PRESIDENTE (27.03.2018-31.03.2020)",
"http://dati.camera.it/ocd/deputato.rdf/d307563_18","SAPIA","FRANCESCO","20180327","20210219","http://dati.camera.it/ocd/gruppoParlamentare.rdf/gr3051","MOVIMENTO 5 STELLE (27.03.2018-19.02.2021)",
"http://dati.camera.it/ocd/deputato.rdf/d307563_18","SAPIA","FRANCESCO","20210219","20221012","http://dati.camera.it/ocd/gruppoParlamentare.rdf/gr3033","MISTO (19.02.2021-12.10.2022)",
"http://dati.camera.it/ocd/deputato.rdf/d307191_18","SARLI","DORIANA","20180327","20210219","http://dati.camera.it/ocd/gruppoParlamentare.rdf/gr3051","MOVIMENTO 5 STELLE (27.03.2018-19.02.2021)",
"http://dati.camera.it/ocd/deputato.rdf/d307191_18","SARLI","DORIANA","20210219","20221012","http://dati.camera.it/ocd/gruppoParlamentare.rdf/gr3033","MISTO (19.02.2021-12.10.2022)",
"http://dati.camera.it/ocd/deputato.rdf/d303108_18","SARRO","CARLO","20180327","20221012","http://dati.camera.it/ocd/gruppoParlamentare.rdf/gr3053","FORZA ITALIA - BERLUSCONI PRESIDENTE (27.03.2018-12.10.2022)",
"http://dati.camera.it/ocd/deputato.rdf/d305960_18","SARTI","GIULIA","20180327","20221012","http://dati.camera.it/ocd/gruppoParlamentare.rdf/gr3051","MOVIMENTO 5 STELLE (27.03.2018-12.10.2022)",
"http://dati.camera.it/ocd/deputato.rdf/d307360_18","SASSO","ROSSANO","20180327","20221012","http://dati.camera.it/ocd/gruppoParlamentare.rdf/gr3055","LEGA - SALVINI PREMIER (27.03.2018-12.10.2022)",
"http://dati.camera.it/ocd/deputato.rdf/d302882_18","SAVINO","ELVIRA","20180327","20221012","http://dati.camera.it/ocd/gruppoParlamentare.rdf/gr3053","FORZA ITALIA - BERLUSCONI PRESIDENTE (27.03.2018-12.10.2022)",
"http://dati.camera.it/ocd/deputato.rdf/d305684_18","SAVINO","SANDRA","20180327","20221012","http://dati.camera.it/ocd/gruppoParlamentare.rdf/gr3053","FORZA ITALIA - BERLUSCONI PRESIDENTE (27.03.2018-12.10.2022)",
"http://dati.camera.it/ocd/deputato.rdf/d305862_18","SCAGLIUSI","EMANUELE","20180327","20220621","http://dati.camera.it/ocd/gruppoParlamentare.rdf/gr3051","MOVIMENTO 5 STELLE (27.03.2018-21.06.2022)",
"http://dati.camera.it/ocd/deputato.rdf/d305862_18","SCAGLIUSI","EMANUELE","20220621","20221012","http://dati.camera.it/ocd/gruppoParlamentare.rdf/gr3892","INSIEME PER IL FUTURO (21.06.2022-12.10.2022)",
"http://dati.camera.it/ocd/deputato.rdf/d305933_18","SCALFAROTTO","IVAN","20180327","20190919","http://dati.camera.it/ocd/gruppoParlamentare.rdf/gr3054","PARTITO DEMOCRATICO (27.03.2018-19.09.2019)",
"http://dati.camera.it/ocd/deputato.rdf/d305933_18","SCALFAROTTO","IVAN","20190919","20221012","http://dati.camera.it/ocd/gruppoParlamentare.rdf/gr3251","ITALIA VIVA (19.09.2019-12.10.2022)",
"http://dati.camera.it/ocd/deputato.rdf/d307221_18","SCANU","LUCIA","20180327","20211224","http://dati.camera.it/ocd/gruppoParlamentare.rdf/gr3051","MOVIMENTO 5 STELLE (27.03.2018-24.12.2021)",
"http://dati.camera.it/ocd/deputato.rdf/d307221_18","SCANU","LUCIA","20211224","20220112","http://dati.camera.it/ocd/gruppoParlamentare.rdf/gr3033","MISTO (24.12.2021-12.01.2022)",
"http://dati.camera.it/ocd/deputato.rdf/d307221_18","SCANU","LUCIA","20220112","20220623","http://dati.camera.it/ocd/gruppoParlamentare.rdf/gr3591","CORAGGIO ITALIA (12.01.2022-23.06.2022)",
"http://dati.camera.it/ocd/deputato.rdf/d307221_18","SCANU","LUCIA","20220623","20221012","http://dati.camera.it/ocd/gruppoParlamentare.rdf/gr3033","MISTO (23.06.2022-12.10.2022)",
"http://dati.camera.it/ocd/deputato.rdf/d307418_18","SCERRA","FILIPPO","20180327","20221012","http://dati.camera.it/ocd/gruppoParlamentare.rdf/gr3051","MOVIMENTO 5 STELLE (27.03.2018-12.10.2022)",
"http://dati.camera.it/ocd/deputato.rdf/d307149_18","SCHIRO'","ANGELA","20180327","20221012","http://dati.camera.it/ocd/gruppoParlamentare.rdf/gr3054","PARTITO DEMOCRATICO (27.03.2018-12.10.2022)",
"http://dati.camera.it/ocd/deputato.rdf/d305586_18","SCHULLIAN","MANFRED","20180327","20221012","http://dati.camera.it/ocd/gruppoParlamentare.rdf/gr3033","MISTO (27.03.2018-12.10.2022)",
"http://dati.camera.it/ocd/deputato.rdf/d306483_18","SCOMA","FRANCESCO","20180327","20200515","http://dati.camera.it/ocd/gruppoParlamentare.rdf/gr3053","FORZA ITALIA - BERLUSCONI PRESIDENTE (27.03.2018-15.05.2020)",
"http://dati.camera.it/ocd/deputato.rdf/d306483_18","SCOMA","FRANCESCO","20200515","20210923","http://dati.camera.it/ocd/gruppoParlamentare.rdf/gr3251","ITALIA VIVA (15.05.2020-23.09.2021)",
"http://dati.camera.it/ocd/deputato.rdf/d306483_18","SCOMA","FRANCESCO","20210923","20221012","http://dati.camera.it/ocd/gruppoParlamentare.rdf/gr3055","LEGA - SALVINI PREMIER (23.09.2021-12.10.2022)",
"http://dati.camera.it/ocd/deputato.rdf/d307722_18","SCUTELLA'","ELISA","20180327","20221012","http://dati.camera.it/ocd/gruppoParlamentare.rdf/gr3051","MOVIMENTO 5 STELLE (27.03.2018-12.10.2022)",
"http://dati.camera.it/ocd/deputato.rdf/d307714_18","SEGNANA","STEFANIA","20180327","20190109","http://dati.camera.it/ocd/gruppoParlamentare.rdf/gr3055","LEGA - SALVINI PREMIER (27.03.2018-09.01.2019)",
"http://dati.camera.it/ocd/deputato.rdf/d307488_18","SEGNERI","ENRICA","20180327","20221012","http://dati.camera.it/ocd/gruppoParlamentare.rdf/gr3051","MOVIMENTO 5 STELLE (27.03.2018-12.10.2022)",
"http://dati.camera.it/ocd/deputato.rdf/d307266_18","SENSI","FILIPPO","20180327","20221012","http://dati.camera.it/ocd/gruppoParlamentare.rdf/gr3054","PARTITO DEMOCRATICO (27.03.2018-12.10.2022)",
"http://dati.camera.it/ocd/deputato.rdf/d307374_18","SERRACCHIANI","DEBORA","20180327","20221012","http://dati.camera.it/ocd/gruppoParlamentare.rdf/gr3054","PARTITO DEMOCRATICO (27.03.2018-12.10.2022)",
"http://dati.camera.it/ocd/deputato.rdf/d307498_18","SERRITELLA","DAVIDE","20180327","20220621","http://dati.camera.it/ocd/gruppoParlamentare.rdf/gr3051","MOVIMENTO 5 STELLE (27.03.2018-21.06.2022)",
"http://dati.camera.it/ocd/deputato.rdf/d307498_18","SERRITELLA","DAVIDE","20220621","20221012","http://dati.camera.it/ocd/gruppoParlamentare.rdf/gr3892","INSIEME PER IL FUTURO (21.06.2022-12.10.2022)",
"http://dati.camera.it/ocd/deputato.rdf/d308681_18","SESSA","MARIA ROSA","20220125","20220727","http://dati.camera.it/ocd/gruppoParlamentare.rdf/gr3053","FORZA ITALIA - BERLUSCONI PRESIDENTE (25.01.2022-27.07.2022)",
"http://dati.camera.it/ocd/deputato.rdf/d308681_18","SESSA","MARIA ROSA","20220727","20221012","http://dati.camera.it/ocd/gruppoParlamentare.rdf/gr3033","MISTO (27.07.2022-12.10.2022)",
"http://dati.camera.it/ocd/deputato.rdf/d34510_18","SGARBI","VITTORIO","20180327","20181004","http://dati.camera.it/ocd/gruppoParlamentare.rdf/gr3053","FORZA ITALIA - BERLUSCONI PRESIDENTE (27.03.2018-04.10.2018)",
"http://dati.camera.it/ocd/deputato.rdf/d34510_18","SGARBI","VITTORIO","20181004","20221012","http://dati.camera.it/ocd/gruppoParlamentare.rdf/gr3033","MISTO (04.10.2018-12.10.2022)",
"http://dati.camera.it/ocd/deputato.rdf/d307187_18","SIANI","PAOLO","20180327","20221012","http://dati.camera.it/ocd/gruppoParlamentare.rdf/gr3054","PARTITO DEMOCRATICO (27.03.2018-12.10.2022)",
"http://dati.camera.it/ocd/deputato.rdf/d305918_18","SIBILIA","CARLO","20180327","20221012","http://dati.camera.it/ocd/gruppoParlamentare.rdf/gr3051","MOVIMENTO 5 STELLE (27.03.2018-12.10.2022)",
"http://dati.camera.it/ocd/deputato.rdf/d303110_18","SIBILIA","COSIMO","20180327","20210527","http://dati.camera.it/ocd/gruppoParlamentare.rdf/gr3053","FORZA ITALIA - BERLUSCONI PRESIDENTE (27.03.2018-27.05.2021)",
"http://dati.camera.it/ocd/deputato.rdf/d303110_18","SIBILIA","COSIMO","20210527","20220623","http://dati.camera.it/ocd/gruppoParlamentare.rdf/gr3591","CORAGGIO ITALIA (27.05.2021-23.06.2022)",
"http://dati.camera.it/ocd/deputato.rdf/d303110_18","SIBILIA","COSIMO","20220623","20221012","http://dati.camera.it/ocd/gruppoParlamentare.rdf/gr3033","MISTO (23.06.2022-12.10.2022)",
"http://dati.camera.it/ocd/deputato.rdf/d307139_18","SILLI","GIORGIO","20180327","20190506","http://dati.camera.it/ocd/gruppoParlamentare.rdf/gr3053","FORZA ITALIA - BERLUSCONI PRESIDENTE (27.03.2018-06.05.2019)",
"http://dati.camera.it/ocd/deputato.rdf/d307139_18","SILLI","GIORGIO","20190506","20210527","http://dati.camera.it/ocd/gruppoParlamentare.rdf/gr3033","MISTO (06.05.2019-27.05.2021)",
"http://dati.camera.it/ocd/deputato.rdf/d307139_18","SILLI","GIORGIO","20210527","20220623","http://dati.camera.it/ocd/gruppoParlamentare.rdf/gr3591","CORAGGIO ITALIA (27.05.2021-23.06.2022)",
"http://dati.camera.it/ocd/deputato.rdf/d307139_18","SILLI","GIORGIO","20220623","20221012","http://dati.camera.it/ocd/gruppoParlamentare.rdf/gr3033","MISTO (23.06.2022-12.10.2022)",
"http://dati.camera.it/ocd/deputato.rdf/d307447_18","SILVESTRI","FRANCESCO","20180327","20221012","http://dati.camera.it/ocd/gruppoParlamentare.rdf/gr3051","MOVIMENTO 5 STELLE (27.03.2018-12.10.2022)",
"http://dati.camera.it/ocd/deputato.rdf/d307175_18","SILVESTRI","RACHELE","20180327","20200109","http://dati.camera.it/ocd/gruppoParlamentare.rdf/gr3051","MOVIMENTO 5 STELLE (27.03.2018-09.01.2020)",
"http://dati.camera.it/ocd/deputato.rdf/d307175_18","SILVESTRI","RACHELE","20200109","20210319","http://dati.camera.it/ocd/gruppoParlamentare.rdf/gr3033","MISTO (09.01.2020-19.03.2021)",
"http://dati.camera.it/ocd/deputato.rdf/d307175_18","SILVESTRI","RACHELE","20210319","20221012","http://dati.camera.it/ocd/gruppoParlamentare.rdf/gr3052","FRATELLI D'ITALIA (19.03.2021-12.10.2022)",
"http://dati.camera.it/ocd/deputato.rdf/d307451_18","SILVESTRONI","MARCO","20180327","20221012","http://dati.camera.it/ocd/gruppoParlamentare.rdf/gr3052","FRATELLI D'ITALIA (27.03.2018-12.10.2022)",
"http://dati.camera.it/ocd/deputato.rdf/d307402_18","SIRACUSANO","MATILDE","20180327","20221012","http://dati.camera.it/ocd/gruppoParlamentare.rdf/gr3053","FORZA ITALIA - BERLUSCONI PRESIDENTE (27.03.2018-12.10.2022)",
"http://dati.camera.it/ocd/deputato.rdf/d307153_18","SIRAGUSA","ELISA","20180327","20201123","http://dati.camera.it/ocd/gruppoParlamentare.rdf/gr3051","MOVIMENTO 5 STELLE (27.03.2018-23.11.2020)",
"http://dati.camera.it/ocd/deputato.rdf/d307153_18","SIRAGUSA","ELISA","20201123","20221012","http://dati.camera.it/ocd/gruppoParlamentare.rdf/gr3033","MISTO (23.11.2020-12.10.2022)",
"http://dati.camera.it/ocd/deputato.rdf/d302886_18","SISTO","FRANCESCO PAOLO","20180327","20221012","http://dati.camera.it/ocd/gruppoParlamentare.rdf/gr3053","FORZA ITALIA - BERLUSCONI PRESIDENTE (27.03.2018-12.10.2022)",
"http://dati.camera.it/ocd/deputato.rdf/d308490_18","SNIDER","SILVANA","20210217","20221012","http://dati.camera.it/ocd/gruppoParlamentare.rdf/gr3055","LEGA - SALVINI PREMIER (17.02.2021-12.10.2022)",
"http://dati.camera.it/ocd/deputato.rdf/d307118_18","SODANO","MICHELE","20180327","20210219","http://dati.camera.it/ocd/gruppoParlamentare.rdf/gr3051","MOVIMENTO 5 STELLE (27.03.2018-19.02.2021)",
"http://dati.camera.it/ocd/deputato.rdf/d307118_18","SODANO","MICHELE","20210219","20221012","http://dati.camera.it/ocd/gruppoParlamentare.rdf/gr3033","MISTO (19.02.2021-12.10.2022)",
"http://dati.camera.it/ocd/deputato.rdf/d307608_18","SORTE","ALESSANDRO","20180327","20190909","http://dati.camera.it/ocd/gruppoParlamentare.rdf/gr3053","FORZA ITALIA - BERLUSCONI PRESIDENTE (27.03.2018-09.09.2019)",
"http://dati.camera.it/ocd/deputato.rdf/d307608_18","SORTE","ALESSANDRO","20190909","20211130","http://dati.camera.it/ocd/gruppoParlamentare.rdf/gr3033","MISTO (09.09.2019-30.11.2021)",
"http://dati.camera.it/ocd/deputato.rdf/d307608_18","SORTE","ALESSANDRO","20211130","20221012","http://dati.camera.it/ocd/gruppoParlamentare.rdf/gr3053","FORZA ITALIA - BERLUSCONI PRESIDENTE (30.11.2021-12.10.2022)",
"http://dati.camera.it/ocd/deputato.rdf/d307276_18","SOVERINI","SERSE","20180327","20190923","http://dati.camera.it/ocd/gruppoParlamentare.rdf/gr3033","MISTO (27.03.2018-23.09.2019)",
"http://dati.camera.it/ocd/deputato.rdf/d307276_18","SOVERINI","SERSE","20190923","20221012","http://dati.camera.it/ocd/gruppoParlamentare.rdf/gr3054","PARTITO DEMOCRATICO (23.09.2019-12.10.2022)",
"http://dati.camera.it/ocd/deputato.rdf/d307517_18","SOZZANI","DIEGO","20180327","20221012","http://dati.camera.it/ocd/gruppoParlamentare.rdf/gr3053","FORZA ITALIA - BERLUSCONI PRESIDENTE (27.03.2018-12.10.2022)",
"http://dati.camera.it/ocd/deputato.rdf/d307190_18","SPADAFORA","VINCENZO","20180327","20220621","http://dati.camera.it/ocd/gruppoParlamentare.rdf/gr3051","MOVIMENTO 5 STELLE (27.03.2018-21.06.2022)",
"http://dati.camera.it/ocd/deputato.rdf/d307190_18","SPADAFORA","VINCENZO","20220621","20221012","http://dati.camera.it/ocd/gruppoParlamentare.rdf/gr3892","INSIEME PER IL FUTURO (21.06.2022-12.10.2022)",
"http://dati.camera.it/ocd/deputato.rdf/d305970_18","SPADONI","MARIA EDERA","20180327","20221012","http://dati.camera.it/ocd/gruppoParlamentare.rdf/gr3051","MOVIMENTO 5 STELLE (27.03.2018-12.10.2022)",
"http://dati.camera.it/ocd/deputato.rdf/d307441_18","SPENA","MARIA","20180327","20221012","http://dati.camera.it/ocd/gruppoParlamentare.rdf/gr3053","FORZA ITALIA - BERLUSCONI PRESIDENTE (27.03.2018-12.10.2022)",
"http://dati.camera.it/ocd/deputato.rdf/d305974_18","SPERANZA","ROBERTO","20180327","20180410","http://dati.camera.it/ocd/gruppoParlamentare.rdf/gr3033","MISTO (27.03.2018-10.04.2018)",
"http://dati.camera.it/ocd/deputato.rdf/d305974_18","SPERANZA","ROBERTO","20180410","20221012","http://dati.camera.it/ocd/gruppoParlamentare.rdf/gr3070","LIBERI E UGUALI (10.04.2018-12.10.2022)",
"http://dati.camera.it/ocd/deputato.rdf/d305668_18","SPESSOTTO","ARIANNA","20180327","20210219","http://dati.camera.it/ocd/gruppoParlamentare.rdf/gr3051","MOVIMENTO 5 STELLE (27.03.2018-19.02.2021)",
"http://dati.camera.it/ocd/deputato.rdf/d305668_18","SPESSOTTO","ARIANNA","20210219","20221012","http://dati.camera.it/ocd/gruppoParlamentare.rdf/gr3033","MISTO (19.02.2021-12.10.2022)",
"http://dati.camera.it/ocd/deputato.rdf/d307202_18","SPORTIELLO","GILDA","20180327","20221012","http://dati.camera.it/ocd/gruppoParlamentare.rdf/gr3051","MOVIMENTO 5 STELLE (27.03.2018-12.10.2022)",
"http://dati.camera.it/ocd/deputato.rdf/d306214_18","SQUERI","LUCA","20180327","20221012","http://dati.camera.it/ocd/gruppoParlamentare.rdf/gr3053","FORZA ITALIA - BERLUSCONI PRESIDENTE (27.03.2018-12.10.2022)",
"http://dati.camera.it/ocd/deputato.rdf/d307571_18","STEFANI","ALBERTO","20180327","20221012","http://dati.camera.it/ocd/gruppoParlamentare.rdf/gr3055","LEGA - SALVINI PREMIER (27.03.2018-12.10.2022)",
"http://dati.camera.it/ocd/deputato.rdf/d306139_18","STUMPO","NICOLA","20180327","20180410","http://dati.camera.it/ocd/gruppoParlamentare.rdf/gr3033","MISTO (27.03.2018-10.04.2018)",
"http://dati.camera.it/ocd/deputato.rdf/d306139_18","STUMPO","NICOLA","20180410","20221012","http://dati.camera.it/ocd/gruppoParlamentare.rdf/gr3070","LIBERI E UGUALI (10.04.2018-12.10.2022)",
"http://dati.camera.it/ocd/deputato.rdf/d307123_18","SURIANO","SIMONA","20180327","20210302","http://dati.camera.it/ocd/gruppoParlamentare.rdf/gr3051","MOVIMENTO 5 STELLE (27.03.2018-02.03.2021)",
"http://dati.camera.it/ocd/deputato.rdf/d307123_18","SURIANO","SIMONA","20210302","20221012","http://dati.camera.it/ocd/gruppoParlamentare.rdf/gr3033","MISTO (02.03.2021-12.10.2022)",
"http://dati.camera.it/ocd/deputato.rdf/d307382_18","SUT","LUCA","20180327","20221012","http://dati.camera.it/ocd/gruppoParlamentare.rdf/gr3051","MOVIMENTO 5 STELLE (27.03.2018-12.10.2022)",
"http://dati.camera.it/ocd/deputato.rdf/d308141_18","SUTTO","MAURO","20190601","20221012","http://dati.camera.it/ocd/gruppoParlamentare.rdf/gr3055","LEGA - SALVINI PREMIER (01.06.2019-12.10.2022)",
"http://dati.camera.it/ocd/deputato.rdf/d34580_18","TABACCI","BRUNO","20180327","20221012","http://dati.camera.it/ocd/gruppoParlamentare.rdf/gr3033","MISTO (27.03.2018-12.10.2022)",
"http://dati.camera.it/ocd/deputato.rdf/d307600_18","TARANTINO","LEONARDO","20180327","20221012","http://dati.camera.it/ocd/gruppoParlamentare.rdf/gr3055","LEGA - SALVINI PREMIER (27.03.2018-12.10.2022)",
"http://dati.camera.it/ocd/deputato.rdf/d307316_18","TARTAGLIONE","ANNAELSA","20180327","20221012","http://dati.camera.it/ocd/gruppoParlamentare.rdf/gr3053","FORZA ITALIA - BERLUSCONI PRESIDENTE (27.03.2018-12.10.2022)",
"http://dati.camera.it/ocd/deputato.rdf/d307371_18","TASSO","ANTONIO","20180327","20221012","http://dati.camera.it/ocd/gruppoParlamentare.rdf/gr3033","MISTO (27.03.2018-12.10.2022)",
"http://dati.camera.it/ocd/deputato.rdf/d307362_18","TATEO","ANNA RITA","20180327","20221012","http://dati.camera.it/ocd/gruppoParlamentare.rdf/gr3055","LEGA - SALVINI PREMIER (27.03.2018-12.10.2022)",
"http://dati.camera.it/ocd/deputato.rdf/d307636_18","TERMINI","GUIA","20180327","20210219","http://dati.camera.it/ocd/gruppoParlamentare.rdf/gr3051","MOVIMENTO 5 STELLE (27.03.2018-19.02.2021)",
"http://dati.camera.it/ocd/deputato.rdf/d307636_18","TERMINI","GUIA","20210219","20221012","http://dati.camera.it/ocd/gruppoParlamentare.rdf/gr3033","MISTO (19.02.2021-12.10.2022)",
"http://dati.camera.it/ocd/deputato.rdf/d307664_18","TERZI","CLAUDIA MARIA","20180327","20180627","http://dati.camera.it/ocd/gruppoParlamentare.rdf/gr3055","LEGA - SALVINI PREMIER (27.03.2018-27.06.2018)",
"http://dati.camera.it/ocd/deputato.rdf/d305792_18","TERZONI","PATRIZIA","20180327","20220621","http://dati.camera.it/ocd/gruppoParlamentare.rdf/gr3051","MOVIMENTO 5 STELLE (27.03.2018-21.06.2022)",
"http://dati.camera.it/ocd/deputato.rdf/d305792_18","TERZONI","PATRIZIA","20220621","20221012","http://dati.camera.it/ocd/gruppoParlamentare.rdf/gr3892","INSIEME PER IL FUTURO (21.06.2022-12.10.2022)",
"http://dati.camera.it/ocd/deputato.rdf/d307275_18","TESTAMENTO","ROSA ALBA","20180327","20210219","http://dati.camera.it/ocd/gruppoParlamentare.rdf/gr3051","MOVIMENTO 5 STELLE (27.03.2018-19.02.2021)",
"http://dati.camera.it/ocd/deputato.rdf/d307275_18","TESTAMENTO","ROSA ALBA","20210219","20221012","http://dati.camera.it/ocd/gruppoParlamentare.rdf/gr3033","MISTO (19.02.2021-12.10.2022)",
"http://dati.camera.it/ocd/deputato.rdf/d308561_18","TIMBRO","MARIA FLAVIA","20210610","20221012","http://dati.camera.it/ocd/gruppoParlamentare.rdf/gr3070","LIBERI E UGUALI (10.06.2021-12.10.2022)",
"http://dati.camera.it/ocd/deputato.rdf/d307484_18","TIRAMANI","PAOLO","20180327","20221012","http://dati.camera.it/ocd/gruppoParlamentare.rdf/gr3055","LEGA - SALVINI PREMIER (27.03.2018-12.10.2022)",
"http://dati.camera.it/ocd/deputato.rdf/d302872_18","TOCCAFONDI","GABRIELE","20180327","20190919","http://dati.camera.it/ocd/gruppoParlamentare.rdf/gr3033","MISTO (27.03.2018-19.09.2019)",
"http://dati.camera.it/ocd/deputato.rdf/d302872_18","TOCCAFONDI","GABRIELE","20190919","20221012","http://dati.camera.it/ocd/gruppoParlamentare.rdf/gr3251","ITALIA VIVA (19.09.2019-12.10.2022)",
"http://dati.camera.it/ocd/deputato.rdf/d307983_18","TOCCALINI","LUCA","20180726","20221012","http://dati.camera.it/ocd/gruppoParlamentare.rdf/gr3055","LEGA - SALVINI PREMIER (26.07.2018-12.10.2022)",
"http://dati.camera.it/ocd/deputato.rdf/d305910_18","TOFALO","ANGELO","20180327","20221012","http://dati.camera.it/ocd/gruppoParlamentare.rdf/gr3051","MOVIMENTO 5 STELLE (27.03.2018-12.10.2022)",
"http://dati.camera.it/ocd/deputato.rdf/d307279_18","TOMASI","MAURA","20180327","20221012","http://dati.camera.it/ocd/gruppoParlamentare.rdf/gr3055","LEGA - SALVINI PREMIER (27.03.2018-12.10.2022)",
"http://dati.camera.it/ocd/deputato.rdf/d307286_18","TOMBOLATO","GIOVANNI BATTISTA","20180327","20221012","http://dati.camera.it/ocd/gruppoParlamentare.rdf/gr3055","LEGA - SALVINI PREMIER (27.03.2018-12.10.2022)",
"http://dati.camera.it/ocd/deputato.rdf/d301448_18","TONDO","RENZO","20180327","20221012","http://dati.camera.it/ocd/gruppoParlamentare.rdf/gr3033","MISTO (27.03.2018-12.10.2022)",
"http://dati.camera.it/ocd/deputato.rdf/d307324_18","TONELLI","GIANNI","20180327","20221012","http://dati.camera.it/ocd/gruppoParlamentare.rdf/gr3055","LEGA - SALVINI PREMIER (27.03.2018-12.10.2022)",
"http://dati.camera.it/ocd/deputato.rdf/d307189_18","TOPO","RAFFAELE","20180327","20221012","http://dati.camera.it/ocd/gruppoParlamentare.rdf/gr3054","PARTITO DEMOCRATICO (27.03.2018-12.10.2022)",
"http://dati.camera.it/ocd/deputato.rdf/d308361_18","TORROMINO","SERGIO","20200508","20221012","http://dati.camera.it/ocd/gruppoParlamentare.rdf/gr3053","FORZA ITALIA - BERLUSCONI PRESIDENTE (08.05.2020-12.10.2022)",
"http://dati.camera.it/ocd/deputato.rdf/d307234_18","TORTO","DANIELA","20180327","20221012","http://dati.camera.it/ocd/gruppoParlamentare.rdf/gr3051","MOVIMENTO 5 STELLE (27.03.2018-12.10.2022)",
"http://dati.camera.it/ocd/deputato.rdf/d307457_18","TRANCASSINI","PAOLO","20180327","20221012","http://dati.camera.it/ocd/gruppoParlamentare.rdf/gr3052","FRATELLI D'ITALIA (27.03.2018-12.10.2022)",
"http://dati.camera.it/ocd/deputato.rdf/d307486_18","TRANO","RAFFAELE","20180327","20200318","http://dati.camera.it/ocd/gruppoParlamentare.rdf/gr3051","MOVIMENTO 5 STELLE (27.03.2018-18.03.2020)",
"http://dati.camera.it/ocd/deputato.rdf/d307486_18","TRANO","RAFFAELE","20200318","20221012","http://dati.camera.it/ocd/gruppoParlamentare.rdf/gr3033","MISTO (18.03.2020-12.10.2022)",
"http://dati.camera.it/ocd/deputato.rdf/d307132_18","TRAVERSI","ROBERTO","20180327","20221012","http://dati.camera.it/ocd/gruppoParlamentare.rdf/gr3051","MOVIMENTO 5 STELLE (27.03.2018-12.10.2022)",
"http://dati.camera.it/ocd/deputato.rdf/d306230_18","TRIPIEDI","DAVIDE","20180327","20221012","http://dati.camera.it/ocd/gruppoParlamentare.rdf/gr3051","MOVIMENTO 5 STELLE (27.03.2018-12.10.2022)",
"http://dati.camera.it/ocd/deputato.rdf/d307105_18","TRIPODI","ELISA","20180327","20221012","http://dati.camera.it/ocd/gruppoParlamentare.rdf/gr3051","MOVIMENTO 5 STELLE (27.03.2018-12.10.2022)",
"http://dati.camera.it/ocd/deputato.rdf/d307728_18","TRIPODI","MARIA","20180327","20221012","http://dati.camera.it/ocd/gruppoParlamentare.rdf/gr3053","FORZA ITALIA - BERLUSCONI PRESIDENTE (27.03.2018-12.10.2022)",
"http://dati.camera.it/ocd/deputato.rdf/d307113_18","TRIZZINO","GIORGIO","20180327","20210324","http://dati.camera.it/ocd/gruppoParlamentare.rdf/gr3051","MOVIMENTO 5 STELLE (27.03.2018-24.03.2021)",
"http://dati.camera.it/ocd/deputato.rdf/d307113_18","TRIZZINO","GIORGIO","20210324","20221012","http://dati.camera.it/ocd/gruppoParlamentare.rdf/gr3033","MISTO (24.03.2021-12.10.2022)",
"http://dati.camera.it/ocd/deputato.rdf/d307352_18","TROIANO","FRANCESCA","20180327","20220415","http://dati.camera.it/ocd/gruppoParlamentare.rdf/gr3051","MOVIMENTO 5 STELLE (27.03.2018-15.04.2022)",
"http://dati.camera.it/ocd/deputato.rdf/d307352_18","TROIANO","FRANCESCA","20220415","20220628","http://dati.camera.it/ocd/gruppoParlamentare.rdf/gr3033","MISTO (15.04.2022-28.06.2022)",
"http://dati.camera.it/ocd/deputato.rdf/d307352_18","TROIANO","FRANCESCA","20220628","20221012","http://dati.camera.it/ocd/gruppoParlamentare.rdf/gr3251","ITALIA VIVA (28.06.2022-12.10.2022)",
"http://dati.camera.it/ocd/deputato.rdf/d307726_18","TUCCI","RICCARDO","20180327","20221012","http://dati.camera.it/ocd/gruppoParlamentare.rdf/gr3051","MOVIMENTO 5 STELLE (27.03.2018-12.10.2022)",
"http://dati.camera.it/ocd/deputato.rdf/d307589_18","TURRI","ROBERTO","20180327","20221012","http://dati.camera.it/ocd/gruppoParlamentare.rdf/gr3055","LEGA - SALVINI PREMIER (27.03.2018-12.10.2022)",
"http://dati.camera.it/ocd/deputato.rdf/d307443_18","TUZI","MANUEL","20180327","20221012","http://dati.camera.it/ocd/gruppoParlamentare.rdf/gr3051","MOVIMENTO 5 STELLE (27.03.2018-12.10.2022)",
"http://dati.camera.it/ocd/deputato.rdf/d307147_18","UNGARO","MASSIMO","20180327","20190919","http://dati.camera.it/ocd/gruppoParlamentare.rdf/gr3054","PARTITO DEMOCRATICO (27.03.2018-19.09.2019)",
"http://dati.camera.it/ocd/deputato.rdf/d307147_18","UNGARO","MASSIMO","20190919","20221012","http://dati.camera.it/ocd/gruppoParlamentare.rdf/gr3251","ITALIA VIVA (19.09.2019-12.10.2022)",
"http://dati.camera.it/ocd/deputato.rdf/d306058_18","VACCA","GIANLUCA","20180327","20220621","http://dati.camera.it/ocd/gruppoParlamentare.rdf/gr3051","MOVIMENTO 5 STELLE (27.03.2018-21.06.2022)",
"http://dati.camera.it/ocd/deputato.rdf/d306058_18","VACCA","GIANLUCA","20220621","20221012","http://dati.camera.it/ocd/gruppoParlamentare.rdf/gr3892","INSIEME PER IL FUTURO (21.06.2022-12.10.2022)",
"http://dati.camera.it/ocd/deputato.rdf/d307587_18","VALBUSA","VANIA","20180327","20221012","http://dati.camera.it/ocd/gruppoParlamentare.rdf/gr3055","LEGA - SALVINI PREMIER (27.03.2018-12.10.2022)",
"http://dati.camera.it/ocd/deputato.rdf/d305717_18","VALENTE","SIMONE","20180327","20220621","http://dati.camera.it/ocd/gruppoParlamentare.rdf/gr3051","MOVIMENTO 5 STELLE (27.03.2018-21.06.2022)",
"http://dati.camera.it/ocd/deputato.rdf/d305717_18","VALENTE","SIMONE","20220621","20221012","http://dati.camera.it/ocd/gruppoParlamentare.rdf/gr3892","INSIEME PER IL FUTURO (21.06.2022-12.10.2022)",
"http://dati.camera.it/ocd/deputato.rdf/d301559_18","VALENTINI","VALENTINO","20180327","20221012","http://dati.camera.it/ocd/gruppoParlamentare.rdf/gr3053","FORZA ITALIA - BERLUSCONI PRESIDENTE (27.03.2018-12.10.2022)",
"http://dati.camera.it/ocd/deputato.rdf/d306034_18","VALLASCAS","ANDREA","20180327","20210219","http://dati.camera.it/ocd/gruppoParlamentare.rdf/gr3051","MOVIMENTO 5 STELLE (27.03.2018-19.02.2021)",
"http://dati.camera.it/ocd/deputato.rdf/d306034_18","VALLASCAS","ANDREA","20210219","20221012","http://dati.camera.it/ocd/gruppoParlamentare.rdf/gr3033","MISTO (19.02.2021-12.10.2022)",
"http://dati.camera.it/ocd/deputato.rdf/d307694_18","VALLOTTO","SERGIO","20180327","20221012","http://dati.camera.it/ocd/gruppoParlamentare.rdf/gr3055","LEGA - SALVINI PREMIER (27.03.2018-12.10.2022)",
"http://dati.camera.it/ocd/deputato.rdf/d307400_18","VARCHI","MARIA CAROLINA","20180327","20221012","http://dati.camera.it/ocd/gruppoParlamentare.rdf/gr3052","FRATELLI D'ITALIA (27.03.2018-12.10.2022)",
"http://dati.camera.it/ocd/deputato.rdf/d307386_18","VARRICA","ADRIANO","20180327","20221012","http://dati.camera.it/ocd/gruppoParlamentare.rdf/gr3051","MOVIMENTO 5 STELLE (27.03.2018-12.10.2022)",
"http://dati.camera.it/ocd/deputato.rdf/d305735_18","VAZIO","FRANCO","20180327","20221012","http://dati.camera.it/ocd/gruppoParlamentare.rdf/gr3054","PARTITO DEMOCRATICO (27.03.2018-12.10.2022)",
"http://dati.camera.it/ocd/deputato.rdf/d302774_18","VERINI","WALTER","20180327","20221012","http://dati.camera.it/ocd/gruppoParlamentare.rdf/gr3054","PARTITO DEMOCRATICO (27.03.2018-12.10.2022)",
"http://dati.camera.it/ocd/deputato.rdf/d307598_18","VERSACE","GIUSEPPINA","20180327","20220726","http://dati.camera.it/ocd/gruppoParlamentare.rdf/gr3053","FORZA ITALIA - BERLUSCONI PRESIDENTE (27.03.2018-26.07.2022)",
"http://dati.camera.it/ocd/deputato.rdf/d307598_18","VERSACE","GIUSEPPINA","20220726","20221012","http://dati.camera.it/ocd/gruppoParlamentare.rdf/gr3033","MISTO (26.07.2022-12.10.2022)",
"http://dati.camera.it/ocd/deputato.rdf/d307358_18","VIANELLO","GIOVANNI","20180327","20210915","http://dati.camera.it/ocd/gruppoParlamentare.rdf/gr3051","MOVIMENTO 5 STELLE (27.03.2018-15.09.2021)",
"http://dati.camera.it/ocd/deputato.rdf/d307358_18","VIANELLO","GIOVANNI","20210915","20221012","http://dati.camera.it/ocd/gruppoParlamentare.rdf/gr3033","MISTO (15.09.2021-12.10.2022)",
"http://dati.camera.it/ocd/deputato.rdf/d307277_18","VIETINA","SIMONA","20180327","20210527","http://dati.camera.it/ocd/gruppoParlamentare.rdf/gr3053","FORZA ITALIA - BERLUSCONI PRESIDENTE (27.03.2018-27.05.2021)",
"http://dati.camera.it/ocd/deputato.rdf/d307277_18","VIETINA","SIMONA","20210527","20220616","http://dati.camera.it/ocd/gruppoParlamentare.rdf/gr3591","CORAGGIO ITALIA (27.05.2021-16.06.2022)",
"http://dati.camera.it/ocd/deputato.rdf/d307277_18","VIETINA","SIMONA","20220616","20221012","http://dati.camera.it/ocd/gruppoParlamentare.rdf/gr3033","MISTO (16.06.2022-12.10.2022)",
"http://dati.camera.it/ocd/deputato.rdf/d305798_18","VIGNAROLI","STEFANO","20180327","20220621","http://dati.camera.it/ocd/gruppoParlamentare.rdf/gr3051","MOVIMENTO 5 STELLE (27.03.2018-21.06.2022)",
"http://dati.camera.it/ocd/deputato.rdf/d305798_18","VIGNAROLI","STEFANO","20220621","20221012","http://dati.camera.it/ocd/gruppoParlamentare.rdf/gr3892","INSIEME PER IL FUTURO (21.06.2022-12.10.2022)",
"http://dati.camera.it/ocd/deputato.rdf/d307536_18","VILLANI","VIRGINIA","20180327","20221012","http://dati.camera.it/ocd/gruppoParlamentare.rdf/gr3051","MOVIMENTO 5 STELLE (27.03.2018-12.10.2022)",
"http://dati.camera.it/ocd/deputato.rdf/d306091_18","VILLAROSA","ALESSIO MATTIA","20180327","20210219","http://dati.camera.it/ocd/gruppoParlamentare.rdf/gr3051","MOVIMENTO 5 STELLE (27.03.2018-19.02.2021)",
"http://dati.camera.it/ocd/deputato.rdf/d306091_18","VILLAROSA","ALESSIO MATTIA","20210219","20221012","http://dati.camera.it/ocd/gruppoParlamentare.rdf/gr3033","MISTO (19.02.2021-12.10.2022)",
"http://dati.camera.it/ocd/deputato.rdf/d307334_18","VINCI","GIANLUCA","20180327","20210219","http://dati.camera.it/ocd/gruppoParlamentare.rdf/gr3055","LEGA - SALVINI PREMIER (27.03.2018-19.02.2021)",
"http://dati.camera.it/ocd/deputato.rdf/d307334_18","VINCI","GIANLUCA","20210219","20221012","http://dati.camera.it/ocd/gruppoParlamentare.rdf/gr3052","FRATELLI D'ITALIA (19.02.2021-12.10.2022)",
"http://dati.camera.it/ocd/deputato.rdf/d307730_18","VISCOMI","ANTONIO","20180327","20221012","http://dati.camera.it/ocd/gruppoParlamentare.rdf/gr3054","PARTITO DEMOCRATICO (27.03.2018-12.10.2022)",
"http://dati.camera.it/ocd/deputato.rdf/d307196_18","VITIELLO","CATELLO","20180327","20191017","http://dati.camera.it/ocd/gruppoParlamentare.rdf/gr3033","MISTO (27.03.2018-17.10.2019)",
"http://dati.camera.it/ocd/deputato.rdf/d307196_18","VITIELLO","CATELLO","20191017","20221012","http://dati.camera.it/ocd/gruppoParlamentare.rdf/gr3251","ITALIA VIVA (17.10.2019-12.10.2022)",
"http://dati.camera.it/ocd/deputato.rdf/d34730_18","VITO","ELIO","20180327","20220713","http://dati.camera.it/ocd/gruppoParlamentare.rdf/gr3053","FORZA ITALIA - BERLUSCONI PRESIDENTE (27.03.2018-13.07.2022)",
"http://dati.camera.it/ocd/deputato.rdf/d307533_18","VIVIANI","LORENZO","20180327","20221012","http://dati.camera.it/ocd/gruppoParlamentare.rdf/gr3055","LEGA - SALVINI PREMIER (27.03.2018-12.10.2022)",
"http://dati.camera.it/ocd/deputato.rdf/d307252_18","VIZZINI","GLORIA","20180327","20190701","http://dati.camera.it/ocd/gruppoParlamentare.rdf/gr3051","MOVIMENTO 5 STELLE (27.03.2018-01.07.2019)",
"http://dati.camera.it/ocd/deputato.rdf/d307252_18","VIZZINI","GLORIA","20190701","20221012","http://dati.camera.it/ocd/gruppoParlamentare.rdf/gr3033","MISTO (01.07.2019-12.10.2022)",
"http://dati.camera.it/ocd/deputato.rdf/d307519_18","VOLPI","LEDA","20180327","20210219","http://dati.camera.it/ocd/gruppoParlamentare.rdf/gr3051","MOVIMENTO 5 STELLE (27.03.2018-19.02.2021)",
"http://dati.camera.it/ocd/deputato.rdf/d307519_18","VOLPI","LEDA","20210219","20221012","http://dati.camera.it/ocd/gruppoParlamentare.rdf/gr3033","MISTO (19.02.2021-12.10.2022)",
"http://dati.camera.it/ocd/deputato.rdf/d302770_18","VOLPI","RAFFAELE","20180327","20221012","http://dati.camera.it/ocd/gruppoParlamentare.rdf/gr3055","LEGA - SALVINI PREMIER (27.03.2018-12.10.2022)",
"http://dati.camera.it/ocd/deputato.rdf/d306272_18","ZAN","ALESSANDRO","20180327","20221012","http://dati.camera.it/ocd/gruppoParlamentare.rdf/gr3054","PARTITO DEMOCRATICO (27.03.2018-12.10.2022)",
"http://dati.camera.it/ocd/deputato.rdf/d307650_18","ZANELLA","FEDERICA","20180327","20201119","http://dati.camera.it/ocd/gruppoParlamentare.rdf/gr3053","FORZA ITALIA - BERLUSCONI PRESIDENTE (27.03.2018-19.11.2020)",
"http://dati.camera.it/ocd/deputato.rdf/d307650_18","ZANELLA","FEDERICA","20201119","20221012","http://dati.camera.it/ocd/gruppoParlamentare.rdf/gr3055","LEGA - SALVINI PREMIER (19.11.2020-12.10.2022)",
"http://dati.camera.it/ocd/deputato.rdf/d300271_18","ZANETTIN","PIERANTONIO","20180327","20221012","http://dati.camera.it/ocd/gruppoParlamentare.rdf/gr3053","FORZA ITALIA - BERLUSCONI PRESIDENTE (27.03.2018-12.10.2022)",
"http://dati.camera.it/ocd/deputato.rdf/d307492_18","ZANGRILLO","PAOLO","20180327","20221012","http://dati.camera.it/ocd/gruppoParlamentare.rdf/gr3053","FORZA ITALIA - BERLUSCONI PRESIDENTE (27.03.2018-12.10.2022)",
"http://dati.camera.it/ocd/deputato.rdf/d307326_18","ZANICHELLI","DAVIDE","20180327","20221012","http://dati.camera.it/ocd/gruppoParlamentare.rdf/gr3051","MOVIMENTO 5 STELLE (27.03.2018-12.10.2022)",
"http://dati.camera.it/ocd/deputato.rdf/d307715_18","ZANOTELLI","GIULIA","20180327","20190109","http://dati.camera.it/ocd/gruppoParlamentare.rdf/gr3055","LEGA - SALVINI PREMIER (27.03.2018-09.01.2019)",
"http://dati.camera.it/ocd/deputato.rdf/d305640_18","ZARDINI","DIEGO","20180327","20221012","http://dati.camera.it/ocd/gruppoParlamentare.rdf/gr3054","PARTITO DEMOCRATICO (27.03.2018-12.10.2022)",
"http://dati.camera.it/ocd/deputato.rdf/d307231_18","ZENNARO","ANTONIO","20180327","20200423","http://dati.camera.it/ocd/gruppoParlamentare.rdf/gr3051","MOVIMENTO 5 STELLE (27.03.2018-23.04.2020)",
"http://dati.camera.it/ocd/deputato.rdf/d307231_18","ZENNARO","ANTONIO","20200423","20210118","http://dati.camera.it/ocd/gruppoParlamentare.rdf/gr3033","MISTO (23.04.2020-18.01.2021)",
"http://dati.camera.it/ocd/deputato.rdf/d307231_18","ZENNARO","ANTONIO","20210118","20221012","http://dati.camera.it/ocd/gruppoParlamentare.rdf/gr3055","LEGA - SALVINI PREMIER (18.01.2021-12.10.2022)",
"http://dati.camera.it/ocd/deputato.rdf/d307458_18","ZICCHIERI","FRANCESCO","20180327","20220517","http://dati.camera.it/ocd/gruppoParlamentare.rdf/gr3055","LEGA - SALVINI PREMIER (27.03.2018-17.05.2022)",
"http://dati.camera.it/ocd/deputato.rdf/d307458_18","ZICCHIERI","FRANCESCO","20220517","20220721","http://dati.camera.it/ocd/gruppoParlamentare.rdf/gr3033","MISTO (17.05.2022-21.07.2022)",
"http://dati.camera.it/ocd/deputato.rdf/d307458_18","ZICCHIERI","FRANCESCO","20220721","20220915","http://dati.camera.it/ocd/gruppoParlamentare.rdf/gr3251","ITALIA VIVA (21.07.2022-15.09.2022)",
"http://dati.camera.it/ocd/deputato.rdf/d307458_18","ZICCHIERI","FRANCESCO","20220915","20221012","http://dati.camera.it/ocd/gruppoParlamentare.rdf/gr3033","MISTO (15.09.2022-12.10.2022)",
"http://dati.camera.it/ocd/deputato.rdf/d307143_18","ZIELLO","EDOARDO","20180327","20221012","http://dati.camera.it/ocd/gruppoParlamentare.rdf/gr3055","LEGA - SALVINI PREMIER (27.03.2018-12.10.2022)",
"http://dati.camera.it/ocd/deputato.rdf/d307616_18","ZOFFILI","EUGENIO","20180327","20221012","http://dati.camera.it/ocd/gruppoParlamentare.rdf/gr3055","LEGA - SALVINI PREMIER (27.03.2018-12.10.2022)",
"http://dati.camera.it/ocd/deputato.rdf/d305598_18","ZOLEZZI","ALBERTO","20180327","20221012","http://dati.camera.it/ocd/gruppoParlamentare.rdf/gr3051","MOVIMENTO 5 STELLE (27.03.2018-12.10.2022)",
"http://dati.camera.it/ocd/deputato.rdf/d307578_18","ZORDAN","ADOLFO","20180327","20221012","http://dati.camera.it/ocd/gruppoParlamentare.rdf/gr3055","LEGA - SALVINI PREMIER (27.03.2018-12.10.2022)",
"http://dati.camera.it/ocd/deputato.rdf/d307142_18","ZUCCONI","RICCARDO","20180327","20221012","http://dati.camera.it/ocd/gruppoParlamentare.rdf/gr3052","FRATELLI D'ITALIA (27.03.2018-12.10.2022)",
