"m","d","surname","firstName","start","end","tipoElezione","coverage","lista","procl"
"http://dati.camera.it/ocd/mandatoCamera.rdf/mc19_307394_20220930","http://dati.camera.it/ocd/deputato.rdf/d307394_19","AIELLO","DAVIDE","20220930",,"maggioritario","SICILIA 1 - P01",,
"http://dati.camera.it/ocd/mandatoCamera.rdf/mc19_307394_20220930","http://dati.camera.it/ocd/deputato.rdf/d307394_19","AIELLO","DAVIDE","20220930",,"maggioritario","SICILIA 1 - P01",,
"http://dati.camera.it/ocd/mandatoCamera.rdf/mc19_307749_20220930","http://dati.camera.it/ocd/deputato.rdf/d307749_19","BAGNAI","ALBERTO","20220930","20260915","maggioritario","ABRUZZO - P01",,
"http://dati.camera.it/ocd/mandatoCamera.rdf/mc19_307749_20220930","http://dati.camera.it/ocd/deputato.rdf/d307749_19","BAGNAI","ALBERTO","20220930","20260915","maggioritario","ABRUZZO - P01",,
"http://dati.camera.it/ocd/mandatoCamera.rdf/mc19_307134_20220930","http://dati.camera.it/ocd/deputato.rdf/d307134_19","BAGNASCO","ROBERTO","20220930",,"maggioritario","LIGURIA - P01",,
"http://dati.camera.it/ocd/mandatoCamera.rdf/mc19_307752_20220930","http://dati.camera.it/ocd/deputato.rdf/d307752_19","BATTISTONI","FRANCESCO","20220930",,"maggioritario","MARCHE - P01",,
"http://dati.camera.it/ocd/mandatoCamera.rdf/mc19_307752_20220930","http://dati.camera.it/ocd/deputato.rdf/d307752_19","BATTISTONI","FRANCESCO","20220930",,"maggioritario","MARCHE - P01",,
"http://dati.camera.it/ocd/mandatoCamera.rdf/mc19_308830_20220930","http://dati.camera.it/ocd/deputato.rdf/d308830_19","BELLOMO","DAVIDE","20220930",,"maggioritario","PUGLIA - P02",,
"http://dati.camera.it/ocd/mandatoCamera.rdf/mc19_308830_20220930","http://dati.camera.it/ocd/deputato.rdf/d308830_19","BELLOMO","DAVIDE","20220930",,"maggioritario","PUGLIA - P02",,
"http://dati.camera.it/ocd/mandatoCamera.rdf/mc19_308762_20220930","http://dati.camera.it/ocd/deputato.rdf/d308762_19","BENVENUTI GOSTOLI","STEFANO MARIA","20220930",,"maggioritario","MARCHE - P01",,
"http://dati.camera.it/ocd/mandatoCamera.rdf/mc19_308762_20220930","http://dati.camera.it/ocd/deputato.rdf/d308762_19","BENVENUTI GOSTOLI","STEFANO MARIA","20220930",,"maggioritario","MARCHE - P01",,
"http://dati.camera.it/ocd/mandatoCamera.rdf/mc19_302080_20220930","http://dati.camera.it/ocd/deputato.rdf/d302080_19","BONELLI","ANGELO","20220930",,"maggioritario","EMILIA-ROMAGNA - P02",,
"http://dati.camera.it/ocd/mandatoCamera.rdf/mc19_302080_20220930","http://dati.camera.it/ocd/deputato.rdf/d302080_19","BONELLI","ANGELO","20220930",,"maggioritario","EMILIA-ROMAGNA - P02",,
"http://dati.camera.it/ocd/mandatoCamera.rdf/mc19_302838_20220930","http://dati.camera.it/ocd/deputato.rdf/d302838_19","BRAMBILLA","MICHELA VITTORIA","20220930",,"maggioritario","SICILIA 1 - P02",,
"http://dati.camera.it/ocd/mandatoCamera.rdf/mc19_302838_20220930","http://dati.camera.it/ocd/deputato.rdf/d302838_19","BRAMBILLA","MICHELA VITTORIA","20220930",,"maggioritario","SICILIA 1 - P02",,
"http://dati.camera.it/ocd/mandatoCamera.rdf/mc19_308937_20220930","http://dati.camera.it/ocd/deputato.rdf/d308937_19","BUONGUERRIERI","ALICE","20220930",,"maggioritario","EMILIA-ROMAGNA - P03",,
"http://dati.camera.it/ocd/mandatoCamera.rdf/mc19_308937_20220930","http://dati.camera.it/ocd/deputato.rdf/d308937_19","BUONGUERRIERI","ALICE","20220930",,"maggioritario","EMILIA-ROMAGNA - P03",,
"http://dati.camera.it/ocd/mandatoCamera.rdf/mc19_307162_20220930","http://dati.camera.it/ocd/deputato.rdf/d307162_19","CAIATA","SALVATORE","20220930",,"maggioritario","BASILICATA - P01",,
"http://dati.camera.it/ocd/mandatoCamera.rdf/mc19_307162_20220930","http://dati.camera.it/ocd/deputato.rdf/d307162_19","CAIATA","SALVATORE","20220930",,"maggioritario","BASILICATA - P01",,
"http://dati.camera.it/ocd/mandatoCamera.rdf/mc19_308766_20220930","http://dati.camera.it/ocd/deputato.rdf/d308766_19","CALDERONE","TOMMASO ANTONINO","20220930",,"maggioritario","SICILIA 2 - P01",,
"http://dati.camera.it/ocd/mandatoCamera.rdf/mc19_308766_20220930","http://dati.camera.it/ocd/deputato.rdf/d308766_19","CALDERONE","TOMMASO ANTONINO","20220930",,"maggioritario","SICILIA 2 - P01",,
"http://dati.camera.it/ocd/mandatoCamera.rdf/mc19_308765_20220930","http://dati.camera.it/ocd/deputato.rdf/d308765_19","CANNATA","GIOVANNI LUCA","20220930",,"maggioritario","SICILIA 2 - P03",,
"http://dati.camera.it/ocd/mandatoCamera.rdf/mc19_308765_20220930","http://dati.camera.it/ocd/deputato.rdf/d308765_19","CANNATA","GIOVANNI LUCA","20220930",,"maggioritario","SICILIA 2 - P03",,
"http://dati.camera.it/ocd/mandatoCamera.rdf/mc19_307420_20220930","http://dati.camera.it/ocd/deputato.rdf/d307420_19","CAPARVI","VIRGINIO","20220930",,"maggioritario","UMBRIA - P01",,
"http://dati.camera.it/ocd/mandatoCamera.rdf/mc19_307420_20220930","http://dati.camera.it/ocd/deputato.rdf/d307420_19","CAPARVI","VIRGINIO","20220930",,"maggioritario","UMBRIA - P01",,
"http://dati.camera.it/ocd/mandatoCamera.rdf/mc19_307215_20220930","http://dati.camera.it/ocd/deputato.rdf/d307215_19","CAPPELLACCI","UGO","20220930",,"maggioritario","SARDEGNA - P01",,
"http://dati.camera.it/ocd/mandatoCamera.rdf/mc19_307215_20220930","http://dati.camera.it/ocd/deputato.rdf/d307215_19","CAPPELLACCI","UGO","20220930",,"maggioritario","SARDEGNA - P01",,
"http://dati.camera.it/ocd/mandatoCamera.rdf/mc19_308763_20220930","http://dati.camera.it/ocd/deputato.rdf/d308763_19","CARLONI","MIRCO","20220930",,"maggioritario","MARCHE - P01",,
"http://dati.camera.it/ocd/mandatoCamera.rdf/mc19_308763_20220930","http://dati.camera.it/ocd/deputato.rdf/d308763_19","CARLONI","MIRCO","20220930",,"maggioritario","MARCHE - P01",,
"http://dati.camera.it/ocd/mandatoCamera.rdf/mc19_307285_20220930","http://dati.camera.it/ocd/deputato.rdf/d307285_19","CAVANDOLI","LAURA","20220930",,"maggioritario","EMILIA-ROMAGNA - P01",,
"http://dati.camera.it/ocd/mandatoCamera.rdf/mc19_307285_20220930","http://dati.camera.it/ocd/deputato.rdf/d307285_19","CAVANDOLI","LAURA","20220930",,"maggioritario","EMILIA-ROMAGNA - P01",,
"http://dati.camera.it/ocd/mandatoCamera.rdf/mc19_308785_20220930","http://dati.camera.it/ocd/deputato.rdf/d308785_19","CAVO","ILARIA","20220930",,"maggioritario","LIGURIA - P01",,
"http://dati.camera.it/ocd/mandatoCamera.rdf/mc19_308785_20220930","http://dati.camera.it/ocd/deputato.rdf/d308785_19","CAVO","ILARIA","20220930",,"maggioritario","LIGURIA - P01",,
"http://dati.camera.it/ocd/mandatoCamera.rdf/mc19_301439_20220930","http://dati.camera.it/ocd/deputato.rdf/d301439_19","CESA","LORENZO","20220930",,"maggioritario","MOLISE - P01",,
"http://dati.camera.it/ocd/mandatoCamera.rdf/mc19_301439_20220930","http://dati.camera.it/ocd/deputato.rdf/d301439_19","CESA","LORENZO","20220930",,"maggioritario","MOLISE - P01",,
"http://dati.camera.it/ocd/mandatoCamera.rdf/mc19_307511_20220930","http://dati.camera.it/ocd/deputato.rdf/d307511_19","CIABURRO","MONICA","20220930",,"maggioritario","PIEMONTE 2 - P02",,
"http://dati.camera.it/ocd/mandatoCamera.rdf/mc19_308764_20220930","http://dati.camera.it/ocd/deputato.rdf/d308764_19","CIANCITTO","FRANCESCO MARIA SALVATORE","20220930",,"maggioritario","SICILIA 2 - P02",,
"http://dati.camera.it/ocd/mandatoCamera.rdf/mc19_308764_20220930","http://dati.camera.it/ocd/deputato.rdf/d308764_19","CIANCITTO","FRANCESCO MARIA SALVATORE","20220930",,"maggioritario","SICILIA 2 - P02",,
"http://dati.camera.it/ocd/mandatoCamera.rdf/mc19_307603_20220930","http://dati.camera.it/ocd/deputato.rdf/d307603_19","COLUCCI","ALESSANDRO","20220930",,"maggioritario","PUGLIA - P04",,
"http://dati.camera.it/ocd/mandatoCamera.rdf/mc19_307603_20220930","http://dati.camera.it/ocd/deputato.rdf/d307603_19","COLUCCI","ALESSANDRO","20220930",,"maggioritario","PUGLIA - P04",,
"http://dati.camera.it/ocd/mandatoCamera.rdf/mc19_308833_20220930","http://dati.camera.it/ocd/deputato.rdf/d308833_19","CONGEDO","SAVERIO","20220930",,"maggioritario","PUGLIA - P04",,
"http://dati.camera.it/ocd/mandatoCamera.rdf/mc19_308833_20220930","http://dati.camera.it/ocd/deputato.rdf/d308833_19","CONGEDO","SAVERIO","20220930",,"maggioritario","PUGLIA - P04",,
"http://dati.camera.it/ocd/mandatoCamera.rdf/mc19_308796_20220930","http://dati.camera.it/ocd/deputato.rdf/d308796_19","COPPO","MARCELLO","20220930",,"maggioritario","PIEMONTE 2 - P02",,
"http://dati.camera.it/ocd/mandatoCamera.rdf/mc19_308796_20220930","http://dati.camera.it/ocd/deputato.rdf/d308796_19","COPPO","MARCELLO","20220930",,"maggioritario","PIEMONTE 2 - P02",,
"http://dati.camera.it/ocd/mandatoCamera.rdf/mc19_307312_20220930","http://dati.camera.it/ocd/deputato.rdf/d307312_19","D'ATTIS","MAURO","20220930",,"maggioritario","PUGLIA - P04",,
"http://dati.camera.it/ocd/mandatoCamera.rdf/mc19_307312_20220930","http://dati.camera.it/ocd/deputato.rdf/d307312_19","D'ATTIS","MAURO","20220930",,"maggioritario","PUGLIA - P04",,
"http://dati.camera.it/ocd/mandatoCamera.rdf/mc19_308829_20220930","http://dati.camera.it/ocd/deputato.rdf/d308829_19","DALLA CHIESA","RITA","20220930",,"maggioritario","PUGLIA - P02",,
"http://dati.camera.it/ocd/mandatoCamera.rdf/mc19_308829_20220930","http://dati.camera.it/ocd/deputato.rdf/d308829_19","DALLA CHIESA","RITA","20220930",,"maggioritario","PUGLIA - P02",,
"http://dati.camera.it/ocd/mandatoCamera.rdf/mc19_305698_20220930","http://dati.camera.it/ocd/deputato.rdf/d305698_19","DE MARIA","ANDREA","20220930",,"maggioritario","EMILIA-ROMAGNA - P02",,
"http://dati.camera.it/ocd/mandatoCamera.rdf/mc19_305698_20220930","http://dati.camera.it/ocd/deputato.rdf/d305698_19","DE MARIA","ANDREA","20220930",,"maggioritario","EMILIA-ROMAGNA - P02",,
"http://dati.camera.it/ocd/mandatoCamera.rdf/mc19_307479_20220930","http://dati.camera.it/ocd/deputato.rdf/d307479_19","DELMASTRO DELLE VEDOVE","ANDREA","20220930",,"maggioritario","PIEMONTE 2 - P01",,
"http://dati.camera.it/ocd/mandatoCamera.rdf/mc19_307479_20220930","http://dati.camera.it/ocd/deputato.rdf/d307479_19","DELMASTRO DELLE VEDOVE","ANDREA","20220930",,"maggioritario","PIEMONTE 2 - P01",,
"http://dati.camera.it/ocd/mandatoCamera.rdf/mc19_308935_20220930","http://dati.camera.it/ocd/deputato.rdf/d308935_19","DONDI","DANIELA","20220930",,"maggioritario","EMILIA-ROMAGNA - P02",,
"http://dati.camera.it/ocd/mandatoCamera.rdf/mc19_308935_20220930","http://dati.camera.it/ocd/deputato.rdf/d308935_19","DONDI","DANIELA","20220930",,"maggioritario","EMILIA-ROMAGNA - P02",,
"http://dati.camera.it/ocd/mandatoCamera.rdf/mc19_307185_20220930","http://dati.camera.it/ocd/deputato.rdf/d307185_19","FASCINA","MARTA ANTONIA","20220930",,"maggioritario","SICILIA 1 - P02",,
"http://dati.camera.it/ocd/mandatoCamera.rdf/mc19_307185_20220930","http://dati.camera.it/ocd/deputato.rdf/d307185_19","FASCINA","MARTA ANTONIA","20220930",,"maggioritario","SICILIA 1 - P02",,
"http://dati.camera.it/ocd/mandatoCamera.rdf/mc19_308881_20220930","http://dati.camera.it/ocd/deputato.rdf/d308881_19","FOSSI","EMILIANO","20220930",,"maggioritario","TOSCANA - P03",,
"http://dati.camera.it/ocd/mandatoCamera.rdf/mc19_308881_20220930","http://dati.camera.it/ocd/deputato.rdf/d308881_19","FOSSI","EMILIANO","20220930",,"maggioritario","TOSCANA - P03",,
"http://dati.camera.it/ocd/mandatoCamera.rdf/mc19_50204_20220930","http://dati.camera.it/ocd/deputato.rdf/d50204_19","FOTI","TOMMASO","20220930",,"maggioritario","EMILIA-ROMAGNA - P01",,
"http://dati.camera.it/ocd/mandatoCamera.rdf/mc19_50204_20220930","http://dati.camera.it/ocd/deputato.rdf/d50204_19","FOTI","TOMMASO","20220930",,"maggioritario","EMILIA-ROMAGNA - P01",,
"http://dati.camera.it/ocd/mandatoCamera.rdf/mc19_308767_20220930","http://dati.camera.it/ocd/deputato.rdf/d308767_19","GALLO","FRANCESCO","20220930",,"maggioritario","SICILIA 2 - P01",,
"http://dati.camera.it/ocd/mandatoCamera.rdf/mc19_308767_20220930","http://dati.camera.it/ocd/deputato.rdf/d308767_19","GALLO","FRANCESCO","20220930",,"maggioritario","SICILIA 2 - P01",,
"http://dati.camera.it/ocd/mandatoCamera.rdf/mc19_308827_20220930","http://dati.camera.it/ocd/deputato.rdf/d308827_19","GATTA","GIACOMO DIEGO","20220930",,"maggioritario","PUGLIA - P01",,
"http://dati.camera.it/ocd/mandatoCamera.rdf/mc19_308827_20220930","http://dati.camera.it/ocd/deputato.rdf/d308827_19","GATTA","GIACOMO DIEGO","20220930",,"maggioritario","PUGLIA - P01",,
"http://dati.camera.it/ocd/mandatoCamera.rdf/mc19_307138_20220930","http://dati.camera.it/ocd/deputato.rdf/d307138_19","GAVA","VANNIA","20220930",,"maggioritario","FRIULI-VENEZIA GIULIA - P01",,
"http://dati.camera.it/ocd/mandatoCamera.rdf/mc19_307138_20220930","http://dati.camera.it/ocd/deputato.rdf/d307138_19","GAVA","VANNIA","20220930",,"maggioritario","FRIULI-VENEZIA GIULIA - P01",,
"http://dati.camera.it/ocd/mandatoCamera.rdf/mc19_308770_20220930","http://dati.camera.it/ocd/deputato.rdf/d308770_19","GIAGONI","DARIO","20220930",,"maggioritario","SARDEGNA - P01",,
"http://dati.camera.it/ocd/mandatoCamera.rdf/mc19_308770_20220930","http://dati.camera.it/ocd/deputato.rdf/d308770_19","GIAGONI","DARIO","20220930",,"maggioritario","SARDEGNA - P01",,
"http://dati.camera.it/ocd/mandatoCamera.rdf/mc19_308880_20220930","http://dati.camera.it/ocd/deputato.rdf/d308880_19","GIANASSI","FEDERICO","20220930",,"maggioritario","TOSCANA - P03",,
"http://dati.camera.it/ocd/mandatoCamera.rdf/mc19_308880_20220930","http://dati.camera.it/ocd/deputato.rdf/d308880_19","GIANASSI","FEDERICO","20220930",,"maggioritario","TOSCANA - P03",,
"http://dati.camera.it/ocd/mandatoCamera.rdf/mc19_307502_20220930","http://dati.camera.it/ocd/deputato.rdf/d307502_19","GIGLIO VIGNA","ALESSANDRO","20220930",,"maggioritario","PIEMONTE 1 - P02",,
"http://dati.camera.it/ocd/mandatoCamera.rdf/mc19_307502_20220930","http://dati.camera.it/ocd/deputato.rdf/d307502_19","GIGLIO VIGNA","ALESSANDRO","20220930",,"maggioritario","PIEMONTE 1 - P02",,
"http://dati.camera.it/ocd/mandatoCamera.rdf/mc19_307475_20220930","http://dati.camera.it/ocd/deputato.rdf/d307475_19","GUSMEROLI","ALBERTO LUIGI","20220930",,"maggioritario","PIEMONTE 2 - P01",,
"http://dati.camera.it/ocd/mandatoCamera.rdf/mc19_307475_20220930","http://dati.camera.it/ocd/deputato.rdf/d307475_19","GUSMEROLI","ALBERTO LUIGI","20220930",,"maggioritario","PIEMONTE 2 - P01",,
"http://dati.camera.it/ocd/mandatoCamera.rdf/mc19_308831_20220930","http://dati.camera.it/ocd/deputato.rdf/d308831_19","IAIA","DARIO","20220930",,"maggioritario","PUGLIA - P03",,
"http://dati.camera.it/ocd/mandatoCamera.rdf/mc19_308831_20220930","http://dati.camera.it/ocd/deputato.rdf/d308831_19","IAIA","DARIO","20220930",,"maggioritario","PUGLIA - P03",,
"http://dati.camera.it/ocd/mandatoCamera.rdf/mc19_308768_20220930","http://dati.camera.it/ocd/deputato.rdf/d308768_19","LAMPIS","GIANNI","20220930",,"maggioritario","SARDEGNA - P01",,
"http://dati.camera.it/ocd/mandatoCamera.rdf/mc19_308768_20220930","http://dati.camera.it/ocd/deputato.rdf/d308768_19","LAMPIS","GIANNI","20220930",,"maggioritario","SARDEGNA - P01",,
"http://dati.camera.it/ocd/mandatoCamera.rdf/mc19_307173_20220930","http://dati.camera.it/ocd/deputato.rdf/d307173_19","LATINI","GIORGIA","20220930",,"maggioritario","MARCHE - P01",,
"http://dati.camera.it/ocd/mandatoCamera.rdf/mc19_307173_20220930","http://dati.camera.it/ocd/deputato.rdf/d307173_19","LATINI","GIORGIA","20220930",,"maggioritario","MARCHE - P01",,
"http://dati.camera.it/ocd/mandatoCamera.rdf/mc19_302980_20220930","http://dati.camera.it/ocd/deputato.rdf/d302980_19","MACCANTI","ELENA","20220930",,"maggioritario","PIEMONTE 1 - P01",,
"http://dati.camera.it/ocd/mandatoCamera.rdf/mc19_302980_20220930","http://dati.camera.it/ocd/deputato.rdf/d302980_19","MACCANTI","ELENA","20220930",,"maggioritario","PIEMONTE 1 - P01",,
"http://dati.camera.it/ocd/mandatoCamera.rdf/mc19_307436_20220930","http://dati.camera.it/ocd/deputato.rdf/d307436_19","MAGI","RICCARDO","20220930",,"maggioritario","PIEMONTE 1 - P01",,
"http://dati.camera.it/ocd/mandatoCamera.rdf/mc19_307436_20220930","http://dati.camera.it/ocd/deputato.rdf/d307436_19","MAGI","RICCARDO","20220930",,"maggioritario","PIEMONTE 1 - P01",,
"http://dati.camera.it/ocd/mandatoCamera.rdf/mc19_308938_20220930","http://dati.camera.it/ocd/deputato.rdf/d308938_19","MALAGUTI","MAURO","20220930",,"maggioritario","EMILIA-ROMAGNA - P03",,
"http://dati.camera.it/ocd/mandatoCamera.rdf/mc19_308938_20220930","http://dati.camera.it/ocd/deputato.rdf/d308938_19","MALAGUTI","MAURO","20220930",,"maggioritario","EMILIA-ROMAGNA - P03",,
"http://dati.camera.it/ocd/mandatoCamera.rdf/mc19_308934_20220930","http://dati.camera.it/ocd/deputato.rdf/d308934_19","MALAVASI","ILENIA","20220930",,"maggioritario","EMILIA-ROMAGNA - P01",,
"http://dati.camera.it/ocd/mandatoCamera.rdf/mc19_308934_20220930","http://dati.camera.it/ocd/deputato.rdf/d308934_19","MALAVASI","ILENIA","20220930",,"maggioritario","EMILIA-ROMAGNA - P01",,
"http://dati.camera.it/ocd/mandatoCamera.rdf/mc19_308760_20220930","http://dati.camera.it/ocd/deputato.rdf/d308760_19","MANES","FRANCO","20220930",,"maggioritario","VALLE D'AOSTA",,
"http://dati.camera.it/ocd/mandatoCamera.rdf/mc19_308760_20220930","http://dati.camera.it/ocd/deputato.rdf/d308760_19","MANES","FRANCO","20220930",,"maggioritario","VALLE D'AOSTA",,
"http://dati.camera.it/ocd/mandatoCamera.rdf/mc19_308828_20220930","http://dati.camera.it/ocd/deputato.rdf/d308828_19","MATERA","MARIANGELA","20220930",,"maggioritario","PUGLIA - P01",,
"http://dati.camera.it/ocd/mandatoCamera.rdf/mc19_308828_20220930","http://dati.camera.it/ocd/deputato.rdf/d308828_19","MATERA","MARIANGELA","20220930",,"maggioritario","PUGLIA - P01",,
"http://dati.camera.it/ocd/mandatoCamera.rdf/mc19_307248_20220930","http://dati.camera.it/ocd/deputato.rdf/d307248_19","MAZZETTI","ERICA","20220930",,"maggioritario","TOSCANA - P01",,
"http://dati.camera.it/ocd/mandatoCamera.rdf/mc19_307248_20220930","http://dati.camera.it/ocd/deputato.rdf/d307248_19","MAZZETTI","ERICA","20220930",,"maggioritario","TOSCANA - P01",,
"http://dati.camera.it/ocd/mandatoCamera.rdf/mc19_302103_20220930","http://dati.camera.it/ocd/deputato.rdf/d302103_19","MELONI","GIORGIA","20220930",,"maggioritario","ABRUZZO - P01",,
"http://dati.camera.it/ocd/mandatoCamera.rdf/mc19_302103_20220930","http://dati.camera.it/ocd/deputato.rdf/d302103_19","MELONI","GIORGIA","20220930",,"maggioritario","ABRUZZO - P01",,
"http://dati.camera.it/ocd/mandatoCamera.rdf/mc19_308936_20220930","http://dati.camera.it/ocd/deputato.rdf/d308936_19","MEROLA","VIRGINIO","20220930",,"maggioritario","EMILIA-ROMAGNA - P02",,
"http://dati.camera.it/ocd/mandatoCamera.rdf/mc19_308936_20220930","http://dati.camera.it/ocd/deputato.rdf/d308936_19","MEROLA","VIRGINIO","20220930",,"maggioritario","EMILIA-ROMAGNA - P02",,
"http://dati.camera.it/ocd/mandatoCamera.rdf/mc19_302913_20220930","http://dati.camera.it/ocd/deputato.rdf/d302913_19","MINARDO","ANTONINO","20220930",,"maggioritario","SICILIA 2 - P03",,
"http://dati.camera.it/ocd/mandatoCamera.rdf/mc19_302913_20220930","http://dati.camera.it/ocd/deputato.rdf/d302913_19","MINARDO","ANTONINO","20220930",,"maggioritario","SICILIA 2 - P03",,
"http://dati.camera.it/ocd/mandatoCamera.rdf/mc19_307507_20220930","http://dati.camera.it/ocd/deputato.rdf/d307507_19","MOLINARI","RICCARDO","20220930",,"maggioritario","PIEMONTE 2 - P02",,
"http://dati.camera.it/ocd/mandatoCamera.rdf/mc19_307507_20220930","http://dati.camera.it/ocd/deputato.rdf/d307507_19","MOLINARI","RICCARDO","20220930",,"maggioritario","PIEMONTE 2 - P02",,
"http://dati.camera.it/ocd/mandatoCamera.rdf/mc19_307464_20220930","http://dati.camera.it/ocd/deputato.rdf/d307464_19","MONTARULI","AUGUSTA","20220930",,"maggioritario","PIEMONTE 1 - P01",,
"http://dati.camera.it/ocd/mandatoCamera.rdf/mc19_307464_20220930","http://dati.camera.it/ocd/deputato.rdf/d307464_19","MONTARULI","AUGUSTA","20220930",,"maggioritario","PIEMONTE 1 - P01",,
"http://dati.camera.it/ocd/mandatoCamera.rdf/mc19_308878_20220930","http://dati.camera.it/ocd/deputato.rdf/d308878_19","MONTEMAGNI","ELISA","20220930",,"maggioritario","TOSCANA - P01",,
"http://dati.camera.it/ocd/mandatoCamera.rdf/mc19_308878_20220930","http://dati.camera.it/ocd/deputato.rdf/d308878_19","MONTEMAGNI","ELISA","20220930",,"maggioritario","TOSCANA - P01",,
"http://dati.camera.it/ocd/mandatoCamera.rdf/mc19_307300_20220930","http://dati.camera.it/ocd/deputato.rdf/d307300_19","MORRONE","JACOPO","20220930",,"maggioritario","EMILIA-ROMAGNA - P03",,
"http://dati.camera.it/ocd/mandatoCamera.rdf/mc19_307300_20220930","http://dati.camera.it/ocd/deputato.rdf/d307300_19","MORRONE","JACOPO","20220930",,"maggioritario","EMILIA-ROMAGNA - P03",,
"http://dati.camera.it/ocd/mandatoCamera.rdf/mc19_307454_20220930","http://dati.camera.it/ocd/deputato.rdf/d307454_19","NEVI","RAFFAELE","20220930",,"maggioritario","UMBRIA - P01",,
"http://dati.camera.it/ocd/mandatoCamera.rdf/mc19_307454_20220930","http://dati.camera.it/ocd/deputato.rdf/d307454_19","NEVI","RAFFAELE","20220930",,"maggioritario","UMBRIA - P01",,
"http://dati.camera.it/ocd/mandatoCamera.rdf/mc19_307851_20220930","http://dati.camera.it/ocd/deputato.rdf/d307851_19","NISINI","TIZIANA","20220930",,"maggioritario","TOSCANA - P02",,
"http://dati.camera.it/ocd/mandatoCamera.rdf/mc19_307851_20220930","http://dati.camera.it/ocd/deputato.rdf/d307851_19","NISINI","TIZIANA","20220930",,"maggioritario","TOSCANA - P02",,
"http://dati.camera.it/ocd/mandatoCamera.rdf/mc19_307376_20220930","http://dati.camera.it/ocd/deputato.rdf/d307376_19","PANIZZUT","MASSIMILIANO","20220930",,"maggioritario","FRIULI-VENEZIA GIULIA - P01",,
"http://dati.camera.it/ocd/mandatoCamera.rdf/mc19_307376_20220930","http://dati.camera.it/ocd/deputato.rdf/d307376_19","PANIZZUT","MASSIMILIANO","20220930",,"maggioritario","FRIULI-VENEZIA GIULIA - P01",,
"http://dati.camera.it/ocd/mandatoCamera.rdf/mc19_305733_20220930","http://dati.camera.it/ocd/deputato.rdf/d305733_19","PASTORINO","LUCA","20220930",,"maggioritario","LIGURIA - P01",,
"http://dati.camera.it/ocd/mandatoCamera.rdf/mc19_305733_20220930","http://dati.camera.it/ocd/deputato.rdf/d305733_19","PASTORINO","LUCA","20220930",,"maggioritario","LIGURIA - P01",,
"http://dati.camera.it/ocd/mandatoCamera.rdf/mc19_307496_20220930","http://dati.camera.it/ocd/deputato.rdf/d307496_19","PELLA","ROBERTO","20220930",,"maggioritario","PIEMONTE 1 - P02",,
"http://dati.camera.it/ocd/mandatoCamera.rdf/mc19_307496_20220930","http://dati.camera.it/ocd/deputato.rdf/d307496_19","PELLA","ROBERTO","20220930",,"maggioritario","PIEMONTE 1 - P02",,
"http://dati.camera.it/ocd/mandatoCamera.rdf/mc19_307863_20220930","http://dati.camera.it/ocd/deputato.rdf/d307863_19","PELLEGRINI","MARCO","20220930",,"maggioritario","PUGLIA - P01",,
"http://dati.camera.it/ocd/mandatoCamera.rdf/mc19_307863_20220930","http://dati.camera.it/ocd/deputato.rdf/d307863_19","PELLEGRINI","MARCO","20220930",,"maggioritario","PUGLIA - P01",,
"http://dati.camera.it/ocd/mandatoCamera.rdf/mc19_308761_20220930","http://dati.camera.it/ocd/deputato.rdf/d308761_19","PISANO","CALOGERO","20220930",,"maggioritario","SICILIA 1 - P02",,
"http://dati.camera.it/ocd/mandatoCamera.rdf/mc19_308761_20220930","http://dati.camera.it/ocd/deputato.rdf/d308761_19","PISANO","CALOGERO","20220930",,"maggioritario","SICILIA 1 - P02",,
"http://dati.camera.it/ocd/mandatoCamera.rdf/mc19_308769_20220930","http://dati.camera.it/ocd/deputato.rdf/d308769_19","POLO","BARBARA","20220930",,"maggioritario","SARDEGNA - P01",,
"http://dati.camera.it/ocd/mandatoCamera.rdf/mc19_308769_20220930","http://dati.camera.it/ocd/deputato.rdf/d308769_19","POLO","BARBARA","20220930",,"maggioritario","SARDEGNA - P01",,
"http://dati.camera.it/ocd/mandatoCamera.rdf/mc19_304521_20220930","http://dati.camera.it/ocd/deputato.rdf/d304521_19","RIXI","EDOARDO","20220930",,"maggioritario","LIGURIA - P01",,
"http://dati.camera.it/ocd/mandatoCamera.rdf/mc19_304521_20220930","http://dati.camera.it/ocd/deputato.rdf/d304521_19","RIXI","EDOARDO","20220930",,"maggioritario","LIGURIA - P01",,
"http://dati.camera.it/ocd/mandatoCamera.rdf/mc19_305688_20220930","http://dati.camera.it/ocd/deputato.rdf/d305688_19","RIZZETTO","WALTER","20220930",,"maggioritario","FRIULI-VENEZIA GIULIA - P01",,
"http://dati.camera.it/ocd/mandatoCamera.rdf/mc19_305688_20220930","http://dati.camera.it/ocd/deputato.rdf/d305688_19","RIZZETTO","WALTER","20220930",,"maggioritario","FRIULI-VENEZIA GIULIA - P01",,
"http://dati.camera.it/ocd/mandatoCamera.rdf/mc19_300369_20220930","http://dati.camera.it/ocd/deputato.rdf/d300369_19","ROMANO","FRANCESCO SAVERIO","20220930",,"maggioritario","SICILIA 1 - P01",,
"http://dati.camera.it/ocd/mandatoCamera.rdf/mc19_300369_20220930","http://dati.camera.it/ocd/deputato.rdf/d300369_19","ROMANO","FRANCESCO SAVERIO","20220930",,"maggioritario","SICILIA 1 - P01",,
"http://dati.camera.it/ocd/mandatoCamera.rdf/mc19_308877_20220930","http://dati.camera.it/ocd/deputato.rdf/d308877_19","ROSSI","FABRIZIO","20220930",,"maggioritario","TOSCANA - P02",,
"http://dati.camera.it/ocd/mandatoCamera.rdf/mc19_308877_20220930","http://dati.camera.it/ocd/deputato.rdf/d308877_19","ROSSI","FABRIZIO","20220930",,"maggioritario","TOSCANA - P02",,
"http://dati.camera.it/ocd/mandatoCamera.rdf/mc19_307659_20220930","http://dati.camera.it/ocd/deputato.rdf/d307659_19","SACCANI","GLORIA","20220930",,"maggioritario","EMILIA-ROMAGNA - P03",,
"http://dati.camera.it/ocd/mandatoCamera.rdf/mc19_307659_20220930","http://dati.camera.it/ocd/deputato.rdf/d307659_19","SACCANI","GLORIA","20220930",,"maggioritario","EMILIA-ROMAGNA - P03",,
"http://dati.camera.it/ocd/mandatoCamera.rdf/mc19_307360_20220930","http://dati.camera.it/ocd/deputato.rdf/d307360_19","SASSO","ROSSANO","20220930",,"maggioritario","PUGLIA - P03",,
"http://dati.camera.it/ocd/mandatoCamera.rdf/mc19_307360_20220930","http://dati.camera.it/ocd/deputato.rdf/d307360_19","SASSO","ROSSANO","20220930",,"maggioritario","PUGLIA - P03",,
"http://dati.camera.it/ocd/mandatoCamera.rdf/mc19_307903_20220930","http://dati.camera.it/ocd/deputato.rdf/d307903_19","SUDANO","VALERIA CARMELA MARIA","20220930",,"maggioritario","SICILIA 2 - P02",,
"http://dati.camera.it/ocd/mandatoCamera.rdf/mc19_307903_20220930","http://dati.camera.it/ocd/deputato.rdf/d307903_19","SUDANO","VALERIA CARMELA MARIA","20220930",,"maggioritario","SICILIA 2 - P02",,
"http://dati.camera.it/ocd/mandatoCamera.rdf/mc19_308879_20220930","http://dati.camera.it/ocd/deputato.rdf/d308879_19","TENERINI","CHIARA","20220930",,"maggioritario","TOSCANA - P02",,
"http://dati.camera.it/ocd/mandatoCamera.rdf/mc19_308879_20220930","http://dati.camera.it/ocd/deputato.rdf/d308879_19","TENERINI","CHIARA","20220930",,"maggioritario","TOSCANA - P02",,
"http://dati.camera.it/ocd/mandatoCamera.rdf/mc19_308866_20220930","http://dati.camera.it/ocd/deputato.rdf/d308866_19","TESTA","GUERINO","20220930",,"maggioritario","ABRUZZO - P01",,
"http://dati.camera.it/ocd/mandatoCamera.rdf/mc19_308866_20220930","http://dati.camera.it/ocd/deputato.rdf/d308866_19","TESTA","GUERINO","20220930",,"maggioritario","ABRUZZO - P01",,
"http://dati.camera.it/ocd/mandatoCamera.rdf/mc19_307400_20220930","http://dati.camera.it/ocd/deputato.rdf/d307400_19","VARCHI","MARIA CAROLINA","20220930",,"maggioritario","SICILIA 1 - P01",,
"http://dati.camera.it/ocd/mandatoCamera.rdf/mc19_307400_20220930","http://dati.camera.it/ocd/deputato.rdf/d307400_19","VARCHI","MARIA CAROLINA","20220930",,"maggioritario","SICILIA 1 - P01",,
"http://dati.camera.it/ocd/mandatoCamera.rdf/mc19_307143_20220930","http://dati.camera.it/ocd/deputato.rdf/d307143_19","ZIELLO","EDOARDO","20220930",,"maggioritario","TOSCANA - P03",,
"http://dati.camera.it/ocd/mandatoCamera.rdf/mc19_307143_20220930","http://dati.camera.it/ocd/deputato.rdf/d307143_19","ZIELLO","EDOARDO","20220930",,"maggioritario","TOSCANA - P03",,
"http://dati.camera.it/ocd/mandatoCamera.rdf/mc19_307142_20220930","http://dati.camera.it/ocd/deputato.rdf/d307142_19","ZUCCONI","RICCARDO","20220930",,"maggioritario","TOSCANA - P01",,
"http://dati.camera.it/ocd/mandatoCamera.rdf/mc19_307142_20220930","http://dati.camera.it/ocd/deputato.rdf/d307142_19","ZUCCONI","RICCARDO","20220930",,"maggioritario","TOSCANA - P01",,
"http://dati.camera.it/ocd/mandatoCamera.rdf/mc19_308849_20221001","http://dati.camera.it/ocd/deputato.rdf/d308849_19","AMATO","GAETANO","20221001",,"maggioritario","CAMPANIA 1 - P02",,
"http://dati.camera.it/ocd/mandatoCamera.rdf/mc19_308849_20221001","http://dati.camera.it/ocd/deputato.rdf/d308849_19","AMATO","GAETANO","20221001",,"maggioritario","CAMPANIA 1 - P02",,
"http://dati.camera.it/ocd/mandatoCamera.rdf/mc19_307686_20221001","http://dati.camera.it/ocd/deputato.rdf/d307686_19","ANDREUZZA","GIORGIA","20221001",,"maggioritario","VENETO 1 - P01",,
"http://dati.camera.it/ocd/mandatoCamera.rdf/mc19_308906_20221001","http://dati.camera.it/ocd/deputato.rdf/d308906_19","ARRUZZOLO","GIOVANNI","20221001",,"maggioritario","CALABRIA - P01",,
"http://dati.camera.it/ocd/mandatoCamera.rdf/mc19_308906_20221001","http://dati.camera.it/ocd/deputato.rdf/d308906_19","ARRUZZOLO","GIOVANNI","20221001",,"maggioritario","CALABRIA - P01",,
"http://dati.camera.it/ocd/mandatoCamera.rdf/mc19_308846_20221001","http://dati.camera.it/ocd/deputato.rdf/d308846_19","AURIEMMA","CARMELA","20221001",,"maggioritario","CAMPANIA 1 - P02",,
"http://dati.camera.it/ocd/mandatoCamera.rdf/mc19_308846_20221001","http://dati.camera.it/ocd/deputato.rdf/d308846_19","AURIEMMA","CARMELA","20221001",,"maggioritario","CAMPANIA 1 - P02",,
"http://dati.camera.it/ocd/mandatoCamera.rdf/mc19_307689_20221001","http://dati.camera.it/ocd/deputato.rdf/d307689_19","BISA","INGRID","20221001",,"maggioritario","VENETO 1 - P01",,
"http://dati.camera.it/ocd/mandatoCamera.rdf/mc19_307689_20221001","http://dati.camera.it/ocd/deputato.rdf/d307689_19","BISA","INGRID","20221001",,"maggioritario","VENETO 1 - P01",,
"http://dati.camera.it/ocd/mandatoCamera.rdf/mc19_307568_20221001","http://dati.camera.it/ocd/deputato.rdf/d307568_19","CANNIZZARO","FRANCESCO","20221001","20260722","maggioritario","CALABRIA - P01",,
"http://dati.camera.it/ocd/mandatoCamera.rdf/mc19_307568_20221001","http://dati.camera.it/ocd/deputato.rdf/d307568_19","CANNIZZARO","FRANCESCO","20221001","20260722","maggioritario","CALABRIA - P01",,
"http://dati.camera.it/ocd/mandatoCamera.rdf/mc19_308844_20221001","http://dati.camera.it/ocd/deputato.rdf/d308844_19","CAROTENUTO","DARIO","20221001",,"maggioritario","CAMPANIA 1 - P01",,
"http://dati.camera.it/ocd/mandatoCamera.rdf/mc19_308844_20221001","http://dati.camera.it/ocd/deputato.rdf/d308844_19","CAROTENUTO","DARIO","20221001",,"maggioritario","CAMPANIA 1 - P01",,
"http://dati.camera.it/ocd/mandatoCamera.rdf/mc19_308840_20221001","http://dati.camera.it/ocd/deputato.rdf/d308840_19","CASO","ANTONIO","20221001",,"maggioritario","CAMPANIA 1 - P01",,
"http://dati.camera.it/ocd/mandatoCamera.rdf/mc19_308840_20221001","http://dati.camera.it/ocd/deputato.rdf/d308840_19","CASO","ANTONIO","20221001",,"maggioritario","CAMPANIA 1 - P01",,
"http://dati.camera.it/ocd/mandatoCamera.rdf/mc19_307716_20221001","http://dati.camera.it/ocd/deputato.rdf/d307716_19","CATTOI","VANESSA","20221001",,"maggioritario","TRENTINO-ALTO ADIGE/SÜDTIROL - P01",,
"http://dati.camera.it/ocd/mandatoCamera.rdf/mc19_307716_20221001","http://dati.camera.it/ocd/deputato.rdf/d307716_19","CATTOI","VANESSA","20221001",,"maggioritario","TRENTINO-ALTO ADIGE/SÜDTIROL - P01",,
"http://dati.camera.it/ocd/mandatoCamera.rdf/mc19_307688_20221001","http://dati.camera.it/ocd/deputato.rdf/d307688_19","COIN","DIMITRI","20221001",,"maggioritario","VENETO 1 - P01",,
"http://dati.camera.it/ocd/mandatoCamera.rdf/mc19_307688_20221001","http://dati.camera.it/ocd/deputato.rdf/d307688_19","COIN","DIMITRI","20221001",,"maggioritario","VENETO 1 - P01",,
"http://dati.camera.it/ocd/mandatoCamera.rdf/mc19_307922_20221001","http://dati.camera.it/ocd/deputato.rdf/d307922_19","COSTA","SERGIO","20221001",,"maggioritario","CAMPANIA 1 - P01",,
"http://dati.camera.it/ocd/mandatoCamera.rdf/mc19_307922_20221001","http://dati.camera.it/ocd/deputato.rdf/d307922_19","COSTA","SERGIO","20221001",,"maggioritario","CAMPANIA 1 - P01",,
"http://dati.camera.it/ocd/mandatoCamera.rdf/mc19_307918_20221001","http://dati.camera.it/ocd/deputato.rdf/d307918_19","DE BERTOLDI","ANDREA","20221001",,"maggioritario","TRENTINO-ALTO ADIGE/SÜDTIROL - P01",,
"http://dati.camera.it/ocd/mandatoCamera.rdf/mc19_307918_20221001","http://dati.camera.it/ocd/deputato.rdf/d307918_19","DE BERTOLDI","ANDREA","20221001",,"maggioritario","TRENTINO-ALTO ADIGE/SÜDTIROL - P01",,
"http://dati.camera.it/ocd/mandatoCamera.rdf/mc19_307210_20221001","http://dati.camera.it/ocd/deputato.rdf/d307210_19","DI LAURO","CARMELA","20221001",,"maggioritario","CAMPANIA 1 - P02",,
"http://dati.camera.it/ocd/mandatoCamera.rdf/mc19_307210_20221001","http://dati.camera.it/ocd/deputato.rdf/d307210_19","DI LAURO","CARMELA","20221001",,"maggioritario","CAMPANIA 1 - P02",,
"http://dati.camera.it/ocd/mandatoCamera.rdf/mc19_307567_20221001","http://dati.camera.it/ocd/deputato.rdf/d307567_19","FERRO","WANDA","20221001",,"maggioritario","CALABRIA - P01",,
"http://dati.camera.it/ocd/mandatoCamera.rdf/mc19_307567_20221001","http://dati.camera.it/ocd/deputato.rdf/d307567_19","FERRO","WANDA","20221001",,"maggioritario","CALABRIA - P01",,
"http://dati.camera.it/ocd/mandatoCamera.rdf/mc19_307718_20221001","http://dati.camera.it/ocd/deputato.rdf/d307718_19","FURGIUELE","DOMENICO","20221001",,"maggioritario","CALABRIA - P01",,
"http://dati.camera.it/ocd/mandatoCamera.rdf/mc19_307718_20221001","http://dati.camera.it/ocd/deputato.rdf/d307718_19","FURGIUELE","DOMENICO","20221001",,"maggioritario","CALABRIA - P01",,
"http://dati.camera.it/ocd/mandatoCamera.rdf/mc19_305580_20221001","http://dati.camera.it/ocd/deputato.rdf/d305580_19","GEBHARD","RENATE","20221001",,"maggioritario","TRENTINO-ALTO ADIGE/SÜDTIROL - P01",,
"http://dati.camera.it/ocd/mandatoCamera.rdf/mc19_305580_20221001","http://dati.camera.it/ocd/deputato.rdf/d305580_19","GEBHARD","RENATE","20221001",,"maggioritario","TRENTINO-ALTO ADIGE/SÜDTIROL - P01",,
"http://dati.camera.it/ocd/mandatoCamera.rdf/mc19_308798_20221001","http://dati.camera.it/ocd/deputato.rdf/d308798_19","NORDIO","CARLO","20221001",,"maggioritario","VENETO 1 - P01",,
"http://dati.camera.it/ocd/mandatoCamera.rdf/mc19_308798_20221001","http://dati.camera.it/ocd/deputato.rdf/d308798_19","NORDIO","CARLO","20221001",,"maggioritario","VENETO 1 - P01",,
"http://dati.camera.it/ocd/mandatoCamera.rdf/mc19_307564_20221001","http://dati.camera.it/ocd/deputato.rdf/d307564_19","ORRICO","ANNA LAURA","20221001",,"proporzionale","CALABRIA - P01","MOVIMENTO 5 STELLE","nodeID://b10003879591593897"
"http://dati.camera.it/ocd/mandatoCamera.rdf/mc19_308845_20221001","http://dati.camera.it/ocd/deputato.rdf/d308845_19","PENZA","PASQUALINO","20221001",,"maggioritario","CAMPANIA 1 - P02",,
"http://dati.camera.it/ocd/mandatoCamera.rdf/mc19_308845_20221001","http://dati.camera.it/ocd/deputato.rdf/d308845_19","PENZA","PASQUALINO","20221001",,"maggioritario","CAMPANIA 1 - P02",,
"http://dati.camera.it/ocd/mandatoCamera.rdf/mc19_305586_20221001","http://dati.camera.it/ocd/deputato.rdf/d305586_19","SCHULLIAN","MANFRED","20221001",,"maggioritario","TRENTINO-ALTO ADIGE/SÜDTIROL - P01",,
"http://dati.camera.it/ocd/mandatoCamera.rdf/mc19_305586_20221001","http://dati.camera.it/ocd/deputato.rdf/d305586_19","SCHULLIAN","MANFRED","20221001",,"maggioritario","TRENTINO-ALTO ADIGE/SÜDTIROL - P01",,
"http://dati.camera.it/ocd/mandatoCamera.rdf/mc19_308797_20221001","http://dati.camera.it/ocd/deputato.rdf/d308797_19","SEMENZATO","MARTINA","20221001",,"maggioritario","VENETO 1 - P01",,
"http://dati.camera.it/ocd/mandatoCamera.rdf/mc19_308797_20221001","http://dati.camera.it/ocd/deputato.rdf/d308797_19","SEMENZATO","MARTINA","20221001",,"maggioritario","VENETO 1 - P01",,
"http://dati.camera.it/ocd/mandatoCamera.rdf/mc19_307601_20221003","http://dati.camera.it/ocd/deputato.rdf/d307601_19","BORDONALI","SIMONA","20221003",,"maggioritario","LOMBARDIA 3 - P02",,
"http://dati.camera.it/ocd/mandatoCamera.rdf/mc19_307601_20221003","http://dati.camera.it/ocd/deputato.rdf/d307601_19","BORDONALI","SIMONA","20221003",,"maggioritario","LOMBARDIA 3 - P02",,
"http://dati.camera.it/ocd/mandatoCamera.rdf/mc19_308794_20221003","http://dati.camera.it/ocd/deputato.rdf/d308794_19","CALOVINI","GIANGIACOMO","20221003",,"maggioritario","LOMBARDIA 3 - P02",,
"http://dati.camera.it/ocd/mandatoCamera.rdf/mc19_308794_20221003","http://dati.camera.it/ocd/deputato.rdf/d308794_19","CALOVINI","GIANGIACOMO","20221003",,"maggioritario","LOMBARDIA 3 - P02",,
"http://dati.camera.it/ocd/mandatoCamera.rdf/mc19_306349_20221003","http://dati.camera.it/ocd/deputato.rdf/d306349_19","CANDIANI","STEFANO","20221003",,"maggioritario","LOMBARDIA 2 - P01",,
"http://dati.camera.it/ocd/mandatoCamera.rdf/mc19_306349_20221003","http://dati.camera.it/ocd/deputato.rdf/d306349_19","CANDIANI","STEFANO","20221003",,"maggioritario","LOMBARDIA 2 - P01",,
"http://dati.camera.it/ocd/mandatoCamera.rdf/mc19_308793_20221003","http://dati.camera.it/ocd/deputato.rdf/d308793_19","CASASCO","MAURIZIO","20221003",,"maggioritario","LOMBARDIA 3 - P02",,
"http://dati.camera.it/ocd/mandatoCamera.rdf/mc19_308793_20221003","http://dati.camera.it/ocd/deputato.rdf/d308793_19","CASASCO","MAURIZIO","20221003",,"maggioritario","LOMBARDIA 3 - P02",,
"http://dati.camera.it/ocd/mandatoCamera.rdf/mc19_307657_20221003","http://dati.camera.it/ocd/deputato.rdf/d307657_19","CATTANEO","ALESSANDRO","20221003",,"maggioritario","LOMBARDIA 4 - P01",,
"http://dati.camera.it/ocd/mandatoCamera.rdf/mc19_307657_20221003","http://dati.camera.it/ocd/deputato.rdf/d307657_19","CATTANEO","ALESSANDRO","20221003",,"maggioritario","LOMBARDIA 4 - P01",,
"http://dati.camera.it/ocd/mandatoCamera.rdf/mc19_302764_20221003","http://dati.camera.it/ocd/deputato.rdf/d302764_19","COMAROLI","SILVANA ANDREINA","20221003",,"maggioritario","LOMBARDIA 4 - P01",,
"http://dati.camera.it/ocd/mandatoCamera.rdf/mc19_302764_20221003","http://dati.camera.it/ocd/deputato.rdf/d302764_19","COMAROLI","SILVANA ANDREINA","20221003",,"maggioritario","LOMBARDIA 4 - P01",,
"http://dati.camera.it/ocd/mandatoCamera.rdf/mc19_307639_20221003","http://dati.camera.it/ocd/deputato.rdf/d307639_19","CRIPPA","ANDREA","20221003",,"maggioritario","LOMBARDIA 1 - P02",,
"http://dati.camera.it/ocd/mandatoCamera.rdf/mc19_307639_20221003","http://dati.camera.it/ocd/deputato.rdf/d307639_19","CRIPPA","ANDREA","20221003",,"maggioritario","LOMBARDIA 1 - P02",,
"http://dati.camera.it/ocd/mandatoCamera.rdf/mc19_307683_20221003","http://dati.camera.it/ocd/deputato.rdf/d307683_19","DARA","ANDREA","20221003",,"maggioritario","LOMBARDIA 4 - P01",,
"http://dati.camera.it/ocd/mandatoCamera.rdf/mc19_307683_20221003","http://dati.camera.it/ocd/deputato.rdf/d307683_19","DARA","ANDREA","20221003",,"maggioritario","LOMBARDIA 4 - P01",,
"http://dati.camera.it/ocd/mandatoCamera.rdf/mc19_200291_20221003","http://dati.camera.it/ocd/deputato.rdf/d200291_19","DE CORATO","RICCARDO","20221003",,"maggioritario","LOMBARDIA 1 - P01",,
"http://dati.camera.it/ocd/mandatoCamera.rdf/mc19_200291_20221003","http://dati.camera.it/ocd/deputato.rdf/d200291_19","DE CORATO","RICCARDO","20221003",,"maggioritario","LOMBARDIA 1 - P01",,
"http://dati.camera.it/ocd/mandatoCamera.rdf/mc19_301577_20221003","http://dati.camera.it/ocd/deputato.rdf/d301577_19","DELLA VEDOVA","BENEDETTO","20221003",,"maggioritario","LOMBARDIA 1 - P01",,
"http://dati.camera.it/ocd/mandatoCamera.rdf/mc19_301577_20221003","http://dati.camera.it/ocd/deputato.rdf/d301577_19","DELLA VEDOVA","BENEDETTO","20221003",,"maggioritario","LOMBARDIA 1 - P01",,
"http://dati.camera.it/ocd/mandatoCamera.rdf/mc19_301457_20221003","http://dati.camera.it/ocd/deputato.rdf/d301457_19","FRASSINETTI","PAOLA","20221003",,"maggioritario","LOMBARDIA 1 - P02",,
"http://dati.camera.it/ocd/mandatoCamera.rdf/mc19_307630_20221003","http://dati.camera.it/ocd/deputato.rdf/d307630_19","FRASSINI","REBECCA","20221003",,"maggioritario","LOMBARDIA 3 - P01",,
"http://dati.camera.it/ocd/mandatoCamera.rdf/mc19_307630_20221003","http://dati.camera.it/ocd/deputato.rdf/d307630_19","FRASSINI","REBECCA","20221003",,"maggioritario","LOMBARDIA 3 - P01",,
"http://dati.camera.it/ocd/mandatoCamera.rdf/mc19_50115_20221003","http://dati.camera.it/ocd/deputato.rdf/d50115_19","GIORGETTI","GIANCARLO","20221003",,"maggioritario","LOMBARDIA 2 - P02",,
"http://dati.camera.it/ocd/mandatoCamera.rdf/mc19_50115_20221003","http://dati.camera.it/ocd/deputato.rdf/d50115_19","GIORGETTI","GIANCARLO","20221003",,"maggioritario","LOMBARDIA 2 - P02",,
"http://dati.camera.it/ocd/mandatoCamera.rdf/mc19_300447_20221003","http://dati.camera.it/ocd/deputato.rdf/d300447_19","LUPI","MAURIZIO ENZO","20221003",,"maggioritario","LOMBARDIA 2 - P02",,
"http://dati.camera.it/ocd/mandatoCamera.rdf/mc19_300447_20221003","http://dati.camera.it/ocd/deputato.rdf/d300447_19","LUPI","MAURIZIO ENZO","20221003",,"maggioritario","LOMBARDIA 2 - P02",,
"http://dati.camera.it/ocd/mandatoCamera.rdf/mc19_308101_20221003","http://dati.camera.it/ocd/deputato.rdf/d308101_19","MANTOVANI","LUCREZIA MARIA BENEDETTA","20221003",,"maggioritario","LOMBARDIA 1 - P02",,
"http://dati.camera.it/ocd/mandatoCamera.rdf/mc19_308101_20221003","http://dati.camera.it/ocd/deputato.rdf/d308101_19","MANTOVANI","LUCREZIA MARIA BENEDETTA","20221003",,"maggioritario","LOMBARDIA 1 - P02",,
"http://dati.camera.it/ocd/mandatoCamera.rdf/mc19_302762_20221003","http://dati.camera.it/ocd/deputato.rdf/d302762_19","MOLTENI","NICOLA","20221003",,"maggioritario","LOMBARDIA 2 - P02",,
"http://dati.camera.it/ocd/mandatoCamera.rdf/mc19_302762_20221003","http://dati.camera.it/ocd/deputato.rdf/d302762_19","MOLTENI","NICOLA","20221003",,"maggioritario","LOMBARDIA 2 - P02",,
"http://dati.camera.it/ocd/mandatoCamera.rdf/mc19_307612_20221003","http://dati.camera.it/ocd/deputato.rdf/d307612_19","OSNATO","MARCO","20221003",,"maggioritario","LOMBARDIA 1 - P02",,
"http://dati.camera.it/ocd/mandatoCamera.rdf/mc19_307612_20221003","http://dati.camera.it/ocd/deputato.rdf/d307612_19","OSNATO","MARCO","20221003",,"maggioritario","LOMBARDIA 1 - P02",,
"http://dati.camera.it/ocd/mandatoCamera.rdf/mc19_308792_20221003","http://dati.camera.it/ocd/deputato.rdf/d308792_19","PELLICINI","ANDREA","20221003",,"maggioritario","LOMBARDIA 2 - P01",,
"http://dati.camera.it/ocd/mandatoCamera.rdf/mc19_308792_20221003","http://dati.camera.it/ocd/deputato.rdf/d308792_19","PELLICINI","ANDREA","20221003",,"maggioritario","LOMBARDIA 2 - P01",,
"http://dati.camera.it/ocd/mandatoCamera.rdf/mc19_308795_20221003","http://dati.camera.it/ocd/deputato.rdf/d308795_19","RAIMONDO","CARMINE FABIO","20221003",,"maggioritario","LOMBARDIA 4 - P01",,
"http://dati.camera.it/ocd/mandatoCamera.rdf/mc19_308795_20221003","http://dati.camera.it/ocd/deputato.rdf/d308795_19","RAIMONDO","CARMINE FABIO","20221003",,"maggioritario","LOMBARDIA 4 - P01",,
"http://dati.camera.it/ocd/mandatoCamera.rdf/mc19_301459_20221003","http://dati.camera.it/ocd/deputato.rdf/d301459_19","RAVETTO","LAURA","20221003",,"maggioritario","LOMBARDIA 1 - P01",,
"http://dati.camera.it/ocd/mandatoCamera.rdf/mc19_301459_20221003","http://dati.camera.it/ocd/deputato.rdf/d301459_19","RAVETTO","LAURA","20221003",,"maggioritario","LOMBARDIA 1 - P01",,
"http://dati.camera.it/ocd/mandatoCamera.rdf/mc19_307678_20221003","http://dati.camera.it/ocd/deputato.rdf/d307678_19","ROSSELLO","CRISTINA","20221003",,"maggioritario","LOMBARDIA 1 - P01",,
"http://dati.camera.it/ocd/mandatoCamera.rdf/mc19_307678_20221003","http://dati.camera.it/ocd/deputato.rdf/d307678_19","ROSSELLO","CRISTINA","20221003",,"maggioritario","LOMBARDIA 1 - P01",,
"http://dati.camera.it/ocd/mandatoCamera.rdf/mc19_307608_20221003","http://dati.camera.it/ocd/deputato.rdf/d307608_19","SORTE","ALESSANDRO","20221003",,"maggioritario","LOMBARDIA 3 - P01",,
"http://dati.camera.it/ocd/mandatoCamera.rdf/mc19_307608_20221003","http://dati.camera.it/ocd/deputato.rdf/d307608_19","SORTE","ALESSANDRO","20221003",,"maggioritario","LOMBARDIA 3 - P01",,
"http://dati.camera.it/ocd/mandatoCamera.rdf/mc19_34580_20221003","http://dati.camera.it/ocd/deputato.rdf/d34580_19","TABACCI","BRUNO","20221003",,"maggioritario","LOMBARDIA 1 - P01",,
"http://dati.camera.it/ocd/mandatoCamera.rdf/mc19_34580_20221003","http://dati.camera.it/ocd/deputato.rdf/d34580_19","TABACCI","BRUNO","20221003",,"maggioritario","LOMBARDIA 1 - P01",,
"http://dati.camera.it/ocd/mandatoCamera.rdf/mc19_307151_20221004","http://dati.camera.it/ocd/deputato.rdf/d307151_19","BILLI","SIMONE","20221004",,"proporzionale","EUROPA","LEGA PER SALVINI PREMIER - FORZA ITALIA - FRATELLI D'ITALIA",
"http://dati.camera.it/ocd/mandatoCamera.rdf/mc19_307151_20221004","http://dati.camera.it/ocd/deputato.rdf/d307151_19","BILLI","SIMONE","20221004",,"proporzionale","EUROPA","LEGA PER SALVINI PREMIER - FORZA ITALIA - FRATELLI D'ITALIA",
"http://dati.camera.it/ocd/mandatoCamera.rdf/mc19_307161_20221004","http://dati.camera.it/ocd/deputato.rdf/d307161_19","CARE'","NICOLA","20221004",,"proporzionale","AFRICA ASIA OCEANIA ANTARTIDE","PARTITO DEMOCRATICO - ITALIA DEMOCRATICA E PROGRESSISTA",
"http://dati.camera.it/ocd/mandatoCamera.rdf/mc19_307161_20221004","http://dati.camera.it/ocd/deputato.rdf/d307161_19","CARE'","NICOLA","20221004",,"proporzionale","AFRICA ASIA OCEANIA ANTARTIDE","PARTITO DEMOCRATICO - ITALIA DEMOCRATICA E PROGRESSISTA",
"http://dati.camera.it/ocd/mandatoCamera.rdf/mc19_308784_20221004","http://dati.camera.it/ocd/deputato.rdf/d308784_19","DI GIUSEPPE","ANDREA","20221004",,"proporzionale","AMERICA SETTENTRIONALE E CENTRALE","LEGA PER SALVINI PREMIER - FORZA ITALIA - FRATELLI D'ITALIA",
"http://dati.camera.it/ocd/mandatoCamera.rdf/mc19_308784_20221004","http://dati.camera.it/ocd/deputato.rdf/d308784_19","DI GIUSEPPE","ANDREA","20221004",,"proporzionale","AMERICA SETTENTRIONALE E CENTRALE","LEGA PER SALVINI PREMIER - FORZA ITALIA - FRATELLI D'ITALIA",
"http://dati.camera.it/ocd/mandatoCamera.rdf/mc19_308783_20221004","http://dati.camera.it/ocd/deputato.rdf/d308783_19","DI SANZO","CHRISTIAN DIEGO","20221004",,"proporzionale","AMERICA SETTENTRIONALE E CENTRALE","PARTITO DEMOCRATICO - ITALIA DEMOCRATICA E PROGRESSISTA",
"http://dati.camera.it/ocd/mandatoCamera.rdf/mc19_308783_20221004","http://dati.camera.it/ocd/deputato.rdf/d308783_19","DI SANZO","CHRISTIAN DIEGO","20221004",,"proporzionale","AMERICA SETTENTRIONALE E CENTRALE","PARTITO DEMOCRATICO - ITALIA DEMOCRATICA E PROGRESSISTA",
"http://dati.camera.it/ocd/mandatoCamera.rdf/mc19_308781_20221004","http://dati.camera.it/ocd/deputato.rdf/d308781_19","ONORI","FEDERICA","20221004",,"proporzionale","EUROPA","MOVIMENTO 5 STELLE",
"http://dati.camera.it/ocd/mandatoCamera.rdf/mc19_308781_20221004","http://dati.camera.it/ocd/deputato.rdf/d308781_19","ONORI","FEDERICA","20221004",,"proporzionale","EUROPA","MOVIMENTO 5 STELLE",
"http://dati.camera.it/ocd/mandatoCamera.rdf/mc19_302902_20221004","http://dati.camera.it/ocd/deputato.rdf/d302902_19","PORTA","FABIO","20221004",,"proporzionale","AMERICA MERIDIONALE","PARTITO DEMOCRATICO - ITALIA DEMOCRATICA E PROGRESSISTA",
"http://dati.camera.it/ocd/mandatoCamera.rdf/mc19_302902_20221004","http://dati.camera.it/ocd/deputato.rdf/d302902_19","PORTA","FABIO","20221004",,"proporzionale","AMERICA MERIDIONALE","PARTITO DEMOCRATICO - ITALIA DEMOCRATICA E PROGRESSISTA",
"http://dati.camera.it/ocd/mandatoCamera.rdf/mc19_308780_20221004","http://dati.camera.it/ocd/deputato.rdf/d308780_19","RICCIARDI","TONI","20221004",,"proporzionale","EUROPA","PARTITO DEMOCRATICO - ITALIA DEMOCRATICA E PROGRESSISTA",
"http://dati.camera.it/ocd/mandatoCamera.rdf/mc19_308780_20221004","http://dati.camera.it/ocd/deputato.rdf/d308780_19","RICCIARDI","TONI","20221004",,"proporzionale","EUROPA","PARTITO DEMOCRATICO - ITALIA DEMOCRATICA E PROGRESSISTA",
"http://dati.camera.it/ocd/mandatoCamera.rdf/mc19_308782_20221004","http://dati.camera.it/ocd/deputato.rdf/d308782_19","TIRELLI","FRANCO","20221004",,"proporzionale","AMERICA MERIDIONALE","MOVIMENTO ASSOCIATIVO ITALIANI ALL'ESTERO - MAIE",
"http://dati.camera.it/ocd/mandatoCamera.rdf/mc19_308782_20221004","http://dati.camera.it/ocd/deputato.rdf/d308782_19","TIRELLI","FRANCO","20221004",,"proporzionale","AMERICA MERIDIONALE","MOVIMENTO ASSOCIATIVO ITALIANI ALL'ESTERO - MAIE",
"http://dati.camera.it/ocd/mandatoCamera.rdf/mc19_307456_20221005","http://dati.camera.it/ocd/deputato.rdf/d307456_19","BATTILOCCHIO","ALESSANDRO","20221005",,"maggioritario","LAZIO 1 - P03",,
"http://dati.camera.it/ocd/mandatoCamera.rdf/mc19_307456_20221005","http://dati.camera.it/ocd/deputato.rdf/d307456_19","BATTILOCCHIO","ALESSANDRO","20221005",,"maggioritario","LAZIO 1 - P03",,
"http://dati.camera.it/ocd/mandatoCamera.rdf/mc19_308790_20221005","http://dati.camera.it/ocd/deputato.rdf/d308790_19","BICCHIELLI","GIUSEPPE","20221005",,"maggioritario","CAMPANIA 2 - P02",,
"http://dati.camera.it/ocd/mandatoCamera.rdf/mc19_308790_20221005","http://dati.camera.it/ocd/deputato.rdf/d308790_19","BICCHIELLI","GIUSEPPE","20221005",,"maggioritario","CAMPANIA 2 - P02",,
"http://dati.camera.it/ocd/mandatoCamera.rdf/mc19_302824_20221005","http://dati.camera.it/ocd/deputato.rdf/d302824_19","BITONCI","MASSIMO","20221005","20251228","maggioritario","VENETO 2 - P01",,
"http://dati.camera.it/ocd/mandatoCamera.rdf/mc19_302824_20221005","http://dati.camera.it/ocd/deputato.rdf/d302824_19","BITONCI","MASSIMO","20221005","20251228","maggioritario","VENETO 2 - P01",,
"http://dati.camera.it/ocd/mandatoCamera.rdf/mc19_308786_20221005","http://dati.camera.it/ocd/deputato.rdf/d308786_19","CANGIANO","GEROLAMO","20221005",,"maggioritario","CAMPANIA 2 - P01",,
"http://dati.camera.it/ocd/mandatoCamera.rdf/mc19_308786_20221005","http://dati.camera.it/ocd/deputato.rdf/d308786_19","CANGIANO","GEROLAMO","20221005",,"maggioritario","CAMPANIA 2 - P01",,
"http://dati.camera.it/ocd/mandatoCamera.rdf/mc19_307573_20221005","http://dati.camera.it/ocd/deputato.rdf/d307573_19","CARETTA","MARIA CRISTINA","20221005",,"maggioritario","VENETO 2 - P02",,
"http://dati.camera.it/ocd/mandatoCamera.rdf/mc19_307573_20221005","http://dati.camera.it/ocd/deputato.rdf/d307573_19","CARETTA","MARIA CRISTINA","20221005",,"maggioritario","VENETO 2 - P02",,
"http://dati.camera.it/ocd/mandatoCamera.rdf/mc19_308835_20221005","http://dati.camera.it/ocd/deputato.rdf/d308835_19","CIANI","PAOLO","20221005",,"maggioritario","LAZIO 1 - P01",,
"http://dati.camera.it/ocd/mandatoCamera.rdf/mc19_308835_20221005","http://dati.camera.it/ocd/deputato.rdf/d308835_19","CIANI","PAOLO","20221005",,"maggioritario","LAZIO 1 - P01",,
"http://dati.camera.it/ocd/mandatoCamera.rdf/mc19_35980_20221005","http://dati.camera.it/ocd/deputato.rdf/d35980_19","CIOCCHETTI","LUCIANO","20221005",,"maggioritario","LAZIO 1 - P03",,
"http://dati.camera.it/ocd/mandatoCamera.rdf/mc19_35980_20221005","http://dati.camera.it/ocd/deputato.rdf/d35980_19","CIOCCHETTI","LUCIANO","20221005",,"maggioritario","LAZIO 1 - P03",,
"http://dati.camera.it/ocd/mandatoCamera.rdf/mc19_308917_20221005","http://dati.camera.it/ocd/deputato.rdf/d308917_19","COLOSIMO","CHIARA","20221005",,"maggioritario","LAZIO 2 - P02",,
"http://dati.camera.it/ocd/mandatoCamera.rdf/mc19_308917_20221005","http://dati.camera.it/ocd/deputato.rdf/d308917_19","COLOSIMO","CHIARA","20221005",,"maggioritario","LAZIO 2 - P02",,
"http://dati.camera.it/ocd/mandatoCamera.rdf/mc19_307591_20221005","http://dati.camera.it/ocd/deputato.rdf/d307591_19","FONTANA","LORENZO","20221005",,"maggioritario","VENETO 2 - P03",,
"http://dati.camera.it/ocd/mandatoCamera.rdf/mc19_307591_20221005","http://dati.camera.it/ocd/deputato.rdf/d307591_19","FONTANA","LORENZO","20221005",,"maggioritario","VENETO 2 - P03",,
"http://dati.camera.it/ocd/mandatoCamera.rdf/mc19_308837_20221005","http://dati.camera.it/ocd/deputato.rdf/d308837_19","FRENI","FEDERICO","20221005",,"maggioritario","LAZIO 1 - P03",,
"http://dati.camera.it/ocd/mandatoCamera.rdf/mc19_308837_20221005","http://dati.camera.it/ocd/deputato.rdf/d308837_19","FRENI","FEDERICO","20221005",,"maggioritario","LAZIO 1 - P03",,
"http://dati.camera.it/ocd/mandatoCamera.rdf/mc19_301558_20221005","http://dati.camera.it/ocd/deputato.rdf/d301558_19","GARDINI","ELISABETTA","20221005",,"maggioritario","VENETO 2 - P01",,
"http://dati.camera.it/ocd/mandatoCamera.rdf/mc19_301558_20221005","http://dati.camera.it/ocd/deputato.rdf/d301558_19","GARDINI","ELISABETTA","20221005",,"maggioritario","VENETO 2 - P01",,
"http://dati.camera.it/ocd/mandatoCamera.rdf/mc19_308787_20221005","http://dati.camera.it/ocd/deputato.rdf/d308787_19","GIORGIANNI","CARMEN LETIZIA","20221005",,"maggioritario","CAMPANIA 2 - P01",,
"http://dati.camera.it/ocd/mandatoCamera.rdf/mc19_308787_20221005","http://dati.camera.it/ocd/deputato.rdf/d308787_19","GIORGIANNI","CARMEN LETIZIA","20221005",,"maggioritario","CAMPANIA 2 - P01",,
"http://dati.camera.it/ocd/mandatoCamera.rdf/mc19_308855_20221005","http://dati.camera.it/ocd/deputato.rdf/d308855_19","GIOVINE","SILVIO","20221005",,"maggioritario","VENETO 2 - P02",,
"http://dati.camera.it/ocd/mandatoCamera.rdf/mc19_308855_20221005","http://dati.camera.it/ocd/deputato.rdf/d308855_19","GIOVINE","SILVIO","20221005",,"maggioritario","VENETO 2 - P02",,
"http://dati.camera.it/ocd/mandatoCamera.rdf/mc19_307575_20221005","http://dati.camera.it/ocd/deputato.rdf/d307575_19","MASCHIO","CIRO","20221005",,"maggioritario","VENETO 2 - P03",,
"http://dati.camera.it/ocd/mandatoCamera.rdf/mc19_307575_20221005","http://dati.camera.it/ocd/deputato.rdf/d307575_19","MASCHIO","CIRO","20221005",,"maggioritario","VENETO 2 - P03",,
"http://dati.camera.it/ocd/mandatoCamera.rdf/mc19_308836_20221005","http://dati.camera.it/ocd/deputato.rdf/d308836_19","MATONE","SIMONETTA","20221005",,"maggioritario","LAZIO 1 - P01",,
"http://dati.camera.it/ocd/mandatoCamera.rdf/mc19_308836_20221005","http://dati.camera.it/ocd/deputato.rdf/d308836_19","MATONE","SIMONETTA","20221005",,"maggioritario","LAZIO 1 - P01",,
"http://dati.camera.it/ocd/mandatoCamera.rdf/mc19_302794_20221005","http://dati.camera.it/ocd/deputato.rdf/d302794_19","MORASSUT","ROBERTO","20221005",,"maggioritario","LAZIO 1 - P02",,
"http://dati.camera.it/ocd/mandatoCamera.rdf/mc19_302794_20221005","http://dati.camera.it/ocd/deputato.rdf/d302794_19","MORASSUT","ROBERTO","20221005",,"maggioritario","LAZIO 1 - P02",,
"http://dati.camera.it/ocd/mandatoCamera.rdf/mc19_308918_20221005","http://dati.camera.it/ocd/deputato.rdf/d308918_19","OTTAVIANI","NICOLA","20221005",,"maggioritario","LAZIO 2 - P02",,
"http://dati.camera.it/ocd/mandatoCamera.rdf/mc19_308918_20221005","http://dati.camera.it/ocd/deputato.rdf/d308918_19","OTTAVIANI","NICOLA","20221005",,"maggioritario","LAZIO 2 - P02",,
"http://dati.camera.it/ocd/mandatoCamera.rdf/mc19_308839_20221005","http://dati.camera.it/ocd/deputato.rdf/d308839_19","PALOMBI","ALESSANDRO","20221005",,"maggioritario","LAZIO 1 - P02",,
"http://dati.camera.it/ocd/mandatoCamera.rdf/mc19_308839_20221005","http://dati.camera.it/ocd/deputato.rdf/d308839_19","PALOMBI","ALESSANDRO","20221005",,"maggioritario","LAZIO 1 - P02",,
"http://dati.camera.it/ocd/mandatoCamera.rdf/mc19_308791_20221005","http://dati.camera.it/ocd/deputato.rdf/d308791_19","PIERRO","ATTILIO","20221005",,"maggioritario","CAMPANIA 2 - P02",,
"http://dati.camera.it/ocd/mandatoCamera.rdf/mc19_308791_20221005","http://dati.camera.it/ocd/deputato.rdf/d308791_19","PIERRO","ATTILIO","20221005",,"maggioritario","CAMPANIA 2 - P02",,
"http://dati.camera.it/ocd/mandatoCamera.rdf/mc19_301436_20221005","http://dati.camera.it/ocd/deputato.rdf/d301436_19","RAMPELLI","FABIO","20221005",,"maggioritario","LAZIO 1 - P01",,
"http://dati.camera.it/ocd/mandatoCamera.rdf/mc19_301436_20221005","http://dati.camera.it/ocd/deputato.rdf/d301436_19","RAMPELLI","FABIO","20221005",,"maggioritario","LAZIO 1 - P01",,
"http://dati.camera.it/ocd/mandatoCamera.rdf/mc19_307455_20221005","http://dati.camera.it/ocd/deputato.rdf/d307455_19","ROTELLI","MAURO","20221005",,"maggioritario","LAZIO 2 - P01",,
"http://dati.camera.it/ocd/mandatoCamera.rdf/mc19_307455_20221005","http://dati.camera.it/ocd/deputato.rdf/d307455_19","ROTELLI","MAURO","20221005",,"maggioritario","LAZIO 2 - P01",,
"http://dati.camera.it/ocd/mandatoCamera.rdf/mc19_38560_20221005","http://dati.camera.it/ocd/deputato.rdf/d38560_19","ROTONDI","GIANFRANCO","20221005",,"maggioritario","CAMPANIA 2 - P02",,
"http://dati.camera.it/ocd/mandatoCamera.rdf/mc19_38560_20221005","http://dati.camera.it/ocd/deputato.rdf/d38560_19","ROTONDI","GIANFRANCO","20221005",,"maggioritario","CAMPANIA 2 - P02",,
"http://dati.camera.it/ocd/mandatoCamera.rdf/mc19_308788_20221005","http://dati.camera.it/ocd/deputato.rdf/d308788_19","RUBANO","FRANCESCO MARIA","20221005",,"maggioritario","CAMPANIA 2 - P01",,
"http://dati.camera.it/ocd/mandatoCamera.rdf/mc19_308788_20221005","http://dati.camera.it/ocd/deputato.rdf/d308788_19","RUBANO","FRANCESCO MARIA","20221005",,"maggioritario","CAMPANIA 2 - P01",,
"http://dati.camera.it/ocd/mandatoCamera.rdf/mc19_307889_20221005","http://dati.camera.it/ocd/deputato.rdf/d307889_19","RUSPANDINI","MASSIMO","20221005",,"maggioritario","LAZIO 2 - P02",,
"http://dati.camera.it/ocd/mandatoCamera.rdf/mc19_307889_20221005","http://dati.camera.it/ocd/deputato.rdf/d307889_19","RUSPANDINI","MASSIMO","20221005",,"maggioritario","LAZIO 2 - P02",,
"http://dati.camera.it/ocd/mandatoCamera.rdf/mc19_307571_20221005","http://dati.camera.it/ocd/deputato.rdf/d307571_19","STEFANI","ALBERTO","20221005","20251209","maggioritario","VENETO 2 - P01",,
"http://dati.camera.it/ocd/mandatoCamera.rdf/mc19_307571_20221005","http://dati.camera.it/ocd/deputato.rdf/d307571_19","STEFANI","ALBERTO","20221005","20251209","maggioritario","VENETO 2 - P01",,
"http://dati.camera.it/ocd/mandatoCamera.rdf/mc19_308838_20221005","http://dati.camera.it/ocd/deputato.rdf/d308838_19","TAJANI","ANTONIO","20221005",,"maggioritario","LAZIO 1 - P02",,
"http://dati.camera.it/ocd/mandatoCamera.rdf/mc19_308838_20221005","http://dati.camera.it/ocd/deputato.rdf/d308838_19","TAJANI","ANTONIO","20221005",,"maggioritario","LAZIO 1 - P02",,
"http://dati.camera.it/ocd/mandatoCamera.rdf/mc19_307457_20221005","http://dati.camera.it/ocd/deputato.rdf/d307457_19","TRANCASSINI","PAOLO","20221005",,"maggioritario","LAZIO 2 - P01",,
"http://dati.camera.it/ocd/mandatoCamera.rdf/mc19_307457_20221005","http://dati.camera.it/ocd/deputato.rdf/d307457_19","TRANCASSINI","PAOLO","20221005",,"maggioritario","LAZIO 2 - P01",,
"http://dati.camera.it/ocd/mandatoCamera.rdf/mc19_308789_20221005","http://dati.camera.it/ocd/deputato.rdf/d308789_19","VIETRI","MARIA IMMACOLATA","20221005",,"maggioritario","CAMPANIA 2 - P02",,
"http://dati.camera.it/ocd/mandatoCamera.rdf/mc19_308789_20221005","http://dati.camera.it/ocd/deputato.rdf/d308789_19","VIETRI","MARIA IMMACOLATA","20221005",,"maggioritario","CAMPANIA 2 - P02",,
"http://dati.camera.it/ocd/mandatoCamera.rdf/mc19_308421_20221008","http://dati.camera.it/ocd/deputato.rdf/d308421_19","ALBANO","LUCIA","20221008",,"proporzionale","MARCHE - P01","FRATELLI D'ITALIA CON GIORGIA MELONI",
"http://dati.camera.it/ocd/mandatoCamera.rdf/mc19_308421_20221008","http://dati.camera.it/ocd/deputato.rdf/d308421_19","ALBANO","LUCIA","20221008",,"proporzionale","MARCHE - P01","FRATELLI D'ITALIA CON GIORGIA MELONI",
"http://dati.camera.it/ocd/mandatoCamera.rdf/mc19_308872_20221008","http://dati.camera.it/ocd/deputato.rdf/d308872_19","ALIFANO","ENRICA","20221008",,"proporzionale","CAMPANIA 2 - P01","MOVIMENTO 5 STELLE",
"http://dati.camera.it/ocd/mandatoCamera.rdf/mc19_308872_20221008","http://dati.camera.it/ocd/deputato.rdf/d308872_19","ALIFANO","ENRICA","20221008",,"proporzionale","CAMPANIA 2 - P01","MOVIMENTO 5 STELLE",
"http://dati.camera.it/ocd/mandatoCamera.rdf/mc19_308832_20221008","http://dati.camera.it/ocd/deputato.rdf/d308832_19","AMBROSI","ALESSIA","20221008",,"proporzionale","TRENTINO-ALTO ADIGE/SÜDTIROL - P01","FRATELLI D'ITALIA CON GIORGIA MELONI",
"http://dati.camera.it/ocd/mandatoCamera.rdf/mc19_308832_20221008","http://dati.camera.it/ocd/deputato.rdf/d308832_19","AMBROSI","ALESSIA","20221008",,"proporzionale","TRENTINO-ALTO ADIGE/SÜDTIROL - P01","FRATELLI D'ITALIA CON GIORGIA MELONI",
"http://dati.camera.it/ocd/mandatoCamera.rdf/mc19_308825_20221008","http://dati.camera.it/ocd/deputato.rdf/d308825_19","AMICH","VINCENZO","20221008",,"proporzionale","PIEMONTE 2 - P02","FRATELLI D'ITALIA CON GIORGIA MELONI",
"http://dati.camera.it/ocd/mandatoCamera.rdf/mc19_308825_20221008","http://dati.camera.it/ocd/deputato.rdf/d308825_19","AMICH","VINCENZO","20221008",,"proporzionale","PIEMONTE 2 - P02","FRATELLI D'ITALIA CON GIORGIA MELONI",
"http://dati.camera.it/ocd/mandatoCamera.rdf/mc19_308884_20221008","http://dati.camera.it/ocd/deputato.rdf/d308884_19","AMORESE","ALESSANDRO","20221008",,"proporzionale","TOSCANA - P01","FRATELLI D'ITALIA CON GIORGIA MELONI",
"http://dati.camera.it/ocd/mandatoCamera.rdf/mc19_308884_20221008","http://dati.camera.it/ocd/deputato.rdf/d308884_19","AMORESE","ALESSANDRO","20221008",,"proporzionale","TOSCANA - P01","FRATELLI D'ITALIA CON GIORGIA MELONI",
"http://dati.camera.it/ocd/mandatoCamera.rdf/mc19_302942_20221008","http://dati.camera.it/ocd/deputato.rdf/d302942_19","ANGELUCCI","ANTONIO","20221008",,"proporzionale","LAZIO 1 - P02","LEGA PER SALVINI PREMIER",
"http://dati.camera.it/ocd/mandatoCamera.rdf/mc19_302942_20221008","http://dati.camera.it/ocd/deputato.rdf/d302942_19","ANGELUCCI","ANTONIO","20221008",,"proporzionale","LAZIO 1 - P02","LEGA PER SALVINI PREMIER",
"http://dati.camera.it/ocd/mandatoCamera.rdf/mc19_308824_20221008","http://dati.camera.it/ocd/deputato.rdf/d308824_19","APPENDINO","CHIARA","20221008",,"proporzionale","PIEMONTE 2 - P02","MOVIMENTO 5 STELLE",
"http://dati.camera.it/ocd/mandatoCamera.rdf/mc19_308805_20221008","http://dati.camera.it/ocd/deputato.rdf/d308805_19","BALDELLI","ANTONIO","20221008",,"proporzionale","MARCHE - P01","FRATELLI D'ITALIA CON GIORGIA MELONI",
"http://dati.camera.it/ocd/mandatoCamera.rdf/mc19_308805_20221008","http://dati.camera.it/ocd/deputato.rdf/d308805_19","BALDELLI","ANTONIO","20221008",,"proporzionale","MARCHE - P01","FRATELLI D'ITALIA CON GIORGIA MELONI",
"http://dati.camera.it/ocd/mandatoCamera.rdf/mc19_308890_20221008","http://dati.camera.it/ocd/deputato.rdf/d308890_19","BARABOTTI","ANDREA","20221008",,"proporzionale","TOSCANA - P01","LEGA PER SALVINI PREMIER",
"http://dati.camera.it/ocd/mandatoCamera.rdf/mc19_308890_20221008","http://dati.camera.it/ocd/deputato.rdf/d308890_19","BARABOTTI","ANDREA","20221008",,"proporzionale","TOSCANA - P01","LEGA PER SALVINI PREMIER",
"http://dati.camera.it/ocd/mandatoCamera.rdf/mc19_308902_20221008","http://dati.camera.it/ocd/deputato.rdf/d308902_19","BARBAGALLO","ANTHONY EMANUELE","20221008",,"proporzionale","SICILIA 2 - P03","PARTITO DEMOCRATICO - ITALIA DEMOCRATICA E PROGRESSISTA",
"http://dati.camera.it/ocd/mandatoCamera.rdf/mc19_308902_20221008","http://dati.camera.it/ocd/deputato.rdf/d308902_19","BARBAGALLO","ANTHONY EMANUELE","20221008",,"proporzionale","SICILIA 2 - P03","PARTITO DEMOCRATICO - ITALIA DEMOCRATICA E PROGRESSISTA",
"http://dati.camera.it/ocd/mandatoCamera.rdf/mc19_300497_20221008","http://dati.camera.it/ocd/deputato.rdf/d300497_19","BARELLI","PAOLO","20221008",,"proporzionale","LAZIO 1 - P02","FORZA ITALIA",
"http://dati.camera.it/ocd/mandatoCamera.rdf/mc19_300497_20221008","http://dati.camera.it/ocd/deputato.rdf/d300497_19","BARELLI","PAOLO","20221008",,"proporzionale","LAZIO 1 - P02","FORZA ITALIA",
"http://dati.camera.it/ocd/mandatoCamera.rdf/mc19_307426_20221008","http://dati.camera.it/ocd/deputato.rdf/d307426_19","BELLUCCI","MARIA TERESA","20221008",,"proporzionale","LAZIO 1 - P02","FRATELLI D'ITALIA CON GIORGIA MELONI",
"http://dati.camera.it/ocd/mandatoCamera.rdf/mc19_307426_20221008","http://dati.camera.it/ocd/deputato.rdf/d307426_19","BELLUCCI","MARIA TERESA","20221008",,"proporzionale","LAZIO 1 - P02","FRATELLI D'ITALIA CON GIORGIA MELONI",
"http://dati.camera.it/ocd/mandatoCamera.rdf/mc19_307471_20221008","http://dati.camera.it/ocd/deputato.rdf/d307471_19","BENVENUTO","ALESSANDRO MANUEL","20221008",,"proporzionale","PIEMONTE 1 - P02","LEGA PER SALVINI PREMIER",
"http://dati.camera.it/ocd/mandatoCamera.rdf/mc19_307471_20221008","http://dati.camera.it/ocd/deputato.rdf/d307471_19","BENVENUTO","ALESSANDRO MANUEL","20221008",,"proporzionale","PIEMONTE 1 - P02","LEGA PER SALVINI PREMIER",
"http://dati.camera.it/ocd/mandatoCamera.rdf/mc19_302867_20221008","http://dati.camera.it/ocd/deputato.rdf/d302867_19","BERGAMINI","DEBORAH","20221008",,"proporzionale","TOSCANA - P01","FORZA ITALIA",
"http://dati.camera.it/ocd/mandatoCamera.rdf/mc19_302867_20221008","http://dati.camera.it/ocd/deputato.rdf/d302867_19","BERGAMINI","DEBORAH","20221008",,"proporzionale","TOSCANA - P01","FORZA ITALIA",
"http://dati.camera.it/ocd/mandatoCamera.rdf/mc19_308815_20221008","http://dati.camera.it/ocd/deputato.rdf/d308815_19","BERRUTO","MAURO","20221008",,"proporzionale","PIEMONTE 1 - P02","PARTITO DEMOCRATICO - ITALIA DEMOCRATICA E PROGRESSISTA",
"http://dati.camera.it/ocd/mandatoCamera.rdf/mc19_308815_20221008","http://dati.camera.it/ocd/deputato.rdf/d308815_19","BERRUTO","MAURO","20221008",,"proporzionale","PIEMONTE 1 - P02","PARTITO DEMOCRATICO - ITALIA DEMOCRATICA E PROGRESSISTA",
"http://dati.camera.it/ocd/mandatoCamera.rdf/mc19_308801_20221008","http://dati.camera.it/ocd/deputato.rdf/d308801_19","BOF","GIANANGELO","20221008",,"proporzionale","VENETO 1 - P01","LEGA PER SALVINI PREMIER",
"http://dati.camera.it/ocd/mandatoCamera.rdf/mc19_308801_20221008","http://dati.camera.it/ocd/deputato.rdf/d308801_19","BOF","GIANANGELO","20221008",,"proporzionale","VENETO 1 - P01","LEGA PER SALVINI PREMIER",
"http://dati.camera.it/ocd/mandatoCamera.rdf/mc19_305757_20221008","http://dati.camera.it/ocd/deputato.rdf/d305757_19","BOLDRINI","LAURA","20221008",,"proporzionale","TOSCANA - P02","PARTITO DEMOCRATICO - ITALIA DEMOCRATICA E PROGRESSISTA",
"http://dati.camera.it/ocd/mandatoCamera.rdf/mc19_305757_20221008","http://dati.camera.it/ocd/deputato.rdf/d305757_19","BOLDRINI","LAURA","20221008",,"proporzionale","TOSCANA - P02","PARTITO DEMOCRATICO - ITALIA DEMOCRATICA E PROGRESSISTA",
"http://dati.camera.it/ocd/mandatoCamera.rdf/mc19_305549_20221008","http://dati.camera.it/ocd/deputato.rdf/d305549_19","BONAFE'","SIMONA","20221008",,"proporzionale","TOSCANA - P03","PARTITO DEMOCRATICO - ITALIA DEMOCRATICA E PROGRESSISTA",
"http://dati.camera.it/ocd/mandatoCamera.rdf/mc19_305549_20221008","http://dati.camera.it/ocd/deputato.rdf/d305549_19","BONAFE'","SIMONA","20221008",,"proporzionale","TOSCANA - P03","PARTITO DEMOCRATICO - ITALIA DEMOCRATICA E PROGRESSISTA",
"http://dati.camera.it/ocd/mandatoCamera.rdf/mc19_308244_20221008","http://dati.camera.it/ocd/deputato.rdf/d308244_19","BONETTI","ELENA","20221008",,"proporzionale","VENETO 2 - P02","AZIONE - ITALIA VIVA - CALENDA",
"http://dati.camera.it/ocd/mandatoCamera.rdf/mc19_308244_20221008","http://dati.camera.it/ocd/deputato.rdf/d308244_19","BONETTI","ELENA","20221008",,"proporzionale","VENETO 2 - P02","AZIONE - ITALIA VIVA - CALENDA",
"http://dati.camera.it/ocd/mandatoCamera.rdf/mc19_306003_20221008","http://dati.camera.it/ocd/deputato.rdf/d306003_19","BONIFAZI","FRANCESCO","20221008",,"proporzionale","TOSCANA - P03","AZIONE - ITALIA VIVA - CALENDA",
"http://dati.camera.it/ocd/mandatoCamera.rdf/mc19_306003_20221008","http://dati.camera.it/ocd/deputato.rdf/d306003_19","BONIFAZI","FRANCESCO","20221008",,"proporzionale","TOSCANA - P03","AZIONE - ITALIA VIVA - CALENDA",
"http://dati.camera.it/ocd/mandatoCamera.rdf/mc19_308857_20221008","http://dati.camera.it/ocd/deputato.rdf/d308857_19","BORRELLI","FRANCESCO EMILIO","20221008",,"proporzionale","CAMPANIA 1 - P02","ALLEANZA VERDI E SINISTRA",
"http://dati.camera.it/ocd/mandatoCamera.rdf/mc19_308857_20221008","http://dati.camera.it/ocd/deputato.rdf/d308857_19","BORRELLI","FRANCESCO EMILIO","20221008",,"proporzionale","CAMPANIA 1 - P02","ALLEANZA VERDI E SINISTRA",
"http://dati.camera.it/ocd/mandatoCamera.rdf/mc19_306160_20221008","http://dati.camera.it/ocd/deputato.rdf/d306160_19","BOSCHI","MARIA ELENA","20221008",,"proporzionale","LAZIO 1 - P03","AZIONE - ITALIA VIVA - CALENDA",
"http://dati.camera.it/ocd/mandatoCamera.rdf/mc19_306160_20221008","http://dati.camera.it/ocd/deputato.rdf/d306160_19","BOSCHI","MARIA ELENA","20221008",,"proporzionale","LAZIO 1 - P03","AZIONE - ITALIA VIVA - CALENDA",
"http://dati.camera.it/ocd/mandatoCamera.rdf/mc19_307193_20221008","http://dati.camera.it/ocd/deputato.rdf/d307193_19","BRUNO","RAFFAELE","20221008",,"proporzionale","CAMPANIA 1 - P01","MOVIMENTO 5 STELLE",
"http://dati.camera.it/ocd/mandatoCamera.rdf/mc19_307193_20221008","http://dati.camera.it/ocd/deputato.rdf/d307193_19","BRUNO","RAFFAELE","20221008",,"proporzionale","CAMPANIA 1 - P01","MOVIMENTO 5 STELLE",
"http://dati.camera.it/ocd/mandatoCamera.rdf/mc19_307762_20221008","http://dati.camera.it/ocd/deputato.rdf/d307762_19","BRUZZONE","FRANCESCO","20221008",,"proporzionale","LIGURIA - P01","LEGA PER SALVINI PREMIER",
"http://dati.camera.it/ocd/mandatoCamera.rdf/mc19_307762_20221008","http://dati.camera.it/ocd/deputato.rdf/d307762_19","BRUZZONE","FRANCESCO","20221008",,"proporzionale","LIGURIA - P01","LEGA PER SALVINI PREMIER",
"http://dati.camera.it/ocd/mandatoCamera.rdf/mc19_307416_20221008","http://dati.camera.it/ocd/deputato.rdf/d307416_19","CANTONE","LUCIANO","20221008",,"proporzionale","SICILIA 2 - P02","MOVIMENTO 5 STELLE",
"http://dati.camera.it/ocd/mandatoCamera.rdf/mc19_307416_20221008","http://dati.camera.it/ocd/deputato.rdf/d307416_19","CANTONE","LUCIANO","20221008",,"proporzionale","SICILIA 2 - P02","MOVIMENTO 5 STELLE",
"http://dati.camera.it/ocd/mandatoCamera.rdf/mc19_306352_20221008","http://dati.camera.it/ocd/deputato.rdf/d306352_19","CAPPELLETTI","ENRICO","20221008",,"proporzionale","VENETO 2 - P01","MOVIMENTO 5 STELLE",
"http://dati.camera.it/ocd/mandatoCamera.rdf/mc19_306352_20221008","http://dati.camera.it/ocd/deputato.rdf/d306352_19","CAPPELLETTI","ENRICO","20221008",,"proporzionale","VENETO 2 - P01","MOVIMENTO 5 STELLE",
"http://dati.camera.it/ocd/mandatoCamera.rdf/mc19_308819_20221008","http://dati.camera.it/ocd/deputato.rdf/d308819_19","CARAMANNA","GIANLUCA","20221008",,"proporzionale","SICILIA 1 - P01","FRATELLI D'ITALIA CON GIORGIA MELONI",
"http://dati.camera.it/ocd/mandatoCamera.rdf/mc19_308819_20221008","http://dati.camera.it/ocd/deputato.rdf/d308819_19","CARAMANNA","GIANLUCA","20221008",,"proporzionale","SICILIA 1 - P01","FRATELLI D'ITALIA CON GIORGIA MELONI",
"http://dati.camera.it/ocd/mandatoCamera.rdf/mc19_308854_20221008","http://dati.camera.it/ocd/deputato.rdf/d308854_19","CARAMIELLO","ALESSANDRO","20221008",,"proporzionale","CAMPANIA 1 - P02","MOVIMENTO 5 STELLE",
"http://dati.camera.it/ocd/mandatoCamera.rdf/mc19_308854_20221008","http://dati.camera.it/ocd/deputato.rdf/d308854_19","CARAMIELLO","ALESSANDRO","20221008",,"proporzionale","CAMPANIA 1 - P02","MOVIMENTO 5 STELLE",
"http://dati.camera.it/ocd/mandatoCamera.rdf/mc19_301531_20221008","http://dati.camera.it/ocd/deputato.rdf/d301531_19","CARFAGNA","MARIA ROSARIA","20221008",,"proporzionale","PUGLIA - P04","AZIONE - ITALIA VIVA - CALENDA",
"http://dati.camera.it/ocd/mandatoCamera.rdf/mc19_308820_20221008","http://dati.camera.it/ocd/deputato.rdf/d308820_19","CARMINA","IDA","20221008",,"proporzionale","SICILIA 1 - P02","MOVIMENTO 5 STELLE",
"http://dati.camera.it/ocd/mandatoCamera.rdf/mc19_308820_20221008","http://dati.camera.it/ocd/deputato.rdf/d308820_19","CARMINA","IDA","20221008",,"proporzionale","SICILIA 1 - P02","MOVIMENTO 5 STELLE",
"http://dati.camera.it/ocd/mandatoCamera.rdf/mc19_308807_20221008","http://dati.camera.it/ocd/deputato.rdf/d308807_19","CAROPPO","ANDREA","20221008",,"proporzionale","PUGLIA - P04","FORZA ITALIA",
"http://dati.camera.it/ocd/mandatoCamera.rdf/mc19_308900_20221008","http://dati.camera.it/ocd/deputato.rdf/d308900_19","CARRA'","ANASTASIO","20221008",,"proporzionale","SICILIA 2 - P02","LEGA PER SALVINI PREMIER",
"http://dati.camera.it/ocd/mandatoCamera.rdf/mc19_308900_20221008","http://dati.camera.it/ocd/deputato.rdf/d308900_19","CARRA'","ANASTASIO","20221008",,"proporzionale","SICILIA 2 - P02","LEGA PER SALVINI PREMIER",
"http://dati.camera.it/ocd/mandatoCamera.rdf/mc19_306158_20221008","http://dati.camera.it/ocd/deputato.rdf/d306158_19","CASTIGLIONE","GIUSEPPE","20221008",,"proporzionale","SICILIA 2 - P02","AZIONE - ITALIA VIVA - CALENDA",
"http://dati.camera.it/ocd/mandatoCamera.rdf/mc19_306158_20221008","http://dati.camera.it/ocd/deputato.rdf/d306158_19","CASTIGLIONE","GIUSEPPE","20221008",,"proporzionale","SICILIA 2 - P02","AZIONE - ITALIA VIVA - CALENDA",
"http://dati.camera.it/ocd/mandatoCamera.rdf/mc19_308600_20221008","http://dati.camera.it/ocd/deputato.rdf/d308600_19","CASU","ANDREA","20221008",,"proporzionale","LAZIO 1 - P01","PARTITO DEMOCRATICO - ITALIA DEMOCRATICA E PROGRESSISTA",
"http://dati.camera.it/ocd/mandatoCamera.rdf/mc19_308600_20221008","http://dati.camera.it/ocd/deputato.rdf/d308600_19","CASU","ANDREA","20221008",,"proporzionale","LAZIO 1 - P01","PARTITO DEMOCRATICO - ITALIA DEMOCRATICA E PROGRESSISTA",
"http://dati.camera.it/ocd/mandatoCamera.rdf/mc19_308874_20221008","http://dati.camera.it/ocd/deputato.rdf/d308874_19","CERRETO","MARCO","20221008",,"proporzionale","CAMPANIA 2 - P01","FRATELLI D'ITALIA CON GIORGIA MELONI",
"http://dati.camera.it/ocd/mandatoCamera.rdf/mc19_308874_20221008","http://dati.camera.it/ocd/deputato.rdf/d308874_19","CERRETO","MARCO","20221008",,"proporzionale","CAMPANIA 2 - P01","FRATELLI D'ITALIA CON GIORGIA MELONI",
"http://dati.camera.it/ocd/mandatoCamera.rdf/mc19_308858_20221008","http://dati.camera.it/ocd/deputato.rdf/d308858_19","CHERCHI","SUSANNA","20221008",,"proporzionale","SARDEGNA - P01","MOVIMENTO 5 STELLE",
"http://dati.camera.it/ocd/mandatoCamera.rdf/mc19_308858_20221008","http://dati.camera.it/ocd/deputato.rdf/d308858_19","CHERCHI","SUSANNA","20221008",,"proporzionale","SARDEGNA - P01","MOVIMENTO 5 STELLE",
"http://dati.camera.it/ocd/mandatoCamera.rdf/mc19_300319_20221008","http://dati.camera.it/ocd/deputato.rdf/d300319_19","CIRIELLI","EDMONDO","20221008",,"proporzionale","CAMPANIA 2 - P02","FRATELLI D'ITALIA CON GIORGIA MELONI",
"http://dati.camera.it/ocd/mandatoCamera.rdf/mc19_300319_20221008","http://dati.camera.it/ocd/deputato.rdf/d300319_19","CIRIELLI","EDMONDO","20221008",,"proporzionale","CAMPANIA 2 - P02","FRATELLI D'ITALIA CON GIORGIA MELONI",
"http://dati.camera.it/ocd/mandatoCamera.rdf/mc19_308841_20221008","http://dati.camera.it/ocd/deputato.rdf/d308841_19","COLUCCI","ALFONSO","20221008",,"proporzionale","LAZIO 1 - P02","MOVIMENTO 5 STELLE",
"http://dati.camera.it/ocd/mandatoCamera.rdf/mc19_308841_20221008","http://dati.camera.it/ocd/deputato.rdf/d308841_19","COLUCCI","ALFONSO","20221008",,"proporzionale","LAZIO 1 - P02","MOVIMENTO 5 STELLE",
"http://dati.camera.it/ocd/mandatoCamera.rdf/mc19_308826_20221008","http://dati.camera.it/ocd/deputato.rdf/d308826_19","COMBA","FABRIZIO","20221008",,"proporzionale","PIEMONTE 2 - P02","FRATELLI D'ITALIA CON GIORGIA MELONI",
"http://dati.camera.it/ocd/mandatoCamera.rdf/mc19_308826_20221008","http://dati.camera.it/ocd/deputato.rdf/d308826_19","COMBA","FABRIZIO","20221008",,"proporzionale","PIEMONTE 2 - P02","FRATELLI D'ITALIA CON GIORGIA MELONI",
"http://dati.camera.it/ocd/mandatoCamera.rdf/mc19_307580_20221008","http://dati.camera.it/ocd/deputato.rdf/d307580_19","CORTELAZZO","PIERGIORGIO","20221008",,"proporzionale","VENETO 1 - P01","FORZA ITALIA",
"http://dati.camera.it/ocd/mandatoCamera.rdf/mc19_307580_20221008","http://dati.camera.it/ocd/deputato.rdf/d307580_19","CORTELAZZO","PIERGIORGIO","20221008",,"proporzionale","VENETO 1 - P01","FORZA ITALIA",
"http://dati.camera.it/ocd/mandatoCamera.rdf/mc19_308804_20221008","http://dati.camera.it/ocd/deputato.rdf/d308804_19","CURTI","AUGUSTO","20221008",,"proporzionale","MARCHE - P01","PARTITO DEMOCRATICO - ITALIA DEMOCRATICA E PROGRESSISTA",
"http://dati.camera.it/ocd/mandatoCamera.rdf/mc19_308804_20221008","http://dati.camera.it/ocd/deputato.rdf/d308804_19","CURTI","AUGUSTO","20221008",,"proporzionale","MARCHE - P01","PARTITO DEMOCRATICO - ITALIA DEMOCRATICA E PROGRESSISTA",
"http://dati.camera.it/ocd/mandatoCamera.rdf/mc19_308875_20221008","http://dati.camera.it/ocd/deputato.rdf/d308875_19","D'ALESSIO","ANTONIO","20221008",,"proporzionale","CAMPANIA 2 - P02","AZIONE - ITALIA VIVA - CALENDA",
"http://dati.camera.it/ocd/mandatoCamera.rdf/mc19_308875_20221008","http://dati.camera.it/ocd/deputato.rdf/d308875_19","D'ALESSIO","ANTONIO","20221008",,"proporzionale","CAMPANIA 2 - P02","AZIONE - ITALIA VIVA - CALENDA",
"http://dati.camera.it/ocd/mandatoCamera.rdf/mc19_307782_20221008","http://dati.camera.it/ocd/deputato.rdf/d307782_19","D'ALFONSO","LUCIANO","20221008",,"proporzionale","ABRUZZO - P01","PARTITO DEMOCRATICO - ITALIA DEMOCRATICA E PROGRESSISTA",
"http://dati.camera.it/ocd/mandatoCamera.rdf/mc19_307782_20221008","http://dati.camera.it/ocd/deputato.rdf/d307782_19","D'ALFONSO","LUCIANO","20221008",,"proporzionale","ABRUZZO - P01","PARTITO DEMOCRATICO - ITALIA DEMOCRATICA E PROGRESSISTA",
"http://dati.camera.it/ocd/mandatoCamera.rdf/mc19_307388_20221008","http://dati.camera.it/ocd/deputato.rdf/d307388_19","D'ORSO","VALENTINA","20221008",,"proporzionale","SICILIA 1 - P01","MOVIMENTO 5 STELLE",
"http://dati.camera.it/ocd/mandatoCamera.rdf/mc19_307388_20221008","http://dati.camera.it/ocd/deputato.rdf/d307388_19","D'ORSO","VALENTINA","20221008",,"proporzionale","SICILIA 1 - P01","MOVIMENTO 5 STELLE",
"http://dati.camera.it/ocd/mandatoCamera.rdf/mc19_307561_20221008","http://dati.camera.it/ocd/deputato.rdf/d307561_19","DE LUCA","PIERO","20221008",,"proporzionale","CAMPANIA 2 - P02","PARTITO DEMOCRATICO - ITALIA DEMOCRATICA E PROGRESSISTA",
"http://dati.camera.it/ocd/mandatoCamera.rdf/mc19_307561_20221008","http://dati.camera.it/ocd/deputato.rdf/d307561_19","DE LUCA","PIERO","20221008",,"proporzionale","CAMPANIA 2 - P02","PARTITO DEMOCRATICO - ITALIA DEMOCRATICA E PROGRESSISTA",
"http://dati.camera.it/ocd/mandatoCamera.rdf/mc19_308806_20221008","http://dati.camera.it/ocd/deputato.rdf/d308806_19","DE PALMA","VITO","20221008",,"proporzionale","PUGLIA - P03","FORZA ITALIA",
"http://dati.camera.it/ocd/mandatoCamera.rdf/mc19_308806_20221008","http://dati.camera.it/ocd/deputato.rdf/d308806_19","DE PALMA","VITO","20221008",,"proporzionale","PUGLIA - P03","FORZA ITALIA",
"http://dati.camera.it/ocd/mandatoCamera.rdf/mc19_307219_20221008","http://dati.camera.it/ocd/deputato.rdf/d307219_19","DEIDDA","SALVATORE","20221008",,"proporzionale","SARDEGNA - P01","FRATELLI D'ITALIA CON GIORGIA MELONI",
"http://dati.camera.it/ocd/mandatoCamera.rdf/mc19_307219_20221008","http://dati.camera.it/ocd/deputato.rdf/d307219_19","DEIDDA","SALVATORE","20221008",,"proporzionale","SARDEGNA - P01","FRATELLI D'ITALIA CON GIORGIA MELONI",
"http://dati.camera.it/ocd/mandatoCamera.rdf/mc19_307790_20221008","http://dati.camera.it/ocd/deputato.rdf/d307790_19","DELL'OLIO","GIANMAURO","20221008",,"proporzionale","PUGLIA - P02","MOVIMENTO 5 STELLE",
"http://dati.camera.it/ocd/mandatoCamera.rdf/mc19_307790_20221008","http://dati.camera.it/ocd/deputato.rdf/d307790_19","DELL'OLIO","GIANMAURO","20221008",,"proporzionale","PUGLIA - P02","MOVIMENTO 5 STELLE",
"http://dati.camera.it/ocd/mandatoCamera.rdf/mc19_308843_20221008","http://dati.camera.it/ocd/deputato.rdf/d308843_19","DI BIASE","MICHELA","20221008",,"proporzionale","LAZIO 1 - P02","PARTITO DEMOCRATICO - ITALIA DEMOCRATICA E PROGRESSISTA",
"http://dati.camera.it/ocd/mandatoCamera.rdf/mc19_308843_20221008","http://dati.camera.it/ocd/deputato.rdf/d308843_19","DI BIASE","MICHELA","20221008",,"proporzionale","LAZIO 1 - P02","PARTITO DEMOCRATICO - ITALIA DEMOCRATICA E PROGRESSISTA",
"http://dati.camera.it/ocd/mandatoCamera.rdf/mc19_308808_20221008","http://dati.camera.it/ocd/deputato.rdf/d308808_19","DI MATTINA","SALVATORE MARCELLO","20221008",,"proporzionale","PUGLIA - P04","LEGA PER SALVINI PREMIER",
"http://dati.camera.it/ocd/mandatoCamera.rdf/mc19_308808_20221008","http://dati.camera.it/ocd/deputato.rdf/d308808_19","DI MATTINA","SALVATORE MARCELLO","20221008",,"proporzionale","PUGLIA - P04","LEGA PER SALVINI PREMIER",
"http://dati.camera.it/ocd/mandatoCamera.rdf/mc19_307348_20221008","http://dati.camera.it/ocd/deputato.rdf/d307348_19","DONNO","LEONARDO","20221008",,"proporzionale","PUGLIA - P04","MOVIMENTO 5 STELLE",
"http://dati.camera.it/ocd/mandatoCamera.rdf/mc19_307348_20221008","http://dati.camera.it/ocd/deputato.rdf/d307348_19","DONNO","LEONARDO","20221008",,"proporzionale","PUGLIA - P04","MOVIMENTO 5 STELLE",
"http://dati.camera.it/ocd/mandatoCamera.rdf/mc19_307246_20221008","http://dati.camera.it/ocd/deputato.rdf/d307246_19","DONZELLI","GIOVANNI","20221008",,"proporzionale","TOSCANA - P03","FRATELLI D'ITALIA CON GIORGIA MELONI",
"http://dati.camera.it/ocd/mandatoCamera.rdf/mc19_307246_20221008","http://dati.camera.it/ocd/deputato.rdf/d307246_19","DONZELLI","GIOVANNI","20221008",,"proporzionale","TOSCANA - P03","FRATELLI D'ITALIA CON GIORGIA MELONI",
"http://dati.camera.it/ocd/mandatoCamera.rdf/mc19_306005_20221008","http://dati.camera.it/ocd/deputato.rdf/d306005_19","FARAONE","DAVIDE","20221008",,"proporzionale","SICILIA 1 - P02","AZIONE - ITALIA VIVA - CALENDA",
"http://dati.camera.it/ocd/mandatoCamera.rdf/mc19_306005_20221008","http://dati.camera.it/ocd/deputato.rdf/d306005_19","FARAONE","DAVIDE","20221008",,"proporzionale","SICILIA 1 - P02","AZIONE - ITALIA VIVA - CALENDA",
"http://dati.camera.it/ocd/mandatoCamera.rdf/mc19_36500_20221008","http://dati.camera.it/ocd/deputato.rdf/d36500_19","FASSINO","PIERO FRANCO","20221008",,"proporzionale","VENETO 1 - P01","PARTITO DEMOCRATICO - ITALIA DEMOCRATICA E PROGRESSISTA",
"http://dati.camera.it/ocd/mandatoCamera.rdf/mc19_36500_20221008","http://dati.camera.it/ocd/deputato.rdf/d36500_19","FASSINO","PIERO FRANCO","20221008",,"proporzionale","VENETO 1 - P01","PARTITO DEMOCRATICO - ITALIA DEMOCRATICA E PROGRESSISTA",
"http://dati.camera.it/ocd/mandatoCamera.rdf/mc19_307803_20221008","http://dati.camera.it/ocd/deputato.rdf/d307803_19","FEDE","GIORGIO","20221008",,"proporzionale","MARCHE - P01","MOVIMENTO 5 STELLE",
"http://dati.camera.it/ocd/mandatoCamera.rdf/mc19_307803_20221008","http://dati.camera.it/ocd/deputato.rdf/d307803_19","FEDE","GIORGIO","20221008",,"proporzionale","MARCHE - P01","MOVIMENTO 5 STELLE",
"http://dati.camera.it/ocd/mandatoCamera.rdf/mc19_307804_20221008","http://dati.camera.it/ocd/deputato.rdf/d307804_19","FENU","EMILIANO","20221008","20250722","proporzionale","SARDEGNA - P01","MOVIMENTO 5 STELLE",
"http://dati.camera.it/ocd/mandatoCamera.rdf/mc19_307804_20221008","http://dati.camera.it/ocd/deputato.rdf/d307804_19","FENU","EMILIANO","20221008","20250722","proporzionale","SARDEGNA - P01","MOVIMENTO 5 STELLE",
"http://dati.camera.it/ocd/mandatoCamera.rdf/mc19_308876_20221008","http://dati.camera.it/ocd/deputato.rdf/d308876_19","FERRANTE","TULLIO","20221008",,"proporzionale","CAMPANIA 2 - P02","FORZA ITALIA",
"http://dati.camera.it/ocd/mandatoCamera.rdf/mc19_308876_20221008","http://dati.camera.it/ocd/deputato.rdf/d308876_19","FERRANTE","TULLIO","20221008",,"proporzionale","CAMPANIA 2 - P02","FORZA ITALIA",
"http://dati.camera.it/ocd/mandatoCamera.rdf/mc19_308834_20221008","http://dati.camera.it/ocd/deputato.rdf/d308834_19","FERRARI","SARA","20221008",,"proporzionale","TRENTINO-ALTO ADIGE/SÜDTIROL - P01","PARTITO DEMOCRATICO - ITALIA DEMOCRATICA E PROGRESSISTA",
"http://dati.camera.it/ocd/mandatoCamera.rdf/mc19_308834_20221008","http://dati.camera.it/ocd/deputato.rdf/d308834_19","FERRARI","SARA","20221008",,"proporzionale","TRENTINO-ALTO ADIGE/SÜDTIROL - P01","PARTITO DEMOCRATICO - ITALIA DEMOCRATICA E PROGRESSISTA",
"http://dati.camera.it/ocd/mandatoCamera.rdf/mc19_308799_20221008","http://dati.camera.it/ocd/deputato.rdf/d308799_19","FILINI","FRANCESCO","20221008",,"proporzionale","VENETO 1 - P01","FRATELLI D'ITALIA CON GIORGIA MELONI",
"http://dati.camera.it/ocd/mandatoCamera.rdf/mc19_308799_20221008","http://dati.camera.it/ocd/deputato.rdf/d308799_19","FILINI","FRANCESCO","20221008",,"proporzionale","VENETO 1 - P01","FRATELLI D'ITALIA CON GIORGIA MELONI",
"http://dati.camera.it/ocd/mandatoCamera.rdf/mc19_301551_20221008","http://dati.camera.it/ocd/deputato.rdf/d301551_19","FITTO","RAFFAELE","20221008","20241202","proporzionale","PUGLIA - P04","FRATELLI D'ITALIA CON GIORGIA MELONI",
"http://dati.camera.it/ocd/mandatoCamera.rdf/mc19_301551_20221008","http://dati.camera.it/ocd/deputato.rdf/d301551_19","FITTO","RAFFAELE","20221008","20241202","proporzionale","PUGLIA - P04","FRATELLI D'ITALIA CON GIORGIA MELONI",
"http://dati.camera.it/ocd/mandatoCamera.rdf/mc19_307459_20221008","http://dati.camera.it/ocd/deputato.rdf/d307459_19","FONTANA","ILARIA","20221008",,"proporzionale","LAZIO 2 - P02","MOVIMENTO 5 STELLE",
"http://dati.camera.it/ocd/mandatoCamera.rdf/mc19_307459_20221008","http://dati.camera.it/ocd/deputato.rdf/d307459_19","FONTANA","ILARIA","20221008",,"proporzionale","LAZIO 2 - P02","MOVIMENTO 5 STELLE",
"http://dati.camera.it/ocd/mandatoCamera.rdf/mc19_306398_20221008","http://dati.camera.it/ocd/deputato.rdf/d306398_19","FORNARO","FEDERICO","20221008",,"proporzionale","PIEMONTE 2 - P01","PARTITO DEMOCRATICO - ITALIA DEMOCRATICA E PROGRESSISTA",
"http://dati.camera.it/ocd/mandatoCamera.rdf/mc19_305880_20221008","http://dati.camera.it/ocd/deputato.rdf/d305880_19","FRATOIANNI","NICOLA","20221008",,"proporzionale","TOSCANA - P03","ALLEANZA VERDI E SINISTRA",
"http://dati.camera.it/ocd/mandatoCamera.rdf/mc19_305880_20221008","http://dati.camera.it/ocd/deputato.rdf/d305880_19","FRATOIANNI","NICOLA","20221008",,"proporzionale","TOSCANA - P03","ALLEANZA VERDI E SINISTRA",
"http://dati.camera.it/ocd/mandatoCamera.rdf/mc19_308870_20221008","http://dati.camera.it/ocd/deputato.rdf/d308870_19","FRIJIA","MARIA GRAZIA","20221008",,"proporzionale","LIGURIA - P01","FRATELLI D'ITALIA CON GIORGIA MELONI",
"http://dati.camera.it/ocd/mandatoCamera.rdf/mc19_308870_20221008","http://dati.camera.it/ocd/deputato.rdf/d308870_19","FRIJIA","MARIA GRAZIA","20221008",,"proporzionale","LIGURIA - P01","FRATELLI D'ITALIA CON GIORGIA MELONI",
"http://dati.camera.it/ocd/mandatoCamera.rdf/mc19_308892_20221008","http://dati.camera.it/ocd/deputato.rdf/d308892_19","FURFARO","MARCO","20221008",,"proporzionale","TOSCANA - P01","PARTITO DEMOCRATICO - ITALIA DEMOCRATICA E PROGRESSISTA",
"http://dati.camera.it/ocd/mandatoCamera.rdf/mc19_308892_20221008","http://dati.camera.it/ocd/deputato.rdf/d308892_19","FURFARO","MARCO","20221008",,"proporzionale","TOSCANA - P01","PARTITO DEMOCRATICO - ITALIA DEMOCRATICA E PROGRESSISTA",
"http://dati.camera.it/ocd/mandatoCamera.rdf/mc19_307332_20221008","http://dati.camera.it/ocd/deputato.rdf/d307332_19","GEMMATO","MARCELLO","20221008",,"proporzionale","PUGLIA - P02","FRATELLI D'ITALIA CON GIORGIA MELONI",
"http://dati.camera.it/ocd/mandatoCamera.rdf/mc19_307332_20221008","http://dati.camera.it/ocd/deputato.rdf/d307332_19","GEMMATO","MARCELLO","20221008",,"proporzionale","PUGLIA - P02","FRATELLI D'ITALIA CON GIORGIA MELONI",
"http://dati.camera.it/ocd/mandatoCamera.rdf/mc19_308871_20221008","http://dati.camera.it/ocd/deputato.rdf/d308871_19","GHIO","VALENTINA","20221008",,"proporzionale","LIGURIA - P01","PARTITO DEMOCRATICO - ITALIA DEMOCRATICA E PROGRESSISTA",
"http://dati.camera.it/ocd/mandatoCamera.rdf/mc19_308871_20221008","http://dati.camera.it/ocd/deputato.rdf/d308871_19","GHIO","VALENTINA","20221008",,"proporzionale","LIGURIA - P01","PARTITO DEMOCRATICO - ITALIA DEMOCRATICA E PROGRESSISTA",
"http://dati.camera.it/ocd/mandatoCamera.rdf/mc19_308861_20221008","http://dati.camera.it/ocd/deputato.rdf/d308861_19","GHIRRA","FRANCESCA","20221008",,"proporzionale","SARDEGNA - P01","ALLEANZA VERDI E SINISTRA",
"http://dati.camera.it/ocd/mandatoCamera.rdf/mc19_308861_20221008","http://dati.camera.it/ocd/deputato.rdf/d308861_19","GHIRRA","FRANCESCA","20221008",,"proporzionale","SARDEGNA - P01","ALLEANZA VERDI E SINISTRA",
"http://dati.camera.it/ocd/mandatoCamera.rdf/mc19_307508_20221008","http://dati.camera.it/ocd/deputato.rdf/d307508_19","GIACCONE","ANDREA","20221008",,"proporzionale","PIEMONTE 2 - P02","LEGA PER SALVINI PREMIER",
"http://dati.camera.it/ocd/mandatoCamera.rdf/mc19_307508_20221008","http://dati.camera.it/ocd/deputato.rdf/d307508_19","GIACCONE","ANDREA","20221008",,"proporzionale","PIEMONTE 2 - P02","LEGA PER SALVINI PREMIER",
"http://dati.camera.it/ocd/mandatoCamera.rdf/mc19_300480_20221008","http://dati.camera.it/ocd/deputato.rdf/d300480_19","GIACHETTI","ROBERTO","20221008",,"proporzionale","LAZIO 1 - P01","AZIONE - ITALIA VIVA - CALENDA",
"http://dati.camera.it/ocd/mandatoCamera.rdf/mc19_300480_20221008","http://dati.camera.it/ocd/deputato.rdf/d300480_19","GIACHETTI","ROBERTO","20221008",,"proporzionale","LAZIO 1 - P01","AZIONE - ITALIA VIVA - CALENDA",
"http://dati.camera.it/ocd/mandatoCamera.rdf/mc19_308823_20221008","http://dati.camera.it/ocd/deputato.rdf/d308823_19","GIORDANO","ANTONIO","20221008",,"proporzionale","SICILIA 1 - P02","FRATELLI D'ITALIA CON GIORGIA MELONI",
"http://dati.camera.it/ocd/mandatoCamera.rdf/mc19_308823_20221008","http://dati.camera.it/ocd/deputato.rdf/d308823_19","GIORDANO","ANTONIO","20221008",,"proporzionale","SICILIA 1 - P02","FRATELLI D'ITALIA CON GIORGIA MELONI",
"http://dati.camera.it/ocd/mandatoCamera.rdf/mc19_307370_20221008","http://dati.camera.it/ocd/deputato.rdf/d307370_19","GIULIANO","CARLA","20221008",,"proporzionale","PUGLIA - P01","MOVIMENTO 5 STELLE",
"http://dati.camera.it/ocd/mandatoCamera.rdf/mc19_307370_20221008","http://dati.camera.it/ocd/deputato.rdf/d307370_19","GIULIANO","CARLA","20221008",,"proporzionale","PUGLIA - P01","MOVIMENTO 5 STELLE",
"http://dati.camera.it/ocd/mandatoCamera.rdf/mc19_302818_20221008","http://dati.camera.it/ocd/deputato.rdf/d302818_19","GRAZIANO","STEFANO","20221008",,"proporzionale","CAMPANIA 2 - P01","PARTITO DEMOCRATICO - ITALIA DEMOCRATICA E PROGRESSISTA",
"http://dati.camera.it/ocd/mandatoCamera.rdf/mc19_302818_20221008","http://dati.camera.it/ocd/deputato.rdf/d302818_19","GRAZIANO","STEFANO","20221008",,"proporzionale","CAMPANIA 2 - P01","PARTITO DEMOCRATICO - ITALIA DEMOCRATICA E PROGRESSISTA",
"http://dati.camera.it/ocd/mandatoCamera.rdf/mc19_306008_20221008","http://dati.camera.it/ocd/deputato.rdf/d306008_19","GRIBAUDO","CHIARA","20221008",,"proporzionale","PIEMONTE 2 - P02","PARTITO DEMOCRATICO - ITALIA DEMOCRATICA E PROGRESSISTA",
"http://dati.camera.it/ocd/mandatoCamera.rdf/mc19_306008_20221008","http://dati.camera.it/ocd/deputato.rdf/d306008_19","GRIBAUDO","CHIARA","20221008",,"proporzionale","PIEMONTE 2 - P02","PARTITO DEMOCRATICO - ITALIA DEMOCRATICA E PROGRESSISTA",
"http://dati.camera.it/ocd/mandatoCamera.rdf/mc19_308810_20221008","http://dati.camera.it/ocd/deputato.rdf/d308810_19","GRIMALDI","MARCO","20221008",,"proporzionale","PIEMONTE 1 - P01","ALLEANZA VERDI E SINISTRA",
"http://dati.camera.it/ocd/mandatoCamera.rdf/mc19_308810_20221008","http://dati.camera.it/ocd/deputato.rdf/d308810_19","GRIMALDI","MARCO","20221008",,"proporzionale","PIEMONTE 1 - P01","ALLEANZA VERDI E SINISTRA",
"http://dati.camera.it/ocd/mandatoCamera.rdf/mc19_308802_20221008","http://dati.camera.it/ocd/deputato.rdf/d308802_19","GRIPPO","VALENTINA","20221008",,"proporzionale","VENETO 1 - P01","AZIONE - ITALIA VIVA - CALENDA",
"http://dati.camera.it/ocd/mandatoCamera.rdf/mc19_308802_20221008","http://dati.camera.it/ocd/deputato.rdf/d308802_19","GRIPPO","VALENTINA","20221008",,"proporzionale","VENETO 1 - P01","AZIONE - ITALIA VIVA - CALENDA",
"http://dati.camera.it/ocd/mandatoCamera.rdf/mc19_307531_20221008","http://dati.camera.it/ocd/deputato.rdf/d307531_19","GUBITOSA","MICHELE","20221008",,"proporzionale","CAMPANIA 2 - P02","MOVIMENTO 5 STELLE",
"http://dati.camera.it/ocd/mandatoCamera.rdf/mc19_307531_20221008","http://dati.camera.it/ocd/deputato.rdf/d307531_19","GUBITOSA","MICHELE","20221008",,"proporzionale","CAMPANIA 2 - P02","MOVIMENTO 5 STELLE",
"http://dati.camera.it/ocd/mandatoCamera.rdf/mc19_306412_20221008","http://dati.camera.it/ocd/deputato.rdf/d306412_19","GUERRA","MARIA CECILIA","20221008",,"proporzionale","PIEMONTE 1 - P01","PARTITO DEMOCRATICO - ITALIA DEMOCRATICA E PROGRESSISTA",
"http://dati.camera.it/ocd/mandatoCamera.rdf/mc19_306412_20221008","http://dati.camera.it/ocd/deputato.rdf/d306412_19","GUERRA","MARIA CECILIA","20221008",,"proporzionale","PIEMONTE 1 - P01","PARTITO DEMOCRATICO - ITALIA DEMOCRATICA E PROGRESSISTA",
"http://dati.camera.it/ocd/mandatoCamera.rdf/mc19_308821_20221008","http://dati.camera.it/ocd/deputato.rdf/d308821_19","IACONO","GIOVANNA","20221008",,"proporzionale","SICILIA 1 - P02","PARTITO DEMOCRATICO - ITALIA DEMOCRATICA E PROGRESSISTA",
"http://dati.camera.it/ocd/mandatoCamera.rdf/mc19_308821_20221008","http://dati.camera.it/ocd/deputato.rdf/d308821_19","IACONO","GIOVANNA","20221008",,"proporzionale","SICILIA 1 - P02","PARTITO DEMOCRATICO - ITALIA DEMOCRATICA E PROGRESSISTA",
"http://dati.camera.it/ocd/mandatoCamera.rdf/mc19_308809_20221008","http://dati.camera.it/ocd/deputato.rdf/d308809_19","IARIA","ANTONINO","20221008",,"proporzionale","PIEMONTE 1 - P01","MOVIMENTO 5 STELLE",
"http://dati.camera.it/ocd/mandatoCamera.rdf/mc19_308809_20221008","http://dati.camera.it/ocd/deputato.rdf/d308809_19","IARIA","ANTONINO","20221008",,"proporzionale","PIEMONTE 1 - P01","MOVIMENTO 5 STELLE",
"http://dati.camera.it/ocd/mandatoCamera.rdf/mc19_307822_20221008","http://dati.camera.it/ocd/deputato.rdf/d307822_19","L'ABBATE","PASQUA","20221008",,"proporzionale","PUGLIA - P03","MOVIMENTO 5 STELLE",
"http://dati.camera.it/ocd/mandatoCamera.rdf/mc19_307822_20221008","http://dati.camera.it/ocd/deputato.rdf/d307822_19","L'ABBATE","PASQUA","20221008",,"proporzionale","PUGLIA - P03","MOVIMENTO 5 STELLE",
"http://dati.camera.it/ocd/mandatoCamera.rdf/mc19_308883_20221008","http://dati.camera.it/ocd/deputato.rdf/d308883_19","LA PORTA","CHIARA","20221008","20251203","proporzionale","TOSCANA - P01","FRATELLI D'ITALIA CON GIORGIA MELONI",
"http://dati.camera.it/ocd/mandatoCamera.rdf/mc19_308883_20221008","http://dati.camera.it/ocd/deputato.rdf/d308883_19","LA PORTA","CHIARA","20221008","20251203","proporzionale","TOSCANA - P01","FRATELLI D'ITALIA CON GIORGIA MELONI",
"http://dati.camera.it/ocd/mandatoCamera.rdf/mc19_308811_20221008","http://dati.camera.it/ocd/deputato.rdf/d308811_19","LA SALANDRA","GIANDONATO","20221008",,"proporzionale","PUGLIA - P01","FRATELLI D'ITALIA CON GIORGIA MELONI",
"http://dati.camera.it/ocd/mandatoCamera.rdf/mc19_308811_20221008","http://dati.camera.it/ocd/deputato.rdf/d308811_19","LA SALANDRA","GIANDONATO","20221008",,"proporzionale","PUGLIA - P01","FRATELLI D'ITALIA CON GIORGIA MELONI",
"http://dati.camera.it/ocd/mandatoCamera.rdf/mc19_307308_20221008","http://dati.camera.it/ocd/deputato.rdf/d307308_19","LACARRA","MARCO","20221008",,"proporzionale","PUGLIA - P02","PARTITO DEMOCRATICO - ITALIA DEMOCRATICA E PROGRESSISTA",
"http://dati.camera.it/ocd/mandatoCamera.rdf/mc19_307308_20221008","http://dati.camera.it/ocd/deputato.rdf/d307308_19","LACARRA","MARCO","20221008",,"proporzionale","PUGLIA - P02","PARTITO DEMOCRATICO - ITALIA DEMOCRATICA E PROGRESSISTA",
"http://dati.camera.it/ocd/mandatoCamera.rdf/mc19_306417_20221008","http://dati.camera.it/ocd/deputato.rdf/d306417_19","LAI","BACHISIO SILVIO","20221008",,"proporzionale","SARDEGNA - P01","PARTITO DEMOCRATICO - ITALIA DEMOCRATICA E PROGRESSISTA",
"http://dati.camera.it/ocd/mandatoCamera.rdf/mc19_306417_20221008","http://dati.camera.it/ocd/deputato.rdf/d306417_19","LAI","BACHISIO SILVIO","20221008",,"proporzionale","SARDEGNA - P01","PARTITO DEMOCRATICO - ITALIA DEMOCRATICA E PROGRESSISTA",
"http://dati.camera.it/ocd/mandatoCamera.rdf/mc19_307826_20221008","http://dati.camera.it/ocd/deputato.rdf/d307826_19","LAUS","MAURO ANTONIO DONATO","20221008",,"proporzionale","PIEMONTE 1 - P01","PARTITO DEMOCRATICO - ITALIA DEMOCRATICA E PROGRESSISTA",
"http://dati.camera.it/ocd/mandatoCamera.rdf/mc19_307826_20221008","http://dati.camera.it/ocd/deputato.rdf/d307826_19","LAUS","MAURO ANTONIO DONATO","20221008",,"proporzionale","PIEMONTE 1 - P01","PARTITO DEMOCRATICO - ITALIA DEMOCRATICA E PROGRESSISTA",
"http://dati.camera.it/ocd/mandatoCamera.rdf/mc19_307570_20221008","http://dati.camera.it/ocd/deputato.rdf/d307570_19","LAZZARINI","ARIANNA","20221008",,"proporzionale","VENETO 2 - P01","LEGA PER SALVINI PREMIER",
"http://dati.camera.it/ocd/mandatoCamera.rdf/mc19_307570_20221008","http://dati.camera.it/ocd/deputato.rdf/d307570_19","LAZZARINI","ARIANNA","20221008",,"proporzionale","VENETO 2 - P01","LEGA PER SALVINI PREMIER",
"http://dati.camera.it/ocd/mandatoCamera.rdf/mc19_300444_20221008","http://dati.camera.it/ocd/deputato.rdf/d300444_19","LEO","MAURIZIO","20221008",,"proporzionale","SICILIA 2 - P01","FRATELLI D'ITALIA CON GIORGIA MELONI",
"http://dati.camera.it/ocd/mandatoCamera.rdf/mc19_300444_20221008","http://dati.camera.it/ocd/deputato.rdf/d300444_19","LEO","MAURIZIO","20221008",,"proporzionale","SICILIA 2 - P01","FRATELLI D'ITALIA CON GIORGIA MELONI",
"http://dati.camera.it/ocd/mandatoCamera.rdf/mc19_300127_20221008","http://dati.camera.it/ocd/deputato.rdf/d300127_19","LETTA","ENRICO","20221008","20241220","proporzionale","VENETO 2 - P02","PARTITO DEMOCRATICO - ITALIA DEMOCRATICA E PROGRESSISTA",
"http://dati.camera.it/ocd/mandatoCamera.rdf/mc19_300127_20221008","http://dati.camera.it/ocd/deputato.rdf/d300127_19","LETTA","ENRICO","20221008","20241220","proporzionale","VENETO 2 - P02","PARTITO DEMOCRATICO - ITALIA DEMOCRATICA E PROGRESSISTA",
"http://dati.camera.it/ocd/mandatoCamera.rdf/mc19_307463_20221008","http://dati.camera.it/ocd/deputato.rdf/d307463_19","LOLLOBRIGIDA","FRANCESCO","20221008",,"proporzionale","LAZIO 2 - P02","FRATELLI D'ITALIA CON GIORGIA MELONI",
"http://dati.camera.it/ocd/mandatoCamera.rdf/mc19_307463_20221008","http://dati.camera.it/ocd/deputato.rdf/d307463_19","LOLLOBRIGIDA","FRANCESCO","20221008",,"proporzionale","LAZIO 2 - P02","FRATELLI D'ITALIA CON GIORGIA MELONI",
"http://dati.camera.it/ocd/mandatoCamera.rdf/mc19_308898_20221008","http://dati.camera.it/ocd/deputato.rdf/d308898_19","LONGI","ELIANA","20221008",,"proporzionale","SICILIA 2 - P03","FRATELLI D'ITALIA CON GIORGIA MELONI",
"http://dati.camera.it/ocd/mandatoCamera.rdf/mc19_308898_20221008","http://dati.camera.it/ocd/deputato.rdf/d308898_19","LONGI","ELIANA","20221008",,"proporzionale","SICILIA 2 - P03","FRATELLI D'ITALIA CON GIORGIA MELONI",
"http://dati.camera.it/ocd/mandatoCamera.rdf/mc19_307356_20221008","http://dati.camera.it/ocd/deputato.rdf/d307356_19","LOVECCHIO","GIORGIO","20221008",,"proporzionale","PUGLIA - P01","MOVIMENTO 5 STELLE",
"http://dati.camera.it/ocd/mandatoCamera.rdf/mc19_307356_20221008","http://dati.camera.it/ocd/deputato.rdf/d307356_19","LOVECCHIO","GIORGIO","20221008",,"proporzionale","PUGLIA - P01","MOVIMENTO 5 STELLE",
"http://dati.camera.it/ocd/mandatoCamera.rdf/mc19_302789_20221008","http://dati.camera.it/ocd/deputato.rdf/d302789_19","MADIA","MARIA ANNA","20221008",,"proporzionale","LAZIO 2 - P01","PARTITO DEMOCRATICO - ITALIA DEMOCRATICA E PROGRESSISTA",
"http://dati.camera.it/ocd/mandatoCamera.rdf/mc19_302789_20221008","http://dati.camera.it/ocd/deputato.rdf/d302789_19","MADIA","MARIA ANNA","20221008",,"proporzionale","LAZIO 2 - P01","PARTITO DEMOCRATICO - ITALIA DEMOCRATICA E PROGRESSISTA",
"http://dati.camera.it/ocd/mandatoCamera.rdf/mc19_308814_20221008","http://dati.camera.it/ocd/deputato.rdf/d308814_19","MAIORANO","LUIGI GIOVANNI","20221008",,"proporzionale","PUGLIA - P03","FRATELLI D'ITALIA CON GIORGIA MELONI",
"http://dati.camera.it/ocd/mandatoCamera.rdf/mc19_308814_20221008","http://dati.camera.it/ocd/deputato.rdf/d308814_19","MAIORANO","LUIGI GIOVANNI","20221008",,"proporzionale","PUGLIA - P03","FRATELLI D'ITALIA CON GIORGIA MELONI",
"http://dati.camera.it/ocd/mandatoCamera.rdf/mc19_307481_20221008","http://dati.camera.it/ocd/deputato.rdf/d307481_19","MANCINI","CLAUDIO","20221008",,"proporzionale","LAZIO 1 - P03","PARTITO DEMOCRATICO - ITALIA DEMOCRATICA E PROGRESSISTA",
"http://dati.camera.it/ocd/mandatoCamera.rdf/mc19_307481_20221008","http://dati.camera.it/ocd/deputato.rdf/d307481_19","MANCINI","CLAUDIO","20221008",,"proporzionale","LAZIO 1 - P03","PARTITO DEMOCRATICO - ITALIA DEMOCRATICA E PROGRESSISTA",
"http://dati.camera.it/ocd/mandatoCamera.rdf/mc19_305771_20221008","http://dati.camera.it/ocd/deputato.rdf/d305771_19","MANZI","IRENE","20221008",,"proporzionale","MARCHE - P01","PARTITO DEMOCRATICO - ITALIA DEMOCRATICA E PROGRESSISTA",
"http://dati.camera.it/ocd/mandatoCamera.rdf/mc19_305771_20221008","http://dati.camera.it/ocd/deputato.rdf/d305771_19","MANZI","IRENE","20221008",,"proporzionale","MARCHE - P01","PARTITO DEMOCRATICO - ITALIA DEMOCRATICA E PROGRESSISTA",
"http://dati.camera.it/ocd/mandatoCamera.rdf/mc19_307328_20221008","http://dati.camera.it/ocd/deputato.rdf/d307328_19","MARATTIN","LUIGI","20221008",,"proporzionale","PIEMONTE 2 - P02","AZIONE - ITALIA VIVA - CALENDA",
"http://dati.camera.it/ocd/mandatoCamera.rdf/mc19_307328_20221008","http://dati.camera.it/ocd/deputato.rdf/d307328_19","MARATTIN","LUIGI","20221008",,"proporzionale","PIEMONTE 2 - P02","AZIONE - ITALIA VIVA - CALENDA",
"http://dati.camera.it/ocd/mandatoCamera.rdf/mc19_307453_20221008","http://dati.camera.it/ocd/deputato.rdf/d307453_19","MARCHETTI","RICCARDO AUGUSTO","20221008",,"proporzionale","MARCHE - P01","LEGA PER SALVINI PREMIER",
"http://dati.camera.it/ocd/mandatoCamera.rdf/mc19_307453_20221008","http://dati.camera.it/ocd/deputato.rdf/d307453_19","MARCHETTI","RICCARDO AUGUSTO","20221008",,"proporzionale","MARCHE - P01","LEGA PER SALVINI PREMIER",
"http://dati.camera.it/ocd/mandatoCamera.rdf/mc19_308800_20221008","http://dati.camera.it/ocd/deputato.rdf/d308800_19","MARCHETTO","MARINA","20221008",,"proporzionale","VENETO 1 - P01","FRATELLI D'ITALIA CON GIORGIA MELONI",
"http://dati.camera.it/ocd/mandatoCamera.rdf/mc19_308800_20221008","http://dati.camera.it/ocd/deputato.rdf/d308800_19","MARCHETTO","MARINA","20221008",,"proporzionale","VENETO 1 - P01","FRATELLI D'ITALIA CON GIORGIA MELONI",
"http://dati.camera.it/ocd/mandatoCamera.rdf/mc19_308869_20221008","http://dati.camera.it/ocd/deputato.rdf/d308869_19","MARI","FRANCESCO","20221008",,"proporzionale","CAMPANIA 2 - P02","ALLEANZA VERDI E SINISTRA",
"http://dati.camera.it/ocd/mandatoCamera.rdf/mc19_308869_20221008","http://dati.camera.it/ocd/deputato.rdf/d308869_19","MARI","FRANCESCO","20221008",,"proporzionale","CAMPANIA 2 - P02","ALLEANZA VERDI E SINISTRA",
"http://dati.camera.it/ocd/mandatoCamera.rdf/mc19_308901_20221008","http://dati.camera.it/ocd/deputato.rdf/d308901_19","MARINO","MARIA STEFANIA","20221008",,"proporzionale","SICILIA 2 - P01","PARTITO DEMOCRATICO - ITALIA DEMOCRATICA E PROGRESSISTA",
"http://dati.camera.it/ocd/mandatoCamera.rdf/mc19_308901_20221008","http://dati.camera.it/ocd/deputato.rdf/d308901_19","MARINO","MARIA STEFANIA","20221008",,"proporzionale","SICILIA 2 - P01","PARTITO DEMOCRATICO - ITALIA DEMOCRATICA E PROGRESSISTA",
"http://dati.camera.it/ocd/mandatoCamera.rdf/mc19_307466_20221008","http://dati.camera.it/ocd/deputato.rdf/d307466_19","MARROCCO","PATRIZIA","20221008",,"proporzionale","LAZIO 2 - P02","FORZA ITALIA",
"http://dati.camera.it/ocd/mandatoCamera.rdf/mc19_307466_20221008","http://dati.camera.it/ocd/deputato.rdf/d307466_19","MARROCCO","PATRIZIA","20221008",,"proporzionale","LAZIO 2 - P02","FORZA ITALIA",
"http://dati.camera.it/ocd/mandatoCamera.rdf/mc19_308860_20221008","http://dati.camera.it/ocd/deputato.rdf/d308860_19","MAZZI","GIANMARCO","20221008",,"proporzionale","VENETO 2 - P01","FRATELLI D'ITALIA CON GIORGIA MELONI",
"http://dati.camera.it/ocd/mandatoCamera.rdf/mc19_308860_20221008","http://dati.camera.it/ocd/deputato.rdf/d308860_19","MAZZI","GIANMARCO","20221008",,"proporzionale","VENETO 2 - P01","FRATELLI D'ITALIA CON GIORGIA MELONI",
"http://dati.camera.it/ocd/mandatoCamera.rdf/mc19_308897_20221008","http://dati.camera.it/ocd/deputato.rdf/d308897_19","MESSINA","MANLIO","20221008",,"proporzionale","SICILIA 2 - P02","FRATELLI D'ITALIA CON GIORGIA MELONI",
"http://dati.camera.it/ocd/mandatoCamera.rdf/mc19_308897_20221008","http://dati.camera.it/ocd/deputato.rdf/d308897_19","MESSINA","MANLIO","20221008",,"proporzionale","SICILIA 2 - P02","FRATELLI D'ITALIA CON GIORGIA MELONI",
"http://dati.camera.it/ocd/mandatoCamera.rdf/mc19_308887_20221008","http://dati.camera.it/ocd/deputato.rdf/d308887_19","MICHELOTTI","FRANCESCO","20221008",,"proporzionale","TOSCANA - P02","FRATELLI D'ITALIA CON GIORGIA MELONI",
"http://dati.camera.it/ocd/mandatoCamera.rdf/mc19_308887_20221008","http://dati.camera.it/ocd/deputato.rdf/d308887_19","MICHELOTTI","FRANCESCO","20221008",,"proporzionale","TOSCANA - P02","FRATELLI D'ITALIA CON GIORGIA MELONI",
"http://dati.camera.it/ocd/mandatoCamera.rdf/mc19_308921_20221008","http://dati.camera.it/ocd/deputato.rdf/d308921_19","MIELE","GIOVANNA","20221008",,"proporzionale","LAZIO 2 - P02","LEGA PER SALVINI PREMIER",
"http://dati.camera.it/ocd/mandatoCamera.rdf/mc19_308921_20221008","http://dati.camera.it/ocd/deputato.rdf/d308921_19","MIELE","GIOVANNA","20221008",,"proporzionale","LAZIO 2 - P02","LEGA PER SALVINI PREMIER",
"http://dati.camera.it/ocd/mandatoCamera.rdf/mc19_308922_20221008","http://dati.camera.it/ocd/deputato.rdf/d308922_19","MILANI","MASSIMO","20221008",,"proporzionale","LAZIO 2 - P01","FRATELLI D'ITALIA CON GIORGIA MELONI",
"http://dati.camera.it/ocd/mandatoCamera.rdf/mc19_308922_20221008","http://dati.camera.it/ocd/deputato.rdf/d308922_19","MILANI","MASSIMO","20221008",,"proporzionale","LAZIO 2 - P01","FRATELLI D'ITALIA CON GIORGIA MELONI",
"http://dati.camera.it/ocd/mandatoCamera.rdf/mc19_307424_20221008","http://dati.camera.it/ocd/deputato.rdf/d307424_19","MOLLICONE","FEDERICO","20221008",,"proporzionale","LAZIO 1 - P01","FRATELLI D'ITALIA CON GIORGIA MELONI",
"http://dati.camera.it/ocd/mandatoCamera.rdf/mc19_307424_20221008","http://dati.camera.it/ocd/deputato.rdf/d307424_19","MOLLICONE","FEDERICO","20221008",,"proporzionale","LAZIO 1 - P01","FRATELLI D'ITALIA CON GIORGIA MELONI",
"http://dati.camera.it/ocd/mandatoCamera.rdf/mc19_308818_20221008","http://dati.camera.it/ocd/deputato.rdf/d308818_19","MORFINO","DANIELA","20221008",,"proporzionale","SICILIA 1 - P01","MOVIMENTO 5 STELLE",
"http://dati.camera.it/ocd/mandatoCamera.rdf/mc19_308818_20221008","http://dati.camera.it/ocd/deputato.rdf/d308818_19","MORFINO","DANIELA","20221008",,"proporzionale","SICILIA 1 - P01","MOVIMENTO 5 STELLE",
"http://dati.camera.it/ocd/mandatoCamera.rdf/mc19_308863_20221008","http://dati.camera.it/ocd/deputato.rdf/d308863_19","MORGANTE","MADDALENA","20221008",,"proporzionale","VENETO 2 - P03","FRATELLI D'ITALIA CON GIORGIA MELONI",
"http://dati.camera.it/ocd/mandatoCamera.rdf/mc19_308863_20221008","http://dati.camera.it/ocd/deputato.rdf/d308863_19","MORGANTE","MADDALENA","20221008",,"proporzionale","VENETO 2 - P03","FRATELLI D'ITALIA CON GIORGIA MELONI",
"http://dati.camera.it/ocd/mandatoCamera.rdf/mc19_307130_20221008","http://dati.camera.it/ocd/deputato.rdf/d307130_19","MULE'","GIORGIO","20221008",,"proporzionale","SICILIA 1 - P01","FORZA ITALIA",
"http://dati.camera.it/ocd/mandatoCamera.rdf/mc19_307130_20221008","http://dati.camera.it/ocd/deputato.rdf/d307130_19","MULE'","GIORGIO","20221008",,"proporzionale","SICILIA 1 - P01","FORZA ITALIA",
"http://dati.camera.it/ocd/mandatoCamera.rdf/mc19_308859_20221008","http://dati.camera.it/ocd/deputato.rdf/d308859_19","MURA","FRANCESCO","20221008",,"proporzionale","SARDEGNA - P01","FRATELLI D'ITALIA CON GIORGIA MELONI",
"http://dati.camera.it/ocd/mandatoCamera.rdf/mc19_308859_20221008","http://dati.camera.it/ocd/deputato.rdf/d308859_19","MURA","FRANCESCO","20221008",,"proporzionale","SARDEGNA - P01","FRATELLI D'ITALIA CON GIORGIA MELONI",
"http://dati.camera.it/ocd/mandatoCamera.rdf/mc19_305815_20221008","http://dati.camera.it/ocd/deputato.rdf/d305815_19","ORFINI","MATTEO","20221008",,"proporzionale","LAZIO 2 - P02","PARTITO DEMOCRATICO - ITALIA DEMOCRATICA E PROGRESSISTA",
"http://dati.camera.it/ocd/mandatoCamera.rdf/mc19_305815_20221008","http://dati.camera.it/ocd/deputato.rdf/d305815_19","ORFINI","MATTEO","20221008",,"proporzionale","LAZIO 2 - P02","PARTITO DEMOCRATICO - ITALIA DEMOCRATICA E PROGRESSISTA",
"http://dati.camera.it/ocd/mandatoCamera.rdf/mc19_301463_20221008","http://dati.camera.it/ocd/deputato.rdf/d301463_19","ORLANDO","ANDREA","20221008","20250107","proporzionale","LIGURIA - P01","PARTITO DEMOCRATICO - ITALIA DEMOCRATICA E PROGRESSISTA",
"http://dati.camera.it/ocd/mandatoCamera.rdf/mc19_301463_20221008","http://dati.camera.it/ocd/deputato.rdf/d301463_19","ORLANDO","ANDREA","20221008","20250107","proporzionale","LIGURIA - P01","PARTITO DEMOCRATICO - ITALIA DEMOCRATICA E PROGRESSISTA",
"http://dati.camera.it/ocd/mandatoCamera.rdf/mc19_308864_20221008","http://dati.camera.it/ocd/deputato.rdf/d308864_19","PADOVANI","MARCO","20221008",,"proporzionale","VENETO 2 - P03","FRATELLI D'ITALIA CON GIORGIA MELONI",
"http://dati.camera.it/ocd/mandatoCamera.rdf/mc19_308864_20221008","http://dati.camera.it/ocd/deputato.rdf/d308864_19","PADOVANI","MARCO","20221008",,"proporzionale","VENETO 2 - P03","FRATELLI D'ITALIA CON GIORGIA MELONI",
"http://dati.camera.it/ocd/mandatoCamera.rdf/mc19_307857_20221008","http://dati.camera.it/ocd/deputato.rdf/d307857_19","PAGANO","NAZARIO","20221008",,"proporzionale","ABRUZZO - P01","FORZA ITALIA",
"http://dati.camera.it/ocd/mandatoCamera.rdf/mc19_307857_20221008","http://dati.camera.it/ocd/deputato.rdf/d307857_19","PAGANO","NAZARIO","20221008",,"proporzionale","ABRUZZO - P01","FORZA ITALIA",
"http://dati.camera.it/ocd/mandatoCamera.rdf/mc19_307304_20221008","http://dati.camera.it/ocd/deputato.rdf/d307304_19","PAGANO","UBALDO","20221008","20260202","proporzionale","PUGLIA - P03","PARTITO DEMOCRATICO - ITALIA DEMOCRATICA E PROGRESSISTA",
"http://dati.camera.it/ocd/mandatoCamera.rdf/mc19_307304_20221008","http://dati.camera.it/ocd/deputato.rdf/d307304_19","PAGANO","UBALDO","20221008","20260202","proporzionale","PUGLIA - P03","PARTITO DEMOCRATICO - ITALIA DEMOCRATICA E PROGRESSISTA",
"http://dati.camera.it/ocd/mandatoCamera.rdf/mc19_308852_20221008","http://dati.camera.it/ocd/deputato.rdf/d308852_19","PATRIARCA","ANNARITA","20221008",,"proporzionale","CAMPANIA 1 - P02","FORZA ITALIA",
"http://dati.camera.it/ocd/mandatoCamera.rdf/mc19_308852_20221008","http://dati.camera.it/ocd/deputato.rdf/d308852_19","PATRIARCA","ANNARITA","20221008",,"proporzionale","CAMPANIA 1 - P02","FORZA ITALIA",
"http://dati.camera.it/ocd/mandatoCamera.rdf/mc19_308812_20221008","http://dati.camera.it/ocd/deputato.rdf/d308812_19","PERISSA","MARCO","20221008",,"proporzionale","PIEMONTE 1 - P01","FRATELLI D'ITALIA CON GIORGIA MELONI",
"http://dati.camera.it/ocd/mandatoCamera.rdf/mc19_308812_20221008","http://dati.camera.it/ocd/deputato.rdf/d308812_19","PERISSA","MARCO","20221008",,"proporzionale","PIEMONTE 1 - P01","FRATELLI D'ITALIA CON GIORGIA MELONI",
"http://dati.camera.it/ocd/mandatoCamera.rdf/mc19_308816_20221008","http://dati.camera.it/ocd/deputato.rdf/d308816_19","PICCOLOTTI","ELISABETTA","20221008",,"proporzionale","PUGLIA - P04","ALLEANZA VERDI E SINISTRA",
"http://dati.camera.it/ocd/mandatoCamera.rdf/mc19_308816_20221008","http://dati.camera.it/ocd/deputato.rdf/d308816_19","PICCOLOTTI","ELISABETTA","20221008",,"proporzionale","PUGLIA - P04","ALLEANZA VERDI E SINISTRA",
"http://dati.camera.it/ocd/mandatoCamera.rdf/mc19_303089_20221008","http://dati.camera.it/ocd/deputato.rdf/d303089_19","PICHETTO FRATIN","GILBERTO","20221008",,"proporzionale","PIEMONTE 1 - P02","FORZA ITALIA",
"http://dati.camera.it/ocd/mandatoCamera.rdf/mc19_303089_20221008","http://dati.camera.it/ocd/deputato.rdf/d303089_19","PICHETTO FRATIN","GILBERTO","20221008",,"proporzionale","PIEMONTE 1 - P02","FORZA ITALIA",
"http://dati.camera.it/ocd/mandatoCamera.rdf/mc19_307223_20221008","http://dati.camera.it/ocd/deputato.rdf/d307223_19","PITTALIS","PIETRO","20221008",,"proporzionale","SARDEGNA - P01","FORZA ITALIA",
"http://dati.camera.it/ocd/mandatoCamera.rdf/mc19_307223_20221008","http://dati.camera.it/ocd/deputato.rdf/d307223_19","PITTALIS","PIETRO","20221008",,"proporzionale","SARDEGNA - P01","FORZA ITALIA",
"http://dati.camera.it/ocd/mandatoCamera.rdf/mc19_308822_20221008","http://dati.camera.it/ocd/deputato.rdf/d308822_19","POZZOLO","EMANUELE","20221008",,"proporzionale","PIEMONTE 2 - P01","FRATELLI D'ITALIA CON GIORGIA MELONI",
"http://dati.camera.it/ocd/mandatoCamera.rdf/mc19_308822_20221008","http://dati.camera.it/ocd/deputato.rdf/d308822_19","POZZOLO","EMANUELE","20221008",,"proporzionale","PIEMONTE 2 - P01","FRATELLI D'ITALIA CON GIORGIA MELONI",
"http://dati.camera.it/ocd/mandatoCamera.rdf/mc19_307585_20221008","http://dati.camera.it/ocd/deputato.rdf/d307585_19","PRETTO","ERIK UMBERTO","20221008",,"proporzionale","VENETO 2 - P02","LEGA PER SALVINI PREMIER",
"http://dati.camera.it/ocd/mandatoCamera.rdf/mc19_307585_20221008","http://dati.camera.it/ocd/deputato.rdf/d307585_19","PRETTO","ERIK UMBERTO","20221008",,"proporzionale","VENETO 2 - P02","LEGA PER SALVINI PREMIER",
"http://dati.camera.it/ocd/mandatoCamera.rdf/mc19_308243_20221008","http://dati.camera.it/ocd/deputato.rdf/d308243_19","PROVENZANO","GIUSEPPE LUCIANO CALOGERO","20221008",,"proporzionale","SICILIA 1 - P01","PARTITO DEMOCRATICO - ITALIA DEMOCRATICA E PROGRESSISTA",
"http://dati.camera.it/ocd/mandatoCamera.rdf/mc19_308243_20221008","http://dati.camera.it/ocd/deputato.rdf/d308243_19","PROVENZANO","GIUSEPPE LUCIANO CALOGERO","20221008",,"proporzionale","SICILIA 1 - P01","PARTITO DEMOCRATICO - ITALIA DEMOCRATICA E PROGRESSISTA",
"http://dati.camera.it/ocd/mandatoCamera.rdf/mc19_308923_20221008","http://dati.camera.it/ocd/deputato.rdf/d308923_19","PULCIANI","PAOLO","20221008",,"proporzionale","LAZIO 2 - P02","FRATELLI D'ITALIA CON GIORGIA MELONI",
"http://dati.camera.it/ocd/mandatoCamera.rdf/mc19_308896_20221008","http://dati.camera.it/ocd/deputato.rdf/d308896_19","QUARTINI","ANDREA","20221008",,"proporzionale","TOSCANA - P03","MOVIMENTO 5 STELLE",
"http://dati.camera.it/ocd/mandatoCamera.rdf/mc19_308896_20221008","http://dati.camera.it/ocd/deputato.rdf/d308896_19","QUARTINI","ANDREA","20221008",,"proporzionale","TOSCANA - P03","MOVIMENTO 5 STELLE",
"http://dati.camera.it/ocd/mandatoCamera.rdf/mc19_307406_20221008","http://dati.camera.it/ocd/deputato.rdf/d307406_19","RAFFA","ANGELA","20221008",,"proporzionale","SICILIA 2 - P01","MOVIMENTO 5 STELLE",
"http://dati.camera.it/ocd/mandatoCamera.rdf/mc19_307406_20221008","http://dati.camera.it/ocd/deputato.rdf/d307406_19","RAFFA","ANGELA","20221008",,"proporzionale","SICILIA 2 - P01","MOVIMENTO 5 STELLE",
"http://dati.camera.it/ocd/mandatoCamera.rdf/mc19_308853_20221008","http://dati.camera.it/ocd/deputato.rdf/d308853_19","RICCIARDI","MARIANNA","20221008",,"proporzionale","CAMPANIA 1 - P01","MOVIMENTO 5 STELLE",
"http://dati.camera.it/ocd/mandatoCamera.rdf/mc19_308853_20221008","http://dati.camera.it/ocd/deputato.rdf/d308853_19","RICCIARDI","MARIANNA","20221008",,"proporzionale","CAMPANIA 1 - P01","MOVIMENTO 5 STELLE",
"http://dati.camera.it/ocd/mandatoCamera.rdf/mc19_307250_20221008","http://dati.camera.it/ocd/deputato.rdf/d307250_19","RICCIARDI","RICCARDO","20221008",,"proporzionale","TOSCANA - P02","MOVIMENTO 5 STELLE",
"http://dati.camera.it/ocd/mandatoCamera.rdf/mc19_307250_20221008","http://dati.camera.it/ocd/deputato.rdf/d307250_19","RICCIARDI","RICCARDO","20221008",,"proporzionale","TOSCANA - P02","MOVIMENTO 5 STELLE",
"http://dati.camera.it/ocd/mandatoCamera.rdf/mc19_300674_20221008","http://dati.camera.it/ocd/deputato.rdf/d300674_19","ROSATO","ETTORE","20221008",,"proporzionale","CAMPANIA 1 - P02","AZIONE - ITALIA VIVA - CALENDA",
"http://dati.camera.it/ocd/mandatoCamera.rdf/mc19_300674_20221008","http://dati.camera.it/ocd/deputato.rdf/d300674_19","ROSATO","ETTORE","20221008",,"proporzionale","CAMPANIA 1 - P02","AZIONE - ITALIA VIVA - CALENDA",
"http://dati.camera.it/ocd/mandatoCamera.rdf/mc19_308867_20221008","http://dati.camera.it/ocd/deputato.rdf/d308867_19","ROSCANI","FABIO","20221008",,"proporzionale","ABRUZZO - P01","FRATELLI D'ITALIA CON GIORGIA MELONI",
"http://dati.camera.it/ocd/mandatoCamera.rdf/mc19_308867_20221008","http://dati.camera.it/ocd/deputato.rdf/d308867_19","ROSCANI","FABIO","20221008",,"proporzionale","ABRUZZO - P01","FRATELLI D'ITALIA CON GIORGIA MELONI",
"http://dati.camera.it/ocd/mandatoCamera.rdf/mc19_308848_20221008","http://dati.camera.it/ocd/deputato.rdf/d308848_19","ROSSI","ANGELO","20221008",,"proporzionale","LAZIO 1 - P03","FRATELLI D'ITALIA CON GIORGIA MELONI",
"http://dati.camera.it/ocd/mandatoCamera.rdf/mc19_308848_20221008","http://dati.camera.it/ocd/deputato.rdf/d308848_19","ROSSI","ANGELO","20221008",,"proporzionale","LAZIO 1 - P03","FRATELLI D'ITALIA CON GIORGIA MELONI",
"http://dati.camera.it/ocd/mandatoCamera.rdf/mc19_308868_20221008","http://dati.camera.it/ocd/deputato.rdf/d308868_19","ROSSO","MATTEO","20221008",,"proporzionale","LIGURIA - P01","FRATELLI D'ITALIA CON GIORGIA MELONI",
"http://dati.camera.it/ocd/mandatoCamera.rdf/mc19_308868_20221008","http://dati.camera.it/ocd/deputato.rdf/d308868_19","ROSSO","MATTEO","20221008",,"proporzionale","LIGURIA - P01","FRATELLI D'ITALIA CON GIORGIA MELONI",
"http://dati.camera.it/ocd/mandatoCamera.rdf/mc19_307478_20221008","http://dati.camera.it/ocd/deputato.rdf/d307478_19","RUFFINO","DANIELA","20221008",,"proporzionale","PIEMONTE 1 - P01","AZIONE - ITALIA VIVA - CALENDA",
"http://dati.camera.it/ocd/mandatoCamera.rdf/mc19_307478_20221008","http://dati.camera.it/ocd/deputato.rdf/d307478_19","RUFFINO","DANIELA","20221008",,"proporzionale","PIEMONTE 1 - P01","AZIONE - ITALIA VIVA - CALENDA",
"http://dati.camera.it/ocd/mandatoCamera.rdf/mc19_308899_20221008","http://dati.camera.it/ocd/deputato.rdf/d308899_19","RUSSO","PAOLO EMILIO","20221008",,"proporzionale","SICILIA 2 - P02","FORZA ITALIA",
"http://dati.camera.it/ocd/mandatoCamera.rdf/mc19_308899_20221008","http://dati.camera.it/ocd/deputato.rdf/d308899_19","RUSSO","PAOLO EMILIO","20221008",,"proporzionale","SICILIA 2 - P02","FORZA ITALIA",
"http://dati.camera.it/ocd/mandatoCamera.rdf/mc19_307892_20221008","http://dati.camera.it/ocd/deputato.rdf/d307892_19","SANTILLO","AGOSTINO","20221008",,"proporzionale","CAMPANIA 2 - P01","MOVIMENTO 5 STELLE",
"http://dati.camera.it/ocd/mandatoCamera.rdf/mc19_307892_20221008","http://dati.camera.it/ocd/deputato.rdf/d307892_19","SANTILLO","AGOSTINO","20221008",,"proporzionale","CAMPANIA 2 - P01","MOVIMENTO 5 STELLE",
"http://dati.camera.it/ocd/mandatoCamera.rdf/mc19_308856_20221008","http://dati.camera.it/ocd/deputato.rdf/d308856_19","SARRACINO","MARCO","20221008",,"proporzionale","CAMPANIA 1 - P02","PARTITO DEMOCRATICO - ITALIA DEMOCRATICA E PROGRESSISTA",
"http://dati.camera.it/ocd/mandatoCamera.rdf/mc19_308856_20221008","http://dati.camera.it/ocd/deputato.rdf/d308856_19","SARRACINO","MARCO","20221008",,"proporzionale","CAMPANIA 1 - P02","PARTITO DEMOCRATICO - ITALIA DEMOCRATICA E PROGRESSISTA",
"http://dati.camera.it/ocd/mandatoCamera.rdf/mc19_308803_20221008","http://dati.camera.it/ocd/deputato.rdf/d308803_19","SCARPA","RACHELE","20221008",,"proporzionale","VENETO 1 - P01","PARTITO DEMOCRATICO - ITALIA DEMOCRATICA E PROGRESSISTA",
"http://dati.camera.it/ocd/mandatoCamera.rdf/mc19_308803_20221008","http://dati.camera.it/ocd/deputato.rdf/d308803_19","SCARPA","RACHELE","20221008",,"proporzionale","VENETO 1 - P01","PARTITO DEMOCRATICO - ITALIA DEMOCRATICA E PROGRESSISTA",
"http://dati.camera.it/ocd/mandatoCamera.rdf/mc19_307418_20221008","http://dati.camera.it/ocd/deputato.rdf/d307418_19","SCERRA","FILIPPO","20221008",,"proporzionale","SICILIA 2 - P03","MOVIMENTO 5 STELLE",
"http://dati.camera.it/ocd/mandatoCamera.rdf/mc19_307418_20221008","http://dati.camera.it/ocd/deputato.rdf/d307418_19","SCERRA","FILIPPO","20221008",,"proporzionale","SICILIA 2 - P03","MOVIMENTO 5 STELLE",
"http://dati.camera.it/ocd/mandatoCamera.rdf/mc19_308850_20221008","http://dati.camera.it/ocd/deputato.rdf/d308850_19","SCHIANO DI VISCONTI","MICHELE","20221008",,"proporzionale","CAMPANIA 1 - P01","FRATELLI D'ITALIA CON GIORGIA MELONI",
"http://dati.camera.it/ocd/mandatoCamera.rdf/mc19_308850_20221008","http://dati.camera.it/ocd/deputato.rdf/d308850_19","SCHIANO DI VISCONTI","MICHELE","20221008",,"proporzionale","CAMPANIA 1 - P01","FRATELLI D'ITALIA CON GIORGIA MELONI",
"http://dati.camera.it/ocd/mandatoCamera.rdf/mc19_308851_20221008","http://dati.camera.it/ocd/deputato.rdf/d308851_19","SCHIFONE","MARTA","20221008",,"proporzionale","CAMPANIA 1 - P02","FRATELLI D'ITALIA CON GIORGIA MELONI",
"http://dati.camera.it/ocd/mandatoCamera.rdf/mc19_308851_20221008","http://dati.camera.it/ocd/deputato.rdf/d308851_19","SCHIFONE","MARTA","20221008",,"proporzionale","CAMPANIA 1 - P02","FRATELLI D'ITALIA CON GIORGIA MELONI",
"http://dati.camera.it/ocd/mandatoCamera.rdf/mc19_302069_20221008","http://dati.camera.it/ocd/deputato.rdf/d302069_19","SCOTTO","ARTURO","20221008",,"proporzionale","TOSCANA - P03","PARTITO DEMOCRATICO - ITALIA DEMOCRATICA E PROGRESSISTA",
"http://dati.camera.it/ocd/mandatoCamera.rdf/mc19_302069_20221008","http://dati.camera.it/ocd/deputato.rdf/d302069_19","SCOTTO","ARTURO","20221008",,"proporzionale","TOSCANA - P03","PARTITO DEMOCRATICO - ITALIA DEMOCRATICA E PROGRESSISTA",
"http://dati.camera.it/ocd/mandatoCamera.rdf/mc19_307447_20221008","http://dati.camera.it/ocd/deputato.rdf/d307447_19","SILVESTRI","FRANCESCO","20221008",,"proporzionale","LAZIO 1 - P03","MOVIMENTO 5 STELLE",
"http://dati.camera.it/ocd/mandatoCamera.rdf/mc19_307447_20221008","http://dati.camera.it/ocd/deputato.rdf/d307447_19","SILVESTRI","FRANCESCO","20221008",,"proporzionale","LAZIO 1 - P03","MOVIMENTO 5 STELLE",
"http://dati.camera.it/ocd/mandatoCamera.rdf/mc19_307175_20221008","http://dati.camera.it/ocd/deputato.rdf/d307175_19","SILVESTRI","RACHELE","20221008",,"proporzionale","ABRUZZO - P01","FRATELLI D'ITALIA CON GIORGIA MELONI",
"http://dati.camera.it/ocd/mandatoCamera.rdf/mc19_307175_20221008","http://dati.camera.it/ocd/deputato.rdf/d307175_19","SILVESTRI","RACHELE","20221008",,"proporzionale","ABRUZZO - P01","FRATELLI D'ITALIA CON GIORGIA MELONI",
"http://dati.camera.it/ocd/mandatoCamera.rdf/mc19_308894_20221008","http://dati.camera.it/ocd/deputato.rdf/d308894_19","SIMIANI","MARCO","20221008",,"proporzionale","TOSCANA - P02","PARTITO DEMOCRATICO - ITALIA DEMOCRATICA E PROGRESSISTA",
"http://dati.camera.it/ocd/mandatoCamera.rdf/mc19_308894_20221008","http://dati.camera.it/ocd/deputato.rdf/d308894_19","SIMIANI","MARCO","20221008",,"proporzionale","TOSCANA - P02","PARTITO DEMOCRATICO - ITALIA DEMOCRATICA E PROGRESSISTA",
"http://dati.camera.it/ocd/mandatoCamera.rdf/mc19_307402_20221008","http://dati.camera.it/ocd/deputato.rdf/d307402_19","SIRACUSANO","MATILDE","20221008",,"proporzionale","PIEMONTE 2 - P02","FORZA ITALIA",
"http://dati.camera.it/ocd/mandatoCamera.rdf/mc19_307402_20221008","http://dati.camera.it/ocd/deputato.rdf/d307402_19","SIRACUSANO","MATILDE","20221008",,"proporzionale","PIEMONTE 2 - P02","FORZA ITALIA",
"http://dati.camera.it/ocd/mandatoCamera.rdf/mc19_306064_20221008","http://dati.camera.it/ocd/deputato.rdf/d306064_19","SOTTANELLI","GIULIO CESARE","20221008",,"proporzionale","ABRUZZO - P01","AZIONE - ITALIA VIVA - CALENDA",
"http://dati.camera.it/ocd/mandatoCamera.rdf/mc19_305974_20221008","http://dati.camera.it/ocd/deputato.rdf/d305974_19","SPERANZA","ROBERTO","20221008",,"proporzionale","CAMPANIA 1 - P01","PARTITO DEMOCRATICO - ITALIA DEMOCRATICA E PROGRESSISTA",
"http://dati.camera.it/ocd/mandatoCamera.rdf/mc19_305974_20221008","http://dati.camera.it/ocd/deputato.rdf/d305974_19","SPERANZA","ROBERTO","20221008",,"proporzionale","CAMPANIA 1 - P01","PARTITO DEMOCRATICO - ITALIA DEMOCRATICA E PROGRESSISTA",
"http://dati.camera.it/ocd/mandatoCamera.rdf/mc19_307202_20221008","http://dati.camera.it/ocd/deputato.rdf/d307202_19","SPORTIELLO","GILDA","20221008",,"proporzionale","CAMPANIA 1 - P01","MOVIMENTO 5 STELLE",
"http://dati.camera.it/ocd/mandatoCamera.rdf/mc19_307202_20221008","http://dati.camera.it/ocd/deputato.rdf/d307202_19","SPORTIELLO","GILDA","20221008",,"proporzionale","CAMPANIA 1 - P01","MOVIMENTO 5 STELLE",
"http://dati.camera.it/ocd/mandatoCamera.rdf/mc19_308817_20221008","http://dati.camera.it/ocd/deputato.rdf/d308817_19","STEFANAZZI","CLAUDIO MICHELE","20221008",,"proporzionale","PUGLIA - P04","PARTITO DEMOCRATICO - ITALIA DEMOCRATICA E PROGRESSISTA",
"http://dati.camera.it/ocd/mandatoCamera.rdf/mc19_308817_20221008","http://dati.camera.it/ocd/deputato.rdf/d308817_19","STEFANAZZI","CLAUDIO MICHELE","20221008",,"proporzionale","PUGLIA - P04","PARTITO DEMOCRATICO - ITALIA DEMOCRATICA E PROGRESSISTA",
"http://dati.camera.it/ocd/mandatoCamera.rdf/mc19_307902_20221008","http://dati.camera.it/ocd/deputato.rdf/d307902_19","STEGER","DIETER","20221008",,"proporzionale","TRENTINO-ALTO ADIGE/SÜDTIROL - P01","SÜDTIROLER VOLKSPARTEI (SVP) - PATT",
"http://dati.camera.it/ocd/mandatoCamera.rdf/mc19_307902_20221008","http://dati.camera.it/ocd/deputato.rdf/d307902_19","STEGER","DIETER","20221008",,"proporzionale","TRENTINO-ALTO ADIGE/SÜDTIROL - P01","SÜDTIROLER VOLKSPARTEI (SVP) - PATT",
"http://dati.camera.it/ocd/mandatoCamera.rdf/mc19_307234_20221008","http://dati.camera.it/ocd/deputato.rdf/d307234_19","TORTO","DANIELA","20221008",,"proporzionale","ABRUZZO - P01","MOVIMENTO 5 STELLE",
"http://dati.camera.it/ocd/mandatoCamera.rdf/mc19_307234_20221008","http://dati.camera.it/ocd/deputato.rdf/d307234_19","TORTO","DANIELA","20221008",,"proporzionale","ABRUZZO - P01","MOVIMENTO 5 STELLE",
"http://dati.camera.it/ocd/mandatoCamera.rdf/mc19_308865_20221008","http://dati.camera.it/ocd/deputato.rdf/d308865_19","TOSI","FLAVIO","20221008","20240709","proporzionale","VENETO 2 - P03","FORZA ITALIA",
"http://dati.camera.it/ocd/mandatoCamera.rdf/mc19_308865_20221008","http://dati.camera.it/ocd/deputato.rdf/d308865_19","TOSI","FLAVIO","20221008","20240709","proporzionale","VENETO 2 - P03","FORZA ITALIA",
"http://dati.camera.it/ocd/mandatoCamera.rdf/mc19_307132_20221008","http://dati.camera.it/ocd/deputato.rdf/d307132_19","TRAVERSI","ROBERTO","20221008",,"proporzionale","LIGURIA - P01","MOVIMENTO 5 STELLE",
"http://dati.camera.it/ocd/mandatoCamera.rdf/mc19_307132_20221008","http://dati.camera.it/ocd/deputato.rdf/d307132_19","TRAVERSI","ROBERTO","20221008",,"proporzionale","LIGURIA - P01","MOVIMENTO 5 STELLE",
"http://dati.camera.it/ocd/mandatoCamera.rdf/mc19_308862_20221008","http://dati.camera.it/ocd/deputato.rdf/d308862_19","URZI'","ALESSANDRO","20221008",,"proporzionale","VENETO 2 - P02","FRATELLI D'ITALIA CON GIORGIA MELONI",
"http://dati.camera.it/ocd/mandatoCamera.rdf/mc19_308862_20221008","http://dati.camera.it/ocd/deputato.rdf/d308862_19","URZI'","ALESSANDRO","20221008",,"proporzionale","VENETO 2 - P02","FRATELLI D'ITALIA CON GIORGIA MELONI",
"http://dati.camera.it/ocd/mandatoCamera.rdf/mc19_308847_20221008","http://dati.camera.it/ocd/deputato.rdf/d308847_19","VOLPI","ANDREA","20221008",,"proporzionale","LAZIO 1 - P02","FRATELLI D'ITALIA CON GIORGIA MELONI",
"http://dati.camera.it/ocd/mandatoCamera.rdf/mc19_308847_20221008","http://dati.camera.it/ocd/deputato.rdf/d308847_19","VOLPI","ANDREA","20221008",,"proporzionale","LAZIO 1 - P02","FRATELLI D'ITALIA CON GIORGIA MELONI",
"http://dati.camera.it/ocd/mandatoCamera.rdf/mc19_306272_20221008","http://dati.camera.it/ocd/deputato.rdf/d306272_19","ZAN","ALESSANDRO","20221008","20240709","proporzionale","VENETO 2 - P01","PARTITO DEMOCRATICO - ITALIA DEMOCRATICA E PROGRESSISTA",
"http://dati.camera.it/ocd/mandatoCamera.rdf/mc19_306272_20221008","http://dati.camera.it/ocd/deputato.rdf/d306272_19","ZAN","ALESSANDRO","20221008","20240709","proporzionale","VENETO 2 - P01","PARTITO DEMOCRATICO - ITALIA DEMOCRATICA E PROGRESSISTA",
"http://dati.camera.it/ocd/mandatoCamera.rdf/mc19_300469_20221008","http://dati.camera.it/ocd/deputato.rdf/d300469_19","ZANELLA","LUANA","20221008",,"proporzionale","VENETO 2 - P02","ALLEANZA VERDI E SINISTRA",
"http://dati.camera.it/ocd/mandatoCamera.rdf/mc19_300469_20221008","http://dati.camera.it/ocd/deputato.rdf/d300469_19","ZANELLA","LUANA","20221008",,"proporzionale","VENETO 2 - P02","ALLEANZA VERDI E SINISTRA",
"http://dati.camera.it/ocd/mandatoCamera.rdf/mc19_306521_20221008","http://dati.camera.it/ocd/deputato.rdf/d306521_19","ZARATTI","FILIBERTO","20221008",,"proporzionale","LAZIO 1 - P01","ALLEANZA VERDI E SINISTRA",
"http://dati.camera.it/ocd/mandatoCamera.rdf/mc19_306521_20221008","http://dati.camera.it/ocd/deputato.rdf/d306521_19","ZARATTI","FILIBERTO","20221008",,"proporzionale","LAZIO 1 - P01","ALLEANZA VERDI E SINISTRA",
"http://dati.camera.it/ocd/mandatoCamera.rdf/mc19_308842_20221008","http://dati.camera.it/ocd/deputato.rdf/d308842_19","ZINGARETTI","NICOLA","20221008","20240709","proporzionale","LAZIO 1 - P01","PARTITO DEMOCRATICO - ITALIA DEMOCRATICA E PROGRESSISTA",
"http://dati.camera.it/ocd/mandatoCamera.rdf/mc19_308842_20221008","http://dati.camera.it/ocd/deputato.rdf/d308842_19","ZINGARETTI","NICOLA","20221008","20240709","proporzionale","LAZIO 1 - P01","PARTITO DEMOCRATICO - ITALIA DEMOCRATICA E PROGRESSISTA",
"http://dati.camera.it/ocd/mandatoCamera.rdf/mc19_308873_20221008","http://dati.camera.it/ocd/deputato.rdf/d308873_19","ZINZI","GIANPIERO","20221008",,"proporzionale","CAMPANIA 2 - P01","LEGA PER SALVINI PREMIER",
"http://dati.camera.it/ocd/mandatoCamera.rdf/mc19_308873_20221008","http://dati.camera.it/ocd/deputato.rdf/d308873_19","ZINZI","GIANPIERO","20221008",,"proporzionale","CAMPANIA 2 - P01","LEGA PER SALVINI PREMIER",
"http://dati.camera.it/ocd/mandatoCamera.rdf/mc19_308813_20221008","http://dati.camera.it/ocd/deputato.rdf/d308813_19","ZURZOLO","IMMACOLATA","20221008",,"proporzionale","PIEMONTE 1 - P02","FRATELLI D'ITALIA CON GIORGIA MELONI",
"http://dati.camera.it/ocd/mandatoCamera.rdf/mc19_308813_20221008","http://dati.camera.it/ocd/deputato.rdf/d308813_19","ZURZOLO","IMMACOLATA","20221008",,"proporzionale","PIEMONTE 1 - P02","FRATELLI D'ITALIA CON GIORGIA MELONI",
"http://dati.camera.it/ocd/mandatoCamera.rdf/mc19_308909_20221009","http://dati.camera.it/ocd/deputato.rdf/d308909_19","ANTONIOZZI","ALFREDO","20221009",,"proporzionale","CALABRIA - P01","FRATELLI D'ITALIA CON GIORGIA MELONI",
"http://dati.camera.it/ocd/mandatoCamera.rdf/mc19_308909_20221009","http://dati.camera.it/ocd/deputato.rdf/d308909_19","ANTONIOZZI","ALFREDO","20221009",,"proporzionale","CALABRIA - P01","FRATELLI D'ITALIA CON GIORGIA MELONI",
"http://dati.camera.it/ocd/mandatoCamera.rdf/mc19_307435_20221009","http://dati.camera.it/ocd/deputato.rdf/d307435_19","BALDINO","VITTORIA","20221009",,"proporzionale","CALABRIA - P01","MOVIMENTO 5 STELLE",
"http://dati.camera.it/ocd/mandatoCamera.rdf/mc19_308911_20221009","http://dati.camera.it/ocd/deputato.rdf/d308911_19","LOIZZO","SIMONA","20221009",,"proporzionale","CALABRIA - P01","LEGA PER SALVINI PREMIER",
"http://dati.camera.it/ocd/mandatoCamera.rdf/mc19_308911_20221009","http://dati.camera.it/ocd/deputato.rdf/d308911_19","LOIZZO","SIMONA","20221009",,"proporzionale","CALABRIA - P01","LEGA PER SALVINI PREMIER",
"http://dati.camera.it/ocd/mandatoCamera.rdf/mc19_307837_20221009","http://dati.camera.it/ocd/deputato.rdf/d307837_19","MANGIALAVORI","GIUSEPPE TOMMASO VINCENZO","20221009",,"proporzionale","CALABRIA - P01","FORZA ITALIA",
"http://dati.camera.it/ocd/mandatoCamera.rdf/mc19_307837_20221009","http://dati.camera.it/ocd/deputato.rdf/d307837_19","MANGIALAVORI","GIUSEPPE TOMMASO VINCENZO","20221009",,"proporzionale","CALABRIA - P01","FORZA ITALIA",
"http://dati.camera.it/ocd/mandatoCamera.rdf/mc19_302748_20221009","http://dati.camera.it/ocd/deputato.rdf/d302748_19","ROCCELLA","EUGENIA MARIA","20221009",,"proporzionale","CALABRIA - P01","FRATELLI D'ITALIA CON GIORGIA MELONI",
"http://dati.camera.it/ocd/mandatoCamera.rdf/mc19_302748_20221009","http://dati.camera.it/ocd/deputato.rdf/d302748_19","ROCCELLA","EUGENIA MARIA","20221009",,"proporzionale","CALABRIA - P01","FRATELLI D'ITALIA CON GIORGIA MELONI",
"http://dati.camera.it/ocd/mandatoCamera.rdf/mc19_307722_20221009","http://dati.camera.it/ocd/deputato.rdf/d307722_19","SCUTELLA'","ELISA","20221009","20250312","maggioritario","CALABRIA - P01",,
"http://dati.camera.it/ocd/mandatoCamera.rdf/mc19_307722_20221009","http://dati.camera.it/ocd/deputato.rdf/d307722_19","SCUTELLA'","ELISA","20221009","20250312","maggioritario","CALABRIA - P01",,
"http://dati.camera.it/ocd/mandatoCamera.rdf/mc19_306139_20221009","http://dati.camera.it/ocd/deputato.rdf/d306139_19","STUMPO","NICOLA","20221009",,"proporzionale","CALABRIA - P01","PARTITO DEMOCRATICO - ITALIA DEMOCRATICA E PROGRESSISTA",
"http://dati.camera.it/ocd/mandatoCamera.rdf/mc19_306139_20221009","http://dati.camera.it/ocd/deputato.rdf/d306139_19","STUMPO","NICOLA","20221009",,"proporzionale","CALABRIA - P01","PARTITO DEMOCRATICO - ITALIA DEMOCRATICA E PROGRESSISTA",
"http://dati.camera.it/ocd/mandatoCamera.rdf/mc19_307726_20221009","http://dati.camera.it/ocd/deputato.rdf/d307726_19","TUCCI","RICCARDO","20221009",,"proporzionale","CALABRIA - P01","MOVIMENTO 5 STELLE",
"http://dati.camera.it/ocd/mandatoCamera.rdf/mc19_307726_20221009","http://dati.camera.it/ocd/deputato.rdf/d307726_19","TUCCI","RICCARDO","20221009",,"proporzionale","CALABRIA - P01","MOVIMENTO 5 STELLE",
"http://dati.camera.it/ocd/mandatoCamera.rdf/mc19_308910_20221010","http://dati.camera.it/ocd/deputato.rdf/d308910_19","ALMICI","CRISTINA","20221010",,"proporzionale","LOMBARDIA 3 - P02","FRATELLI D'ITALIA CON GIORGIA MELONI",
"http://dati.camera.it/ocd/mandatoCamera.rdf/mc19_308910_20221010","http://dati.camera.it/ocd/deputato.rdf/d308910_19","ALMICI","CRISTINA","20221010",,"proporzionale","LOMBARDIA 3 - P02","FRATELLI D'ITALIA CON GIORGIA MELONI",
"http://dati.camera.it/ocd/mandatoCamera.rdf/mc19_305931_20221010","http://dati.camera.it/ocd/deputato.rdf/d305931_19","AMENDOLA","VINCENZO","20221010",,"proporzionale","BASILICATA - P01","PARTITO DEMOCRATICO - ITALIA DEMOCRATICA E PROGRESSISTA",
"http://dati.camera.it/ocd/mandatoCamera.rdf/mc19_305931_20221010","http://dati.camera.it/ocd/deputato.rdf/d305931_19","AMENDOLA","VINCENZO","20221010",,"proporzionale","BASILICATA - P01","PARTITO DEMOCRATICO - ITALIA DEMOCRATICA E PROGRESSISTA",
"http://dati.camera.it/ocd/mandatoCamera.rdf/mc19_305704_20221010","http://dati.camera.it/ocd/deputato.rdf/d305704_19","ASCANI","ANNA","20221010",,"proporzionale","UMBRIA - P01","PARTITO DEMOCRATICO - ITALIA DEMOCRATICA E PROGRESSISTA",
"http://dati.camera.it/ocd/mandatoCamera.rdf/mc19_305704_20221010","http://dati.camera.it/ocd/deputato.rdf/d305704_19","ASCANI","ANNA","20221010",,"proporzionale","UMBRIA - P01","PARTITO DEMOCRATICO - ITALIA DEMOCRATICA E PROGRESSISTA",
"http://dati.camera.it/ocd/mandatoCamera.rdf/mc19_307302_20221010","http://dati.camera.it/ocd/deputato.rdf/d307302_19","ASCARI","STEFANIA","20221010",,"proporzionale","EMILIA-ROMAGNA - P02","MOVIMENTO 5 STELLE",
"http://dati.camera.it/ocd/mandatoCamera.rdf/mc19_307302_20221010","http://dati.camera.it/ocd/deputato.rdf/d307302_19","ASCARI","STEFANIA","20221010",,"proporzionale","EMILIA-ROMAGNA - P02","MOVIMENTO 5 STELLE",
"http://dati.camera.it/ocd/mandatoCamera.rdf/mc19_308931_20221010","http://dati.camera.it/ocd/deputato.rdf/d308931_19","BAKKALI","OUIDAD","20221010",,"proporzionale","EMILIA-ROMAGNA - P03","PARTITO DEMOCRATICO - ITALIA DEMOCRATICA E PROGRESSISTA",
"http://dati.camera.it/ocd/mandatoCamera.rdf/mc19_308931_20221010","http://dati.camera.it/ocd/deputato.rdf/d308931_19","BAKKALI","OUIDAD","20221010",,"proporzionale","EMILIA-ROMAGNA - P03","PARTITO DEMOCRATICO - ITALIA DEMOCRATICA E PROGRESSISTA",
"http://dati.camera.it/ocd/mandatoCamera.rdf/mc19_308001_20221010","http://dati.camera.it/ocd/deputato.rdf/d308001_19","BARZOTTI","VALENTINA","20221010",,"proporzionale","LOMBARDIA 4 - P01","MOVIMENTO 5 STELLE",
"http://dati.camera.it/ocd/mandatoCamera.rdf/mc19_308001_20221010","http://dati.camera.it/ocd/deputato.rdf/d308001_19","BARZOTTI","VALENTINA","20221010",,"proporzionale","LOMBARDIA 4 - P01","MOVIMENTO 5 STELLE",
"http://dati.camera.it/ocd/mandatoCamera.rdf/mc19_307604_20221010","http://dati.camera.it/ocd/deputato.rdf/d307604_19","BENIGNI","STEFANO","20221010",,"proporzionale","LOMBARDIA 2 - P02","FORZA ITALIA",
"http://dati.camera.it/ocd/mandatoCamera.rdf/mc19_307604_20221010","http://dati.camera.it/ocd/deputato.rdf/d307604_19","BENIGNI","STEFANO","20221010",,"proporzionale","LOMBARDIA 2 - P02","FORZA ITALIA",
"http://dati.camera.it/ocd/mandatoCamera.rdf/mc19_308913_20221010","http://dati.camera.it/ocd/deputato.rdf/d308913_19","BENZONI","FABRIZIO","20221010",,"proporzionale","LOMBARDIA 3 - P02","AZIONE - ITALIA VIVA - CALENDA",
"http://dati.camera.it/ocd/mandatoCamera.rdf/mc19_308913_20221010","http://dati.camera.it/ocd/deputato.rdf/d308913_19","BENZONI","FABRIZIO","20221010",,"proporzionale","LOMBARDIA 3 - P02","AZIONE - ITALIA VIVA - CALENDA",
"http://dati.camera.it/ocd/mandatoCamera.rdf/mc19_308928_20221010","http://dati.camera.it/ocd/deputato.rdf/d308928_19","BERGAMINI","DAVIDE","20221010",,"proporzionale","EMILIA-ROMAGNA - P03","LEGA PER SALVINI PREMIER",
"http://dati.camera.it/ocd/mandatoCamera.rdf/mc19_308928_20221010","http://dati.camera.it/ocd/deputato.rdf/d308928_19","BERGAMINI","DAVIDE","20221010",,"proporzionale","EMILIA-ROMAGNA - P03","LEGA PER SALVINI PREMIER",
"http://dati.camera.it/ocd/mandatoCamera.rdf/mc19_307298_20221010","http://dati.camera.it/ocd/deputato.rdf/d307298_19","BIGNAMI","GALEAZZO","20221010",,"proporzionale","EMILIA-ROMAGNA - P02","FRATELLI D'ITALIA CON GIORGIA MELONI",
"http://dati.camera.it/ocd/mandatoCamera.rdf/mc19_307298_20221010","http://dati.camera.it/ocd/deputato.rdf/d307298_19","BIGNAMI","GALEAZZO","20221010",,"proporzionale","EMILIA-ROMAGNA - P02","FRATELLI D'ITALIA CON GIORGIA MELONI",
"http://dati.camera.it/ocd/mandatoCamera.rdf/mc19_32460_20221010","http://dati.camera.it/ocd/deputato.rdf/d32460_19","BOSSI","UMBERTO","20221010","20260319","proporzionale","LOMBARDIA 2 - P01","LEGA PER SALVINI PREMIER",
"http://dati.camera.it/ocd/mandatoCamera.rdf/mc19_32460_20221010","http://dati.camera.it/ocd/deputato.rdf/d32460_19","BOSSI","UMBERTO","20221010","20260319","proporzionale","LOMBARDIA 2 - P01","LEGA PER SALVINI PREMIER",
"http://dati.camera.it/ocd/mandatoCamera.rdf/mc19_302754_20221010","http://dati.camera.it/ocd/deputato.rdf/d302754_19","BRAGA","CHIARA","20221010",,"proporzionale","LOMBARDIA 2 - P02","PARTITO DEMOCRATICO - ITALIA DEMOCRATICA E PROGRESSISTA",
"http://dati.camera.it/ocd/mandatoCamera.rdf/mc19_302754_20221010","http://dati.camera.it/ocd/deputato.rdf/d302754_19","BRAGA","CHIARA","20221010",,"proporzionale","LOMBARDIA 2 - P02","PARTITO DEMOCRATICO - ITALIA DEMOCRATICA E PROGRESSISTA",
"http://dati.camera.it/ocd/mandatoCamera.rdf/mc19_308933_20221010","http://dati.camera.it/ocd/deputato.rdf/d308933_19","CAFIERO DE RAHO","FEDERICO","20221010",,"proporzionale","EMILIA-ROMAGNA - P03","MOVIMENTO 5 STELLE",
"http://dati.camera.it/ocd/mandatoCamera.rdf/mc19_308933_20221010","http://dati.camera.it/ocd/deputato.rdf/d308933_19","CAFIERO DE RAHO","FEDERICO","20221010",,"proporzionale","EMILIA-ROMAGNA - P03","MOVIMENTO 5 STELLE",
"http://dati.camera.it/ocd/mandatoCamera.rdf/mc19_307680_20221010","http://dati.camera.it/ocd/deputato.rdf/d307680_19","CECCHETTI","FABRIZIO","20221010",,"proporzionale","LOMBARDIA 1 - P02","LEGA PER SALVINI PREMIER",
"http://dati.camera.it/ocd/mandatoCamera.rdf/mc19_307680_20221010","http://dati.camera.it/ocd/deputato.rdf/d307680_19","CECCHETTI","FABRIZIO","20221010",,"proporzionale","LOMBARDIA 1 - P02","LEGA PER SALVINI PREMIER",
"http://dati.camera.it/ocd/mandatoCamera.rdf/mc19_307632_20221010","http://dati.camera.it/ocd/deputato.rdf/d307632_19","CENTEMERO","GIULIO","20221010",,"proporzionale","LOMBARDIA 3 - P01","LEGA PER SALVINI PREMIER",
"http://dati.camera.it/ocd/mandatoCamera.rdf/mc19_307632_20221010","http://dati.camera.it/ocd/deputato.rdf/d307632_19","CENTEMERO","GIULIO","20221010",,"proporzionale","LOMBARDIA 3 - P01","LEGA PER SALVINI PREMIER",
"http://dati.camera.it/ocd/mandatoCamera.rdf/mc19_308915_20221010","http://dati.camera.it/ocd/deputato.rdf/d308915_19","CHIESA","PAOLA MARIA","20221010",,"proporzionale","LOMBARDIA 4 - P01","FRATELLI D'ITALIA CON GIORGIA MELONI",
"http://dati.camera.it/ocd/mandatoCamera.rdf/mc19_308915_20221010","http://dati.camera.it/ocd/deputato.rdf/d308915_19","CHIESA","PAOLA MARIA","20221010",,"proporzionale","LOMBARDIA 4 - P01","FRATELLI D'ITALIA CON GIORGIA MELONI",
"http://dati.camera.it/ocd/mandatoCamera.rdf/mc19_308926_20221010","http://dati.camera.it/ocd/deputato.rdf/d308926_19","COLOMBO","BEATRIZ","20221010",,"proporzionale","EMILIA-ROMAGNA - P02","FRATELLI D'ITALIA CON GIORGIA MELONI",
"http://dati.camera.it/ocd/mandatoCamera.rdf/mc19_308926_20221010","http://dati.camera.it/ocd/deputato.rdf/d308926_19","COLOMBO","BEATRIZ","20221010",,"proporzionale","EMILIA-ROMAGNA - P02","FRATELLI D'ITALIA CON GIORGIA MELONI",
"http://dati.camera.it/ocd/mandatoCamera.rdf/mc19_307926_20221010","http://dati.camera.it/ocd/deputato.rdf/d307926_19","CONTE","GIUSEPPE","20221010",,"proporzionale","LOMBARDIA 1 - P02","MOVIMENTO 5 STELLE",
"http://dati.camera.it/ocd/mandatoCamera.rdf/mc19_307926_20221010","http://dati.camera.it/ocd/deputato.rdf/d307926_19","CONTE","GIUSEPPE","20221010",,"proporzionale","LOMBARDIA 1 - P02","MOVIMENTO 5 STELLE",
"http://dati.camera.it/ocd/mandatoCamera.rdf/mc19_301541_20221010","http://dati.camera.it/ocd/deputato.rdf/d301541_19","COSTA","ENRICO","20221010",,"proporzionale","LOMBARDIA 1 - P02","AZIONE - ITALIA VIVA - CALENDA",
"http://dati.camera.it/ocd/mandatoCamera.rdf/mc19_301541_20221010","http://dati.camera.it/ocd/deputato.rdf/d301541_19","COSTA","ENRICO","20221010",,"proporzionale","LOMBARDIA 1 - P02","AZIONE - ITALIA VIVA - CALENDA",
"http://dati.camera.it/ocd/mandatoCamera.rdf/mc19_302422_20221010","http://dati.camera.it/ocd/deputato.rdf/d302422_19","CUPERLO","GIOVANNI","20221010",,"proporzionale","LOMBARDIA 1 - P01","PARTITO DEMOCRATICO - ITALIA DEMOCRATICA E PROGRESSISTA",
"http://dati.camera.it/ocd/mandatoCamera.rdf/mc19_302422_20221010","http://dati.camera.it/ocd/deputato.rdf/d302422_19","CUPERLO","GIOVANNI","20221010",,"proporzionale","LOMBARDIA 1 - P01","PARTITO DEMOCRATICO - ITALIA DEMOCRATICA E PROGRESSISTA",
"http://dati.camera.it/ocd/mandatoCamera.rdf/mc19_302856_20221010","http://dati.camera.it/ocd/deputato.rdf/d302856_19","DE MICHELI","PAOLA","20221010",,"proporzionale","EMILIA-ROMAGNA - P01","PARTITO DEMOCRATICO - ITALIA DEMOCRATICA E PROGRESSISTA",
"http://dati.camera.it/ocd/mandatoCamera.rdf/mc19_302856_20221010","http://dati.camera.it/ocd/deputato.rdf/d302856_19","DE MICHELI","PAOLA","20221010",,"proporzionale","EMILIA-ROMAGNA - P01","PARTITO DEMOCRATICO - ITALIA DEMOCRATICA E PROGRESSISTA",
"http://dati.camera.it/ocd/mandatoCamera.rdf/mc19_306379_20221010","http://dati.camera.it/ocd/deputato.rdf/d306379_19","DE MONTE","ISABELLA","20221010",,"proporzionale","FRIULI-VENEZIA GIULIA - P01","AZIONE - ITALIA VIVA - CALENDA",
"http://dati.camera.it/ocd/mandatoCamera.rdf/mc19_306379_20221010","http://dati.camera.it/ocd/deputato.rdf/d306379_19","DE MONTE","ISABELLA","20221010",,"proporzionale","FRIULI-VENEZIA GIULIA - P01","AZIONE - ITALIA VIVA - CALENDA",
"http://dati.camera.it/ocd/mandatoCamera.rdf/mc19_306382_20221010","http://dati.camera.it/ocd/deputato.rdf/d306382_19","DEL BARBA","MAURO","20221010",,"proporzionale","LOMBARDIA 4 - P01","AZIONE - ITALIA VIVA - CALENDA",
"http://dati.camera.it/ocd/mandatoCamera.rdf/mc19_306382_20221010","http://dati.camera.it/ocd/deputato.rdf/d306382_19","DEL BARBA","MAURO","20221010",,"proporzionale","LOMBARDIA 4 - P01","AZIONE - ITALIA VIVA - CALENDA",
"http://dati.camera.it/ocd/mandatoCamera.rdf/mc19_308888_20221010","http://dati.camera.it/ocd/deputato.rdf/d308888_19","DI MAGGIO","GRAZIA","20221010",,"proporzionale","LOMBARDIA 1 - P02","FRATELLI D'ITALIA CON GIORGIA MELONI",
"http://dati.camera.it/ocd/mandatoCamera.rdf/mc19_308888_20221010","http://dati.camera.it/ocd/deputato.rdf/d308888_19","DI MAGGIO","GRAZIA","20221010",,"proporzionale","LOMBARDIA 1 - P02","FRATELLI D'ITALIA CON GIORGIA MELONI",
"http://dati.camera.it/ocd/mandatoCamera.rdf/mc19_307634_20221010","http://dati.camera.it/ocd/deputato.rdf/d307634_19","DORI","DEVIS","20221010",,"proporzionale","LOMBARDIA 2 - P02","ALLEANZA VERDI E SINISTRA",
"http://dati.camera.it/ocd/mandatoCamera.rdf/mc19_307634_20221010","http://dati.camera.it/ocd/deputato.rdf/d307634_19","DORI","DEVIS","20221010",,"proporzionale","LOMBARDIA 2 - P02","ALLEANZA VERDI E SINISTRA",
"http://dati.camera.it/ocd/mandatoCamera.rdf/mc19_308893_20221010","http://dati.camera.it/ocd/deputato.rdf/d308893_19","EVI","ELEONORA","20221010",,"proporzionale","LOMBARDIA 1 - P01","ALLEANZA VERDI E SINISTRA",
"http://dati.camera.it/ocd/mandatoCamera.rdf/mc19_308893_20221010","http://dati.camera.it/ocd/deputato.rdf/d308893_19","EVI","ELEONORA","20221010",,"proporzionale","LOMBARDIA 1 - P01","ALLEANZA VERDI E SINISTRA",
"http://dati.camera.it/ocd/mandatoCamera.rdf/mc19_308916_20221010","http://dati.camera.it/ocd/deputato.rdf/d308916_19","FORATTINI","ANTONELLA","20221010",,"proporzionale","LOMBARDIA 4 - P01","PARTITO DEMOCRATICO - ITALIA DEMOCRATICA E PROGRESSISTA",
"http://dati.camera.it/ocd/mandatoCamera.rdf/mc19_308916_20221010","http://dati.camera.it/ocd/deputato.rdf/d308916_19","FORATTINI","ANTONELLA","20221010",,"proporzionale","LOMBARDIA 4 - P01","PARTITO DEMOCRATICO - ITALIA DEMOCRATICA E PROGRESSISTA",
"http://dati.camera.it/ocd/mandatoCamera.rdf/mc19_307602_20221010","http://dati.camera.it/ocd/deputato.rdf/d307602_19","FORMENTINI","PAOLO","20221010",,"proporzionale","LOMBARDIA 3 - P02","LEGA PER SALVINI PREMIER",
"http://dati.camera.it/ocd/mandatoCamera.rdf/mc19_307602_20221010","http://dati.camera.it/ocd/deputato.rdf/d307602_19","FORMENTINI","PAOLO","20221010",,"proporzionale","LOMBARDIA 3 - P02","LEGA PER SALVINI PREMIER",
"http://dati.camera.it/ocd/mandatoCamera.rdf/mc19_305553_20221010","http://dati.camera.it/ocd/deputato.rdf/d305553_19","GADDA","MARIA CHIARA","20221010",,"proporzionale","LOMBARDIA 2 - P02","AZIONE - ITALIA VIVA - CALENDA",
"http://dati.camera.it/ocd/mandatoCamera.rdf/mc19_305553_20221010","http://dati.camera.it/ocd/deputato.rdf/d305553_19","GADDA","MARIA CHIARA","20221010",,"proporzionale","LOMBARDIA 2 - P02","AZIONE - ITALIA VIVA - CALENDA",
"http://dati.camera.it/ocd/mandatoCamera.rdf/mc19_308912_20221010","http://dati.camera.it/ocd/deputato.rdf/d308912_19","GIRELLI","GIAN ANTONIO","20221010",,"proporzionale","LOMBARDIA 3 - P02","PARTITO DEMOCRATICO - ITALIA DEMOCRATICA E PROGRESSISTA",
"http://dati.camera.it/ocd/mandatoCamera.rdf/mc19_308912_20221010","http://dati.camera.it/ocd/deputato.rdf/d308912_19","GIRELLI","GIAN ANTONIO","20221010",,"proporzionale","LOMBARDIA 3 - P02","PARTITO DEMOCRATICO - ITALIA DEMOCRATICA E PROGRESSISTA",
"http://dati.camera.it/ocd/mandatoCamera.rdf/mc19_308932_20221010","http://dati.camera.it/ocd/deputato.rdf/d308932_19","GNASSI","ANDREA","20221010",,"proporzionale","EMILIA-ROMAGNA - P03","PARTITO DEMOCRATICO - ITALIA DEMOCRATICA E PROGRESSISTA",
"http://dati.camera.it/ocd/mandatoCamera.rdf/mc19_308932_20221010","http://dati.camera.it/ocd/deputato.rdf/d308932_19","GNASSI","ANDREA","20221010",,"proporzionale","EMILIA-ROMAGNA - P03","PARTITO DEMOCRATICO - ITALIA DEMOCRATICA E PROGRESSISTA",
"http://dati.camera.it/ocd/mandatoCamera.rdf/mc19_308924_20221010","http://dati.camera.it/ocd/deputato.rdf/d308924_19","GRUPPIONI","NAIKE","20221010",,"proporzionale","EMILIA-ROMAGNA - P02","AZIONE - ITALIA VIVA - CALENDA",
"http://dati.camera.it/ocd/mandatoCamera.rdf/mc19_308924_20221010","http://dati.camera.it/ocd/deputato.rdf/d308924_19","GRUPPIONI","NAIKE","20221010",,"proporzionale","EMILIA-ROMAGNA - P02","AZIONE - ITALIA VIVA - CALENDA",
"http://dati.camera.it/ocd/mandatoCamera.rdf/mc19_305624_20221010","http://dati.camera.it/ocd/deputato.rdf/d305624_19","GUERINI","LORENZO","20221010",,"proporzionale","LOMBARDIA 4 - P01","PARTITO DEMOCRATICO - ITALIA DEMOCRATICA E PROGRESSISTA",
"http://dati.camera.it/ocd/mandatoCamera.rdf/mc19_305624_20221010","http://dati.camera.it/ocd/deputato.rdf/d305624_19","GUERINI","LORENZO","20221010",,"proporzionale","LOMBARDIA 4 - P01","PARTITO DEMOCRATICO - ITALIA DEMOCRATICA E PROGRESSISTA",
"http://dati.camera.it/ocd/mandatoCamera.rdf/mc19_307641_20221010","http://dati.camera.it/ocd/deputato.rdf/d307641_19","IEZZI","IGOR GIANCARLO","20221010",,"proporzionale","LOMBARDIA 1 - P01","LEGA PER SALVINI PREMIER",
"http://dati.camera.it/ocd/mandatoCamera.rdf/mc19_307641_20221010","http://dati.camera.it/ocd/deputato.rdf/d307641_19","IEZZI","IGOR GIANCARLO","20221010",,"proporzionale","LOMBARDIA 1 - P01","LEGA PER SALVINI PREMIER",
"http://dati.camera.it/ocd/mandatoCamera.rdf/mc19_308904_20221010","http://dati.camera.it/ocd/deputato.rdf/d308904_19","KELANY","SARA","20221010",,"proporzionale","LOMBARDIA 2 - P02","FRATELLI D'ITALIA CON GIORGIA MELONI",
"http://dati.camera.it/ocd/mandatoCamera.rdf/mc19_308904_20221010","http://dati.camera.it/ocd/deputato.rdf/d308904_19","KELANY","SARA","20221010",,"proporzionale","LOMBARDIA 2 - P02","FRATELLI D'ITALIA CON GIORGIA MELONI",
"http://dati.camera.it/ocd/mandatoCamera.rdf/mc19_308920_20221010","http://dati.camera.it/ocd/deputato.rdf/d308920_19","LANCELLOTTA","ELISABETTA CHRISTIANA","20221010",,"proporzionale","MOLISE - P01","FRATELLI D'ITALIA CON GIORGIA MELONI",
"http://dati.camera.it/ocd/mandatoCamera.rdf/mc19_308920_20221010","http://dati.camera.it/ocd/deputato.rdf/d308920_19","LANCELLOTTA","ELISABETTA CHRISTIANA","20221010",,"proporzionale","MOLISE - P01","FRATELLI D'ITALIA CON GIORGIA MELONI",
"http://dati.camera.it/ocd/mandatoCamera.rdf/mc19_307829_20221010","http://dati.camera.it/ocd/deputato.rdf/d307829_19","LOMUTI","ARNALDO","20221010",,"proporzionale","BASILICATA - P01","MOVIMENTO 5 STELLE",
"http://dati.camera.it/ocd/mandatoCamera.rdf/mc19_307829_20221010","http://dati.camera.it/ocd/deputato.rdf/d307829_19","LOMUTI","ARNALDO","20221010",,"proporzionale","BASILICATA - P01","MOVIMENTO 5 STELLE",
"http://dati.camera.it/ocd/mandatoCamera.rdf/mc19_308940_20221010","http://dati.camera.it/ocd/deputato.rdf/d308940_19","LOPERFIDO","EMANUELE","20221010",,"proporzionale","FRIULI-VENEZIA GIULIA - P01","FRATELLI D'ITALIA CON GIORGIA MELONI",
"http://dati.camera.it/ocd/mandatoCamera.rdf/mc19_308940_20221010","http://dati.camera.it/ocd/deputato.rdf/d308940_19","LOPERFIDO","EMANUELE","20221010",,"proporzionale","FRIULI-VENEZIA GIULIA - P01","FRATELLI D'ITALIA CON GIORGIA MELONI",
"http://dati.camera.it/ocd/mandatoCamera.rdf/mc19_307340_20221010","http://dati.camera.it/ocd/deputato.rdf/d307340_19","LUCASELLI","YLENJA","20221010",,"proporzionale","EMILIA-ROMAGNA - P01","FRATELLI D'ITALIA CON GIORGIA MELONI",
"http://dati.camera.it/ocd/mandatoCamera.rdf/mc19_307340_20221010","http://dati.camera.it/ocd/deputato.rdf/d307340_19","LUCASELLI","YLENJA","20221010",,"proporzionale","EMILIA-ROMAGNA - P01","FRATELLI D'ITALIA CON GIORGIA MELONI",
"http://dati.camera.it/ocd/mandatoCamera.rdf/mc19_308914_20221010","http://dati.camera.it/ocd/deputato.rdf/d308914_19","MACCARI","CARLO","20221010",,"proporzionale","LOMBARDIA 4 - P01","FRATELLI D'ITALIA CON GIORGIA MELONI",
"http://dati.camera.it/ocd/mandatoCamera.rdf/mc19_308914_20221010","http://dati.camera.it/ocd/deputato.rdf/d308914_19","MACCARI","CARLO","20221010",,"proporzionale","LOMBARDIA 4 - P01","FRATELLI D'ITALIA CON GIORGIA MELONI",
"http://dati.camera.it/ocd/mandatoCamera.rdf/mc19_308905_20221010","http://dati.camera.it/ocd/deputato.rdf/d308905_19","MAERNA","NOVO UMBERTO","20221010",,"proporzionale","LOMBARDIA 2 - P02","FRATELLI D'ITALIA CON GIORGIA MELONI",
"http://dati.camera.it/ocd/mandatoCamera.rdf/mc19_308905_20221010","http://dati.camera.it/ocd/deputato.rdf/d308905_19","MAERNA","NOVO UMBERTO","20221010",,"proporzionale","LOMBARDIA 2 - P02","FRATELLI D'ITALIA CON GIORGIA MELONI",
"http://dati.camera.it/ocd/mandatoCamera.rdf/mc19_308886_20221010","http://dati.camera.it/ocd/deputato.rdf/d308886_19","MALAGOLA","LORENZO","20221010",,"proporzionale","LOMBARDIA 1 - P01","FRATELLI D'ITALIA CON GIORGIA MELONI",
"http://dati.camera.it/ocd/mandatoCamera.rdf/mc19_308886_20221010","http://dati.camera.it/ocd/deputato.rdf/d308886_19","MALAGOLA","LORENZO","20221010",,"proporzionale","LOMBARDIA 1 - P01","FRATELLI D'ITALIA CON GIORGIA MELONI",
"http://dati.camera.it/ocd/mandatoCamera.rdf/mc19_308903_20221010","http://dati.camera.it/ocd/deputato.rdf/d308903_19","MASCARETTI","ANDREA","20221010",,"proporzionale","LOMBARDIA 2 - P01","FRATELLI D'ITALIA CON GIORGIA MELONI",
"http://dati.camera.it/ocd/mandatoCamera.rdf/mc19_308903_20221010","http://dati.camera.it/ocd/deputato.rdf/d308903_19","MASCARETTI","ANDREA","20221010",,"proporzionale","LOMBARDIA 2 - P01","FRATELLI D'ITALIA CON GIORGIA MELONI",
"http://dati.camera.it/ocd/mandatoCamera.rdf/mc19_308941_20221010","http://dati.camera.it/ocd/deputato.rdf/d308941_19","MATTEONI","NICOLE","20221010",,"proporzionale","FRIULI-VENEZIA GIULIA - P01","FRATELLI D'ITALIA CON GIORGIA MELONI",
"http://dati.camera.it/ocd/mandatoCamera.rdf/mc19_308941_20221010","http://dati.camera.it/ocd/deputato.rdf/d308941_19","MATTEONI","NICOLE","20221010",,"proporzionale","FRIULI-VENEZIA GIULIA - P01","FRATELLI D'ITALIA CON GIORGIA MELONI",
"http://dati.camera.it/ocd/mandatoCamera.rdf/mc19_308939_20221010","http://dati.camera.it/ocd/deputato.rdf/d308939_19","MATTIA","ALDO","20221010",,"proporzionale","BASILICATA - P01","FRATELLI D'ITALIA CON GIORGIA MELONI",
"http://dati.camera.it/ocd/mandatoCamera.rdf/mc19_308939_20221010","http://dati.camera.it/ocd/deputato.rdf/d308939_19","MATTIA","ALDO","20221010",,"proporzionale","BASILICATA - P01","FRATELLI D'ITALIA CON GIORGIA MELONI",
"http://dati.camera.it/ocd/mandatoCamera.rdf/mc19_308885_20221010","http://dati.camera.it/ocd/deputato.rdf/d308885_19","MAULLU","STEFANO GIOVANNI","20221010",,"proporzionale","LOMBARDIA 1 - P01","FRATELLI D'ITALIA CON GIORGIA MELONI",
"http://dati.camera.it/ocd/mandatoCamera.rdf/mc19_308885_20221010","http://dati.camera.it/ocd/deputato.rdf/d308885_19","MAULLU","STEFANO GIOVANNI","20221010",,"proporzionale","LOMBARDIA 1 - P01","FRATELLI D'ITALIA CON GIORGIA MELONI",
"http://dati.camera.it/ocd/mandatoCamera.rdf/mc19_306176_20221010","http://dati.camera.it/ocd/deputato.rdf/d306176_19","MAURI","MATTEO","20221010",,"proporzionale","LOMBARDIA 1 - P02","PARTITO DEMOCRATICO - ITALIA DEMOCRATICA E PROGRESSISTA",
"http://dati.camera.it/ocd/mandatoCamera.rdf/mc19_306176_20221010","http://dati.camera.it/ocd/deputato.rdf/d306176_19","MAURI","MATTEO","20221010",,"proporzionale","LOMBARDIA 1 - P02","PARTITO DEMOCRATICO - ITALIA DEMOCRATICA E PROGRESSISTA",
"http://dati.camera.it/ocd/mandatoCamera.rdf/mc19_300299_20221010","http://dati.camera.it/ocd/deputato.rdf/d300299_19","ORSINI","ANDREA GIORGIO FELICE MARIA","20221010",,"proporzionale","LOMBARDIA 4 - P01","FORZA ITALIA",
"http://dati.camera.it/ocd/mandatoCamera.rdf/mc19_300299_20221010","http://dati.camera.it/ocd/deputato.rdf/d300299_19","ORSINI","ANDREA GIORGIO FELICE MARIA","20221010",,"proporzionale","LOMBARDIA 4 - P01","FORZA ITALIA",
"http://dati.camera.it/ocd/mandatoCamera.rdf/mc19_308895_20221010","http://dati.camera.it/ocd/deputato.rdf/d308895_19","PASTORELLA","GIULIA","20221010",,"proporzionale","LOMBARDIA 1 - P01","AZIONE - ITALIA VIVA - CALENDA",
"http://dati.camera.it/ocd/mandatoCamera.rdf/mc19_308895_20221010","http://dati.camera.it/ocd/deputato.rdf/d308895_19","PASTORELLA","GIULIA","20221010",,"proporzionale","LOMBARDIA 1 - P01","AZIONE - ITALIA VIVA - CALENDA",
"http://dati.camera.it/ocd/mandatoCamera.rdf/mc19_308221_20221010","http://dati.camera.it/ocd/deputato.rdf/d308221_19","PAVANELLI","EMMA","20221010",,"proporzionale","UMBRIA - P01","MOVIMENTO 5 STELLE",
"http://dati.camera.it/ocd/mandatoCamera.rdf/mc19_308221_20221010","http://dati.camera.it/ocd/deputato.rdf/d308221_19","PAVANELLI","EMMA","20221010",,"proporzionale","UMBRIA - P01","MOVIMENTO 5 STELLE",
"http://dati.camera.it/ocd/mandatoCamera.rdf/mc19_302746_20221010","http://dati.camera.it/ocd/deputato.rdf/d302746_19","PELUFFO","VINICIO GIUSEPPE GUIDO","20221010",,"proporzionale","LOMBARDIA 3 - P01","PARTITO DEMOCRATICO - ITALIA DEMOCRATICA E PROGRESSISTA",
"http://dati.camera.it/ocd/mandatoCamera.rdf/mc19_302746_20221010","http://dati.camera.it/ocd/deputato.rdf/d302746_19","PELUFFO","VINICIO GIUSEPPE GUIDO","20221010",,"proporzionale","LOMBARDIA 3 - P01","PARTITO DEMOCRATICO - ITALIA DEMOCRATICA E PROGRESSISTA",
"http://dati.camera.it/ocd/mandatoCamera.rdf/mc19_308889_20221010","http://dati.camera.it/ocd/deputato.rdf/d308889_19","PIETRELLA","FABIO","20221010",,"proporzionale","LOMBARDIA 1 - P02","FRATELLI D'ITALIA CON GIORGIA MELONI",
"http://dati.camera.it/ocd/mandatoCamera.rdf/mc19_308889_20221010","http://dati.camera.it/ocd/deputato.rdf/d308889_19","PIETRELLA","FABIO","20221010",,"proporzionale","LOMBARDIA 1 - P02","FRATELLI D'ITALIA CON GIORGIA MELONI",
"http://dati.camera.it/ocd/mandatoCamera.rdf/mc19_308942_20221010","http://dati.camera.it/ocd/deputato.rdf/d308942_19","PIZZIMENTI","GRAZIANO","20221010",,"proporzionale","FRIULI-VENEZIA GIULIA - P01","LEGA PER SALVINI PREMIER",
"http://dati.camera.it/ocd/mandatoCamera.rdf/mc19_308942_20221010","http://dati.camera.it/ocd/deputato.rdf/d308942_19","PIZZIMENTI","GRAZIANO","20221010",,"proporzionale","FRIULI-VENEZIA GIULIA - P01","LEGA PER SALVINI PREMIER",
"http://dati.camera.it/ocd/mandatoCamera.rdf/mc19_302968_20221010","http://dati.camera.it/ocd/deputato.rdf/d302968_19","POLIDORI","CATIA","20221010",,"proporzionale","UMBRIA - P01","FORZA ITALIA",
"http://dati.camera.it/ocd/mandatoCamera.rdf/mc19_302968_20221010","http://dati.camera.it/ocd/deputato.rdf/d302968_19","POLIDORI","CATIA","20221010",,"proporzionale","UMBRIA - P01","FORZA ITALIA",
"http://dati.camera.it/ocd/mandatoCamera.rdf/mc19_307452_20221010","http://dati.camera.it/ocd/deputato.rdf/d307452_19","PRISCO","EMANUELE","20221010",,"proporzionale","UMBRIA - P01","FRATELLI D'ITALIA CON GIORGIA MELONI",
"http://dati.camera.it/ocd/mandatoCamera.rdf/mc19_307452_20221010","http://dati.camera.it/ocd/deputato.rdf/d307452_19","PRISCO","EMANUELE","20221010",,"proporzionale","UMBRIA - P01","FRATELLI D'ITALIA CON GIORGIA MELONI",
"http://dati.camera.it/ocd/mandatoCamera.rdf/mc19_306189_20221010","http://dati.camera.it/ocd/deputato.rdf/d306189_19","QUARTAPELLE PROCOPIO","LIA","20221010",,"proporzionale","LOMBARDIA 1 - P01","PARTITO DEMOCRATICO - ITALIA DEMOCRATICA E PROGRESSISTA",
"http://dati.camera.it/ocd/mandatoCamera.rdf/mc19_306189_20221010","http://dati.camera.it/ocd/deputato.rdf/d306189_19","QUARTAPELLE PROCOPIO","LIA","20221010",,"proporzionale","LOMBARDIA 1 - P01","PARTITO DEMOCRATICO - ITALIA DEMOCRATICA E PROGRESSISTA",
"http://dati.camera.it/ocd/mandatoCamera.rdf/mc19_305708_20221010","http://dati.camera.it/ocd/deputato.rdf/d305708_19","RICHETTI","MATTEO","20221010",,"proporzionale","EMILIA-ROMAGNA - P01","AZIONE - ITALIA VIVA - CALENDA",
"http://dati.camera.it/ocd/mandatoCamera.rdf/mc19_305708_20221010","http://dati.camera.it/ocd/deputato.rdf/d305708_19","RICHETTI","MATTEO","20221010",,"proporzionale","EMILIA-ROMAGNA - P01","AZIONE - ITALIA VIVA - CALENDA",
"http://dati.camera.it/ocd/mandatoCamera.rdf/mc19_308891_20221010","http://dati.camera.it/ocd/deputato.rdf/d308891_19","ROGGIANI","SILVIA","20221010",,"proporzionale","LOMBARDIA 1 - P02","PARTITO DEMOCRATICO - ITALIA DEMOCRATICA E PROGRESSISTA",
"http://dati.camera.it/ocd/mandatoCamera.rdf/mc19_308891_20221010","http://dati.camera.it/ocd/deputato.rdf/d308891_19","ROGGIANI","SILVIA","20221010",,"proporzionale","LOMBARDIA 1 - P02","PARTITO DEMOCRATICO - ITALIA DEMOCRATICA E PROGRESSISTA",
"http://dati.camera.it/ocd/mandatoCamera.rdf/mc19_307306_20221010","http://dati.camera.it/ocd/deputato.rdf/d307306_19","ROSSI","ANDREA","20221010",,"proporzionale","EMILIA-ROMAGNA - P01","PARTITO DEMOCRATICO - ITALIA DEMOCRATICA E PROGRESSISTA",
"http://dati.camera.it/ocd/mandatoCamera.rdf/mc19_307306_20221010","http://dati.camera.it/ocd/deputato.rdf/d307306_19","ROSSI","ANDREA","20221010",,"proporzionale","EMILIA-ROMAGNA - P01","PARTITO DEMOCRATICO - ITALIA DEMOCRATICA E PROGRESSISTA",
"http://dati.camera.it/ocd/mandatoCamera.rdf/mc19_308927_20221010","http://dati.camera.it/ocd/deputato.rdf/d308927_19","RUSSO","GAETANA","20221010",,"proporzionale","EMILIA-ROMAGNA - P01","FRATELLI D'ITALIA CON GIORGIA MELONI",
"http://dati.camera.it/ocd/mandatoCamera.rdf/mc19_308927_20221010","http://dati.camera.it/ocd/deputato.rdf/d308927_19","RUSSO","GAETANA","20221010",,"proporzionale","EMILIA-ROMAGNA - P01","FRATELLI D'ITALIA CON GIORGIA MELONI",
"http://dati.camera.it/ocd/mandatoCamera.rdf/mc19_308882_20221010","http://dati.camera.it/ocd/deputato.rdf/d308882_19","SALA","FABRIZIO","20221010",,"proporzionale","LOMBARDIA 1 - P02","FORZA ITALIA",
"http://dati.camera.it/ocd/mandatoCamera.rdf/mc19_308882_20221010","http://dati.camera.it/ocd/deputato.rdf/d308882_19","SALA","FABRIZIO","20221010",,"proporzionale","LOMBARDIA 1 - P02","FORZA ITALIA",
"http://dati.camera.it/ocd/mandatoCamera.rdf/mc19_308908_20221010","http://dati.camera.it/ocd/deputato.rdf/d308908_19","SBARDELLA","LUCA","20221010",,"proporzionale","LOMBARDIA 3 - P02","FRATELLI D'ITALIA CON GIORGIA MELONI",
"http://dati.camera.it/ocd/mandatoCamera.rdf/mc19_308908_20221010","http://dati.camera.it/ocd/deputato.rdf/d308908_19","SBARDELLA","LUCA","20221010",,"proporzionale","LOMBARDIA 3 - P02","FRATELLI D'ITALIA CON GIORGIA MELONI",
"http://dati.camera.it/ocd/mandatoCamera.rdf/mc19_308930_20221010","http://dati.camera.it/ocd/deputato.rdf/d308930_19","SCHLEIN","ELENA ETHEL","20221010",,"proporzionale","EMILIA-ROMAGNA - P02","PARTITO DEMOCRATICO - ITALIA DEMOCRATICA E PROGRESSISTA",
"http://dati.camera.it/ocd/mandatoCamera.rdf/mc19_308930_20221010","http://dati.camera.it/ocd/deputato.rdf/d308930_19","SCHLEIN","ELENA ETHEL","20221010",,"proporzionale","EMILIA-ROMAGNA - P02","PARTITO DEMOCRATICO - ITALIA DEMOCRATICA E PROGRESSISTA",
"http://dati.camera.it/ocd/mandatoCamera.rdf/mc19_307374_20221010","http://dati.camera.it/ocd/deputato.rdf/d307374_19","SERRACCHIANI","DEBORA","20221010",,"proporzionale","FRIULI-VENEZIA GIULIA - P01","PARTITO DEMOCRATICO - ITALIA DEMOCRATICA E PROGRESSISTA",
"http://dati.camera.it/ocd/mandatoCamera.rdf/mc19_307374_20221010","http://dati.camera.it/ocd/deputato.rdf/d307374_19","SERRACCHIANI","DEBORA","20221010",,"proporzionale","FRIULI-VENEZIA GIULIA - P01","PARTITO DEMOCRATICO - ITALIA DEMOCRATICA E PROGRESSISTA",
"http://dati.camera.it/ocd/mandatoCamera.rdf/mc19_308929_20221010","http://dati.camera.it/ocd/deputato.rdf/d308929_19","SOUMAHORO","ABOUBAKAR","20221010",,"proporzionale","EMILIA-ROMAGNA - P02","ALLEANZA VERDI E SINISTRA",
"http://dati.camera.it/ocd/mandatoCamera.rdf/mc19_308929_20221010","http://dati.camera.it/ocd/deputato.rdf/d308929_19","SOUMAHORO","ABOUBAKAR","20221010",,"proporzionale","EMILIA-ROMAGNA - P02","ALLEANZA VERDI E SINISTRA",
"http://dati.camera.it/ocd/mandatoCamera.rdf/mc19_306214_20221010","http://dati.camera.it/ocd/deputato.rdf/d306214_19","SQUERI","LUCA","20221010",,"proporzionale","LOMBARDIA 3 - P02","FORZA ITALIA",
"http://dati.camera.it/ocd/mandatoCamera.rdf/mc19_306214_20221010","http://dati.camera.it/ocd/deputato.rdf/d306214_19","SQUERI","LUCA","20221010",,"proporzionale","LOMBARDIA 3 - P02","FORZA ITALIA",
"http://dati.camera.it/ocd/mandatoCamera.rdf/mc19_308925_20221010","http://dati.camera.it/ocd/deputato.rdf/d308925_19","TASSINARI","ROSARIA","20221010",,"proporzionale","EMILIA-ROMAGNA - P03","FORZA ITALIA",
"http://dati.camera.it/ocd/mandatoCamera.rdf/mc19_308925_20221010","http://dati.camera.it/ocd/deputato.rdf/d308925_19","TASSINARI","ROSARIA","20221010",,"proporzionale","EMILIA-ROMAGNA - P03","FORZA ITALIA",
"http://dati.camera.it/ocd/mandatoCamera.rdf/mc19_307983_20221010","http://dati.camera.it/ocd/deputato.rdf/d307983_19","TOCCALINI","LUCA","20221010",,"proporzionale","LOMBARDIA 4 - P01","LEGA PER SALVINI PREMIER",
"http://dati.camera.it/ocd/mandatoCamera.rdf/mc19_307983_20221010","http://dati.camera.it/ocd/deputato.rdf/d307983_19","TOCCALINI","LUCA","20221010",,"proporzionale","LOMBARDIA 4 - P01","LEGA PER SALVINI PREMIER",
"http://dati.camera.it/ocd/mandatoCamera.rdf/mc19_308270_20221010","http://dati.camera.it/ocd/deputato.rdf/d308270_19","TODDE","ALESSANDRA","20221010","20240409","proporzionale","LOMBARDIA 2 - P01","MOVIMENTO 5 STELLE",
"http://dati.camera.it/ocd/mandatoCamera.rdf/mc19_308270_20221010","http://dati.camera.it/ocd/deputato.rdf/d308270_19","TODDE","ALESSANDRA","20221010","20240409","proporzionale","LOMBARDIA 2 - P01","MOVIMENTO 5 STELLE",
"http://dati.camera.it/ocd/mandatoCamera.rdf/mc19_308907_20221010","http://dati.camera.it/ocd/deputato.rdf/d308907_19","TREMAGLIA","ANDREA","20221010",,"proporzionale","LOMBARDIA 3 - P01","FRATELLI D'ITALIA CON GIORGIA MELONI",
"http://dati.camera.it/ocd/mandatoCamera.rdf/mc19_308907_20221010","http://dati.camera.it/ocd/deputato.rdf/d308907_19","TREMAGLIA","ANDREA","20221010",,"proporzionale","LOMBARDIA 3 - P01","FRATELLI D'ITALIA CON GIORGIA MELONI",
"http://dati.camera.it/ocd/mandatoCamera.rdf/mc19_39130_20221010","http://dati.camera.it/ocd/deputato.rdf/d39130_19","TREMONTI","GIULIO CARLO DANILO","20221010",,"proporzionale","LOMBARDIA 1 - P02","FRATELLI D'ITALIA CON GIORGIA MELONI",
"http://dati.camera.it/ocd/mandatoCamera.rdf/mc19_39130_20221010","http://dati.camera.it/ocd/deputato.rdf/d39130_19","TREMONTI","GIULIO CARLO DANILO","20221010",,"proporzionale","LOMBARDIA 1 - P02","FRATELLI D'ITALIA CON GIORGIA MELONI",
"http://dati.camera.it/ocd/mandatoCamera.rdf/mc19_306497_20221010","http://dati.camera.it/ocd/deputato.rdf/d306497_19","VACCARI","STEFANO","20221010",,"proporzionale","EMILIA-ROMAGNA - P02","PARTITO DEMOCRATICO - ITALIA DEMOCRATICA E PROGRESSISTA",
"http://dati.camera.it/ocd/mandatoCamera.rdf/mc19_306497_20221010","http://dati.camera.it/ocd/deputato.rdf/d306497_19","VACCARI","STEFANO","20221010",,"proporzionale","EMILIA-ROMAGNA - P02","PARTITO DEMOCRATICO - ITALIA DEMOCRATICA E PROGRESSISTA",
"http://dati.camera.it/ocd/mandatoCamera.rdf/mc19_307334_20221010","http://dati.camera.it/ocd/deputato.rdf/d307334_19","VINCI","GIANLUCA","20221010",,"proporzionale","EMILIA-ROMAGNA - P02","FRATELLI D'ITALIA CON GIORGIA MELONI",
"http://dati.camera.it/ocd/mandatoCamera.rdf/mc19_307334_20221010","http://dati.camera.it/ocd/deputato.rdf/d307334_19","VINCI","GIANLUCA","20221010",,"proporzionale","EMILIA-ROMAGNA - P02","FRATELLI D'ITALIA CON GIORGIA MELONI",
"http://dati.camera.it/ocd/mandatoCamera.rdf/mc19_307616_20221010","http://dati.camera.it/ocd/deputato.rdf/d307616_19","ZOFFILI","EUGENIO","20221010",,"proporzionale","LOMBARDIA 2 - P02","LEGA PER SALVINI PREMIER",
"http://dati.camera.it/ocd/mandatoCamera.rdf/mc19_307616_20221010","http://dati.camera.it/ocd/deputato.rdf/d307616_19","ZOFFILI","EUGENIO","20221010",,"proporzionale","LOMBARDIA 2 - P02","LEGA PER SALVINI PREMIER",
"http://dati.camera.it/ocd/mandatoCamera.rdf/mc19_309140_20240409","http://dati.camera.it/ocd/deputato.rdf/d309140_19","FERRARA","ANTONIO","20240409",,"proporzionale","LOMBARDIA 2 - P01","MOVIMENTO 5 STELLE","nodeID://b10003880083784248"
"http://dati.camera.it/ocd/mandatoCamera.rdf/mc19_309161_20240709","http://dati.camera.it/ocd/deputato.rdf/d309161_19","BOSCAINI","MARIA PAOLA","20240709",,"proporzionale","VENETO 2 - P03","FORZA ITALIA","nodeID://b10003876390523517"
"http://dati.camera.it/ocd/mandatoCamera.rdf/mc19_307430_20240709","http://dati.camera.it/ocd/deputato.rdf/d307430_19","PRESTIPINO","PATRIZIA","20240709",,"proporzionale","LAZIO 1 - P01","PARTITO DEMOCRATICO - ITALIA DEMOCRATICA E PROGRESSISTA","nodeID://b10003873325381263"
"http://dati.camera.it/ocd/mandatoCamera.rdf/mc19_309160_20240709","http://dati.camera.it/ocd/deputato.rdf/d309160_19","ROMEO","NADIA","20240709",,"proporzionale","VENETO 2 - P01","PARTITO DEMOCRATICO - ITALIA DEMOCRATICA E PROGRESSISTA","nodeID://b10003878325508752"
"http://dati.camera.it/ocd/mandatoCamera.rdf/mc19_309200_20241202","http://dati.camera.it/ocd/deputato.rdf/d309200_19","GABELLONE","ANTONIO MARIA","20241202",,"proporzionale","PUGLIA - P04","FRATELLI D'ITALIA CON GIORGIA MELONI","nodeID://b10003877793078801"
"http://dati.camera.it/ocd/mandatoCamera.rdf/mc19_306395_20241220","http://dati.camera.it/ocd/deputato.rdf/d306395_19","FILIPPIN","ROSANNA","20241220",,"proporzionale","VENETO 2 - P02","PARTITO DEMOCRATICO - ITALIA DEMOCRATICA E PROGRESSISTA","nodeID://b10003874449833238"
"http://dati.camera.it/ocd/mandatoCamera.rdf/mc19_309220_20250107","http://dati.camera.it/ocd/deputato.rdf/d309220_19","PANDOLFO","ALBERTO","20250107",,"proporzionale","LIGURIA - P01","PARTITO DEMOCRATICO - ITALIA DEMOCRATICA E PROGRESSISTA","nodeID://b10003872178638014"
"http://dati.camera.it/ocd/mandatoCamera.rdf/mc19_308620_20250312","http://dati.camera.it/ocd/deputato.rdf/d308620_19","GENTILE","ANDREA","20250312",,"maggioritario","CALABRIA - P01",,
"http://dati.camera.it/ocd/mandatoCamera.rdf/mc19_308620_20250312","http://dati.camera.it/ocd/deputato.rdf/d308620_19","GENTILE","ANDREA","20250312",,"maggioritario","CALABRIA - P01",,
"http://dati.camera.it/ocd/mandatoCamera.rdf/mc19_307109_20250722","http://dati.camera.it/ocd/deputato.rdf/d307109_19","PERANTONI","MARIO","20250722",,"proporzionale","SARDEGNA - P01","MOVIMENTO 5 STELLE","nodeID://b29446545802584524"
"http://dati.camera.it/ocd/mandatoCamera.rdf/mc19_309260_20251203","http://dati.camera.it/ocd/deputato.rdf/d309260_19","GORI","IRENE","20251203",,"proporzionale","TOSCANA - P01","FRATELLI D'ITALIA CON GIORGIA MELONI","nodeID://b29446545557109959"
"http://dati.camera.it/ocd/mandatoCamera.rdf/mc19_309280_20260202","http://dati.camera.it/ocd/deputato.rdf/d309280_19","VIGGIANO","FRANCESCA","20260202",,"proporzionale","PUGLIA - P03","PARTITO DEMOCRATICO - ITALIA DEMOCRATICA E PROGRESSISTA","nodeID://b29446545206898984"
"http://dati.camera.it/ocd/mandatoCamera.rdf/mc19_309300_20260325","http://dati.camera.it/ocd/deputato.rdf/d309300_19","MAFFIOLI","MANUELA","20260325",,"proporzionale","LOMBARDIA 2 - P01","LEGA PER SALVINI PREMIER","nodeID://b30655890552604631"
"http://dati.camera.it/ocd/mandatoCamera.rdf/mc19_309321_20260326","http://dati.camera.it/ocd/deputato.rdf/d309321_19","CENTENARO","GIULIO","20260326",,"maggioritario suppletiva","VENETO 2",,"nodeID://b36959566240147243"
"http://dati.camera.it/ocd/mandatoCamera.rdf/mc19_309320_20260326","http://dati.camera.it/ocd/deputato.rdf/d309320_19","DI RUBBA","ALBERTO","20260326",,"maggioritario suppletiva","VENETO 2",,"nodeID://b36959566534849800"
