sitting,vote_no,date,title,process_or_print,pis_yes,pis_no,pis_abstain,pis_absent,pis_majority_no,outcome,outcome_source,pis_members,pis_majority_no_of_voting,all_yes,all_no,all_abstain,veto_exempt,outcome_date,rozwojplus_yes,rozwojplus_no,rozwojplus_abstain,rozwojplus_absent
1,35,2023-11-29,"Pkt. 17 Sprawozdanie Komisji o poselskim projekcie ustawy o zmianie ustawy o ograniczeniu handlu w niedziele i święta oraz niektóre inne dni (druki nr 63, 67 i 67-A)",proc 63,179,0,0,12,no,signed,api.sejm.gov.pl term10/processes/63 stages,191,no,429,0,12,,2023-12-04,,,,
1,40,2023-11-29,Pkt. 22 Sprawozdanie Komisji o obywatelskim projekcie ustawy o zmianie ustawy o świadczeniach opieki zdrowotnej finansowanych ze środków publicznych (druki nr 31 i 69),proc 31,23,102,49,17,yes,signed,api.sejm.gov.pl term10/processes/31 stages,191,yes,268,118,50,,2023-12-15,,,,
1,89,2023-12-07,"Pkt. 33 Sprawozdanie Komisji o poselskim projekcie ustawy o zmianie ustaw w celu wsparcia odbiorców energii elektrycznej, paliw gazowych i ciepła oraz niektórych innych ustaw (druki nr 72, 72-A i 88)",proc 72,1,0,181,9,no,signed,api.sejm.gov.pl term10/processes/72 stages,191,no,247,1,197,,2023-12-15,,,,
1,107,2023-12-12,Pkt. 42 Sprawozdanie Komisji o poselskim projekcie ustawy o zmianie ustawy o doręczeniach elektronicznych (druki nr 92 i 94),proc 92,182,0,1,7,no,signed,api.sejm.gov.pl term10/processes/92 stages,190,no,431,12,5,,2023-12-15,,,,
1,120,2023-12-19,Pkt. 46 Sprawozdanie Komisji o poselskim projekcie ustawy o szczególnych rozwiązaniach w celu zachowania ważności niektórych orzeczeń o niepełnosprawności oraz orzeczeń o stopniu niepełnosprawności (druki nr 106 i 116),proc 106,77,0,0,114,no,signed,api.sejm.gov.pl term10/processes/106 stages,191,no,339,0,0,,2023-12-21,,,,
1,126,2023-12-20,Pkt. 30 Sprawozdanie Komisji o rządowym projekcie ustawy o zmianie ustawy o funkcjonowaniu górnictwa węgla kamiennego (druki nr 74 i 121),proc 74,86,0,0,105,no,signed,api.sejm.gov.pl term10/processes/74 stages,191,no,341,2,1,,2023-12-22,,,,
1,139,2023-12-21,Pkt. 55 Sprawozdanie Komisji o rządowym projekcie ustawy o zmianie ustawy o szczególnych rozwiązaniach służących realizacji ustawy budżetowej na rok 2023 (druki nr 127 i 130),proc 127,6,26,4,155,no,signed,api.sejm.gov.pl term10/processes/127 stages,191,yes,247,42,4,,2023-12-22,,,,
1,140,2023-12-21,"Pkt. 56 Sprawozdanie Komisji o rządowym projekcie ustawy o szczególnych rozwiązaniach służących realizacji ustawy budżetowej na rok 2024 (druki nr 128, 128-A, 128-B, 128-BA, 128-C i 131)",proc 128,3,5,11,172,no,vetoed,api.sejm.gov.pl term10/processes/128 stages,191,no,244,22,11,,2023-12-27,,,,
2,8,2024-01-16,"Pkt. 2 Sprawozdanie Komisji o rządowym projekcie ustawy o szczególnych rozwiązaniach służących realizacji ustawy budżetowej na rok 2024 (druki nr 142, 143 i 143-A)",proc 142,165,0,0,24,no,signed,api.sejm.gov.pl term10/processes/142 stages,189,no,408,15,0,,2024-01-31,,,,
2,10,2024-01-16,"Pkt. 3 Sprawozdanie Komisji o rządowym projekcie ustawy o zmianie ustawy - Przepisy wprowadzające ustawę - Prawo o szkolnictwie wyższym i nauce (druki nr 141, 141-A, 153 i 153-A)",proc 141,0,167,0,22,yes,signed,api.sejm.gov.pl term10/processes/141 stages,189,yes,241,185,0,,2024-01-31,,,,
3,15,2024-01-18,"Pkt. 2 Sprawozdanie Komisji o rządowym projekcie ustawy budżetowej na rok 2024 (druki nr 125, 144 i 144-A) - trzecie czytanie",proc 125,0,176,1,12,yes,signed,api.sejm.gov.pl term10/processes/125 stages,189,yes,240,191,3,budget act (Art. 224: no veto),2024-01-31,,,,
4,5,2024-01-26,Pkt. 5 Sprawozdanie Komisji o rządowym projekcie ustawy o zmianie ustawy o Narodowym Centrum Badań i Rozwoju oraz ustawy - Prawo o szkolnictwie wyższym i nauce (druki nr 171 i 181),proc 171,0,174,0,15,yes,signed,api.sejm.gov.pl term10/processes/171 stages,189,yes,240,177,17,,2024-02-19,,,,
5,28,2024-02-09,"Pkt. 9 Sprawozdanie Komisji o rządowym projekcie ustawy o zmianie ustawy o pomocy obywatelom Ukrainy w związku z konfliktem zbrojnym na terytorium tego państwa, ustawy o podatku dochodowym od osób fizycznych oraz ustawy o podatku dochodowym od osób prawnych (druki nr 188, 196 i 196-A)",proc 188,173,0,1,15,no,signed,api.sejm.gov.pl term10/processes/188 stages,189,no,414,15,1,,2024-02-19,,,,
6,8,2024-02-22,Pkt. 1 Sprawozdanie Komisji o rządowym projekcie ustawy o zmianie ustawy o Krajowej Sieci Onkologicznej (druki nr 199 i 200),proc 199,165,3,1,20,no,signed,api.sejm.gov.pl term10/processes/199 stages,189,no,400,3,18,,2024-03-18,,,,
6,14,2024-02-22,"Pkt. 9 Sprawozdanie Komisji o rządowym projekcie ustawy o zmianie ustawy - Prawo farmaceutyczne (druki nr 185, 197 i 197-A) - trzecie czytanie",proc 185,0,170,1,18,yes,vetoed,api.sejm.gov.pl term10/processes/185 stages,189,yes,224,196,1,,2024-03-29,,,,
7,11,2024-03-07,Pkt. 1 Sprawozdanie Komisji o poselskim projekcie ustawy o zmianie ustawy - Prawo pocztowe oraz ustawy o zmianie ustawy - Prawo pocztowe (druki nr 201 i 225),proc 201,181,0,0,8,no,signed,api.sejm.gov.pl term10/processes/201 stages,189,no,424,5,13,,2024-03-25,,,,
7,13,2024-03-07,"Pkt. 5 Sprawozdanie Komisji o rządowym projekcie ustawy o zmianie zakresu obowiązywania Traktatu o konwencjonalnych siłach zbrojnych w Europie, podpisanego w Paryżu dnia 19 listopada 1990 r. (druki nr 204 i 230)",proc 204,182,0,0,7,no,signed,api.sejm.gov.pl term10/processes/204 stages,189,no,435,5,0,,2024-03-28,,,,
8,7,2024-03-20,Pkt. 3 Sprawozdanie Komisji o rządowym projekcie ustawy o zmianie ustawy o rachunkowości oraz niektórych innych ustaw (druki nr 242 i 252),proc 242,177,0,0,12,no,signed,api.sejm.gov.pl term10/processes/242 stages,189,no,431,0,0,,2024-04-16,,,,
8,11,2024-03-20,"Pkt. 2 Sprawozdanie Komisji o:- poselskim projekcie ustawy o zmianie ustawy o konsumenckiej pożyczce lombardowej oraz o zmianie niektórych innych ustaw,- rządowym projekcie ustawy o zmianie ustawy - Kodeks cywilny oraz ustawy o kredycie konsumenckim (druki nr 208, 227, 250 i 250-A)",proc 208;proc 227,2,177,0,10,yes,signed,api.sejm.gov.pl term10/processes/208 stages; api.sejm.gov.pl term10/processes/227 stages,189,yes,255,180,0,,2024-04-25,,,,
9,6,2024-04-12,Pkt. 7 Sprawozdanie Komisji o poselskim projekcie ustawy o zmianie ustawy o samorządzie gminnym oraz ustawy - Kodeks wyborczy (druki nr 75 i 287),proc 75,180,0,0,9,no,signed,api.sejm.gov.pl term10/processes/75 stages,189,no,440,0,0,,2024-05-09,,,,
9,15,2024-04-12,"Pkt. 1 Sprawozdanie Komisji o rządowym projekcie ustawy o zmianie ustawy o Krajowej Radzie Sądownictwa (druki nr 219, 280 i 280-A)",proc 219,0,181,0,8,yes,"referred to Tribunal (Kp 2/24; President's request of 2024-08-01 per the Tribunal's communique, secondary/trybunal.gov.pl; no stage in the Sejm API)",api.sejm.gov.pl term10/processes/219 stages + secondary/trybunal_krs_komunikat.html,189,yes,244,199,0,,2024-08-01,,,,
9,18,2024-04-12,"Pkt. 2 Sprawozdanie Komisji o rządowym projekcie ustawy o zmianie ustawy o wsparciu kredytobiorców, którzy zaciągnęli kredyt mieszkaniowy i znajdują się w trudnej sytuacji finansowej oraz ustawy o finansowaniu społecznościowym dla przedsięwzięć gospodarczych i pomocy kredytobiorcom (druki nr 248 i 286)",proc 248,181,0,0,8,no,signed,api.sejm.gov.pl term10/processes/248 stages,189,no,424,14,4,,2024-05-02,,,,
9,21,2024-04-12,"Pkt. 5 Sprawozdanie Komisji o poselskim projekcie ustawy o uchyleniu ustawy z dnia 13 lipca 2023 r. o zmianie ustawy o ochronie zabytków i opiece nad zabytkami (druki nr 257, 285 i 285-A)",proc 257,0,180,0,9,yes,signed,api.sejm.gov.pl term10/processes/257 stages,189,yes,245,195,2,,2024-04-25,,,,
9,25,2024-04-12,"Pkt. 6 Sprawozdanie Komisji o rządowym projekcie ustawy o zapewnianiu spełniania wymagań dostępności niektórych produktów i usług przez podmioty gospodarcze (druki nr 241, 288 i 288-A)",proc 241,181,0,0,8,no,signed,api.sejm.gov.pl term10/processes/241 stages,189,no,428,14,0,,2024-05-09,,,,
9,26,2024-04-12,Pkt. 14 Sprawozdanie Komisji o rządowym projekcie ustawy o zmianie ustawy o ochronie zdrowia przed następstwami używania tytoniu i wyrobów tytoniowych (druki nr 277 i 290),proc 277,179,0,2,8,no,signed,api.sejm.gov.pl term10/processes/277 stages,189,no,426,14,2,,2024-04-25,,,,
9,27,2024-04-12,"Pkt. 15 Sprawozdanie Komisji o rządowym projekcie ustawy o ratyfikacji Protokołu między Rzecząpospolitą Polską a Ukrainą o zmianie Umowy między Rzecząpospolitą Polską a Ukrainą o pomocy prawnej i stosunkach prawnych w sprawach cywilnych i karnych z dnia 24 maja 1993 r., podpisanego w Warszawie dnia 19 września 2023 r. (druki nr 231 i 251)",proc 231,182,0,0,7,no,signed,api.sejm.gov.pl term10/processes/231 stages,189,no,443,0,0,,2024-04-25,,,,
10,8,2024-04-26,Pkt. 7 Sprawozdanie Komisji o rządowym projekcie ustawy o zmianie ustawy o wspieraniu rodziny i systemie pieczy zastępczej oraz ustawy o promocji zatrudnienia i instytucjach rynku pracy (druki nr 293 i 312),proc 293,174,0,0,15,no,signed,api.sejm.gov.pl term10/processes/293 stages,189,no,428,0,0,,2024-05-15,,,,
10,11,2024-04-26,"Pkt. 1 Sprawozdanie Komisji o rządowym projekcie ustawy o zmianie niektórych ustaw związanych z funkcjonowaniem administracji rządowej (druki nr 269, 269-A, 292 i 292-A)",proc 269,0,174,0,15,yes,signed,api.sejm.gov.pl term10/processes/269 stages,189,yes,234,193,0,,2024-06-03,,,,
10,13,2024-04-26,Pkt. 2 Sprawozdanie Komisji o poselskim projekcie ustawy o zmianie ustawy o mniejszościach narodowych i etnicznych oraz o języku regionalnym oraz niektórych innych ustaw (druki nr 233 i 289),proc 233,2,167,4,16,yes,vetoed,api.sejm.gov.pl term10/processes/233 stages,189,yes,236,186,5,,2024-05-28,,,,
10,15,2024-04-26,"Pkt. 3 Sprawozdanie Komisji o rządowym projekcie ustawy o zmianie ustawy o pomocy społecznej oraz niektórych innych ustaw (druki nr 274, 305 i 305-A)",proc 274,173,0,0,16,no,signed,api.sejm.gov.pl term10/processes/274 stages,189,no,410,17,0,,2024-05-15,,,,
11,13,2024-05-09,Pkt. 6 Sprawozdanie Komisji o rządowym projekcie ustawy o zmianie ustawy o Krajowej Administracji Skarbowej oraz niektórych innych ustaw (druki nr 268 i 335),proc 268,182,0,0,7,no,signed,api.sejm.gov.pl term10/processes/268 stages,189,no,419,2,19,,2024-06-05,,,,
11,16,2024-05-09,Pkt. 7 Sprawozdanie Komisji o rządowym projekcie ustawy o zmianie ustawy o systemie ubezpieczeń społecznych oraz niektórych innych ustaw (druki nr 275 i 333),proc 275,182,0,0,7,no,signed,api.sejm.gov.pl term10/processes/275 stages,189,no,432,7,0,,2024-06-07,,,,
11,18,2024-05-09,Pkt. 12 Sprawozdanie Komisji o rządowym projekcie ustawy zmieniającej ustawę o zmianie ustawy o podatku od towarów i usług oraz niektórych innych ustaw (druki nr 341 i 373),proc 341,0,182,0,7,yes,signed,api.sejm.gov.pl term10/processes/341 stages,189,yes,237,183,20,,2024-06-05,,,,
11,23,2024-05-15,"Pkt. 19 Sprawozdanie Komisji o rządowym projekcie ustawy o zmianie zakresu obowiązywania Umowy o utworzeniu Europejskiego Banku Odbudowy i Rozwoju, sporządzonej w Paryżu dnia 29 maja 1990 r. (druki nr 303 i 314)",proc 303,173,0,0,16,no,signed,api.sejm.gov.pl term10/processes/303 stages,189,no,407,15,0,,2024-06-05,,,,
11,24,2024-05-15,Pkt. 22 Sprawozdanie Komisji o rządowym projekcie ustawy o zmianie ustawy o zasadach prowadzenia polityki rozwoju oraz niektórych innych ustaw (druki nr 320 i 375),proc 320,1,173,0,15,yes,signed,api.sejm.gov.pl term10/processes/320 stages,189,yes,233,190,0,,2024-06-07,,,,
11,44,2024-05-15,"Pkt. 17 Sprawozdanie Komisji o rządowym projekcie ustawy o zmianie ustawy o pomocy obywatelom Ukrainy w związku z konfliktem zbrojnym na terytorium tego państwa oraz niektórych innych ustaw (druki nr 342, 374 i 374-A)",proc 342,146,5,20,18,no,signed,api.sejm.gov.pl term10/processes/342 stages,189,no,381,19,20,,2024-06-07,,,,
11,48,2024-05-15,"Pkt. 18 Sprawozdanie Komisji o rządowym projekcie ustawy o czasowym ograniczeniu cen za energię elektryczną, gaz ziemny i ciepło systemowe oraz o bonie energetycznym (druki nr 346, 380 i 380-A)",proc 346,0,0,175,14,no,signed,api.sejm.gov.pl term10/processes/346 stages,189,no,231,10,183,,2024-06-07,,,,
11,55,2024-05-15,"Pkt. 23 Sprawozdanie Komisji o rządowym projekcie ustawy o wspieraniu rodziców w aktywności zawodowej oraz w wychowaniu dziecka - ""Aktywny rodzic"" (druki nr 319 i 376)",proc 319,173,0,1,15,no,signed,api.sejm.gov.pl term10/processes/319 stages,189,no,405,14,2,,2024-06-07,,,,
12,5,2024-05-23,Pkt. 5 Sprawozdanie Komisji o rządowym projekcie ustawy o zmianie ustawy o Planie Strategicznym dla Wspólnej Polityki Rolnej na lata 2023-2027 (druki nr 382 i 400),proc 382,171,0,0,18,no,signed,api.sejm.gov.pl term10/processes/382 stages,189,no,411,18,0,,2024-06-11,,,,
12,13,2024-05-23,"Pkt. 3 Sprawozdanie Komisji o rządowym projekcie ustawy o zmianie ustawy o wymianie informacji podatkowych z innymi państwami oraz niektórych innych ustaw (druki nr 311, 388 i 388-A)",proc 311,0,170,0,19,yes,signed,api.sejm.gov.pl term10/processes/311 stages,189,yes,236,192,0,,2024-06-11,,,,
12,24,2024-05-23,"Pkt. 4 Sprawozdanie Komisji o rządowym projekcie ustawy o ochronie sygnalistów (druki nr 317, 381 i 381-A)",proc 317,0,169,2,18,yes,signed,api.sejm.gov.pl term10/processes/317 stages,189,yes,235,191,2,,2024-06-19,,,,
12,28,2024-05-23,Pkt. 6 Sprawozdanie Komisji o rządowym projekcie ustawy o zmianie ustawy - Kodeks pracy (druki nr 318 i 401),proc 318,172,0,0,17,no,signed,api.sejm.gov.pl term10/processes/318 stages,189,no,408,21,0,,2024-06-11,,,,
13,6,2024-06-14,"Pkt. 1 Sprawozdanie Komisji o rządowym projekcie ustawy o szczególnych rozwiązaniach w związku z przygotowywaniem i sprawowaniem przez Rzeczpospolitą Polską przewodnictwa w Radzie Unii Europejskiej w I połowie 2025 roku (druki nr 347, 391 i 391-A)",proc 347,0,172,0,10,yes,signed,api.sejm.gov.pl term10/processes/347 stages,182,yes,222,189,0,,2024-07-03,,,,
13,24,2024-06-14,"Pkt. 2 Sprawozdanie Komisji o poselskim projekcie ustawy o zmianie ustawy - Kodeks wyborczy (druki nr 296, 392 i 392-A)",proc 296,1,6,1,174,no,referred to Tribunal,api.sejm.gov.pl term10/processes/296 stages,182,yes,223,7,1,,2024-07-18,,,,
14,6,2024-06-28,Pkt. 1 Sprawozdanie Komisji o poselskim projekcie ustawy o zmianie ustawy - Kodeks karny (druki nr 209 i 247),proc 209,94,26,47,22,no,signed,api.sejm.gov.pl term10/processes/209 stages,189,no,335,44,47,,2024-08-09,,,,
14,7,2024-06-28,"Pkt. 2 Sprawozdanie Komisji o rządowym projekcie ustawy o zmianie ustawy o zapewnianiu dostępności osobom ze szczególnymi potrzebami (druki nr 430, 468 i 468-A)",proc 430,181,0,0,8,no,signed,api.sejm.gov.pl term10/processes/430 stages,189,no,422,0,18,,2024-07-17,,,,
14,18,2024-06-28,"Pkt. 6 Sprawozdanie Komisji o rządowym projekcie ustawy o zmianie ustawy o prawie autorskim i prawach pokrewnych oraz niektórych innych ustaw (druki nr 406, 467 i 467-A)",proc 406,175,2,1,11,no,signed,api.sejm.gov.pl term10/processes/406 stages,189,no,417,18,1,,2024-08-14,,,,
14,21,2024-06-28,"Pkt. 12 Sprawozdanie Komisji o rządowym projekcie ustawy o ratyfikacji Umowy o partnerstwie między Unią Europejską i jej państwami członkowskimi, z jednej strony, a członkami Organizacji Państw Afryki, Karaibów i Pacyfiku, z drugiej strony, sporządzonej w Apii dnia 15 listopada 2023 r. (druki nr 348 i 428)",proc 348,178,0,2,9,no,signed,api.sejm.gov.pl term10/processes/348 stages,189,no,419,17,2,,2024-07-17,,,,
14,22,2024-06-28,"Pkt. 13 Sprawozdanie Komisji o rządowym projekcie ustawy o ratyfikacji Zaawansowanej umowy ramowej między Unią Europejską i jej państwami członkowskimi, z jednej strony, a Republiką Chile, z drugiej strony, sporządzonej w Brukseli dnia 13 grudnia 2023 r. (druki nr 420 i 429)",proc 420,181,0,0,8,no,signed,api.sejm.gov.pl term10/processes/420 stages,189,no,418,0,18,,2024-07-17,,,,
14,23,2024-06-28,"Pkt. 14 Sprawozdanie Komisji o rządowym projekcie ustawy o ratyfikacji Umowy między Rządem Rzeczypospolitej Polskiej a Organizacją Narodów Zjednoczonych w sprawie utworzenia Przedstawicielstwa Biura Narodów Zjednoczonych do spraw Obsługi Projektów w Warszawie, podpisanej w Nowym Jorku dnia 21 września 2023 r. (druki nr 276 i 456)",proc 276,181,0,0,8,no,signed,api.sejm.gov.pl term10/processes/276 stages,189,no,421,18,0,,2024-07-17,,,,
14,36,2024-06-28,"Pkt. 26 Sprawozdanie Komisji o rządowym projekcie ustawy o zmianie ustawy o finansach publicznych oraz niektórych innych ustaw (druki nr 472, 491 i 491-A)",proc 472,0,180,0,9,yes,signed,api.sejm.gov.pl term10/processes/472 stages,189,yes,238,199,0,,2024-07-17,,,,
15,27,2024-07-12,Pkt. 2 Sprawozdanie Komisji o rządowym projekcie ustawy - Prawo komunikacji elektronicznej (druki nr 423 i 506),proc 423,172,2,0,16,no,signed,api.sejm.gov.pl term10/processes/423 stages,190,no,411,15,7,,2024-08-09,,,,
15,35,2024-07-12,"Pkt. 3 Sprawozdanie Komisji o rządowym projekcie ustawy - Przepisy wprowadzające ustawę - Prawo komunikacji elektronicznej (druki nr 424, 507 i 507-A)",proc 424,173,1,0,16,no,signed,api.sejm.gov.pl term10/processes/424 stages,190,no,413,12,8,,2024-08-09,,,,
15,50,2024-07-12,"Pkt. 4 Sprawozdanie Komisji o rządowym projekcie ustawy o zmianie niektórych ustaw w celu usprawnienia działań Sił Zbrojnych Rzeczypospolitej Polskiej, Policji oraz Straży Granicznej na wypadek zagrożenia bezpieczeństwa państwa (druki nr 471, 471-A i 505)",proc 471,175,0,0,15,no,signed,api.sejm.gov.pl term10/processes/471 stages,190,no,401,17,17,,2024-08-14,,,,
15,67,2024-07-12,"Pkt. 8 Sprawozdanie Komisji o rządowym projekcie ustawy o ratyfikacji Porozumienia między Rządem Rzeczypospolitej Polskiej a Rządem Królestwa Norwegii o zakończeniu obowiązywania Umowy między Rządem Rzeczypospolitej Polskiej a Rządem Królestwa Norwegii w sprawie popierania i wzajemnej ochrony inwestycji, podpisanej w Warszawie dnia 5 czerwca 1990 r., zawartego dnia 27 czerwca 2023 r. i 18 lipca 2023 r. (druki nr 294 i 476)",proc 294,173,1,0,16,no,signed,api.sejm.gov.pl term10/processes/294 stages,190,no,431,1,0,,2024-07-29,,,,
16,6,2024-07-24,Pkt. 6 Sprawozdanie Komisji o rządowym projekcie ustawy o zmianie ustawy o dochodzeniu roszczeń w postępowaniu grupowym oraz niektórych innych ustaw (druki nr 437 i 539),proc 437,180,0,0,10,no,signed,api.sejm.gov.pl term10/processes/437 stages,190,no,423,0,18,,2024-08-08,,,,
16,7,2024-07-24,"Pkt. 8 Sprawozdanie Komisji o:- poselskim projekcie ustawy o zmianie ustawy o świadczeniu pieniężnym z tytułu pełnienia funkcji sołtysa,- senackim projekcie ustawy o zmianie ustawy o świadczeniu pieniężnym z tytułu pełnienia funkcji sołtysa oraz ustawy o świadczeniu uzupełniającym dla osób niezdolnych do samodzielnej egzystencji (druki nr 211, 407 i 567)",proc 211;proc 407,180,0,0,10,no,signed,api.sejm.gov.pl term10/processes/211 stages; api.sejm.gov.pl term10/processes/407 stages,190,no,426,18,0,,2024-08-08,,,,
16,12,2024-07-24,"Pkt. 2 Sprawozdanie Komisji o poselskim projekcie ustawy o Trybunale Konstytucyjnym (druki nr 253, 543 i 543-A)",proc 253,0,180,0,10,yes,referred to Tribunal,api.sejm.gov.pl term10/processes/253 stages,190,yes,242,202,0,,2024-10-07,,,,
16,15,2024-07-24,"Pkt. 3 Sprawozdanie Komisji o poselskim projekcie ustawy - Przepisy wprowadzające ustawę o Trybunale Konstytucyjnym (druki nr 254, 544 i 544-A)",proc 254,0,178,0,12,yes,referred to Tribunal,api.sejm.gov.pl term10/processes/254 stages,190,yes,242,200,0,,2024-10-07,,,,
16,17,2024-07-24,"Pkt. 4 Sprawozdanie Komisji o poselskim projekcie ustawy o zmianie ustawy o gospodarowaniu nieruchomościami rolnymi Skarbu Państwa oraz ustawy o wstrzymaniu sprzedaży nieruchomości Zasobu Własności Rolnej Skarbu Państwa (druki nr 497, 518 i 518-A)",proc 497,0,179,0,11,yes,signed,api.sejm.gov.pl term10/processes/497 stages,190,yes,241,179,22,,2024-08-09,,,,
16,19,2024-07-24,Pkt. 5 Sprawozdanie Komisji o poselskim projekcie ustawy o uchyleniu ustawy o Państwowej Komisji do spraw badania wpływów rosyjskich na bezpieczeństwo wewnętrzne Rzeczypospolitej Polskiej w latach 2007-2022 (druki nr 351 i 540),proc 351,0,180,0,10,yes,vetoed,api.sejm.gov.pl term10/processes/351 stages,190,yes,259,184,0,,2024-08-14,,,,
16,20,2024-07-24,Pkt. 9 Sprawozdanie Komisji o rządowym projekcie ustawy o zmianie ustawy o rehabilitacji zawodowej i społecznej oraz zatrudnianiu osób niepełnosprawnych (druki nr 546 i 551),proc 546,179,0,0,11,no,signed,api.sejm.gov.pl term10/processes/546 stages,190,no,442,0,1,,2024-07-30,,,,
16,21,2024-07-24,Pkt. 10 Sprawozdanie Komisji o rządowym projekcie ustawy o zmianie ustawy o sporcie (druki nr 545 i 549),proc 545,180,0,0,10,no,signed,api.sejm.gov.pl term10/processes/545 stages,190,no,425,0,19,,2024-07-30,,,,
16,22,2024-07-24,Pkt. 11 Sprawozdanie Komisji o rządowym projekcie ustawy o zmianie ustawy o dokumentach publicznych (druki nr 547 i 565),proc 547,180,0,0,10,no,signed,api.sejm.gov.pl term10/processes/547 stages,190,no,423,0,21,,2024-07-30,,,,
16,24,2024-07-24,Pkt. 12 Sprawozdanie Komisji o rządowym projekcie ustawy o zmianie ustawy o publicznej służbie krwi (druki nr 548 i 563),proc 548,180,0,0,10,no,signed,api.sejm.gov.pl term10/processes/548 stages,190,no,424,0,19,,2024-08-08,,,,
16,63,2024-07-26,"Pkt. 28 Sprawozdanie Komisji o obywatelskim projekcie ustawy o zmianie ustawy o emeryturach i rentach z Funduszu Ubezpieczeń Społecznych oraz niektórych innych ustaw w celu wprowadzenia renty wdowiej (druki nr 32, 503 i 503-A)",proc 32,178,0,0,12,no,signed,api.sejm.gov.pl term10/processes/32 stages,190,no,425,2,12,,2024-08-09,,,,
17,9,2024-09-13,"Pkt. 7 Sprawozdanie Komisji o rządowym projekcie ustawy o zmianie ustawy o ubezpieczeniach obowiązkowych, Ubezpieczeniowym Funduszu Gwarancyjnym i Polskim Biurze Ubezpieczycieli Komunikacyjnych oraz ustawy o działalności ubezpieczeniowej i reasekuracyjnej (druki nr 553, 639 i )",proc 553,1,177,0,12,yes,signed,api.sejm.gov.pl term10/processes/553 stages,190,yes,245,199,0,,2024-10-14,,,,
18,14,2024-09-25,"Pkt. 3 Sprawozdanie Komisji o komisyjnym projekcie ustawy o zmianie ustawy o działalności lobbingowej w procesie stanowienia prawa (druki nr 650, 663 i 663-A)",proc 650,0,177,0,13,yes,signed,api.sejm.gov.pl term10/processes/650 stages,190,yes,230,177,20,,2024-10-14,,,,
18,16,2024-09-25,"Pkt. 4 Sprawozdanie Komisji o rządowym projekcie ustawy o zmianie ustawy o delegowaniu kierowców w transporcie drogowym oraz niektórych innych ustaw (druki nr 602, 623 i 623-A)",proc 602,3,0,174,13,no,signed,api.sejm.gov.pl term10/processes/602 stages,190,no,253,0,176,,2024-10-14,,,,
18,19,2024-09-25,Pkt. 5 Sprawozdanie Komisji o poselskim projekcie ustawy o zmianie ustawy o rehabilitacji zawodowej i społecznej oraz zatrudnianiu osób niepełnosprawnych (druki nr 665 i 667),proc 665,175,0,0,15,no,signed,api.sejm.gov.pl term10/processes/665 stages,190,no,423,0,3,,2024-10-07,,,,
18,27,2024-09-27,"Pkt. 20 Sprawozdanie Komisji o rządowym projekcie ustawy o ratyfikacji Międzynarodowej Konwencji w sprawie ochrony wszystkich osób przed wymuszonym zaginięciem, przyjętej w Nowym Jorku dnia 20 grudnia 2006 r. (druki nr 589 i 642)",proc 589,175,0,1,14,no,signed,api.sejm.gov.pl term10/processes/589 stages,190,no,414,7,7,,2024-10-17,,,,
18,30,2024-09-27,"Pkt. 34 Sprawozdanie Komisji o obywatelskim projekcie ustawy o zmianie ustawy o rencie socjalnej (druki nr 30, 583 i 583-A) - trzecie czytanie",proc 30,174,0,0,16,no,signed,api.sejm.gov.pl term10/processes/30 stages,190,no,411,10,7,,2024-10-29,,,,
18,36,2024-09-27,"Pkt. 6 Sprawozdanie Komisji o rządowym projekcie ustawy o zmianie ustawy o podatku dochodowym od osób fizycznych oraz niektórych innych ustaw (druki nr 601, 601-A, 657 i 657-A)",proc 601,173,0,1,16,no,signed,api.sejm.gov.pl term10/processes/601 stages,190,no,410,0,18,,2024-10-28,,,,
18,38,2024-09-27,"Pkt. 7 Sprawozdanie Komisji o rządowym projekcie ustawy o zmianie ustawy o paszach (druki nr 606, 648 i 648-A)",proc 606,0,175,0,15,yes,signed,api.sejm.gov.pl term10/processes/606 stages,190,yes,236,178,16,,2024-10-17,,,,
18,51,2024-10-01,"Pkt. 17 Sprawozdanie Komisji o rządowym projekcie ustawy o zmianie niektórych ustaw w związku z utworzeniem oddziałów o profilu mundurowym oraz ułatwieniem powrotu do służby w Policji i Straży Granicznej (druki nr 605, 649 i 649-A)",proc 605,160,1,1,28,no,signed,api.sejm.gov.pl term10/processes/605 stages,190,no,410,1,1,,2024-10-14,,,,
18,59,2024-10-01,"Pkt. 33 Sprawozdanie Komisji o rządowym projekcie ustawy o dochodach jednostek samorządu terytorialnego (druki nr 622, 675 i 675-A)",proc 622,1,1,162,26,no,signed,api.sejm.gov.pl term10/processes/622 stages,190,no,231,1,184,,2024-10-21,,,,
18,118,2024-10-01,"Pkt. 27 Sprawozdanie Komisji o rządowym projekcie ustawy o zmianie ustawy o szczególnych rozwiązaniach związanych z usuwaniem skutków powodzi oraz niektórych innych ustaw (druki nr 672, 672-A, 683 i 683-A)",proc 672,161,1,1,27,no,signed,api.sejm.gov.pl term10/processes/672 stages,190,no,393,1,19,,2024-10-03,,,,
18,121,2024-10-01,"Pkt. 28 Sprawozdanie Komisji o rządowym projekcie ustawy o zmianie niektórych ustaw w celu wsparcia przedsiębiorców zatrudniających żołnierzy Obrony Terytorialnej lub żołnierzy Aktywnej Rezerwy (druki nr 673, 681 i 681-A)",proc 673,162,0,0,28,no,signed,api.sejm.gov.pl term10/processes/673 stages,190,no,409,0,2,,2024-10-17,,,,
18,123,2024-10-01,"Pkt. 18 Sprawozdanie Komisji o rządowym projekcie ustawy o zmianie ustawy o udostępnianiu informacji gospodarczych i wymianie danych gospodarczych (druki nr 554, 654 i 654-A)",proc 554,0,162,0,28,yes,signed,api.sejm.gov.pl term10/processes/554 stages,190,yes,232,179,1,,2024-10-28,,,,
18,126,2024-10-01,Pkt. 29 Sprawozdanie Komisji o rządowym projekcie ustawy o zmianie ustawy o kołach gospodyń wiejskich oraz ustawy o społeczno-zawodowych organizacjach rolników (druki nr 655 i 658),proc 655,160,0,1,29,no,signed,api.sejm.gov.pl term10/processes/655 stages,190,no,390,1,19,,2024-10-17,,,,
19,14,2024-10-11,"Pkt. 1 Sprawozdanie Komisji o poselskim projekcie ustawy o zmianie ustawy o rozwoju lokalnym z udziałem lokalnej społeczności (druki nr 496, 679 i 679-A)",proc 496,2,177,1,10,yes,signed,api.sejm.gov.pl term10/processes/496 stages,190,yes,242,181,17,,2024-11-13,,,,
19,17,2024-10-11,"Pkt. 4 Sprawozdanie Komisji o poselskim projekcie ustawy o zmianie ustawy o ochotniczych strażach pożarnych oraz niektórych innych ustaw (druki nr 603, 688 i 688-A)",proc 603,5,173,4,8,yes,signed,api.sejm.gov.pl term10/processes/603 stages,190,yes,248,173,22,,2024-11-18,,,,
20,8,2024-10-18,Pkt. 4 Sprawozdanie Komisji o rządowym projekcie ustawy o świadczeniu honorowym z tytułu ukończenia 100 lat życia (druki nr 607 i 709),proc 607,175,0,0,15,no,signed,api.sejm.gov.pl term10/processes/607 stages,190,no,408,16,1,,2024-11-13,,,,
20,9,2024-10-18,Pkt. 5 Sprawozdanie Komisji o rządowym projekcie ustawy o zmianie niektórych ustaw związanych z udzielaniem pomocy de minimis (druki nr 600 i 697),proc 600,2,175,0,13,yes,signed,api.sejm.gov.pl term10/processes/600 stages,190,yes,233,178,16,,2024-11-05,,,,
20,11,2024-10-18,"Pkt. 2 Sprawozdanie Komisji o rządowym projekcie ustawy o zmianie ustawy o podatku od towarów i usług oraz niektórych innych ustaw (druki nr 656, 701 i 701-A)",proc 656,0,177,0,13,yes,signed,api.sejm.gov.pl term10/processes/656 stages,190,yes,230,197,0,,2024-11-20,,,,
20,20,2024-10-18,"Pkt. 3 Sprawozdanie Komisji o rządowym projekcie ustawy o zmianie ustawy o działaniach antyterrorystycznych i ustawy o Agencji Bezpieczeństwa Wewnętrznego oraz Agencji Wywiadu (druki nr 661, 706 i 706-A)",proc 661,0,178,0,12,yes,signed,api.sejm.gov.pl term10/processes/661 stages,190,yes,231,198,0,,2024-11-15,,,,
20,21,2024-10-18,Pkt. 13 Sprawozdanie Komisji o rządowym projekcie ustawy o zmianie ustawy o podatku akcyzowym (druki nr 692 i 716),proc 692,8,167,2,13,yes,signed,api.sejm.gov.pl term10/processes/692 stages,190,yes,236,188,2,,2024-11-15,,,,
20,24,2024-10-18,"Pkt. 23 Sprawozdanie Komisji o rządowym projekcie ustawy o udziale Rzeczypospolitej Polskiej w Systemie Wjazdu/Wyjazdu (druki nr 722, 732 i 732-A)",proc 722,175,0,1,14,no,signed,api.sejm.gov.pl term10/processes/722 stages,190,no,425,0,1,,2024-11-15,,,,
21,12,2024-11-06,"Pkt. 1 Sprawozdanie Komisji o rządowym projekcie ustawy o opodatkowaniu wyrównawczym jednostek składowych grup międzynarodowych i krajowych (druki nr 674, 734 i 734-A)",proc 674,0,178,0,12,yes,signed,api.sejm.gov.pl term10/processes/674 stages,190,yes,236,188,9,,2024-11-15,,,,
21,30,2024-11-08,Pkt. 8 Sprawozdanie Komisji o komisyjnym projekcie ustawy o zmianie ustawy o działalności pożytku publicznego i o wolontariacie (druki nr 445 i 733),proc 445,185,0,0,5,no,signed,api.sejm.gov.pl term10/processes/445 stages,190,no,447,1,0,,2024-11-27,,,,
21,31,2024-11-08,Pkt. 12 Sprawozdanie Komisji o rządowym projekcie ustawy o zmianie nazwy Akademii Wychowania Fizycznego im. Bronisława Czecha w Krakowie (druki nr 727 i 739),proc 727,184,0,0,6,no,signed,api.sejm.gov.pl term10/processes/727 stages,190,no,451,0,0,,2024-11-27,,,,
21,32,2024-11-08,Pkt. 20 Sprawozdanie Komisji o rządowym projekcie ustawy o zmianie ustawy o finansach publicznych oraz niektórych innych ustaw (druki nr 756 i 785),proc 756,185,0,0,5,no,signed,api.sejm.gov.pl term10/processes/756 stages,190,no,434,1,17,,2024-11-27,,,,
21,34,2024-11-08,"Pkt. 18 Sprawozdanie Komisji o rządowym projekcie ustawy o zmianie ustawy budżetowej na rok 2024 (druki nr 754, 787 i 787-A)",proc 754,0,184,0,6,yes,signed,api.sejm.gov.pl term10/processes/754 stages,190,yes,241,205,5,budget amendment act (Art. 224: no veto),2024-11-27,,,,
21,35,2024-11-08,Pkt. 19 Sprawozdanie Komisji o rządowym projekcie ustawy o zmianie ustawy o szczególnych rozwiązaniach służących realizacji ustawy budżetowej na rok 2024 (druki nr 755 i 786),proc 755,0,185,0,5,yes,signed,api.sejm.gov.pl term10/processes/755 stages,190,yes,241,206,5,,2024-11-27,,,,
21,37,2024-11-08,"Pkt. 9 Sprawozdanie Komisji o rządowym projekcie ustawy o zmianie ustawy o zmianie niektórych ustaw wspierających rozwój mieszkalnictwa (druki nr 702, 736 i 736-A)",proc 702,0,184,0,6,yes,signed,api.sejm.gov.pl term10/processes/702 stages,190,yes,245,189,16,,2024-11-27,,,,
21,65,2024-11-08,"Pkt. 14 Sprawozdanie Komisji o rządowym projekcie ustawy o ochronie ludności i obronie cywilnej (druki nr 664, 749 i 749-A)",proc 664,183,0,0,7,no,signed,api.sejm.gov.pl term10/processes/664 stages,190,no,448,0,0,,2024-12-17,,,,
21,69,2024-11-08,Pkt. 21 Sprawozdanie Komisji o rządowym projekcie ustawy o zmianie ustawy o odnawialnych źródłach energii oraz niektórych innych ustaw (druki nr 744 i 805),proc 744,176,1,4,9,no,signed,api.sejm.gov.pl term10/processes/744 stages,190,no,426,15,5,,2024-12-06,,,,
21,70,2024-11-08,Pkt. 22 Sprawozdanie Komisji o rządowym projekcie ustawy o zmianie ustawy o służbie zagranicznej oraz ustawy o ograniczeniu prowadzenia działalności gospodarczej przez osoby pełniące funkcje publiczne (druki nr 753 i 770),proc 753,0,182,0,8,yes,signed,api.sejm.gov.pl term10/processes/753 stages,190,yes,242,205,0,,2024-12-09,,,,
21,75,2024-11-08,Pkt. 31 Sprawozdanie Komisji o rządowym projekcie ustawy o zmianie ustawy o Centrum Medycznym Kształcenia Podyplomowego oraz niektórych innych ustaw (druki nr 757 i 793),proc 757,0,1,182,7,no,signed,api.sejm.gov.pl term10/processes/757 stages,190,no,239,22,187,,2024-12-17,,,,
21,77,2024-11-08,"Pkt. 26 Sprawozdanie Komisji o rządowym projekcie ustawy o ratyfikacji Protokołu między Rządem Rzeczypospolitej Polskiej a Organizacją Bezpieczeństwa i Współpracy w Europie zmieniającego Porozumienie między Rządem Rzeczypospolitej Polskiej a Organizacją Bezpieczeństwa i Współpracy w Europie w sprawie statusu Organizacji Bezpieczeństwa i Współpracy w Europie w Rzeczypospolitej Polskiej, podpisane w Warszawie dnia 28 czerwca 2017 r., podpisanego w Warszawie dnia 5 lipca 2024 r. (druki nr 670, 707 i 707-A) - trzecie czytanie",proc 670,177,4,0,9,no,signed,api.sejm.gov.pl term10/processes/670 stages,190,no,420,23,0,,2024-11-29,,,,
22,2,2024-11-19,Pkt. 1 Sprawozdanie Komisji o rządowym projekcie ustawy o likwidacji Fundacji Platforma Przemysłu Przyszłości (druki nr 763 i 795),proc 763,0,170,0,20,yes,signed,api.sejm.gov.pl term10/processes/763 stages,190,yes,229,173,15,,2024-12-09,,,,
22,13,2024-11-19,"Pkt. 3 Sprawozdanie Komisji o rządowym projekcie ustawy o zmianie ustawy o podatku rolnym, ustawy o podatkach i opłatach lokalnych oraz ustawy o opłacie skarbowej (druki nr 741, 788 i 788-A)",proc 741,0,28,144,18,no,signed,api.sejm.gov.pl term10/processes/741 stages,190,no,231,43,147,,2024-11-27,,,,
22,24,2024-11-21,Pkt. 7 Sprawozdanie Komisji o rządowym projekcie ustawy o zmianie ustawy o odpadach oraz ustawy o zmianie ustawy o odpadach oraz niektórych innych ustaw (druki nr 766 i 818),proc 766,173,0,2,15,no,signed,api.sejm.gov.pl term10/processes/766 stages,190,no,415,2,19,,2024-12-09,,,,
22,25,2024-11-21,Pkt. 8 Sprawozdanie Komisji o rządowym projekcie ustawy o zmianie ustawy o transporcie drogowym (druki nr 752 i 798),proc 752,181,0,2,7,no,signed (inferred: published as Dz.U. 2024 poz. 1855; the API has no signature stage),api.sejm.gov.pl term10/processes/752 stages (ELI field),190,no,444,0,2,,2024-12-06,,,,
22,28,2024-11-21,"Pkt. 4 Sprawozdanie Komisji o rządowym projekcie ustawy o szczególnych rozwiązaniach służących realizacji ustawy budżetowej na rok 2025 (druki nr 693, 769 i 769-A)",proc 693,0,183,0,7,yes,signed,api.sejm.gov.pl term10/processes/693 stages,190,yes,238,203,5,,2024-12-20,,,,
22,30,2024-11-21,"Pkt. 5 Sprawozdanie Komisji o rządowym projekcie ustawy o zmianie ustawy o rachunkowości, ustawy o biegłych rewidentach, firmach audytorskich oraz nadzorze publicznym oraz niektórych innych ustaw (druki nr 726, 767 i 767-A)",proc 726,1,182,0,7,yes,signed,api.sejm.gov.pl term10/processes/726 stages,190,yes,243,203,0,,2024-12-12,,,,
22,33,2024-11-21,"Pkt. 6 Sprawozdanie Komisji o rządowym projekcie ustawy o zmianie ustawy - Prawo energetyczne oraz niektórych innych ustaw (druki nr 743, 796 i 796-A)",proc 743,184,0,0,6,no,signed,api.sejm.gov.pl term10/processes/743 stages,190,no,429,1,17,,2024-12-12,,,,
22,39,2024-11-21,"Pkt. 11 Sprawozdanie Komisji o rządowym projekcie ustawy o zmianie ustawy o systemie oświaty oraz niektórych innych ustaw (druki nr 759, 807 i 807-A)",proc 759,0,182,0,8,yes,signed,api.sejm.gov.pl term10/processes/759 stages,190,yes,242,202,0,,2024-12-19,,,,
22,72,2024-11-21,"Pkt. 20 Sprawozdanie Komisji o rządowym projekcie ustawy o zmianie ustawy o szczególnych rozwiązaniach związanych z usuwaniem skutków powodzi oraz niektórych innych ustaw (druki nr 802, 816 i 816-A)",proc 802,183,1,0,6,no,signed,api.sejm.gov.pl term10/processes/802 stages,190,no,444,2,0,,2024-11-25,,,,
22,79,2024-11-21,"Pkt. 12 Sprawozdanie Komisji o rządowym projekcie ustawy o Radzie Fiskalnej (druki nr 750, 821 i 821-A)",proc 750,0,184,0,6,yes,signed,api.sejm.gov.pl term10/processes/750 stages,190,yes,238,198,11,,2025-01-10,,,,
22,93,2024-11-21,"Pkt. 13 Sprawozdanie Komisji o rządowym projekcie ustawy o zmianie ustawy o sporcie oraz niektórych innych ustaw (druki nr 742, 794 i 794-A)",proc 742,2,4,178,6,no,referred to Tribunal,api.sejm.gov.pl term10/processes/742 stages,190,no,247,22,178,,2024-12-23,,,,
22,101,2024-11-21,"Pkt. 15 Sprawozdanie Komisji o rządowym projekcie ustawy o zmianie ustawy o elektromobilności i paliwach alternatywnych oraz niektórych innych ustaw (druki nr 751, 799 i 799-A)",proc 751,0,182,0,8,yes,signed,api.sejm.gov.pl term10/processes/751 stages,190,yes,242,202,0,,2024-12-12,,,,
22,108,2024-11-21,"Pkt. 14 Sprawozdanie Komisji o rządowym projekcie ustawy o zmianie ustawy o doręczeniach elektronicznych (druki nr 761, 809 i 809-A)",proc 761,0,183,0,7,yes,signed,api.sejm.gov.pl term10/processes/761 stages,190,yes,242,187,16,,2024-12-09,,,,
22,113,2024-11-21,"Pkt. 16 Sprawozdanie Komisji o rządowym projekcie ustawy o zmianie ustawy o gospodarce opakowaniami i odpadami opakowaniowymi oraz niektórych innych ustaw (druki nr 760, 834 i 834-A)",proc 760,1,2,179,8,no,signed,api.sejm.gov.pl term10/processes/760 stages,190,no,240,19,184,,2024-12-18,,,,
22,116,2024-11-21,"Pkt. 21 Sprawozdanie Komisji o rządowym oraz poselskim projektach ustaw o zmianie ustawy o pomocy osobom uprawnionym do alimentów (druki nr 800, 326 i 833)",proc 326;proc 800,181,0,0,9,no,signed,api.sejm.gov.pl term10/processes/326 stages; api.sejm.gov.pl term10/processes/800 stages,190,no,433,5,2,,2024-12-09,,,,
22,134,2024-11-27,Pkt. 41 Sprawozdanie Komisji o rządowym projekcie ustawy o zmianie ustawy o odpadach oraz niektórych innych ustaw (druki nr 812 i 819),proc 812,169,0,1,20,no,signed,api.sejm.gov.pl term10/processes/812 stages,190,no,401,16,1,,2024-12-18,,,,
22,138,2024-11-27,"Pkt. 39 Sprawozdanie Komisji o rządowym projekcie ustawy o zmianie ustawy o świadczeniach opieki zdrowotnej finansowanych ze środków publicznych (druki nr 764, 764-A, 851 i 851-A)",proc 764,1,0,171,18,no,signed,api.sejm.gov.pl term10/processes/764 stages,190,no,248,6,171,,2024-12-19,,,,
22,140,2024-11-27,"Pkt. 38 Sprawozdanie Komisji o rządowym projekcie ustawy o zapewnieniu finansowania działań zmierzających do zwiększenia zdolności produkcji amunicji (druki nr 839, 858 i 858-A)",proc 839,173,0,0,17,no,signed,api.sejm.gov.pl term10/processes/839 stages,190,no,424,0,0,,2024-12-09,,,,
22,149,2024-11-27,"Pkt. 36 Sprawozdanie Komisji o rządowym projekcie ustawy o zmianie ustawy - Prawo ochrony środowiska oraz niektórych innych ustaw (druki nr 813, 863 i 863-A)",proc 813,0,6,168,16,no,signed,api.sejm.gov.pl term10/processes/813 stages,190,no,234,24,168,,2024-12-19,,,,
22,153,2024-11-27,Pkt. 30 Pierwsze czytanie rządowego projektu ustawy o zmianie ustawy - Kodeks pracy oraz niektórych innych ustaw (druk nr 762),proc 762,174,0,0,16,no,signed,api.sejm.gov.pl term10/processes/762 stages,190,no,428,0,0,,2024-12-12,,,,
22,155,2024-11-27,"Pkt. 34 Sprawozdanie Komisji o rządowym projekcie ustawy o zmianie ustawy - Prawo geodezyjne i kartograficzne oraz ustawy o zmianie ustawy o planowaniu i zagospodarowaniu przestrzennym oraz niektórych innych ustaw (druki nr 801, 815 i 815-A)",proc 801,175,0,0,15,no,signed,api.sejm.gov.pl term10/processes/801 stages,190,no,415,0,12,,2024-12-09,,,,
22,159,2024-11-27,"Pkt. 35 Sprawozdanie Komisji o rządowym projekcie ustawy o zmianie ustawy o ubezpieczeniach upraw rolnych i zwierząt gospodarskich (druki nr 804, 820 i 820-A)",proc 804,174,0,0,16,no,signed,api.sejm.gov.pl term10/processes/804 stages,190,no,413,5,11,,2024-12-09,,,,
22,167,2024-11-27,Pkt. 45 Sprawozdanie Komisji o poselskim projekcie ustawy o zmianie ustawy o dniach wolnych od pracy oraz niektórych innych ustaw (druki nr 777 i 855),proc 777,163,2,5,20,no,signed,api.sejm.gov.pl term10/processes/777 stages,190,no,403,10,12,,2024-12-24,,,,
22,168,2024-11-27,Pkt. 46 Sprawozdanie Komisji o rządowym projekcie ustawy o zmianie ustawy o promowaniu wytwarzania energii elektrycznej w morskich farmach wiatrowych (druki nr 811 i 850),proc 811,171,0,1,18,no,signed,api.sejm.gov.pl term10/processes/811 stages,190,no,409,13,5,,2024-12-09,,,,
22,175,2024-11-27,"Pkt. 37 Sprawozdanie Komisji o:- rządowym projekcie ustawy o zmianie ustawy o środkach nadzwyczajnych mających na celu ograniczenie wysokości cen energii elektrycznej oraz wsparciu niektórych odbiorców w 2023 roku oraz w 2024 roku oraz niektórych innych ustaw,- obywatelskim projekcie ustawy o zmianie ustaw w celu wsparcia odbiorców energii elektrycznej, paliw gazowych i ciepła oraz niektórych innych ustaw (druki nr 841, 494, 861 i 861-A)",proc 494;proc 841,175,0,0,15,no,signed,api.sejm.gov.pl term10/processes/494 stages; api.sejm.gov.pl term10/processes/841 stages,190,no,412,3,14,,2024-12-09,,,,
23,3,2024-12-05,"Pkt. 10 Sprawozdanie Komisji o rządowym projekcie ustawy o wypowiedzeniu Porozumienia o zdolności prawnej, przywilejach i immunitetach Międzynarodowej Organizacji Łączności Kosmicznej ""Intersputnik"", sporządzonego w Berlinie dnia 20 września 1976 r. (druki nr 745 i 779)",proc 745,183,0,0,7,no,signed,api.sejm.gov.pl term10/processes/745 stages,190,no,444,0,0,,2024-12-28,,,,
23,4,2024-12-05,"Pkt. 11 Sprawozdanie Komisji o rządowym projekcie ustawy o wypowiedzeniu Porozumienia o utworzeniu międzynarodowego systemu i organizacji łączności kosmicznej ""Intersputnik"", sporządzonego w Moskwie dnia 15 listopada 1971 r., zmienionego Protokołem o wprowadzeniu zmian do Porozumienia sporządzonego w Moskwie dnia 15 listopada 1971 r. o utworzeniu międzynarodowego systemu i organizacji łączności kosmicznej ""Intersputnik"", przyjętym podczas XXV Jubileuszowej Sesji Rady INTERSPUTNIK w Moskwie dnia 30 listopada 1996 r. (druki nr 746 i 780)",proc 746,182,0,0,8,no,signed,api.sejm.gov.pl term10/processes/746 stages,190,no,442,0,0,,2024-12-28,,,,
23,5,2024-12-05,"Pkt. 14 Sprawozdanie Komisji o rządowym projekcie ustawy o ratyfikacji Porozumienia w sprawie Środkowoeuropejskiego Programu Wymiany Uniwersyteckiej (""CEEPUS IV""), podpisanego w Warszawie dnia 20 września 2023 r. (druki nr 747 i 792)",proc 747,182,0,0,8,no,signed,api.sejm.gov.pl term10/processes/747 stages,190,no,426,2,16,,2024-12-28,,,,
23,10,2024-12-05,"Pkt. 2 Sprawozdanie Komisji o poselskim projekcie ustawy o zmianie ustawy - Prawo lotnicze (druki nr 573, 843 i 843-A)",proc 573,0,183,0,7,yes,signed,api.sejm.gov.pl term10/processes/573 stages,190,yes,232,193,18,,2025-01-08,,,,
23,11,2024-12-05,Pkt. 3 Sprawozdanie Komisji o rządowym projekcie ustawy o zmianie ustawy o świadczeniach opieki zdrowotnej finansowanych ze środków publicznych oraz niektórych innych ustaw (druki nr 803 i 845),proc 803,181,2,0,7,no,signed,api.sejm.gov.pl term10/processes/803 stages,190,no,421,12,11,,2025-01-28,,,,
23,12,2024-12-05,Pkt. 4 Sprawozdanie Komisji o rządowym projekcie ustawy o zmianie ustawy o Funduszu Ochrony Rolnictwa oraz niektórych innych ustaw (druki nr 842 i 859),proc 842,183,0,0,7,no,signed,api.sejm.gov.pl term10/processes/842 stages,190,no,442,0,1,,2024-12-20,,,,
23,17,2024-12-05,Pkt. 5 Sprawozdanie Komisji o rządowym projekcie ustawy o zmianie ustawy o rehabilitacji zawodowej i społecznej oraz zatrudnianiu osób niepełnosprawnych (druki nr 852 i 856),proc 852,183,0,0,7,no,signed,api.sejm.gov.pl term10/processes/852 stages,190,no,444,0,1,,2024-12-20,,,,
23,19,2024-12-05,"Pkt. 8 Sprawozdanie Komisji o rządowym projekcie ustawy zmieniającej ustawę o zmianie ustawy o prawie autorskim i prawach pokrewnych oraz ustawy o grach hazardowych (druki nr 840, 860 i 860-A)",proc 840,181,0,0,9,no,signed,api.sejm.gov.pl term10/processes/840 stages,190,no,421,20,0,,2024-12-20,,,,
23,20,2024-12-05,Pkt. 9 Sprawozdanie Komisji o poselskim projekcie ustawy o zmianie ustawy o sporcie (druki nr 560 i 822),proc 560,183,0,0,7,no,signed,api.sejm.gov.pl term10/processes/560 stages,190,no,424,19,0,,2025-01-07,,,,
24,153,2024-12-06,"Pkt. 1 Sprawozdanie Komisji o rządowym projekcie ustawy budżetowej na rok 2025 (druki nr 687, 857 i 857-A) - trzecie czytanie",proc 687,0,180,0,10,yes,signed,api.sejm.gov.pl term10/processes/687 stages,190,yes,232,207,3,budget act (Art. 224: no veto),2025-01-17,,,,
25,3,2024-12-18,"Pkt. 1 Sprawozdanie Komisji o rządowym projekcie ustawy o zmianie niektórych ustaw w celu dostosowania do nomenklatury scalonej (druki nr 897, 901 i 901-A)",proc 897,149,0,2,39,no,signed,api.sejm.gov.pl term10/processes/897 stages,190,no,380,1,14,,2024-12-20,,,,
25,7,2024-12-20,Pkt. 2 Sprawozdanie Komisji o rządowym projekcie ustawy o zmianie ustawy - Prawo lotnicze oraz niektórych innych ustaw (druki nr 810 i 877),proc 810,1,0,168,21,no,signed,api.sejm.gov.pl term10/processes/810 stages,190,no,239,19,168,,2025-02-06,,,,
25,10,2024-12-20,Pkt. 3 Sprawozdanie Komisji o rządowym projekcie ustawy o podmiotach obsługujących kredyty i nabywcach kredytów (druki nr 765 i 902),proc 765,0,172,0,18,yes,signed,api.sejm.gov.pl term10/processes/765 stages,190,yes,239,190,1,,2025-01-30,,,,
26,6,2025-01-09,Pkt. 4 Sprawozdanie Komisji o poselskim projekcie ustawy o ustanowieniu Narodowego Dnia Pamięci Żołnierzy Armii Krajowej (druki nr 925 i 930),proc 925,175,0,0,15,no,signed,api.sejm.gov.pl term10/processes/925 stages,190,no,429,0,0,,2025-02-06,,,,
26,7,2025-01-09,"Pkt. 3 Sprawozdanie Komisji o rządowym projekcie ustawy o zmianie ustawy o szczególnych rozwiązaniach w zakresie przeciwdziałania wspieraniu agresji na Ukrainę oraz służących ochronie bezpieczeństwa narodowego, ustawy o Krajowej Administracji Skarbowej oraz ustawy o przeciwdziałaniu praniu pieniędzy oraz finansowaniu terroryzmu (druki nr 878 i 905)",proc 878,172,0,1,17,no,signed,api.sejm.gov.pl term10/processes/878 stages,190,no,411,19,1,,2025-02-06,,,,
26,8,2025-01-09,Pkt. 5 Sprawozdanie Komisji o rządowym projekcie ustawy o zmianie ustawy o rynku mocy (druki nr 927 i 928),proc 927,173,0,2,15,no,signed,api.sejm.gov.pl term10/processes/927 stages,190,no,411,19,3,,2025-01-31,,,,
27,9,2025-01-24,Pkt. 4 Sprawozdanie Komisji o rządowym projekcie ustawy o zmianie ustawy o Służbie Więziennej (druki nr 879 i 903),proc 879,0,179,0,11,yes,signed,api.sejm.gov.pl term10/processes/879 stages,190,yes,239,200,0,,2025-02-25,,,,
27,10,2025-01-24,Pkt. 6 Sprawozdanie Komisji o rządowym projekcie ustawy o zmianie ustawy - Prawo wodne oraz ustawy o zmianie ustawy - Prawo wodne oraz niektórych innych ustaw (druki nr 895 i 931),proc 895,181,0,0,9,no,signed,api.sejm.gov.pl term10/processes/895 stages,190,no,441,0,1,,2025-02-18,,,,
27,15,2025-01-24,"Pkt. 1 Sprawozdanie Komisji o poselskim projekcie ustawy o szczególnych rozwiązaniach w zakresie rozpoznawania przez Sąd Najwyższy spraw, związanych z wyborami Prezydenta Rzeczypospolitej Polskiej oraz wyborami uzupełniającymi do Senatu Rzeczypospolitej Polskiej, zarządzonymi w 2025 r. (druki nr 923, 943 i 943-A)",proc 923,0,182,0,8,yes,vetoed,api.sejm.gov.pl term10/processes/923 stages,190,yes,220,204,20,,2025-03-08,,,,
27,17,2025-01-24,"Pkt. 2 Sprawozdanie Komisji o poselskim projekcie ustawy o zmianie ustawy o wykonywaniu mandatu posła i senatora (druki nr 926, 959 i 959-A)",proc 926,0,180,0,10,yes,referred to Tribunal,api.sejm.gov.pl term10/processes/926 stages,190,yes,236,203,0,,2025-03-17,,,,
27,19,2025-01-24,"Pkt. 3 Sprawozdanie Komisji o rządowym projekcie ustawy o zmianie niektórych ustaw w związku z przystąpieniem Rzeczypospolitej Polskiej do wzmocnionej współpracy w zakresie Prokuratury Europejskiej (druki nr 906, 958 i 958-A)",proc 906,0,182,0,8,yes,signed,api.sejm.gov.pl term10/processes/906 stages,190,yes,240,204,0,,2025-03-06,,,,
27,21,2025-01-24,"Pkt. 5 Sprawozdanie Komisji o rządowym projekcie ustawy o zmianie ustawy o podatku od towarów i usług, ustawy o podatku akcyzowym oraz niektórych innych ustaw (druki nr 896, 941 i 941-A)",proc 896,181,0,0,9,no,signed,api.sejm.gov.pl term10/processes/896 stages,190,no,420,1,21,,2025-02-20,,,,
28,7,2025-02-06,Pkt. 4 Sprawozdanie Komisji o rządowym projekcie ustawy o zmianie ustawy o znakach Sił Zbrojnych Rzeczypospolitej Polskiej (druki nr 932 i 963),proc 932,179,0,0,11,no,signed,api.sejm.gov.pl term10/processes/932 stages,190,no,429,0,1,,2025-03-06,,,,
28,13,2025-02-06,"Pkt. 1 Sprawozdanie Komisji o rządowym projekcie ustawy o zmianie ustawy o biokomponentach i biopaliwach ciekłych oraz niektórych innych ustaw (druki nr 956, 979 i 979-A)",proc 956,0,179,0,11,yes,signed,api.sejm.gov.pl term10/processes/956 stages,190,yes,231,199,0,,2025-03-05,,,,
28,15,2025-02-06,"Pkt. 2 Sprawozdanie Komisji o rządowym projekcie ustawy o zmianie ustawy - Prawo lotnicze (druki nr 952, 961 i 961-A)",proc 952,0,0,179,11,no,signed,api.sejm.gov.pl term10/processes/952 stages,190,no,231,0,200,,2025-03-20,,,,
29,6,2025-02-20,Pkt. 1 Sprawozdanie Komisji o rządowym projekcie ustawy o zmianie ustawy o przygotowaniu i realizacji inwestycji w zakresie obiektów energetyki jądrowej oraz inwestycji towarzyszących oraz ustawy o wpłatach z zysku przez jednoosobowe spółki Skarbu Państwa (druki nr 955 i 968),proc 955,176,0,0,14,no,signed,api.sejm.gov.pl term10/processes/955 stages,190,no,430,1,0,,2025-03-24,,,,
29,7,2025-02-20,"Pkt. 2 Sprawozdanie Komisji o rządowym projekcie ustawy o zmianie ustawy o podatku akcyzowym, ustawy o zdrowiu publicznym oraz niektórych innych ustaw (druki nr 981 i 1015)",proc 981,3,174,1,12,yes,signed,api.sejm.gov.pl term10/processes/981 stages,190,yes,242,191,1,,2025-03-14,,,,
29,8,2025-02-20,Pkt. 3 Sprawozdanie Komisji o rządowym projekcie ustawy o zmianie ustawy - Ordynacja podatkowa oraz niektórych innych ustaw (druki nr 964 i 1007),proc 964,0,178,0,12,yes,signed,api.sejm.gov.pl term10/processes/964 stages,190,yes,238,181,9,,2025-04-14,,,,
29,28,2025-02-21,Pkt. 15 Sprawozdanie Komisji o rządowym projekcie ustawy o zmianie ustawy o ochronie zdrowia przed następstwami używania tytoniu i wyrobów tytoniowych (druki nr 982 i 1029),proc 982,174,0,0,16,no,signed,api.sejm.gov.pl term10/processes/982 stages,190,no,412,15,1,,2025-03-31,,,,
29,29,2025-02-21,Pkt. 20 Sprawozdanie Komisji o rządowym projekcie ustawy o zmianie ustawy o rynku mocy oraz niektórych innych ustaw (druki nr 1008 i 1031),proc 1008,177,0,0,13,no,signed,api.sejm.gov.pl term10/processes/1008 stages,190,no,413,17,2,,2025-03-06,,,,
29,34,2025-02-21,"Pkt. 4 Sprawozdanie Komisji o rządowym projekcie ustawy o zmianie ustawy o funduszach promocji produktów rolno-spożywczych (druki nr 953, 987 i 987-A)",proc 953,176,0,0,14,no,signed,api.sejm.gov.pl term10/processes/953 stages,190,no,414,5,9,,2025-03-06,,,,
29,36,2025-02-21,"Pkt. 5 Sprawozdanie Komisji o rządowym projekcie ustawy o zmianie ustawy o obszarach morskich Rzeczypospolitej Polskiej i administracji morskiej (druki nr 933, 957 i 957-A)",proc 933,176,0,0,14,no,signed,api.sejm.gov.pl term10/processes/933 stages,190,no,415,0,16,,2025-03-25,,,,
29,42,2025-02-21,"Pkt. 6 Sprawozdanie Komisji o rządowym projekcie ustawy o zmianie ustawy o udzielaniu cudzoziemcom ochrony na terytorium Rzeczypospolitej Polskiej (druki nr 924, 1010 i 1010-A)",proc 924,169,8,0,13,no,signed,api.sejm.gov.pl term10/processes/924 stages,190,no,386,38,0,,2025-03-26,,,,
29,44,2025-02-21,"Pkt. 16 Sprawozdanie Komisji o rządowym projekcie ustawy o zmianie ustawy o Planie Strategicznym dla Wspólnej Polityki Rolnej na lata 2023-2027 oraz niektórych innych ustaw (druki nr 1009, 1028 i 1028-A)",proc 1009,0,176,0,14,yes,signed,api.sejm.gov.pl term10/processes/1009 stages,190,yes,230,195,0,,2025-03-13,,,,
29,50,2025-02-21,"Pkt. 17 Sprawozdanie Komisji o rządowym projekcie ustawy o rynku pracy i służbach zatrudnienia (druki nr 948, 1021 i 1021-A)",proc 948,174,1,0,15,no,signed,api.sejm.gov.pl term10/processes/948 stages,190,no,405,18,2,,2025-04-10,,,,
29,71,2025-02-21,"Pkt. 18 Sprawozdanie Komisji o rządowym projekcie ustawy o warunkach dopuszczalności powierzania pracy cudzoziemcom na terytorium Rzeczypospolitej Polskiej (druki nr 949, 1022 i 1022-A)",proc 949,0,176,0,14,yes,signed,api.sejm.gov.pl term10/processes/949 stages,190,yes,231,196,0,,2025-04-10,,,,
29,73,2025-02-21,"Pkt. 19 Sprawozdanie Komisji o poselskim projekcie ustawy zmieniającej ustawę o zmianie ustawy o finansowym wsparciu tworzenia lokali socjalnych, mieszkań chronionych, noclegowni i domów dla bezdomnych, ustawy o ochronie praw lokatorów, mieszkaniowym zasobie gminy i o zmianie Kodeksu cywilnego oraz niektórych innych ustaw (druki nr 954 i 1027)",proc 954,173,0,3,14,no,signed,api.sejm.gov.pl term10/processes/954 stages,190,no,405,7,13,,2025-03-25,,,,
30,7,2025-03-06,Pkt. 1 Sprawozdanie Komisji o rządowym projekcie ustawy o zmianie ustawy o systemie instytucji rozwoju (druki nr 992 i 1032),proc 992,178,0,1,11,no,signed,api.sejm.gov.pl term10/processes/992 stages,190,no,421,15,1,,2025-03-18,,,,
30,8,2025-03-06,Pkt. 3 Sprawozdanie Komisji o komisyjnym projekcie ustawy o zmianie ustawy - Prawo o notariacie (druki nr 440 i 814),proc 440,181,0,0,9,no,signed,api.sejm.gov.pl term10/processes/440 stages,190,no,434,2,3,,2025-04-07,,,,
30,16,2025-03-06,"Pkt. 2 Sprawozdanie Komisji o rządowym projekcie ustawy o zmianie ustawy - Kodeks karny (druki nr 876, 984 i 984-A)",proc 876,0,182,0,8,yes,referred to Tribunal,api.sejm.gov.pl term10/processes/876 stages,190,yes,238,201,0,,2025-04-17,,,,
30,18,2025-03-06,"Pkt. 4 Sprawozdanie Komisji o rządowym projekcie ustawy o zmianie ustawy - Prawo o ustroju sądów powszechnych oraz ustawy - Prawo o ustroju sądów wojskowych (druki nr 988, 1047 i 1047-A)",proc 988,0,181,0,9,yes,signed,api.sejm.gov.pl term10/processes/988 stages,190,yes,241,195,2,,2025-04-16,,,,
30,28,2025-03-07,Pkt. 19 Sprawozdanie Komisji o rządowym projekcie ustawy o unijnej sieci danych dotyczących poziomu zrównoważenia gospodarstw rolnych (FSDN) (druki nr 989 i 1069),proc 989,1,175,0,14,yes,signed,api.sejm.gov.pl term10/processes/989 stages,190,yes,237,190,1,,2025-03-20,,,,
31,11,2025-03-20,Pkt. 1 Sprawozdanie Komisji o rządowym projekcie ustawy o zmianie ustawy o współpracy rozwojowej oraz niektórych innych ustaw (druki nr 1034 i 1086),proc 1034,174,0,1,15,no,signed,api.sejm.gov.pl term10/processes/1034 stages,190,no,411,0,17,,2025-04-16,,,,
31,12,2025-03-20,"Pkt. 4 Sprawozdanie Komisji o rządowym projekcie ustawy o ratyfikacji Poprawek do Konwencji o pracy na morzu, przyjętej w Genewie dnia 23 lutego 2006 r., zatwierdzonych przez Międzynarodową Konferencję Pracy w Genewie w dniu 6 czerwca 2022 r. (druki nr 994 i 1068)",proc 994,178,0,0,12,no,signed,api.sejm.gov.pl term10/processes/994 stages,190,no,431,0,0,,2025-04-16,,,,
31,18,2025-03-20,"Pkt. 2 Sprawozdanie Komisji o rządowym projekcie ustawy o zmianie ustawy o Państwowym Ratownictwie Medycznym oraz niektórych innych ustaw (druki nr 1058, 1111 i 1111-A)",proc 1058,174,0,1,15,no,signed,api.sejm.gov.pl term10/processes/1058 stages,190,no,413,0,16,,2025-05-07,,,,
31,19,2025-03-20,Pkt. 7 Sprawozdanie Komisji o poselskim projekcie ustawy o zmianie ustawy o zawodzie lekarza weterynarii i izbach lekarsko-weterynaryjnych (druki nr 1038 i 1101),proc 1038,174,0,0,16,no,signed,api.sejm.gov.pl term10/processes/1038 stages,190,no,425,0,1,,2025-04-16,,,,
32,7,2025-04-04,Pkt. 2 Sprawozdanie Komisji o rządowym projekcie ustawy o zmianie ustawy o cudzoziemcach oraz niektórych innych ustaw (druki nr 950 i 1126),proc 950,0,178,0,12,yes,signed,api.sejm.gov.pl term10/processes/950 stages,190,yes,238,195,0,,2025-05-08,,,,
32,8,2025-04-04,Pkt. 4 Sprawozdanie Komisji o rządowym projekcie ustawy o zmianie ustawy o Narodowym Centrum Nauki (druki nr 1075 i 1104),proc 1075,0,0,178,12,no,signed,api.sejm.gov.pl term10/processes/1075 stages,190,no,237,1,195,,2025-05-07,,,,
32,9,2025-04-04,Pkt. 6 Sprawozdanie Komisji o senackim projekcie ustawy o zmianie ustawy o zagospodarowaniu wspólnot gruntowych (druki nr 995 i 1123),proc 995,0,0,178,12,no,signed,api.sejm.gov.pl term10/processes/995 stages,190,no,238,0,195,,2025-05-07,,,,
32,17,2025-04-04,"Pkt. 19 Sprawozdanie Komisji o rządowym projekcie ustawy o zmianie ustawy o świadczeniach opieki zdrowotnej finansowanych ze środków publicznych oraz niektórych innych ustaw (druki nr 838, 1103 i 1103-A) - trzecie czytanie",proc 838,1,166,7,16,yes,vetoed,api.sejm.gov.pl term10/processes/838 stages,190,yes,213,190,25,,2025-05-07,,,,
32,21,2025-04-04,"Pkt. 3 Sprawozdanie Komisji o rządowym projekcie ustawy o zmianie niektórych ustaw w celu wyeliminowania nieprawidłowości w systemie wizowym Rzeczypospolitej Polskiej (druki nr 951, 1127 i 1127-A)",proc 951,0,178,0,12,yes,signed,api.sejm.gov.pl term10/processes/951 stages,190,yes,235,178,16,,2025-05-08,,,,
32,23,2025-04-04,"Pkt. 5 Sprawozdanie Komisji o rządowym projekcie ustawy o zmianie ustawy o Agencji Mienia Wojskowego (druki nr 1074, 1125 i 1125-A)",proc 1074,175,0,2,13,no,signed,api.sejm.gov.pl term10/processes/1074 stages,190,no,411,17,2,,2025-04-29,,,,
32,26,2025-04-04,Pkt. 7 Sprawozdanie Komisji o rządowym projekcie ustawy o zmianie ustawy o Narodowym Instytucie Wolności - Centrum Rozwoju Społeczeństwa Obywatelskiego (druki nr 1129 i 1137),proc 1129,0,0,177,13,no,signed,api.sejm.gov.pl term10/processes/1129 stages,190,no,236,17,177,,2025-04-22,,,,
32,29,2025-04-04,"Pkt. 8 Sprawozdanie Komisji o rządowym projekcie ustawy o zmianie ustawy o planowaniu i zagospodarowaniu przestrzennym oraz niektórych innych ustaw (druki nr 1133, 1136 i 1136-A)",proc 1133,1,0,177,12,no,signed,api.sejm.gov.pl term10/processes/1133 stages,190,no,233,0,195,,2025-04-16,,,,
32,32,2025-04-04,Pkt. 15 Sprawozdanie Komisji o rządowym projekcie ustawy zmieniającej ustawę o zmianie ustawy o ochronie zabytków i opiece nad zabytkami (druki nr 1132 i 1154),proc 1132,0,176,0,14,yes,signed,api.sejm.gov.pl term10/processes/1132 stages,190,yes,232,193,0,,2025-04-22,,,,
32,35,2025-04-04,"Pkt. 9 Sprawozdanie Komisji o poselskim projekcie ustawy o zmianie ustawy o drogach publicznych (druki nr 880, 1134 i 1134-A)",proc 880,0,177,1,12,yes,signed,api.sejm.gov.pl term10/processes/880 stages,190,yes,233,194,1,,2025-05-14,,,,
33,6,2025-04-23,Pkt. 4 Sprawozdanie Komisji o rządowym projekcie ustawy o zmianie ustawy o szczególnych rozwiązaniach służących ochronie odbiorców energii elektrycznej w 2023 roku oraz w 2024 roku w związku z sytuacją na rynku energii elektrycznej (druki nr 1175 i 1183),proc 1175,176,0,0,14,no,signed,api.sejm.gov.pl term10/processes/1175 stages,190,no,416,0,16,,2025-04-28,,,,
33,20,2025-04-24,Pkt. 5 Sprawozdanie Komisji o poselskim projekcie ustawy o zmianie ustawy o ochronie praw nabywcy lokalu mieszkalnego lub domu jednorodzinnego oraz Deweloperskim Funduszu Gwarancyjnym oraz ustawy o ochronie konkurencji i konsumentów (druki nr 1112 i 1180),proc 1112,167,0,0,23,no,signed,api.sejm.gov.pl term10/processes/1112 stages,190,no,418,0,2,,2025-06-05,,,,
33,54,2025-04-24,"Pkt. 3 Sprawozdanie Komisji o rządowym projekcie ustawy o zmianie niektórych ustaw w celu deregulacji prawa gospodarczego i administracyjnego oraz doskonalenia zasad opracowywania prawa gospodarczego (druki nr 1108, 1168 i 1168-A)",proc 1108,164,0,0,26,no,signed,api.sejm.gov.pl term10/processes/1108 stages,190,no,411,5,0,,2025-06-05,,,,
34,10,2025-05-09,"Pkt. 1 Sprawozdanie Komisji o rządowym projekcie ustawy o zmianie ustawy o Służbie Więziennej oraz niektórych innych ustaw (druki nr 993, 1120 i 1120-A)",proc 993,0,176,0,14,yes,signed,api.sejm.gov.pl term10/processes/993 stages,190,yes,233,177,15,,2025-06-17,,,,
34,16,2025-05-09,Pkt. 2 Sprawozdanie Komisji o rządowym projekcie ustawy o Krajowej Sieci Kardiologicznej (druki nr 1090 i 1152),proc 1090,179,1,0,10,no,signed,api.sejm.gov.pl term10/processes/1090 stages,190,no,412,1,15,,2025-06-16,,,,
34,19,2025-05-09,"Pkt. 3 Sprawozdanie Komisji o poselskim projekcie ustawy o zmianie ustawy - Kodeks pracy (druki nr 934, 1153 i 1153-A)",proc 934,1,0,178,11,no,signed,api.sejm.gov.pl term10/processes/934 stages,190,no,228,14,181,,2025-06-18,,,,
34,43,2025-05-09,"Pkt. 4 Sprawozdanie Komisji o rządowym projekcie ustawy o zmianie ustawy o szczególnych rozwiązaniach związanych z usuwaniem skutków powodzi oraz niektórych innych ustaw (druki nr 1176, 1200 i 1200-A)",proc 1176,178,0,0,12,no,signed,api.sejm.gov.pl term10/processes/1176 stages,190,no,425,0,0,,2025-05-20,,,,
34,46,2025-05-09,Pkt. 5 Sprawozdanie Komisji o rządowym projekcie ustawy o zmianie ustawy o emeryturach i rentach z Funduszu Ubezpieczeń Społecznych oraz niektórych innych ustaw (druki nr 1172 i 1195),proc 1172,176,0,0,14,no,signed,api.sejm.gov.pl term10/processes/1172 stages,190,no,410,1,6,,2025-05-30,,,,
34,47,2025-05-09,Pkt. 14 Sprawozdanie Komisji o rządowym projekcie ustawy o zmianie niektórych ustaw w celu zapewnienia stosowania przepisów prawa Unii Europejskiej poprawiających funkcjonowanie rynku wewnętrznego (druki nr 1174 i 1179),proc 1174,0,180,0,10,yes,signed,api.sejm.gov.pl term10/processes/1174 stages,190,yes,232,192,5,,2025-06-16,,,,
35,12,2025-05-21,Pkt. 1 Sprawozdanie Komisji o rządowym projekcie ustawy o zmianie ustawy o ochronie zdrowia przed następstwami używania tytoniu i wyrobów tytoniowych (druki nr 983 i 1226),proc 983,178,1,0,11,no,signed,api.sejm.gov.pl term10/processes/983 stages,190,no,417,1,10,,2025-06-17,,,,
35,15,2025-05-21,Pkt. 2 Sprawozdanie Komisji o rządowym projekcie ustawy o zmianie ustawy o ochronie przyrody (druki nr 1171 i 1228),proc 1171,0,182,0,8,yes,signed,api.sejm.gov.pl term10/processes/1171 stages,190,yes,231,200,1,,2025-07-02,,,,
35,17,2025-05-21,"Pkt. 4 Sprawozdanie Komisji o rządowym projekcie ustawy o zmianie ustawy o repatriacji oraz niektórych innych ustaw (druki nr 1201, 1215 i 1215-A)",proc 1201,181,0,0,9,no,signed,api.sejm.gov.pl term10/processes/1201 stages,190,no,415,0,16,,2025-07-03,,,,
35,27,2025-05-21,Pkt. 12 Sprawozdanie Komisji o rządowym projekcie ustawy o zmianie niektórych ustaw w związku z wprowadzaniem centralnego systemu informacji rynku energii (druki nr 1209 i 1278),proc 1209,175,0,2,13,no,signed,api.sejm.gov.pl term10/processes/1209 stages,190,no,407,0,21,,2025-06-06,,,,
36,8,2025-06-04,Pkt. 8 Sprawozdanie Komisji o poselskim projekcie ustawy o zmianie ustawy o ochotniczych strażach pożarnych (druki nr 1142 i 1328),proc 1142,176,0,0,13,no,signed,api.sejm.gov.pl term10/processes/1142 stages,189,no,437,0,0,,2025-07-03,,,,
36,9,2025-06-04,Pkt. 9 Sprawozdanie Komisji o poselskim projekcie ustawy o ustanowieniu 11 lipca Dniem Pamięci o Polakach - ofiarach ludobójstwa dokonanego przez OUN-UPA na Kresach Wschodnich II Rzeczypospolitej Polskiej (druki nr 1271 i 1287),proc 1271,177,0,0,12,no,signed,api.sejm.gov.pl term10/processes/1271 stages,189,no,435,0,1,,2025-07-02,,,,
36,11,2025-06-04,"Pkt. 1 Sprawozdanie Komisji o rządowym projekcie ustawy o zmianie ustawy o aplikacji mObywatel oraz niektórych innych ustaw (druki nr 1241, 1250 i 1250-A)",proc 1241,177,0,0,12,no,signed,api.sejm.gov.pl term10/processes/1241 stages,189,no,427,0,10,,2025-07-21,,,,
36,12,2025-06-04,Pkt. 2 Sprawozdanie Komisji o rządowym projekcie ustawy o zmianie ustawy - Prawo farmaceutyczne (druki nr 1240 i 1251),proc 1240,177,0,0,12,no,signed,api.sejm.gov.pl term10/processes/1240 stages,189,no,439,0,0,,2025-07-03,,,,
37,8,2025-06-24,Pkt. 1 Sprawozdanie Komisji o rządowym projekcie ustawy o zmianie ustawy o funduszach inwestycyjnych i zarządzaniu alternatywnymi funduszami inwestycyjnymi (druki nr 1267 i 1331) - trzecie czytanie,proc 1267,0,165,1,23,yes,signed,api.sejm.gov.pl term10/processes/1267 stages,189,yes,218,174,19,,2025-07-10,,,,
37,9,2025-06-24,Pkt. 2 Sprawozdanie Komisji o rządowym projekcie ustawy o zmianie ustawy o obrocie instrumentami finansowymi (druki nr 1269 i 1330) - trzecie czytanie,proc 1269,169,0,0,20,no,signed,api.sejm.gov.pl term10/processes/1269 stages,189,no,416,0,0,,2025-07-08,,,,
37,10,2025-06-24,Pkt. 3 Sprawozdanie Komisji o rządowym projekcie ustawy o zmianie ustawy o Krajowej Administracji Skarbowej oraz ustawy o podatku od towarów i usług (druki nr 1231 i 1332) - trzecie czytanie,proc 1231,168,0,0,21,no,signed,api.sejm.gov.pl term10/processes/1231 stages,189,no,416,0,0,,2025-07-03,,,,
37,11,2025-06-24,Pkt. 4 Sprawozdanie Komisji o rządowym projekcie ustawy o zmianie ustawy - Prawo farmaceutyczne (druki nr 1266 i 1293) - trzecie czytanie,proc 1266,0,1,168,20,no,signed,api.sejm.gov.pl term10/processes/1266 stages,189,no,242,1,174,,2025-07-08,,,,
37,12,2025-06-24,Pkt. 5 Sprawozdanie Komisji o rządowym projekcie ustawy o zmianie ustawy - Kodeks rodzinny i opiekuńczy (druki nr 1234 i 1292) - trzecie czytanie,proc 1234,169,0,0,20,no,signed,api.sejm.gov.pl term10/processes/1234 stages,189,no,416,0,1,,2025-07-03,,,,
37,15,2025-06-24,"Pkt. 6 Sprawozdanie Komisji o rządowym projekcie ustawy o zmianie ustawy o podatku od towarów i usług (druki nr 1232, 1333 i 1333-A) - trzecie czytanie",proc 1232,169,0,0,20,no,signed,api.sejm.gov.pl term10/processes/1232 stages,189,no,415,0,0,,2025-07-03,,,,
37,23,2025-06-25,"Pkt. 7 Sprawozdanie Komisji o rządowym projekcie ustawy o zmianie niektórych ustaw w związku z zapewnieniem operacyjnej odporności cyfrowej sektora finansowego oraz emitowaniem europejskich zielonych obligacji (druki nr 1262, 1326 i 1326-A)",proc 1262,2,171,0,16,yes,signed,api.sejm.gov.pl term10/processes/1262 stages,189,yes,231,193,5,,2025-07-31,,,,
37,31,2025-06-25,"Pkt. 8 Sprawozdanie Komisji o rządowym projekcie ustawy o zmianie ustawy o systemie ubezpieczeń społecznych oraz niektórych innych ustaw (druki nr 1246, 1298 i 1298-A)",proc 1246,0,0,174,15,no,signed,api.sejm.gov.pl term10/processes/1246 stages,189,no,254,0,178,,2025-08-05,,,,
37,33,2025-06-25,"Pkt. 9 Sprawozdanie Komisji o rządowym projekcie ustawy o zmianie ustawy o Służbie Więziennej oraz ustawy o ustanowieniu ""Programu modernizacji Policji, Straży Granicznej, Państwowej Straży Pożarnej i Służby Ochrony Państwa w latach 2022-2025"", o ustanowieniu ""Programu modernizacji Służby Więziennej w latach 2022-2025"" oraz o zmianie ustawy o Policji i niektórych innych ustaw (druki nr 1243, 1296 i 1296-A)",proc 1243,0,171,0,18,yes,vetoed,api.sejm.gov.pl term10/processes/1243 stages,189,yes,232,175,18,,2025-08-05,,,,
37,34,2025-06-25,Pkt. 10 Sprawozdanie Komisji o rządowym projekcie ustawy o zmianie ustawy o obronie Ojczyzny oraz niektórych innych ustaw (druki nr 1270 i 1334),proc 1270,170,0,0,19,no,signed,api.sejm.gov.pl term10/processes/1270 stages,189,no,426,0,0,,2025-07-23,,,,
37,42,2025-06-25,"Pkt. 11 Sprawozdanie Komisji o rządowym projekcie ustawy o szczególnych zasadach przygotowania i realizacji strategicznych oraz kluczowych inwestycji w zakresie potrzeb obronności państwa i bezpieczeństwa publicznego oraz ustanawiania stref ochronnych dla niektórych terenów zamkniętych (druki nr 1203, 1351 i 1351-A)",proc 1203,174,0,0,15,no,signed,api.sejm.gov.pl term10/processes/1203 stages,189,no,431,0,0,,2025-08-05,,,,
37,44,2025-06-25,"Pkt. 12 Sprawozdanie Komisji o rządowym projekcie ustawy o zmianie ustawy o komornikach sądowych (druki nr 1244, 1297 i 1297-A)",proc 1244,1,171,0,17,yes,signed,api.sejm.gov.pl term10/processes/1244 stages,189,yes,234,174,19,,2025-07-24,,,,
37,45,2025-06-25,Pkt. 13 Sprawozdanie Komisji o rządowym projekcie ustawy o zmianie ustawy o podatku dochodowym od osób prawnych (druki nr 1233 i 1336),proc 1233,0,173,0,16,yes,signed,api.sejm.gov.pl term10/processes/1233 stages,189,yes,227,198,1,,2025-08-05,,,,
37,46,2025-06-25,Pkt. 14 Sprawozdanie Komisji o rządowym projekcie ustawy o zmianie ustawy o podatku dochodowym od osób fizycznych oraz ustawy o podatku dochodowym od osób prawnych (druki nr 1281 i 1337),proc 1281,171,1,0,17,no,signed,api.sejm.gov.pl term10/processes/1281 stages,189,no,422,6,0,,2025-07-23,,,,
37,47,2025-06-25,Pkt. 15 Sprawozdanie Komisji o rządowym projekcie ustawy o zmianie ustawy o podatku od spadków i darowizn (druki nr 1282 i 1338),proc 1282,172,0,0,17,no,signed,api.sejm.gov.pl term10/processes/1282 stages,189,no,429,0,0,,2025-07-31,,,,
37,48,2025-06-25,Pkt. 16 Sprawozdanie Komisji o poselskim projekcie ustawy o Instytucie imienia Wincentego Witosa (druki nr 829 i 1325),proc 829,168,0,3,18,no,signed,api.sejm.gov.pl term10/processes/829 stages,189,no,388,28,5,,2025-08-05,,,,
37,50,2025-06-25,Pkt. 18 Sprawozdanie Komisji o poselskim projekcie ustawy o zmianie ustawy o restrukturyzacji zadłużenia podmiotów prowadzących gospodarstwa rolne (druki nr 1315 i 1371),proc 1315,172,0,0,17,no,signed,api.sejm.gov.pl term10/processes/1315 stages,189,no,426,2,0,,2025-07-31,,,,
37,60,2025-06-25,Pkt. 21 Sprawozdanie Komisji o rządowym projekcie ustawy o zmianie ustawy o inwestycjach w zakresie elektrowni wiatrowych oraz niektórych innych ustaw (druki nr 1130 i 1367),proc 1130,2,170,0,17,yes,vetoed,api.sejm.gov.pl term10/processes/1130 stages,189,yes,231,193,1,,2025-08-21,,,,
37,61,2025-06-25,Pkt. 22 Sprawozdanie Komisji o rządowym projekcie ustawy o krajowym systemie certyfikacji cyberbezpieczeństwa (druki nr 1238 i 1249),proc 1238,170,3,0,16,no,signed,api.sejm.gov.pl term10/processes/1238 stages,189,no,406,4,18,,2025-07-23,,,,
37,67,2025-06-25,"Pkt. 24 Sprawozdanie Komisji o rządowym projekcie ustawy o zmianie ustawy - Prawo restrukturyzacyjne oraz niektórych innych ustaw (druki nr 1263, 1354 i 1354-A)",proc 1263,173,0,0,16,no,signed,api.sejm.gov.pl term10/processes/1263 stages,189,no,411,2,16,,2025-08-05,,,,
37,69,2025-06-25,"Pkt. 25 Sprawozdanie Komisji o poselskim projekcie ustawy o zmianie ustawy o prawach pacjenta i Rzeczniku Praw Pacjenta oraz niektórych innych ustaw (druki nr 748, 1372 i 1372-A)",proc 748,4,14,141,30,no,referred to Tribunal,api.sejm.gov.pl term10/processes/748 stages,189,no,238,32,145,,2025-08-05,,,,
37,75,2025-06-25,Pkt. 26 Sprawozdanie Komisji o rządowym projekcie ustawy o zmianie ustawy o informatyzacji działalności podmiotów realizujących zadania publiczne oraz niektórych innych ustaw (druki nr 1268 i 1294),proc 1268,172,0,0,17,no,signed,api.sejm.gov.pl term10/processes/1268 stages,189,no,428,0,0,,2025-07-23,,,,
37,76,2025-06-25,"Pkt. 27 Sprawozdanie Komisji o rządowym projekcie ustawy o wypowiedzeniu Konwencji o zakazie użycia, składowania, produkcji i przekazywania min przeciwpiechotnych oraz o ich zniszczeniu, sporządzonej w Oslo dnia 18 września 1997 r. (druki nr 1261 i 1327)",proc 1261,173,0,0,16,no,signed,api.sejm.gov.pl term10/processes/1261 stages,189,no,413,15,3,,2025-07-23,,,,
37,78,2025-06-25,"Pkt. 28 Sprawozdanie Komisji o rządowym projekcie ustawy o zmianie ustawy - Prawo geologiczne i górnicze (druki nr 1208, 1229 i 1229-A) - trzecie czytanie",proc 1208,0,173,1,15,yes,signed,api.sejm.gov.pl term10/processes/1208 stages,189,yes,236,195,1,,2025-07-24,,,,
38,15,2025-07-09,"Pkt. 1 Sprawozdanie Komisji o rządowym projekcie ustawy o zmianie ustawy o weteranach działań poza granicami państwa, ustawy o podatku dochodowym od osób fizycznych oraz ustawy o finansach publicznych (druki nr 1280, 1397 i 1397-A)",proc 1280,173,0,0,16,no,signed,api.sejm.gov.pl term10/processes/1280 stages,189,no,435,0,0,,2025-08-21,,,,
38,16,2025-07-09,Pkt. 2 Sprawozdanie Komisji o rządowym projekcie ustawy o zmianie ustawy - Prawo zamówień publicznych oraz ustawy o umowie koncesji na roboty budowalne lub usługi (druki nr 1302 i 1360),proc 1302,173,0,0,16,no,signed,api.sejm.gov.pl term10/processes/1302 stages,189,no,417,7,12,,2025-08-21,,,,
38,19,2025-07-09,"Pkt. 3 Sprawozdanie Komisji o rządowym projekcie ustawy o zmianie ustawy o funduszach inwestycyjnych i zarządzaniu alternatywnymi funduszami inwestycyjnymi (druki nr 1305, 1357 i 1357-A)",proc 1305,1,0,169,19,no,signed,api.sejm.gov.pl term10/processes/1305 stages,189,no,259,0,172,,2025-08-21,,,,
38,20,2025-07-09,Pkt. 4 Sprawozdanie Komisji o rządowym projekcie ustawy o zmianie ustawy - Prawo bankowe oraz niektórych innych ustaw (druki nr 1306 i 1358),proc 1306,2,0,172,15,no,signed,api.sejm.gov.pl term10/processes/1306 stages,189,no,260,0,176,,2025-08-21,,,,
38,21,2025-07-09,"Pkt. 5 Sprawozdanie Komisji o rządowym projekcie ustawy o zmianie ustawy o ubezpieczeniach obowiązkowych, Ubezpieczeniowym Funduszu Gwarancyjnym i Polskim Biurze Ubezpieczycieli Komunikacyjnych oraz ustawy o ewidencji ludności (druki nr 1343 i 1359)",proc 1343,174,0,0,15,no,signed,api.sejm.gov.pl term10/processes/1343 stages,189,no,434,0,0,,2025-08-21,,,,
38,22,2025-07-09,Pkt. 6 Sprawozdanie Komisji o rządowym projekcie ustawy o zmianie ustawy - Prawo o szkolnictwie wyższym i nauce (druki nr 1309 i 1363),proc 1309,174,0,0,15,no,signed,api.sejm.gov.pl term10/processes/1309 stages,189,no,437,0,0,,2025-08-21,,,,
38,23,2025-07-09,"Pkt. 7 Sprawozdanie Komisji o rządowym projekcie ustawy o uchyleniu ustawy o Centralnej Informacji Emerytalnej (druki nr 1307, 1307-A i 1373)",proc 1307,6,168,0,15,yes,signed,api.sejm.gov.pl term10/processes/1307 stages,189,yes,262,171,0,,2025-08-27,,,,
38,24,2025-07-09,Pkt. 8 Sprawozdanie Komisji o rządowym projekcie ustawy o zmianie ustawy o przetwarzaniu danych dotyczących przelotu pasażera (druki nr 1314 i 1386),proc 1314,175,0,0,14,no,signed,api.sejm.gov.pl term10/processes/1314 stages,189,no,415,0,22,,2025-08-21,,,,
38,26,2025-07-09,"Pkt. 9 Sprawozdanie Komisji o rządowym projekcie ustawy zmieniającej ustawę o zmianie ustawy o rachunkowości, ustawy o biegłych rewidentach, firmach audytorskich oraz nadzorze publicznym oraz niektórych innych ustaw (druki nr 1375, 1422 i 1422-A)",proc 1375,172,3,0,14,no,signed,api.sejm.gov.pl term10/processes/1375 stages,189,no,428,9,0,,2025-07-23,,,,
38,27,2025-07-09,Pkt. 10 Sprawozdanie Komisji o rządowym projekcie ustawy o zmianie ustawy o kontroli niektórych inwestycji oraz ustawy o dopłatach do oprocentowania kredytów bankowych udzielanych przedsiębiorcom dotkniętym skutkami COVID-19 oraz o uproszczonym postępowaniu o zatwierdzenie układu w związku z wystąpieniem COVID-19 (druki nr 1383 i 1421),proc 1383,0,0,175,14,no,signed,api.sejm.gov.pl term10/processes/1383 stages,189,no,240,14,183,,2025-07-21,,,,
38,34,2025-07-09,"Pkt. 11 Sprawozdanie Komisji o rządowym projekcie ustawy o zmianie ustawy o zapasach ropy naftowej, produktów naftowych i gazu ziemnego oraz zasadach postępowania w sytuacjach zagrożenia bezpieczeństwa paliwowego państwa i zakłóceń na rynku naftowym oraz niektórych innych ustaw (druki nr 1239, 1414 i 1414-A)",proc 1239,0,174,0,15,yes,vetoed,api.sejm.gov.pl term10/processes/1239 stages,189,yes,241,196,0,,2025-08-27,,,,
38,42,2025-07-09,"Pkt. 14 Sprawozdanie Komisji o rządowym projekcie ustawy o zmianie ustawy - Kodeks postępowania karnego oraz niektórych innych ustaw (druki nr 1264, 1362 i 1362-A)",proc 1264,171,0,0,18,no,signed,api.sejm.gov.pl term10/processes/1264 stages,189,no,424,0,0,,2025-08-21,,,,
38,43,2025-07-09,Pkt. 15 Sprawozdanie Komisji o rządowym projekcie ustawy o zmianie ustawy - Prawo konsularne (druki nr 1342 i 1467),proc 1342,174,0,1,14,no,signed,api.sejm.gov.pl term10/processes/1342 stages,189,no,435,0,1,,2025-08-21,,,,
38,47,2025-07-09,"Pkt. 16 Sprawozdanie Komisji o rządowym projekcie ustawy o likwidacji Akademii Kopernikańskiej i Szkoły Głównej Mikołaja Kopernika (druki nr 1284, 1400 i 1400-A)",proc 1284,0,175,0,14,yes,vetoed,api.sejm.gov.pl term10/processes/1284 stages,189,yes,254,180,2,,2025-08-05,,,,
38,48,2025-07-09,Pkt. 17 Sprawozdanie Komisji o poselskim projekcie ustawy o zmianie ustawy o mniejszościach narodowych i etnicznych oraz o języku regionalnym (druki nr 1076 i 1401),proc 1076,1,0,174,14,no,signed,api.sejm.gov.pl term10/processes/1076 stages,189,no,238,16,177,,2025-07-24,,,,
38,49,2025-07-09,Pkt. 18 Sprawozdanie Komisji o poselskim projekcie ustawy o zmianie ustawy o ochronie praw nabywcy lokalu mieszkalnego lub domu jednorodzinnego oraz Deweloperskim Funduszu Gwarancyjnym (druki nr 1272 i 1408),proc 1272,175,0,0,14,no,signed,api.sejm.gov.pl term10/processes/1272 stages,189,no,434,0,0,,2025-08-21,,,,
38,59,2025-07-09,"Pkt. 22 Sprawozdanie Komisji o rządowym oraz poselskich projektach ustaw:- o zmianie ustawy o społecznych formach rozwoju mieszkalnictwa oraz niektórych innych ustaw,- o zmianie ustawy o społecznych formach rozwoju mieszkalnictwa oraz niektórych innych ustaw,- o zmianie ustawy o zmianie ustawy o finansowym wsparciu tworzenia lokali socjalnych, mieszkań chronionych, noclegowni i domów dla bezdomnych oraz niektórych innych ustaw (druki nr 1382, 1319, 1078 i 1410)",proc 1078;proc 1319;proc 1382,2,168,5,14,yes,signed,api.sejm.gov.pl term10/processes/1078 stages; api.sejm.gov.pl term10/processes/1319 stages; api.sejm.gov.pl term10/processes/1382 stages,189,yes,234,181,23,,2025-08-05,,,,
39,34,2025-07-25,"Pkt. 16 Sprawozdanie Komisji o rządowym projekcie ustawy o certyfikacji wykonawców zamówień publicznych (druki nr 1184, 1254 i 1254-A)",proc 1184,0,170,0,19,yes,signed,api.sejm.gov.pl term10/processes/1184 stages,189,yes,234,193,1,,2025-08-27,,,,
39,35,2025-07-25,"Pkt. 17 Sprawozdanie Komisji o rządowym projekcie ustawy o zmianie ustawy o ubezpieczeniach obowiązkowych, Ubezpieczeniowym Funduszu Gwarancyjnym i Polskim Biurze Ubezpieczycieli Komunikacyjnych (druki nr 1380 i 1415)",proc 1380,1,2,167,19,no,signed,api.sejm.gov.pl term10/processes/1380 stages,189,no,257,2,170,,2025-08-21,,,,
39,36,2025-07-25,Pkt. 18 Sprawozdanie Komisji o rządowym projekcie ustawy o zmianie ustawy - Prawo bankowe oraz niektórych innych ustaw (druki nr 1377 i 1423),proc 1377,0,172,1,16,yes,signed,api.sejm.gov.pl term10/processes/1377 stages,189,yes,260,175,1,,2025-08-25,,,,
39,38,2025-07-25,"Pkt. 19 Sprawozdanie Komisji o rządowym projekcie ustawy o zmianie niektórych ustaw w celu dokonania deregulacji w zakresie energetyki (druki nr 1310, 1453 i 1453-A)",proc 1310,1,169,0,19,yes,vetoed,api.sejm.gov.pl term10/processes/1310 stages,189,yes,251,169,14,,2025-08-25,,,,
39,39,2025-07-25,Pkt. 20 Sprawozdanie Komisji o rządowym projekcie ustawy o zmianie ustawy o kosztach sądowych w sprawach cywilnych (druki nr 1242 i 1416),proc 1242,96,73,1,19,no,signed,api.sejm.gov.pl term10/processes/1242 stages,189,no,358,73,1,,2025-08-21,,,,
39,40,2025-07-25,Pkt. 21 Sprawozdanie Komisji o rządowym projekcie ustawy o zmianie ustawy - Prawo zamówień publicznych oraz niektórych innych ustaw (druki nr 1303 i 1418),proc 1303,1,172,0,16,yes,signed,api.sejm.gov.pl term10/processes/1303 stages,189,yes,241,195,0,,2025-08-21,,,,
39,45,2025-07-25,"Pkt. 22 Sprawozdanie Komisji o rządowym projekcie ustawy o zmianie ustawy - Karta Nauczyciela oraz niektórych innych ustaw (druki nr 1472, 1476 i 1476-A)",proc 1472,172,0,0,17,no,signed,api.sejm.gov.pl term10/processes/1472 stages,189,no,430,0,3,,2025-08-21,,,,
39,46,2025-07-25,Pkt. 23 Sprawozdanie Komisji o rządowym projekcie ustawy o zmianie ustawy - Karta Nauczyciela (druki nr 1438 i 1509),proc 1438,0,1,167,21,no,signed,api.sejm.gov.pl term10/processes/1438 stages,189,no,263,1,167,,2025-08-25,,,,
39,47,2025-07-25,Pkt. 24 Sprawozdanie Komisji o rządowym projekcie ustawy o zmianie ustawy - Karta Nauczyciela (druki nr 1481 i 1511),proc 1481,0,169,0,20,yes,signed,api.sejm.gov.pl term10/processes/1481 stages,189,yes,235,193,0,,2025-08-25,,,,
39,49,2025-07-25,"Pkt. 25 Sprawozdanie Komisji o rządowym projekcie ustawy o szczególnych rozwiązaniach w zakresie przechowywania nawozów naturalnych (druki nr 1433, 1518 i 1518-A)",proc 1433,0,171,0,18,yes,signed,api.sejm.gov.pl term10/processes/1433 stages,189,yes,259,171,1,,2025-08-25,,,,
39,52,2025-07-25,"Pkt. 26 Sprawozdanie Komisji o rządowym projekcie ustawy o zmianie niektórych ustaw w celu uproszczenia procedur administracyjnych oraz wsparcia przedsiębiorczości (druki nr 1376, 1419 i 1419-A)",proc 1376,172,1,0,16,no,signed,api.sejm.gov.pl term10/processes/1376 stages,189,no,433,1,0,,2025-08-21,,,,
39,53,2025-07-25,Pkt. 27 Sprawozdanie Komisji o rządowym projekcie ustawy o zmianie ustawy - Kodeks karny skarbowy oraz ustawy - Ordynacja podatkowa (druki nr 1313 i 1470),proc 1313,2,171,0,16,yes,vetoed,api.sejm.gov.pl term10/processes/1313 stages,189,yes,258,177,0,,2025-08-25,,,,
39,62,2025-07-25,"Pkt. 28 Sprawozdanie Komisji o rządowym projekcie ustawy o zmianie ustawy o podatku od towarów i usług oraz zmieniającej ustawę o zmianie ustawy o podatku od towarów i usług oraz niektórych innych ustaw (druki nr 1407, 1475 i 1475-A)",proc 1407,0,170,0,19,yes,signed,api.sejm.gov.pl term10/processes/1407 stages,189,yes,239,182,11,,2025-08-27,,,,
39,63,2025-07-25,"Pkt. 29 Sprawozdanie Komisji o rządowym projekcie ustawy o zmianie ustawy o nieodpłatnej pomocy prawnej, nieodpłatnym poradnictwie obywatelskim oraz edukacji prawnej (druki nr 1202 i 1477)",proc 1202,169,0,0,20,no,signed,api.sejm.gov.pl term10/processes/1202 stages,189,no,411,15,5,,2025-08-21,,,,
39,71,2025-07-25,"Pkt. 36 Sprawozdanie Komisji o rządowym projekcie ustawy o zmianie ustawy - Kodeks postępowania cywilnego, ustawy - Kodeks cywilny oraz niektórych innych ustaw (druki nr 1304, 1469 i 1469-A)",proc 1304,168,0,0,21,no,signed,api.sejm.gov.pl term10/processes/1304 stages,189,no,430,0,0,,2025-08-21,,,,
39,72,2025-07-25,Pkt. 37 Sprawozdanie Komisji o rządowym projekcie ustawy o zmianie ustawy o informatyzacji działalności podmiotów realizujących zadania publiczne oraz niektórych innych ustaw (druki nr 1374 i 1520),proc 1374,3,0,167,19,no,signed,api.sejm.gov.pl term10/processes/1374 stages,189,no,243,0,188,,2025-08-21,,,,
39,76,2025-07-25,"Pkt. 38 Sprawozdanie Komisji o rządowym projekcie ustawy o zmianie ustawy o środkach ochrony roślin (druki nr 1430, 1503 i 1503-A)",proc 1430,0,169,0,20,yes,vetoed,api.sejm.gov.pl term10/processes/1430 stages,189,yes,236,191,0,,2025-08-27,,,,
39,77,2025-07-25,"Pkt. 39 Sprawozdanie Komisji o rządowym projekcie ustawy o zmianie ustawy o refundacji leków, środków spożywczych specjalnego przeznaczenia żywieniowego oraz wyrobów medycznych oraz ustawy o świadczeniach opieki zdrowotnej finansowanych ze środków publicznych (druki nr 1429 i 1507)",proc 1429,3,3,164,19,no,signed,api.sejm.gov.pl term10/processes/1429 stages,189,no,259,4,167,,2025-08-25,,,,
39,80,2025-07-25,Pkt. 58 Sprawozdanie Komisji o poselskim projekcie ustawy o zmianie ustawy - Prawo energetyczne oraz niektórych innych ustaw (druki nr 1388 i 1554),proc 1388,0,170,0,19,yes,signed,api.sejm.gov.pl term10/processes/1388 stages,189,yes,232,192,5,,2025-08-27,,,,
39,131,2025-08-05,"Pkt. 45 Sprawozdanie Komisji o rządowym projekcie ustawy o zmianie ustawy o świadczeniach opieki zdrowotnej finansowanych ze środków publicznych oraz ustawy o działalności leczniczej (druki nr 1483, 1538 i 1538-A)",proc 1483,0,178,0,11,yes,signed,api.sejm.gov.pl term10/processes/1483 stages,189,yes,231,203,2,,2025-08-29,,,,
39,144,2025-08-05,"Pkt. 59 Sprawozdanie Komisji o rządowym projekcie ustawy o zmianie ustawy o przeciwdziałaniu zagrożeniom przestępczością na tle seksualnym i ochronie małoletnich, ustawy o Krajowym Rejestrze Karnym oraz ustawy - Prawo oświatowe (druki nr 1381, 1513 i 1513-A)",proc 1381,0,0,172,17,no,vetoed,api.sejm.gov.pl term10/processes/1381 stages,189,no,239,0,193,,2025-08-29,,,,
39,145,2025-08-05,"Pkt. 60 Sprawozdanie Komisji o rządowym projekcie ustawy o zmianie ustawy o ubezpieczeniach obowiązkowych, Ubezpieczeniowym Funduszu Gwarancyjnym i Polskim Biurze Ubezpieczycieli Komunikacyjnych (druki nr 1436 i 1544)",proc 1436,2,0,175,12,no,signed,api.sejm.gov.pl term10/processes/1436 stages,189,no,258,0,179,,2025-08-21,,,,
39,146,2025-08-05,Pkt. 62 Sprawozdanie Komisji o rządowym projekcie ustawy o zmianie ustawy o emeryturach i rentach z Funduszu Ubezpieczeń Społecznych (druki nr 1446 i 1573),proc 1446,178,0,0,11,no,signed,api.sejm.gov.pl term10/processes/1446 stages,189,no,436,0,0,,2025-08-21,,,,
39,156,2025-08-05,"Pkt. 65 Sprawozdanie Komisji o rządowym projekcie ustawy o zmianie ustawy o pomocy obywatelom Ukrainy w związku z konfliktem zbrojnym na terytorium tego państwa oraz niektórych innych ustaw (druki nr 1492, 1588 i 1588-A)",proc 1492,1,106,61,21,yes,vetoed,api.sejm.gov.pl term10/processes/1492 stages,189,yes,239,125,64,,2025-08-25,,,,
39,159,2025-08-05,"Pkt. 66 Sprawozdanie Komisji o rządowym i poselskim projektach ustaw:- o ustalaniu wysokości emerytur z Funduszu Ubezpieczeń Społecznych ustalonych w czerwcu w latach 2009-2019 oraz rent rodzinnych po ubezpieczonych, którym ustalono emerytury w czerwcu w latach 2009-2019,- o zmianie ustawy o emeryturach i rentach z Funduszu Ubezpieczeń Społecznych (druki nr 1523, 909 i 1574)",proc 909;proc 1523,177,0,0,12,no,signed,api.sejm.gov.pl term10/processes/909 stages; api.sejm.gov.pl term10/processes/1523 stages,189,no,437,0,0,,2025-08-21,,,,
40,18,2025-09-12,Pkt. 2 Sprawozdanie Komisji o rządowym projekcie ustawy o zmianie ustawy o funduszach inwestycyjnych i zarządzaniu alternatywnymi funduszami inwestycyjnymi (druki nr 1450 i 1545),proc 1450,178,0,0,10,no,signed,api.sejm.gov.pl term10/processes/1450 stages,188,no,433,0,0,,2025-10-15,,,,
40,19,2025-09-12,"Pkt. 3 Sprawozdanie Komisji o rządowym projekcie ustawy o zmianie ustawy o rozpatrywaniu reklamacji przez podmioty rynku finansowego, o Rzeczniku Finansowym i o Funduszu Edukacji Finansowej (druki nr 1434 i 1546)",proc 1434,178,0,0,10,no,signed,api.sejm.gov.pl term10/processes/1434 stages,188,no,435,0,0,,2025-11-04,,,,
40,20,2025-09-12,Pkt. 4 Sprawozdanie Komisji o rządowym projekcie ustawy o zmianie ustawy - Prawo farmaceutyczne (druki nr 1378 i 1508),proc 1378,7,0,167,14,no,signed,api.sejm.gov.pl term10/processes/1378 stages,188,no,262,0,167,,2025-10-15,,,,
40,21,2025-09-12,Pkt. 5 Sprawozdanie Komisji o rządowym projekcie ustawy o zmianie ustawy - Kodeks postępowania karnego (druki nr 1402 i 1549),proc 1402,178,0,0,10,no,signed,api.sejm.gov.pl term10/processes/1402 stages,188,no,433,0,0,,2025-10-15,,,,
40,22,2025-09-12,Pkt. 8 Sprawozdanie Komisji o rządowym projekcie ustawy o zmianie ustawy o systemie ubezpieczeń społecznych (druki nr 1522 i 1566),proc 1522,173,0,0,15,no,signed,api.sejm.gov.pl term10/processes/1522 stages,188,no,429,0,0,,2025-10-15,,,,
40,23,2025-09-12,Pkt. 12 Sprawozdanie Komisji o rządowym projekcie ustawy o zmianie ustawy o Centralnej Ewidencji i Informacji o Działalności Gospodarczej i Punkcie Informacji dla Przedsiębiorcy oraz ustawy o podatku od towarów i usług (druki nr 1449 i 1565),proc 1449,178,0,0,10,no,signed,api.sejm.gov.pl term10/processes/1449 stages,188,no,435,0,0,,2025-11-04,,,,
40,24,2025-09-12,Pkt. 21 Sprawozdanie Komisji o rządowym projekcie ustawy o zmianie ustawy o sporcie (druki nr 1482 i 1596),proc 1482,178,0,0,10,no,signed,api.sejm.gov.pl term10/processes/1482 stages,188,no,435,0,0,,2025-10-29,,,,
40,25,2025-09-12,Pkt. 22 Sprawozdanie Komisji o rządowym projekcie ustawy o zmianie ustawy - Prawo pocztowe (druki nr 1448 i 1568),proc 1448,0,177,0,11,yes,signed,api.sejm.gov.pl term10/processes/1448 stages,188,yes,239,186,10,,2025-10-17,,,,
40,26,2025-09-12,Pkt. 23 Sprawozdanie Komisji o rządowym projekcie ustawy o zmianie ustawy o produktach pochodzenia zwierzęcego oraz ustawy o bezpieczeństwie żywności i żywienia (druki nr 1435 i 1570),proc 1435,178,0,0,10,no,signed,api.sejm.gov.pl term10/processes/1435 stages,188,no,436,0,0,,2025-10-15,,,,
40,35,2025-09-12,"Pkt. 45 Sprawozdanie Komisji o pilnym rządowym projekcie ustawy o zmianie ustawy o zapasach ropy naftowej, produktów naftowych i gazu ziemnego oraz zasadach postępowania w sytuacjach zagrożenia bezpieczeństwa paliwowego państwa i zakłóceń na rynku naftowym oraz ustawy - Prawo energetyczne (druki nr 1683 i 1691)",proc 1683,176,0,0,12,no,signed,api.sejm.gov.pl term10/processes/1683 stages,188,no,412,0,19,,2025-09-26,,,,
40,50,2025-09-12,Pkt. 46 Sprawozdanie Komisji o rządowym projekcie ustawy o zmianie niektórych ustaw w celu weryfikacji prawa do świadczeń na rzecz rodziny dla cudzoziemców oraz o warunkach pomocy obywatelom Ukrainy w związku z konfliktem zbrojnym na terytorium tego państwa (druki nr 1685 i 1697),proc 1685,0,172,2,14,yes,signed,api.sejm.gov.pl term10/processes/1685 stages,188,yes,227,194,7,,2025-09-26,,,,
40,60,2025-09-12,Pkt. 47 Sprawozdanie Komisji o rządowym projekcie ustawy o bonie ciepłowniczym oraz o zmianie niektórych innych ustaw (druki nr 1684 i 1696),proc 1684,176,0,0,12,no,signed,api.sejm.gov.pl term10/processes/1684 stages,188,no,410,1,19,,2025-09-26,,,,
40,71,2025-09-12,"Pkt. 6 Sprawozdanie Komisji o rządowym oraz poselskim projektach ustaw o zmianie ustawy - Kodeks pracy oraz niektórych innych ustaw (druki nr 1426, 1404, 1548 i 1548-A)",proc 1404;proc 1426,175,2,0,11,no,signed,api.sejm.gov.pl term10/processes/1404 stages; api.sejm.gov.pl term10/processes/1426 stages,188,no,428,3,0,,2025-10-15,,,,
40,74,2025-09-12,Pkt. 7 Sprawozdanie Komisji o rządowym projekcie ustawy o zmianie ustawy o organizacji i funkcjonowaniu funduszy emerytalnych (druki nr 1443 i 1572),proc 1443,0,174,0,14,yes,signed,api.sejm.gov.pl term10/processes/1443 stages,188,yes,230,178,19,,2025-10-15,,,,
40,77,2025-09-12,Pkt. 9 Sprawozdanie Komisji o rządowym projekcie ustawy o zmianie ustawy o systemie ubezpieczeń społecznych (druki nr 1431 i 1571),proc 1431,1,175,0,12,yes,signed,api.sejm.gov.pl term10/processes/1431 stages,188,yes,230,198,1,,2025-10-15,,,,
40,80,2025-09-12,"Pkt. 13 Sprawozdanie Komisji o rządowym projekcie ustawy o zmianie ustawy - Kodeks postępowania cywilnego (druki nr 1442, 1559 i 1559-A)",proc 1442,0,174,0,14,yes,signed,api.sejm.gov.pl term10/processes/1442 stages,188,yes,252,175,0,,2025-10-29,,,,
40,83,2025-09-12,"Pkt. 14 Sprawozdanie Komisji o rządowym projekcie ustawy o zmianie ustawy - Kodeks cywilny (druki nr 1425, 1558 i 1558-A)",proc 1425,0,173,0,15,yes,signed,api.sejm.gov.pl term10/processes/1425 stages,188,yes,250,173,0,,2025-10-29,,,,
40,85,2025-09-12,"Pkt. 18 Sprawozdanie Komisji o rządowym projekcie ustawy o zmianie ustawy o podatku dochodowym od osób prawnych (druki nr 1441, 1620 i 1620-A)",proc 1441,176,0,0,12,no,signed,api.sejm.gov.pl term10/processes/1441 stages,188,no,429,1,0,,2025-10-15,,,,
40,87,2025-09-12,"Pkt. 19 Sprawozdanie Komisji o rządowym projekcie ustawy o zmianie ustawy - Ordynacja podatkowa (druki nr 1265, 1621 i 1621-A)",proc 1265,174,0,0,14,no,signed,api.sejm.gov.pl term10/processes/1265 stages,188,no,427,0,0,,2025-10-15,,,,
40,90,2025-09-12,"Pkt. 20 Sprawozdanie Komisji o rządowym projekcie ustawy o zmianie ustawy - Ordynacja podatkowa (druki nr 1439, 1622 i 1622-A)",proc 1439,174,0,0,14,no,signed,api.sejm.gov.pl term10/processes/1439 stages,188,no,423,1,4,,2025-10-15,,,,
40,95,2025-09-12,"Pkt. 24 Sprawozdanie Komisji o rządowym projekcie ustawy o zmianie ustawy o zwrocie podatku akcyzowego zawartego w cenie oleju napędowego wykorzystywanego do produkcji rolnej (druki nr 1428, 1569 i 1569-A)",proc 1428,176,0,0,12,no,signed,api.sejm.gov.pl term10/processes/1428 stages,188,no,431,0,0,,2025-10-15,,,,
40,97,2025-09-12,"Pkt. 31 Sprawozdanie Komisji o komisyjnym projekcie ustawy o zmianie ustawy o mniejszościach narodowych i etnicznych oraz o języku regionalnym oraz niektórych innych ustaw (druki nr 321, 1553 i 1553-A)",proc 321,1,171,1,15,yes,vetoed,api.sejm.gov.pl term10/processes/321 stages,188,yes,231,193,3,,2025-10-15,,,,
40,105,2025-09-12,"Pkt. 42 Sprawozdanie Komisji o rządowym projekcie ustawy o zmianie niektórych ustaw w związku z określeniem zasad zakwaterowania funkcjonariuszy Policji, Straży Granicznej, Państwowej Straży Pożarnej, Agencji Bezpieczeństwa Wewnętrznego, Agencji Wywiadu, Służby Kontrwywiadu Wojskowego, Służby Wywiadu Wojskowego, Służby Ochrony Państwa oraz poprawy niektórych warunków pełnienia służby (druki nr 1623, 1687 i 1687-A)",proc 1623,177,0,0,11,no,signed,api.sejm.gov.pl term10/processes/1623 stages,188,no,431,1,0,,2025-10-08,,,,
40,109,2025-09-12,"Pkt. 52 Sprawozdanie Komisji o rządowym projekcie ustawy o zmianie ustawy - Prawo o postępowaniu przed sądami administracyjnymi (druki nr 1432, 1541 i 1541-A) - trzecie czytanie",proc 1432,0,171,0,17,yes,signed,api.sejm.gov.pl term10/processes/1432 stages,188,yes,232,172,21,,2025-10-16,,,,
40,114,2025-09-12,Pkt. 53 Sprawozdanie Komisji o poselskim projekcie ustawy o zmianie ustawy o samorządzie gminnym oraz ustawy o funduszu sołeckim (druki nr 610 i 1550) - trzecie czytanie,proc 610,177,0,0,11,no,signed,api.sejm.gov.pl term10/processes/610 stages,188,no,410,0,18,,2025-10-15,,,,
40,115,2025-09-12,"Pkt. 28 Sprawozdanie Komisji o rządowym projekcie ustawy o ratyfikacji Umowy o Międzynarodowym Banku Odbudowy i Rozwoju, sporządzonej w Bretton Woods dnia 22 lipca 1944 r. wraz z poprawkami, tj. Rezolucjami Rady Gubernatorów Międzynarodowego Banku Odbudowy i Rozwoju o numerach 221, 417, 596, 696, przyjętymi odpowiednio dnia 25 sierpnia 1965 r., 30 czerwca 1987 r., 30 stycznia 2009 r. oraz 10 lipca 2023 r. (druki nr 1485 i 1515)",proc 1485,7,0,167,14,no,signed,api.sejm.gov.pl term10/processes/1485 stages,188,no,237,6,182,,2025-10-15,,,,
40,118,2025-09-12,"Pkt. 43 Sprawozdanie Komisji o rządowym projekcie ustawy o ratyfikacji Traktatu o wzmocnionej współpracy i przyjaźni między Rzecząpospolitą Polską a Republiką Francuską, podpisanego w Nancy dnia 9 maja 2025 r. (druki nr 1384 i 1542)",proc 1384,172,0,1,15,no,signed,api.sejm.gov.pl term10/processes/1384 stages,188,no,403,21,2,,2025-10-16,,,,
40,119,2025-09-12,"Pkt. 25 Sprawozdanie Komisji o rządowym projekcie ustawy o ratyfikacji Umowy o Międzynarodowej Korporacji Finansowej, sporządzonej w Waszyngtonie dnia 20 lipca 1956 r. (druki nr 1484 i 1514)",proc 1484,2,1,170,15,no,signed,api.sejm.gov.pl term10/processes/1484 stages,188,no,228,5,188,,2025-10-15,,,,
40,120,2025-09-12,"Pkt. 26 Sprawozdanie Komisji o rządowym projekcie ustawy o ratyfikacji Umowy o Międzynarodowym Stowarzyszeniu Rozwoju, sporządzonej w Waszyngtonie dnia 26 stycznia 1960 r. (druki nr 1487 i 1517)",proc 1487,2,1,169,16,no,signed,api.sejm.gov.pl term10/processes/1487 stages,188,no,233,5,187,,2025-10-15,,,,
40,121,2025-09-12,"Pkt. 27 Sprawozdanie Komisji o rządowym projekcie ustawy o ratyfikacji Umowy o Międzynarodowym Funduszu Walutowym, sporządzonej w Bretton Woods dnia 22 lipca 1944 r., w wersji tej Umowy nadanej Drugą Poprawką przyjętą Rezolucją nr 31-4 Rady Gubernatorów Międzynarodowego Funduszu Walutowego z dnia 30 kwietnia 1976 r., wraz z Trzecią Poprawką przyjętą Rezolucją nr 45-3 Rady Gubernatorów Międzynarodowego Funduszu Walutowego z dnia 28 czerwca 1990 r. oraz z Czwartą Poprawką przyjętą Rezolucją nr 52-4 Rady Gubernatorów Międzynarodowego Funduszu Walutowego z dnia 23 września 1997 r. (druki nr 1486 i 1516)",proc 1486,0,2,170,16,no,signed,api.sejm.gov.pl term10/processes/1486 stages,188,no,231,8,185,,2025-10-15,,,,
41,15,2025-09-24,Pkt. 2 Sprawozdanie Komisji o rządowym projekcie ustawy o zmianie ustawy o Centralnym Porcie Komunikacyjnym (druki nr 1637 i 1686) - trzecie czytanie,proc 1637,169,0,0,19,no,signed,api.sejm.gov.pl term10/processes/1637 stages,188,no,420,0,0,,2025-11-04,,,,
41,35,2025-09-26,"Pkt. 4 Sprawozdanie Komisji o rządowym projekcie ustawy o zmianie ustawy o świadczeniach opieki zdrowotnej finansowanych ze środków publicznych oraz niektórych innych ustaw (druki nr 1609, 1670 i 1670-A)",proc 1609,19,0,151,18,no,signed,api.sejm.gov.pl term10/processes/1609 stages,188,no,250,0,172,,2025-11-06,,,,
41,37,2025-09-26,"Pkt. 5 Sprawozdanie Komisji o rządowym projekcie ustawy o zmianie ustawy o produktach biobójczych (druki nr 1604, 1669 i 1669-A)",proc 1604,2,0,170,16,no,signed,api.sejm.gov.pl term10/processes/1604 stages,188,no,232,0,191,,2025-12-01,,,,
41,38,2025-09-26,Pkt. 6 Sprawozdanie Komisji o rządowym projekcie ustawy zmieniającym ustawę o zmianie ustawy - Prawo pocztowe (druki nr 1610 i 1665),proc 1610,173,1,0,14,no,signed,api.sejm.gov.pl term10/processes/1610 stages,188,no,407,9,9,,2025-11-04,,,,
41,40,2025-09-26,"Pkt. 7 Sprawozdanie Komisji o poselskim projekcie ustawy o zmianie ustawy - Prawo geodezyjne i kartograficzne (druki nr 1525, 1663 i 1663-A)",proc 1525,175,0,0,13,no,signed,api.sejm.gov.pl term10/processes/1525 stages,188,no,425,0,0,,2025-11-04,,,,
41,41,2025-09-26,"Pkt. 8 Sprawozdanie Komisji o rządowym projekcie ustawy o zmianie ustawy o wymianie informacji z organami ścigania państw członkowskich Unii Europejskiej, państw trzecich, agencjami Unii Europejskiej oraz organizacjami międzynarodowymi (druki nr 1605 i 1668)",proc 1605,0,0,173,15,no,signed,api.sejm.gov.pl term10/processes/1605 stages,188,no,231,1,191,,2025-12-02,,,,
41,50,2025-09-26,"Pkt. 9 Sprawozdanie Komisji o rządowym projekcie ustawy o zmianie ustawy o zbiorowym zaopatrzeniu w wodę i zbiorowym odprowadzaniu ścieków oraz niektórych innych ustaw (druki nr 1606, 1666 i 1666-A)",proc 1606,0,174,0,14,yes,vetoed,api.sejm.gov.pl term10/processes/1606 stages,188,yes,228,195,0,,2025-11-07,,,,
41,63,2025-09-26,Pkt. 10 Sprawozdanie Komisji o rządowym projekcie ustawy o rynku kryptoaktywów (druki nr 1424 i 1720),proc 1424,0,174,0,14,yes,vetoed,api.sejm.gov.pl term10/processes/1424 stages,188,yes,230,196,0,,2025-12-01,,,,
41,68,2025-09-26,"Pkt. 11 Sprawozdanie Komisji o poselskim projekcie ustawy o zmianie ustawy o ochronie zwierząt (druki nr 608, 1662 i 1662-A)",proc 608,49,84,30,25,no,vetoed,api.sejm.gov.pl term10/processes/608 stages,188,yes,280,105,30,,2025-12-02,,,,
41,74,2025-09-26,"Pkt. 12 Sprawozdanie Komisji o rządowym projekcie ustawy o pomocy państwa skierowanej do armatorów jednostek pływających w związku z wprowadzeniem zakazu połowu dorsza na Morzu Bałtyckim (druki nr 1612, 1624 i 1624-A)",proc 1612,0,0,174,14,no,signed,api.sejm.gov.pl term10/processes/1612 stages,188,no,232,1,193,,2025-11-06,,,,
41,75,2025-09-26,Pkt. 13 Sprawozdanie Komisji o rządowym projekcie ustawy o zmianie ustawy o języku polskim (druki nr 1611 i 1705),proc 1611,169,0,0,19,no,signed,api.sejm.gov.pl term10/processes/1611 stages,188,no,419,0,2,,2025-11-04,,,,
41,79,2025-09-26,"Pkt. 25 Sprawozdanie Komisji o rządowym projekcie ustawy zmieniającej ustawę o zmianie ustawy o planowaniu i zagospodarowaniu przestrzennym oraz niektórych innych ustaw (druki nr 1312, 1361 i 1361-A)",proc 1312,166,4,0,18,no,signed,api.sejm.gov.pl term10/processes/1312 stages,188,no,403,8,7,,2025-11-04,,,,
41,80,2025-09-26,Pkt. 27 Sprawozdanie Komisji o rządowym projekcie ustawy o zmianie ustawy o Krajowym Rejestrze Sądowym oraz niektórych innych ustaw (druki nr 1311 i 1682),proc 1311,174,0,0,14,no,signed,api.sejm.gov.pl term10/processes/1311 stages,188,no,419,5,0,,2025-11-04,,,,
41,82,2025-09-26,"Pkt. 28 Sprawozdanie Komisji o rządowym projekcie ustawy o zmianie ustawy - Kodeks spółek handlowych, ustawy o odpowiedzialności podmiotów zbiorowych za czyny zabronione pod groźbą kary oraz ustawy o przeciwdziałaniu praniu pieniędzy oraz finansowaniu terroryzmu (druki nr 1440, 1681 i 1681-A)",proc 1440,0,175,0,13,yes,vetoed,api.sejm.gov.pl term10/processes/1440 stages,188,yes,222,186,15,,2025-11-07,,,,
41,83,2025-09-26,"Pkt. 29 Sprawozdanie Komisji o rządowym projekcie ustawy o zmianie ustawy o ubezpieczeniach obowiązkowych, Ubezpieczeniowym Funduszu Gwarancyjnym i Polskim Biurze Ubezpieczycieli Komunikacyjnych (druki nr 1607 i 1698)",proc 1607,1,174,0,13,yes,vetoed,api.sejm.gov.pl term10/processes/1607 stages,188,yes,230,195,0,,2025-11-06,,,,
41,84,2025-09-26,"Pkt. 30 Sprawozdanie Komisji o rządowym projekcie ustawy o zmianie ustawy - Prawo o ruchu drogowym (druki nr 1437, 1437-A i 1704)",proc 1437,174,0,0,14,no,signed,api.sejm.gov.pl term10/processes/1437 stages,188,no,425,0,0,,2025-12-01,,,,
41,94,2025-09-26,"Pkt. 31 Sprawozdanie Komisji o rządowym projekcie ustawy o zmianie ustawy - Prawo o ruchu drogowym oraz ustawy o ubezpieczeniach obowiązkowych, Ubezpieczeniowym Funduszu Gwarancyjnym i Polskim Biurze Ubezpieczycieli Komunikacyjnych (druki nr 1427, 1703 i 1703-A)",proc 1427,2,0,170,16,no,vetoed,api.sejm.gov.pl term10/processes/1427 stages,188,no,244,0,174,,2025-11-07,,,,
41,97,2025-09-26,"Pkt. 35 Sprawozdanie Komisji o rządowym projekcie ustawy o ratyfikacji Traktatu o wzajemnych stosunkach i współpracy w Azji Południowo-Wschodniej, sporządzonego w Denpasarze dnia 24 lutego 1976 r., wraz z Protokołami zmieniającymi (druki nr 1524 i 1671)",proc 1524,175,0,0,13,no,signed,api.sejm.gov.pl term10/processes/1524 stages,188,no,424,0,0,,2025-11-04,,,,
41,100,2025-09-26,"Pkt. 36 Sprawozdanie Komisji o rządowym projekcie ustawy o utworzeniu Parku Narodowego Doliny Dolnej Odry (druki nr 1721, 1736 i 1736-A)",proc 1721,0,174,0,14,yes,vetoed,api.sejm.gov.pl term10/processes/1721 stages,188,yes,226,198,0,,2025-11-07,,,,
42,12,2025-10-09,Pkt. 1 Sprawozdanie Komisji o poselskim projekcie ustawy o zmianie ustawy o rehabilitacji zawodowej i społecznej oraz zatrudnianiu osób niepełnosprawnych (druki nr 1187 i 1688),proc 1187,178,0,0,10,no,signed,api.sejm.gov.pl term10/processes/1187 stages,188,no,438,0,0,,2025-11-28,,,,
42,13,2025-10-09,Pkt. 2 Sprawozdanie Komisji o rządowym projekcie ustawy o zmianie ustawy o postępowaniu w sprawach dotyczących pomocy publicznej (druki nr 1626 i 1725),proc 1626,180,0,0,8,no,signed,api.sejm.gov.pl term10/processes/1626 stages,188,no,422,0,18,,2025-11-18,,,,
42,14,2025-10-09,Pkt. 5 Sprawozdanie Komisji o rządowym projekcie ustawy o zmianie ustawy o systemie informacji w ochronie zdrowia oraz ustawy o ochronie ludności i obronie cywilnej (druki nr 1560 i 1739),proc 1560,180,0,1,7,no,signed,api.sejm.gov.pl term10/processes/1560 stages,188,no,421,0,20,,2025-12-01,,,,
42,17,2025-10-09,"Pkt. 3 Sprawozdanie Komisji o rządowym projekcie ustawy o zmianie ustawy o ochronie roślin przed agrofagami oraz niektórych innych ustaw (druki nr 1561, 1723 i 1723-A)",proc 1561,177,1,1,9,no,signed,api.sejm.gov.pl term10/processes/1561 stages,188,no,416,1,23,,2025-12-01,,,,
42,27,2025-10-09,"Pkt. 4 Sprawozdanie Komisji o rządowym projekcie ustawy o zmianie ustawy o ochronie zabytków i opiece nad zabytkami oraz niektórych innych ustaw (druki nr 1445, 1702 i 1702-A)",proc 1445,1,179,0,8,yes,signed,api.sejm.gov.pl term10/processes/1445 stages,188,yes,254,185,1,,2025-11-18,,,,
42,30,2025-10-09,"Pkt. 6 Sprawozdanie Komisji o rządowym projekcie ustawy o zmianie ustawy - Prawo o ustroju sądów powszechnych (druki nr 1678, 1718 i 1718-A)",proc 1678,0,179,0,9,yes,signed,api.sejm.gov.pl term10/processes/1678 stages,188,yes,258,182,0,,2025-11-18,,,,
42,31,2025-10-09,"Pkt. 9 Sprawozdanie Komisji o rządowym projekcie ustawy o ratyfikacji Umowy między Rzecząpospolitą Polską a Republiką Peru o wzajemnej pomocy prawnej w sprawach karnych, podpisanej w Limie dnia 28 maja 2025 r. (druki nr 1639 i 1713)",proc 1639,180,0,0,8,no,signed,api.sejm.gov.pl term10/processes/1639 stages,188,no,441,0,0,,2025-11-18,,,,
42,32,2025-10-09,"Pkt. 10 Sprawozdanie Komisji o rządowym projekcie ustawy o ratyfikacji Umowy między Rządem Rzeczypospolitej Polskiej a Międzynarodowym Trybunałem Karnym w sprawie wykonywania wyroków Międzynarodowego Trybunału Karnego, podpisanej w Hadze dnia 3 grudnia 2024 r. (druki nr 1679 i 1714)",proc 1679,178,0,3,7,no,signed,api.sejm.gov.pl term10/processes/1679 stages,188,no,417,22,3,,2025-11-18,,,,
42,33,2025-10-09,Pkt. 13 Sprawozdanie Komisji o rządowym projekcie ustawy o zmianie ustawy o zawodach pielęgniarki i położnej (druki nr 1727 i 1772),proc 1727,180,0,0,8,no,signed,api.sejm.gov.pl term10/processes/1727 stages,188,no,422,19,0,,2025-11-18,,,,
42,37,2025-10-09,"Pkt. 18 Sprawozdanie Komisji o rządowym projekcie ustawy o zmianie ustawy o promowaniu wytwarzania energii elektrycznej w morskich farmach wiatrowych oraz niektórych innych ustaw (druki nr 1746, 1774 i 1774-A)",proc 1746,176,2,0,10,no,signed,api.sejm.gov.pl term10/processes/1746 stages,188,no,418,21,0,,2025-11-04,,,,
43,21,2025-10-15,Pkt. 1 Sprawozdanie Komisji o rządowym projekcie ustawy o układach zbiorowych pracy i porozumieniach zbiorowych (druki nr 1627 i 1791),proc 1627,170,0,0,18,no,signed,api.sejm.gov.pl term10/processes/1627 stages,188,no,396,17,0,,2025-11-27,,,,
43,27,2025-10-17,Pkt. 5 Sprawozdanie Komisji o rządowym projekcie ustawy o zdrowiu zwierząt (druki nr 1479 i 1803),proc 1479,2,176,1,9,yes,signed,api.sejm.gov.pl term10/processes/1479 stages,188,yes,242,198,2,,2025-12-12,,,,
43,28,2025-10-17,"Pkt. 6 Sprawozdanie Komisji o rządowym projekcie ustawy o zmianie ustawy o krajowym systemie ewidencji producentów, ewidencji gospodarstw rolnych oraz ewidencji wniosków o przyznanie płatności (druki nr 1634 i 1782)",proc 1634,0,180,0,8,yes,signed,api.sejm.gov.pl term10/processes/1634 stages,188,yes,241,182,20,,2025-11-27,,,,
43,29,2025-10-17,Pkt. 8 Sprawozdanie Komisji o rządowym projekcie ustawy o zmianie ustawy o zdrowiu publicznym (druki nr 1107 i 1793),proc 1107,179,0,0,9,no,signed,api.sejm.gov.pl term10/processes/1107 stages,188,no,420,20,0,,2025-11-27,,,,
43,34,2025-10-17,"Pkt. 2 Sprawozdanie Komisji o senackim projekcie ustawy o zmianie ustawy o rzecznikach patentowych (druki nr 1649, 1722 i 1722-A)",proc 1649,179,0,0,9,no,signed,api.sejm.gov.pl term10/processes/1649 stages,188,no,442,0,0,,2025-11-27,,,,
43,36,2025-10-17,"Pkt. 3 Sprawozdanie Komisji o poselskim projekcie ustawy o zmianie ustawy - Kodeks wyborczy (druki nr 1389, 1715 i 1715-A)",proc 1389,3,174,0,11,yes,vetoed,api.sejm.gov.pl term10/processes/1389 stages,188,yes,243,198,0,,2025-11-27,,,,
43,40,2025-10-17,"Pkt. 4 Sprawozdanie Komisji o rządowym projekcie ustawy o zmianie ustawy o ochronie praw nabywcy lokalu mieszkalnego lub domu jednorodzinnego oraz Deweloperskim Funduszu Gwarancyjnym oraz niektórych innych ustaw (druki nr 1638, 1773 i 1773-A)",proc 1638,0,179,1,8,yes,signed,api.sejm.gov.pl term10/processes/1638 stages,188,yes,239,203,1,,2025-11-27,,,,
43,44,2025-10-17,"Pkt. 7 Sprawozdanie Komisji o rządowym projekcie ustawy o zmianie ustawy o cudzoziemcach oraz niektórych innych ustaw (druki nr 1630, 1775 i 1775-A)",proc 1630,0,180,0,8,yes,signed,api.sejm.gov.pl term10/processes/1630 stages,188,yes,240,203,0,,2025-12-12,,,,
43,47,2025-10-17,Pkt. 9 Sprawozdanie Komisji o rządowym projekcie ustawy o zmianie ustawy o podatku dochodowym od osób prawnych i ustawy o podatku od niektórych instytucji finansowych (druki nr 1752 i 1802),proc 1752,0,171,9,8,yes,signed,api.sejm.gov.pl term10/processes/1752 stages,188,yes,238,187,18,,2025-11-27,,,,
43,49,2025-10-17,"Pkt. 10 Sprawozdanie Komisji o rządowym projekcie ustawy o zmianie ustawy o podatku dochodowym od osób prawnych (druki nr 1753, 1801 i 1801-A)",proc 1753,0,175,2,11,yes,vetoed,api.sejm.gov.pl term10/processes/1753 stages,188,yes,233,199,3,,2025-11-27,,,,
43,57,2025-10-17,"Pkt. 12 Sprawozdanie Komisji o poselskich projektach ustaw o zmianie ustawy o ochronie zwierząt (druki nr 703, 835, 1769 i 1769-A)",proc 703;proc 835,100,55,18,15,no,signed,api.sejm.gov.pl term10/processes/703 stages; api.sejm.gov.pl term10/processes/835 stages,188,no,339,78,19,,2025-12-02,,,,
43,67,2025-10-17,"Pkt. 15 Sprawozdanie Komisji o rządowym projekcie ustawy o zmianie ustawy - Prawo o ruchu drogowym oraz niektórych innych ustaw (druki nr 1677, 1794 i 1794-A)",proc 1677,2,4,174,8,no,signed,api.sejm.gov.pl term10/processes/1677 stages,188,no,241,28,174,,2025-11-27,,,,
43,68,2025-10-17,Pkt. 16 Sprawozdanie Komisji o rządowym projekcie ustawy o zmianie ustawy - Prawo o notariacie oraz ustawy o księgach wieczystych i hipotece (druki nr 1444 i 1675),proc 1444,0,0,177,11,no,signed,api.sejm.gov.pl term10/processes/1444 stages,188,no,260,0,180,,2025-12-12,,,,
43,69,2025-10-17,"Pkt. 18 Sprawozdanie Komisji o rządowym projekcie ustawy o ratyfikacji Umowy o ochronie inwestycji między Unią Europejską i jej państwami członkowskimi, z jednej strony, a Socjalistyczną Republiką Wietnamu, z drugiej strony, sporządzonej w Hanoi dnia 30 czerwca 2019 r. (druki nr 1747 i 1783)",proc 1747,179,0,0,9,no,signed,api.sejm.gov.pl term10/processes/1747 stages,188,no,442,0,0,,2025-11-27,,,,
44,24,2025-11-05,Pkt. 4 Sprawozdanie Komisji o poselskim projekcie ustawy o zmianie ustawy o planowaniu i zagospodarowaniu przestrzennym oraz niektórych innych ustaw (druki nr 1839 i 1879),proc 1839,1,175,1,11,yes,signed,api.sejm.gov.pl term10/processes/1839 stages,188,yes,237,194,4,,2025-11-27,,,,
44,26,2025-11-05,"Pkt. 5 Sprawozdanie Komisji o rządowym projekcie ustawy o zmianie ustawy o dochodach jednostek samorządu terytorialnego (druki nr 1824, 1833 i 1833-A)",proc 1824,176,0,0,12,no,signed,api.sejm.gov.pl term10/processes/1824 stages,188,no,434,3,1,,2025-11-27,,,,
44,39,2025-11-06,Pkt. 19 Sprawozdanie Komisji o rządowym projekcie ustawy o zmianie ustawy o podatku dochodowym od osób prawnych (druki nr 1826 i 1902),proc 1826,0,170,0,18,yes,signed,api.sejm.gov.pl term10/processes/1826 stages,188,yes,230,193,0,,2025-11-27,,,,
44,49,2025-11-07,"Pkt. 6 Sprawozdanie Komisji o rządowym projekcie ustawy o szczególnych rozwiązaniach służących realizacji ustawy budżetowej na rok 2026 (druki nr 1750, 1821 i 1821-A)",proc 1750,0,177,0,11,yes,signed,api.sejm.gov.pl term10/processes/1750 stages,188,yes,240,203,0,,2025-12-18,,,,
44,50,2025-11-07,Pkt. 8 Sprawozdanie Komisji o rządowym projekcie ustawy o zmianie ustawy - Kodeks wykroczeń oraz ustawy - Kodeks postępowania w sprawach o wykroczenia (druki nr 1635 i 1780),proc 1635,0,178,0,10,yes,signed,api.sejm.gov.pl term10/processes/1635 stages,188,yes,247,197,0,,2025-12-15,,,,
44,51,2025-11-07,"Pkt. 9 Sprawozdanie Komisji o rządowym projekcie ustawy o zmianie ustawy - Kodeks karny, ustawy - Kodeks wykroczeń oraz ustawy - Kodeks postępowania w sprawach o wykroczenia (druki nr 1636 i 1781)",proc 1636,5,164,0,19,yes,signed,api.sejm.gov.pl term10/processes/1636 stages,188,yes,264,168,3,,2025-12-15,,,,
44,52,2025-11-07,Pkt. 11 Sprawozdanie Komisji o rządowym projekcie ustawy o zmianie ustawy o doradztwie podatkowym oraz ustawy - Prawo o postępowaniu przed sądami administracyjnymi (druki nr 1729 i 1831),proc 1729,3,176,0,9,yes,signed,api.sejm.gov.pl term10/processes/1729 stages,188,yes,247,177,19,,2025-12-18,,,,
44,53,2025-11-07,Pkt. 12 Sprawozdanie Komisji o rządowym projekcie ustawy o zmianie ustawy o podatku dochodowym od osób fizycznych oraz ustawy o podatku dochodowym od osób prawnych (druki nr 1798 i 1847),proc 1798,178,0,0,10,no,signed,api.sejm.gov.pl term10/processes/1798 stages,188,no,441,2,0,,2025-12-15,,,,
44,54,2025-11-07,"Pkt. 18 Sprawozdanie Komisji o rządowym projekcie ustawy o zmianie ustawy o ubezpieczeniach obowiązkowych, Ubezpieczeniowym Funduszu Gwarancyjnym i Polskim Biurze Ubezpieczycieli Komunikacyjnych (druki nr 1628 i 1828)",proc 1628,5,0,168,15,no,signed,api.sejm.gov.pl term10/processes/1628 stages,188,no,250,13,176,,2025-12-15,,,,
44,56,2025-11-07,Pkt. 20 Sprawozdanie Komisji o rządowym projekcie ustawy o zmianie ustawy o podatku od towarów i usług (druki nr 1728 i 1827),proc 1728,177,0,0,11,no,signed,api.sejm.gov.pl term10/processes/1728 stages,188,no,442,0,0,,2025-12-15,,,,
44,57,2025-11-07,Pkt. 21 Sprawozdanie Komisji o rządowym projekcie ustawy o nadzorze nad ogólnym bezpieczeństwem produktów (druki nr 1761 i 1823),proc 1761,0,0,178,10,no,signed,api.sejm.gov.pl term10/processes/1761 stages,188,no,244,16,182,,2025-12-15,,,,
44,58,2025-11-07,Pkt. 23 Sprawozdanie Komisji o rządowym projekcie ustawy o zmianie ustawy o imprezach turystycznych i powiązanych usługach turystycznych oraz niektórych innych ustaw (druki nr 1762 i 1800),proc 1762,178,0,0,10,no,signed,api.sejm.gov.pl term10/processes/1762 stages,188,no,427,0,18,,2025-12-15,,,,
44,60,2025-11-07,"Pkt. 22 Sprawozdanie Komisji o rządowym projekcie ustawy o zmianie ustawy - Prawo o szkolnictwie wyższym i nauce (druki nr 1308, 1829 i 1829-A)",proc 1308,1,171,0,16,yes,signed,api.sejm.gov.pl term10/processes/1308 stages,188,yes,248,184,6,,2025-12-22,,,,
44,65,2025-11-07,"Pkt. 24 Sprawozdanie Komisji o rządowym projekcie ustawy o zmianie ustawy - Prawo ochrony środowiska oraz niektórych innych ustaw (druki nr 1804, 1909 i 1909-A)",proc 1804,0,1,172,15,no,signed,api.sejm.gov.pl term10/processes/1804 stages,188,no,253,1,185,,2025-12-15,,,,
44,72,2025-11-07,"Pkt. 25 Sprawozdanie Komisji o rządowym projekcie ustawy o zmianie ustawy - Prawo budowlane oraz niektórych innych ustaw (druki nr 1379, 1563 i 1563-A)",proc 1379,178,1,0,9,no,signed,api.sejm.gov.pl term10/processes/1379 stages,188,no,436,1,7,,2025-12-18,,,,
44,75,2025-11-07,Pkt. 28 Sprawozdanie Komisji o rządowym projekcie ustawy o zmianie ustawy o podatku akcyzowym (druki nr 1825 i 1901),proc 1825,0,178,0,10,yes,vetoed,api.sejm.gov.pl term10/processes/1825 stages,188,yes,245,198,1,,2025-12-18,,,,
44,84,2025-11-07,"Pkt. 29 Sprawozdanie Komisji o rządowym projekcie ustawy o zmianie niektórych ustaw w celu poprawy bezpieczeństwa ruchu drogowego (druki nr 1451, 1822 i 1822-A)",proc 1451,1,158,18,11,yes,signed,api.sejm.gov.pl term10/processes/1451 stages,188,yes,247,174,23,,2025-12-22,,,,
44,89,2025-11-07,"Pkt. 30 Sprawozdanie Komisji o rządowym projekcie ustawy o zmianie ustawy o zdrowiu publicznym oraz ustawy o podatku dochodowym od osób fizycznych (druki nr 1836, 1911 i 1911-A)",proc 1836,0,179,0,9,yes,vetoed,api.sejm.gov.pl term10/processes/1836 stages,188,yes,246,199,0,,2025-12-18,,,,
45,23,2025-11-21,"Pkt. 3 Sprawozdanie Komisji o rządowym projekcie ustawy o ustanowieniu ?Programu modernizacji Policji, Straży Granicznej, Państwowej Straży Pożarnej i Służby Ochrony Państwa w latach 2026-2029? (druki nr 1860, 1907 i 1907-A)",proc 1860,178,0,0,10,no,signed,api.sejm.gov.pl term10/processes/1860 stages,188,no,439,0,0,,2025-12-15,,,,
45,34,2025-11-21,"Pkt. 4 Sprawozdanie Komisji o rządowym projekcie ustawy o zmianie ustawy - Prawo oświatowe oraz niektórych innych ustaw (druki nr 1857, 1912 i 1912-A)",proc 1857,0,178,0,10,yes,vetoed,api.sejm.gov.pl term10/processes/1857 stages,188,yes,233,200,6,,2025-12-18,,,,
45,35,2025-11-21,"Pkt. 5 Sprawozdanie Komisji o rządowym projekcie ustawy zmieniającej ustawę o zmianie ustawy - Prawo oświatowe oraz niektórych innych ustaw, ustawę o systemie informacji oświatowej, ustawę - Prawo oświatowe oraz ustawę - Prawo o szkolnictwie wyższym i nauce (druki nr 1805 i 1872)",proc 1805,0,176,0,12,yes,signed,api.sejm.gov.pl term10/processes/1805 stages,188,yes,256,181,0,,2025-12-18,,,,
45,36,2025-11-21,Pkt. 6 Sprawozdanie Komisji o rządowym projekcie ustawy o zmianie ustawy o podatku dochodowym od osób fizycznych (druki nr 1835 i 1923),proc 1835,176,1,0,11,no,signed,api.sejm.gov.pl term10/processes/1835 stages,188,no,431,6,0,,2025-12-18,,,,
45,38,2025-11-21,Pkt. 7 Sprawozdanie Komisji o rządowym projekcie ustawy o zmianie ustawy o podatku dochodowym od osób fizycznych (druki nr 1838 i 1925),proc 1838,178,0,0,10,no,signed,api.sejm.gov.pl term10/processes/1838 stages,188,no,439,0,0,,2025-12-18,,,,
45,39,2025-11-21,Pkt. 10 Sprawozdanie Komisji o rządowym projekcie ustawy o zmianie ustawy o rehabilitacji zawodowej i społecznej oraz zatrudnianiu osób niepełnosprawnych (druki nr 1886 i 1974),proc 1886,177,0,0,11,no,signed,api.sejm.gov.pl term10/processes/1886 stages,188,no,439,1,0,,2025-12-05,,,,
45,44,2025-11-21,Pkt. 11 Sprawozdanie Komisji o rządowym projekcie ustawy zmieniającej ustawę o zmianie ustawy - Kodeks karny oraz niektórych innych ustaw oraz o zmianie niektórych innych ustaw (druki nr 1863 i 1926),proc 1863,2,175,2,9,yes,signed,api.sejm.gov.pl term10/processes/1863 stages,188,yes,244,184,14,,2025-12-18,,,,
45,45,2025-11-21,Pkt. 12 Sprawozdanie Komisji o rządowym projekcie ustawy o zmianie ustawy o podatku od spadków i darowizn (druki nr 1837 i 1924),proc 1837,177,0,0,11,no,signed,api.sejm.gov.pl term10/processes/1837 stages,188,no,440,0,0,,2025-12-18,,,,
45,46,2025-11-21,Pkt. 13 Sprawozdanie Komisji o rządowym projekcie ustawy o zmianie ustawy o systemie zarządzania emisjami gazów cieplarnianych i innych substancji oraz niektórych innych ustaw (druki nr 1855 i 1969),proc 1855,0,178,0,10,yes,signed,api.sejm.gov.pl term10/processes/1855 stages,188,yes,242,199,0,,2025-12-18,,,,
45,80,2025-11-21,"Pkt. 14 Sprawozdanie Komisji o rządowym projekcie ustawy o zmianie ustawy o świadczeniu usług drogą elektroniczną oraz niektórych innych ustaw (druki nr 1757, 1922 i 1922-A)",proc 1757,0,180,0,8,yes,vetoed,api.sejm.gov.pl term10/processes/1757 stages,188,yes,237,200,5,,2026-01-09,,,,
45,81,2025-11-21,Pkt. 15 Sprawozdanie Komisji o rządowym projekcie ustawy o zmianie niektórych ustaw w celu usprawnienia działań Sił Zbrojnych Rzeczypospolitej Polskiej na wypadek zagrożenia bezpieczeństwa państwa na polskich obszarach morskich oraz zapewnienia bezpieczeństwa na Morzu Bałtyckim (druki nr 1862 i 1928),proc 1862,3,2,172,11,no,signed,api.sejm.gov.pl term10/processes/1862 stages,188,no,263,2,172,,2026-01-09,,,,
45,89,2025-11-21,"Pkt. 16 Sprawozdanie Komisji o rządowym projekcie ustawy o zmianie ustawy o Centralnym Azylu dla Zwierząt (druki nr 1861, 1910 i 1910-A)",proc 1861,0,2,176,10,no,signed,api.sejm.gov.pl term10/processes/1861 stages,188,no,240,20,179,,2025-12-15,,,,
45,96,2025-11-21,Pkt. 18 Sprawozdanie Komisji o rządowym projekcie ustawy o zmianie ustawy o systemie ubezpieczeń społecznych oraz niektórych innych ustaw (druki nr 1856 i 1973),proc 1856,3,0,176,9,no,signed,api.sejm.gov.pl term10/processes/1856 stages,188,no,257,5,180,,2026-01-07,,,,
45,103,2025-11-21,Pkt. 19 Sprawozdanie Komisji o rządowym projekcie ustawy o zmianie ustawy o statystyce publicznej oraz niektórych innych ustaw (druki nr 1806 i 1967),proc 1806,0,0,180,8,no,signed,api.sejm.gov.pl term10/processes/1806 stages,188,no,240,0,201,,2025-12-15,,,,
45,105,2025-11-21,Pkt. 20 Sprawozdanie Komisji o rządowym projekcie ustawy o zmianie ustawy o podatku od wydobycia niektórych kopalin oraz niektórych innych ustaw (druki nr 1881 i 1975),proc 1881,179,0,0,9,no,signed,api.sejm.gov.pl term10/processes/1881 stages,188,no,420,0,15,,2025-12-15,,,,
45,107,2025-11-21,"Pkt. 25 Sprawozdanie Komisji o rządowym projekcie ustawy o zmianie ustawy o Narodowym Centrum Badań i Rozwoju oraz niektórych innych ustaw (druki nr 1807, 1917 i 1917-A)",proc 1807,0,179,0,9,yes,vetoed,api.sejm.gov.pl term10/processes/1807 stages,188,yes,234,202,0,,2026-01-09,,,,
45,110,2025-11-21,"Pkt. 26 Sprawozdanie Komisji o poselskim projekcie ustawy o zmianie ustawy - Karta Nauczyciela (druki nr 1945, 1977 i 1977-A)",proc 1945,179,0,0,9,no,signed,api.sejm.gov.pl term10/processes/1945 stages,188,no,440,0,0,,2025-12-18,,,,
45,111,2025-11-21,"Pkt. 27 Sprawozdanie Komisji o rządowym projekcie ustawy o ratyfikacji Porozumienia wykonawczego między Rządem Rzeczypospolitej Polskiej a Rządem Stanów Zjednoczonych Ameryki do Umowy między Rządem Rzeczypospolitej Polskiej a Rządem Stanów Zjednoczonych Ameryki o wzmocnionej współpracy obronnej w sprawie zatrudniania lokalnych pracowników cywilnych, podpisanego w Warszawie dnia 20 lutego 2025 r. oraz w Stuttgarcie dnia 3 kwietnia 2025 r. (druki nr 1796 i 1841)",proc 1796,175,0,0,13,no,signed,api.sejm.gov.pl term10/processes/1796 stages,188,no,432,0,1,,2025-12-18,,,,
45,112,2025-11-21,Pkt. 28 Sprawozdanie Komisji o rządowym projekcie ustawy o zmianie ustawy o podatku akcyzowym (druki nr 1930 i 1987),proc 1930,177,0,0,11,no,signed,api.sejm.gov.pl term10/processes/1930 stages,188,no,434,3,0,,2025-12-15,,,,
45,114,2025-11-21,Pkt. 29 Sprawozdanie Komisji o rządowym projekcie ustawy o zmianie ustawy o Służbie Więziennej oraz niektórych innych ustaw (druki nr 1951 i 1989),proc 1951,180,0,0,8,no,signed,api.sejm.gov.pl term10/processes/1951 stages,188,no,441,0,0,,2025-12-18,,,,
45,118,2025-11-21,Pkt. 30 Sprawozdanie Komisji o pilnym rządowym projekcie ustawy o zmianie ustawy o środkach ochrony roślin (druki nr 1950 i 1986),proc 1950,2,0,176,10,no,signed,api.sejm.gov.pl term10/processes/1950 stages,188,no,262,0,177,,2025-12-02,,,,
45,125,2025-11-21,Pkt. 31 Sprawozdanie Komisji o pilnym rządowym projekcie ustawy o zmianie ustawy o Funduszu Medycznym (druki nr 1995 i 1998),proc 1995,2,0,178,8,no,signed,api.sejm.gov.pl term10/processes/1995 stages,188,no,242,0,199,,2025-12-05,,,,
45,129,2025-11-21,"Pkt. 32 Sprawozdanie Komisji o rządowym projekcie ustawy o zmianie ustawy o zaopatrzeniu emerytalnym funkcjonariuszy Policji, Agencji Bezpieczeństwa Wewnętrznego, Agencji Wywiadu, Służby Kontrwywiadu Wojskowego, Służby Wywiadu Wojskowego, Centralnego Biura Antykorupcyjnego, Straży Granicznej, Straży Marszałkowskiej, Służby Ochrony Państwa, Państwowej Straży Pożarnej, Służby Celno-Skarbowej i Służby Więziennej oraz ich rodzin oraz ustawy o Krajowej Administracji Skarbowej oraz senackim projekcie ustawy o zmianie ustawy o zaopatrzeniu emerytalnym funkcjonariuszy Policji, Agencji Bezpieczeństwa Wewnętrznego, Agencji Wywiadu, Służby Kontrwywiadu Wojskowego, Służby Wywiadu Wojskowego, Centralnego Biura Antykorupcyjnego, Straży Granicznej, Straży Marszałkowskiej, Służby Ochrony Państwa, Państwowej Straży Pożarnej, Służby Celno-Skarbowej i Służby Więziennej oraz ich rodzin (druki nr 1858, 232 i 1997)",proc 232;proc 1858,178,0,1,9,no,signed,api.sejm.gov.pl term10/processes/232 stages; api.sejm.gov.pl term10/processes/1858 stages,188,no,439,0,1,,2025-12-15,,,,
45,130,2025-11-21,Pkt. 46 Sprawozdanie Komisji o poselskim projekcie ustawy o zmianie ustawy - Prawo o ruchu drogowym oraz niektórych innych ustaw (druki nr 1985 i 1993),proc 1985,180,0,0,8,no,signed,api.sejm.gov.pl term10/processes/1985 stages,188,no,423,0,18,,2025-12-18,,,,
46,22,2025-12-04,"Pkt. 5 Sprawozdanie Komisji o rządowym projekcie ustawy o zmianie ustawy - Kodeks cywilny, ustawy o ubezpieczeniach obowiązkowych, Ubezpieczeniowym Funduszu Gwarancyjnym i Polskim Biurze Ubezpieczycieli Komunikacyjnych oraz ustawy o działalności ubezpieczeniowej i reasekuracyjnej (druki nr 1797 i 1991)",proc 1797,1,5,168,14,no,vetoed,api.sejm.gov.pl term10/processes/1797 stages,188,no,253,6,171,,2026-01-09,,,,
46,25,2025-12-04,"Pkt. 2 Sprawozdanie Komisji o rządowym projekcie ustawy o zmianie niektórych ustaw związanych z funkcjonowaniem administracji rządowej (druki nr 1859, 1992 i 1992-A)",proc 1859,0,172,0,16,yes,signed,api.sejm.gov.pl term10/processes/1859 stages,188,yes,232,194,5,,2026-01-28,,,,
46,28,2025-12-04,"Pkt. 3 Sprawozdanie Komisji o rządowym projekcie ustawy o zmianie ustawy o dokumentach publicznych oraz ustawy o podatku akcyzowym (druki nr 1996, 2024 i 2024-A)",proc 1996,172,1,0,15,no,signed,api.sejm.gov.pl term10/processes/1996 stages,188,no,432,1,0,,2025-12-18,,,,
46,31,2025-12-04,"Pkt. 4 Sprawozdanie Komisji o rządowym projekcie ustawy o zmianie ustawy - Kodeks pracy oraz ustawy o zakładowym funduszu świadczeń socjalnych (druki nr 1601, 1906 i 1906-A)",proc 1601,0,171,1,16,yes,signed,api.sejm.gov.pl term10/processes/1601 stages,188,yes,234,175,24,,2026-01-07,,,,
46,36,2025-12-04,"Pkt. 6 Poprawione sprawozdanie Komisji o rządowym projekcie ustawy o zmianie ustawy o planowaniu i zagospodarowaniu przestrzennym (druki nr 1608, 1947 i 1947-A)",proc 1608,175,0,0,13,no,signed,api.sejm.gov.pl term10/processes/1608 stages,188,no,415,1,19,,2026-01-07,,,,
46,38,2025-12-04,"Pkt. 7 Sprawozdanie Komisji o rządowym projekcie ustawy o szczególnych zasadach realizacji zadań związanych z inwestycją w zakresie bezpieczeństwa i obronności realizowaną w ramach Krajowego Planu Odbudowy i Zwiększania Odporności (druki nr 1885, 2025 i 2025-A)",proc 1885,2,5,163,18,no,signed,api.sejm.gov.pl term10/processes/1885 stages,188,no,239,23,166,,2025-12-18,,,,
46,45,2025-12-04,Pkt. 10 Sprawozdanie Komisji o rządowym projekcie ustawy o zmianie ustawy o funkcjonowaniu górnictwa węgla kamiennego oraz ustawy o podatku dochodowym od osób fizycznych (druki nr 1880 i 1970),proc 1880,3,1,171,13,no,signed,api.sejm.gov.pl term10/processes/1880 stages,188,no,241,6,186,,2025-12-15,,,,
46,49,2025-12-04,Pkt. 11 Sprawozdanie Komisji o rządowym projekcie ustawy o zmianie ustawy o spółdzielniach mieszkaniowych oraz niektórych innych ustaw (druki nr 1938 i 1952),proc 1938,0,0,173,15,no,signed,api.sejm.gov.pl term10/processes/1938 stages,188,no,253,0,181,,2026-01-09,,,,
46,50,2025-12-04,Pkt. 12 Sprawozdanie Komisji o poselskim projekcie ustawy o zmianie ustawy o ochronie praw nabywcy lokalu mieszkalnego lub domu jednorodzinnego oraz Deweloperskim Funduszu Gwarancyjnym (druki nr 1767 i 1948),proc 1767,172,0,0,16,no,signed,api.sejm.gov.pl term10/processes/1767 stages,188,no,431,0,0,,2026-01-07,,,,
47,99,2025-12-05,"Pkt. 1 Sprawozdanie Komisji o rządowym projekcie ustawy budżetowej na rok 2026 (druki nr 1749, 1999 i 1999-A) - trzecie czytanie",proc 1749,0,168,0,20,yes,signed,api.sejm.gov.pl term10/processes/1749 stages,188,yes,233,197,0,budget act (Art. 224: no veto),2026-01-19,,,,
47,100,2025-12-05,"Pkt. 2 Sprawozdanie Komisji o rządowym projekcie ustawy o ratyfikacji Umowy o ochronie inwestycji między Unią Europejską i jej państwami członkowskimi, z jednej strony, a Republiką Singapuru, z drugiej strony, sporządzonej w Brukseli dnia 19 października 2018 r. (druki nr 1887 i 1954) - trzecie czytanie",proc 1887,170,0,0,18,no,signed,api.sejm.gov.pl term10/processes/1887 stages,188,no,433,0,0,,2026-01-09,,,,
47,102,2025-12-05,"Pkt. 3 Sprawozdanie Komisji o rządowym projekcie ustawy o zmianie ustaw w celu usprawnienia mechanizmów wsparcia odbiorców energii elektrycznej i ciepła (druki nr 2026, 2056 i 2056-A) - trzecie czytanie",proc 2026,171,0,0,17,no,signed,api.sejm.gov.pl term10/processes/2026 stages,188,no,433,0,0,,2026-01-09,,,,
48,6,2025-12-17,Pkt. 1 Sprawozdanie Komisji o rządowym projekcie ustawy o zmianie ustawy o dostępie do zasobów genetycznych i podziale korzyści z ich wykorzystania (druki nr 2028 i 2052),proc 2028,0,0,167,21,no,signed,api.sejm.gov.pl term10/processes/2028 stages,188,no,245,1,184,,2026-01-09,,,,
48,7,2025-12-17,Pkt. 2 Sprawozdanie Komisji o poselskim projekcie ustawy o zmianie ustawy o finansowaniu zadań oświatowych (druki nr 2005 i 2057),proc 2005,175,0,0,13,no,signed,api.sejm.gov.pl term10/processes/2005 stages,188,no,419,2,17,,2026-01-09,,,,
48,17,2025-12-18,Pkt. 3 Sprawozdanie Komisji o rządowym projekcie ustawy o zmianie ustawy o rzeczach znalezionych oraz ustawy - Kodeks cywilny (druki nr 1629 i 1877),proc 1629,161,0,0,27,no,signed,api.sejm.gov.pl term10/processes/1629 stages,188,no,424,0,0,,2026-02-12,,,,
48,19,2025-12-18,"Pkt. 7 Sprawozdanie Komisji o poselskim projekcie ustawy o zmianie ustawy - Kodeks wyborczy (druki nr 556, 1990 i 1990-A)",proc 556,7,152,0,29,yes,signed,api.sejm.gov.pl term10/processes/556 stages,188,yes,240,152,30,,2026-02-12,,,,
48,28,2025-12-18,Pkt. 8 Sprawozdanie Komisji o senackim projekcie ustawy o zmianie ustawy o transporcie kolejowym (druki nr 2063 i 2073),proc 2063,4,2,150,32,no,signed,api.sejm.gov.pl term10/processes/2063 stages,188,no,246,2,171,,2026-01-09,,,,
48,29,2025-12-18,Pkt. 13 Sprawozdanie Komisji o rządowym projekcie ustawy zmieniającej ustawę o zmianie ustawy o dotacji przeznaczonej dla niektórych podmiotów (druki nr 2072 i 2088),proc 2072,162,0,0,26,no,signed,api.sejm.gov.pl term10/processes/2072 stages,188,no,404,0,20,,2026-01-09,,,,
48,30,2025-12-18,Pkt. 14 Sprawozdanie Komisji o poselskim projekcie ustawy o ustanowieniu Dnia Inwalidy Wojennego (druki nr 1730 i 1927),proc 1730,160,0,0,28,no,signed,api.sejm.gov.pl term10/processes/1730 stages,188,no,418,0,4,,2026-02-12,,,,
48,36,2025-12-18,Pkt. 15 Sprawozdanie Komisji o rządowym projekcie ustawy o rynku kryptoaktywów (druki nr 2064 i 2093),proc 2064,0,162,0,26,yes,vetoed,api.sejm.gov.pl term10/processes/2064 stages,188,yes,241,183,1,,2026-02-12,,,,
49,24,2026-01-09,"Pkt. 2 Sprawozdanie Komisji o rządowym projekcie ustawy o zawodzie psychologa oraz samorządzie zawodowym psychologów (druki nr 1344, 2100 i 2100-A)",proc 1344,0,2,178,8,no,signed,api.sejm.gov.pl term10/processes/1344 stages,188,no,241,9,191,,2026-02-12,,,,
49,26,2026-01-09,"Pkt. 3 Sprawozdanie Komisji o poselskim projekcie ustawy o zmianie ustawy o mniejszościach narodowych i etnicznych oraz o języku regionalnym oraz niektórych innych ustaw (druki nr 1346, 1988 i 1988-A)",proc 1346,2,177,1,8,yes,vetoed,api.sejm.gov.pl term10/processes/1346 stages,188,yes,244,196,2,,2026-02-12,,,,
49,28,2026-01-09,"Pkt. 4 Sprawozdanie Komisji o rządowym projekcie ustawy o zmianie ustawy - Kodeks spółek handlowych oraz niektórych innych ustaw (druki nr 2027, 2087 i 2087-A)",proc 2027,0,177,0,11,yes,signed,api.sejm.gov.pl term10/processes/2027 stages,188,yes,238,180,17,,2026-02-12,,,,
49,29,2026-01-09,Pkt. 5 Sprawozdanie Komisji o komisyjnym projekcie ustawy o zmianie ustawy o ograniczeniu prowadzenia działalności gospodarczej przez osoby pełniące funkcje publiczne (druki nr 1763 i 2046),proc 1763,178,0,0,10,no,signed,api.sejm.gov.pl term10/processes/1763 stages,188,no,439,1,0,,2026-02-12,,,,
49,30,2026-01-09,Pkt. 6 Sprawozdanie Komisji o poselskim projekcie ustawy o zmianie ustawy - Prawo o ruchu drogowym oraz ustawy o kierujących pojazdami (druki nr 1939 i 2114),proc 1939,176,0,0,12,no,signed,api.sejm.gov.pl term10/processes/1939 stages,188,no,434,0,0,,2026-02-12,,,,
49,31,2026-01-09,Pkt. 7 Sprawozdanie Komisji o pilnym rządowym projekcie ustawy o zmianie ustawy o księgach wieczystych i hipotece oraz ustawy o Krajowym Rejestrze Sądowym (druki nr 2105 i 2113),proc 2105,174,6,0,8,no,signed,api.sejm.gov.pl term10/processes/2105 stages,188,no,436,6,0,,2026-01-28,,,,
49,32,2026-01-09,Pkt. 9 Sprawozdanie Komisji o poselskim projekcie ustawy o zmianie ustawy o gospodarce opakowaniami i odpadami opakowaniowymi oraz ustawy o zmianie ustawy o gospodarce opakowaniami i odpadami opakowaniowymi oraz niektórych innych ustaw (druki nr 2112 i 2138),proc 2112,0,0,180,8,no,signed,api.sejm.gov.pl term10/processes/2112 stages,188,no,241,9,191,,2026-02-12,,,,
50,17,2026-01-23,Pkt. 3 Sprawozdanie Komisji o poselskim projekcie ustawy o zmianie ustawy o gospodarowaniu nieruchomościami rolnymi Skarbu Państwa (druki nr 1732 i 2092),proc 1732,177,0,0,11,no,signed,api.sejm.gov.pl term10/processes/1732 stages,188,no,414,0,20,,2026-03-09,,,,
50,20,2026-01-23,"Pkt. 4 Sprawozdanie Komisji o:- poselskim projekcie ustawy o zmianie ustawy o wstrzymaniu sprzedaży nieruchomości Zasobu Własności Rolnej Skarbu Państwa oraz o zmianie niektórych ustaw,- przedstawionym przez Prezydenta Rzeczypospolitej Polskiej projekcie ustawy o zmianie niektórych ustaw w celu ochrony polskiego rolnictwa,- rządowym projekcie ustawy o zmianie ustawy o wstrzymaniu sprzedaży nieruchomości Zasobu Własności Rolnej Skarbu Państwa oraz o zmianie niektórych ustaw (druki nr 1390, 1632, 2079, 2137 i 2137-A)",proc 1390;proc 1632;proc 2079,175,0,0,13,no,signed,api.sejm.gov.pl term10/processes/1390 stages; api.sejm.gov.pl term10/processes/1632 stages; api.sejm.gov.pl term10/processes/2079 stages,188,no,427,2,5,,2026-03-09,,,,
50,23,2026-01-23,"Pkt. 5 Sprawozdanie Komisji o rządowym projekcie ustawy o zmianie ustawy o funkcjonowaniu banków spółdzielczych, ich zrzeszaniu się i bankach zrzeszających oraz niektórych innych ustaw (druki nr 1937, 2116 i 2116-A)",proc 1937,176,0,0,12,no,signed,api.sejm.gov.pl term10/processes/1937 stages,188,no,410,0,24,,2026-03-09,,,,
50,40,2026-01-23,"Pkt. 6 Sprawozdanie Komisji o rządowym projekcie ustawy o zmianie ustawy o krajowym systemie cyberbezpieczeństwa oraz niektórych innych ustaw (druki nr 1955, 2139 i 2139-A)",proc 1955,169,1,6,12,no,signed,api.sejm.gov.pl term10/processes/1955 stages,188,no,407,10,17,,2026-02-19,,,,
50,50,2026-01-23,"Pkt. 7 Sprawozdanie Komisji o:- rządowym projekcie ustawy o zmianie ustawy - Kodeks postępowania karnego oraz niektórych innych ustaw, - poselskim projekcie ustawy o zmianie ustawy - Kodeks postępowania karnego, - poselskim projekcie ustawy o zmianie ustawy - Kodeks postępowania karnego oraz ustawy - Kodeks karny, - poselskim projekcie ustawy o zmianie ustawy - Kodeks postępowania karnego, - poselskim projekcie ustawy o zmianie niektórych ustaw w celu ograniczenia nadużywania tymczasowego aresztowania oraz ochrony praw osób tymczasowo aresztowanych, - poselskim projekcie ustawy o zmianie ustawy - Kodeks postępowania karnego, - komisyjnych projektach ustaw o zmianie ustawy - Kodeks karny wykonawczy (druki nr 1600, 410, 643, 865, 935, 1131, 1109, 1110, 2086 i 2086-A)",proc 410;proc 643;proc 865;proc 935;proc 1109;proc 1110;proc 1131;proc 1600,1,174,0,13,yes,vetoed,api.sejm.gov.pl term10/processes/410 stages; api.sejm.gov.pl term10/processes/643 stages; api.sejm.gov.pl term10/processes/865 stages; api.sejm.gov.pl term10/processes/935 stages; api.sejm.gov.pl term10/processes/1109 stages; api.sejm.gov.pl term10/processes/1110 stages; api.sejm.gov.pl term10/processes/1131 stages; api.sejm.gov.pl term10/processes/1600 stages,188,yes,240,174,20,,2026-03-13,,,,
50,51,2026-01-23,"Pkt. 8 Sprawozdanie Komisji o komisyjnym projekcie ustawy o zmianie ustawy - Prawo o stowarzyszeniach, ustawy o Krajowym Rejestrze Sądowym oraz ustawy o kosztach sądowych w sprawach cywilnych (druki nr 868 i 1953)",proc 868,172,1,0,15,no,signed,api.sejm.gov.pl term10/processes/868 stages,188,no,429,1,0,,2026-03-11,,,,
50,52,2026-01-23,Pkt. 11 Sprawozdanie Komisji o rządowym projekcie ustawy o zmianie niektórych ustaw związanych z funkcjonowaniem rynku finansowego oraz ochroną uczestników tego rynku (druki nr 2101 i 2176),proc 2101,175,0,0,13,no,signed,api.sejm.gov.pl term10/processes/2101 stages,188,no,413,1,19,,2026-03-09,,,,
50,53,2026-01-23,Pkt. 12 Sprawozdanie Komisji o rządowym projekcie ustawy o zmianie niektórych ustaw w celu wzmocnienia pozycji rolników aktywnych zawodowo (druki nr 2120 i 2158),proc 2120,2,172,0,14,yes,vetoed,api.sejm.gov.pl term10/processes/2120 stages,188,yes,240,179,13,,2026-02-19,,,,
50,55,2026-01-23,"Pkt. 13 Sprawozdanie Komisji o rządowym projekcie ustawy o zmianie ustawy - Prawo o szkolnictwie wyższym i nauce (druki nr 2077, 2117 i 2117-A)",proc 2077,0,0,167,21,no,signed,api.sejm.gov.pl term10/processes/2077 stages,188,no,238,0,187,,2026-03-09,,,,
50,58,2026-01-23,"Pkt. 14 Sprawozdanie Komisji o komisyjnym projekcie ustawy o zmianie ustawy - Prawo o ustroju sądów powszechnych (druki nr 1204, 2054 i 2054-A)",proc 1204,175,0,0,13,no,signed,api.sejm.gov.pl term10/processes/1204 stages,188,no,431,0,0,,2026-03-11,,,,
50,59,2026-01-23,Pkt. 15 Sprawozdanie Komisji o senackim projekcie ustawy o zmianie ustawy o fundacjach oraz ustawy - Prawo o stowarzyszeniach (druki nr 1808 i 2047),proc 1808,171,0,0,17,no,signed,api.sejm.gov.pl term10/processes/1808 stages,188,no,426,0,0,,2026-03-09,,,,
50,61,2026-01-23,"Pkt. 17 Sprawozdanie Komisji o rządowym projekcie ustawy o ratyfikacji Umowy między Rządem Rzeczypospolitej Polskiej a Rządem Zjednoczonego Królestwa Wielkiej Brytanii i Irlandii Północnej o wygaśnięciu trwających skutków prawnych Artykułu 13 Umowy między Rządem Polskiej Rzeczypospolitej Ludowej a Rządem Zjednoczonego Królestwa Wielkiej Brytanii i Irlandii Północnej w sprawie popierania i wzajemnej ochrony inwestycji, podpisanej w Londynie dnia 8 grudnia 1987 r. (druki nr 2037 i 2074)",proc 2037,176,0,0,12,no,signed,api.sejm.gov.pl term10/processes/2037 stages,188,no,434,0,0,,2026-03-09,,,,
50,96,2026-01-23,"Pkt. 20 Sprawozdanie Komisji o rządowym projekcie ustawy o wygaszeniu rozwiązań wynikających z ustawy o pomocy obywatelom Ukrainy w związku z konfliktem zbrojnym na terytorium tego państwa oraz o zmianie niektórych innych ustaw (druki nr 2172, 2182 i 2182-A)",proc 2172,0,6,167,15,no,signed,api.sejm.gov.pl term10/processes/2172 stages,188,no,232,23,175,,2026-02-19,,,,
50,104,2026-01-23,Pkt. 21 Sprawozdanie Komisji o rządowym projekcie ustawy o zmianie ustawy o Krajowej Radzie Sądownictwa oraz ustawy - Kodeks wyborczy (druki nr 2108 i 2177),proc 2108,0,171,0,17,yes,vetoed,api.sejm.gov.pl term10/processes/2108 stages,188,yes,232,183,12,,2026-02-19,,,,
51,12,2026-02-13,Pkt. 1 Sprawozdanie Komisji o rządowym projekcie ustawy o zmianie ustawy o świadczeniach pieniężnych z ubezpieczenia społecznego w razie choroby i macierzyństwa (druki nr 2122 i 2154),proc 2122,177,0,0,11,no,signed,api.sejm.gov.pl term10/processes/2122 stages,188,no,436,0,0,,2026-03-24,,,,
51,13,2026-02-13,Pkt. 2 Sprawozdanie Komisji o poselskim projekcie ustawy o zmianie ustawy o emeryturach i rentach z Funduszu Ubezpieczeń Społecznych (druki nr 2031 i 2190),proc 2031,177,0,0,11,no,signed,api.sejm.gov.pl term10/processes/2031 stages,188,no,432,2,0,,2026-03-24,,,,
51,18,2026-02-13,Pkt. 9 Sprawozdanie Komisji o rządowym projekcie ustawy o zmianie ustawy o systemie oświaty oraz ustawy o finansowaniu zadań oświatowych (druki nr 2178 i 2191),proc 2178,178,0,0,10,no,signed,api.sejm.gov.pl term10/processes/2178 stages,188,no,416,0,21,,2026-03-09,,,,
51,19,2026-02-13,Pkt. 22 Sprawozdanie Komisji o rządowym projekcie ustawy o zmianie ustawy o Planie Strategicznym dla Wspólnej Polityki Rolnej na lata 2023-2027 (druki nr 2180 i 2194),proc 2180,176,0,1,11,no,signed,api.sejm.gov.pl term10/processes/2180 stages,188,no,417,18,1,,2026-03-09,,,,
51,27,2026-02-13,"Pkt. 23 Sprawozdanie Komisji o rządowym projekcie ustawy o Finansowym Instrumencie Zwiększenia Bezpieczeństwa SAFE (druki nr 2227, 2228 i 2228-A)",proc 2227,0,179,1,8,yes,vetoed,api.sejm.gov.pl term10/processes/2227 stages,188,yes,236,199,4,,2026-03-12,,,,
51,29,2026-02-13,"Pkt. 5 Sprawozdanie Komisji o rządowym projekcie ustawy o zmianie ustawy o Krajowym Rejestrze Karnym oraz niektórych innych ustaw (druki nr 2075, 2149 i 2149-A)",proc 2075,177,0,0,11,no,signed,api.sejm.gov.pl term10/processes/2075 stages,188,no,429,0,0,,2026-03-24,,,,
51,30,2026-02-13,Pkt. 6 Sprawozdanie Komisji o rządowym projekcie ustawy o zmianie ustawy o ochronie zabytków i opiece nad zabytkami oraz ustawy o Krajowej Administracji Skarbowej (druki nr 2160 i 2193),proc 2160,13,1,162,12,no,signed,api.sejm.gov.pl term10/processes/2160 stages,188,no,249,20,165,,2026-04-02,,,,
51,33,2026-02-13,"Pkt. 28 Sprawozdanie Komisji o poselskim projekcie ustawy o zmianie ustawy o szczególnych zasadach przygotowania do realizacji inwestycji w zakresie budowli przeciwpowodziowych (druki nr 1816, 2055 i 2055-A) - trzecie czytanie",proc 1816,176,0,0,12,no,signed,api.sejm.gov.pl term10/processes/1816 stages,188,no,404,13,13,,2026-03-26,,,,
51,50,2026-02-13,"Pkt. 8 Sprawozdanie Komisji o rządowym projekcie ustawy o zmianie ustawy - Prawo oświatowe oraz niektórych innych ustaw (druki nr 2061, 2175 i 2175-A)",proc 2061,0,177,0,11,yes,signed,api.sejm.gov.pl term10/processes/2061 stages,188,yes,236,180,18,,2026-04-02,,,,
51,56,2026-02-13,"Pkt. 10 Sprawozdanie Komisji o rządowym projekcie ustawy o działalności kosmicznej (druki nr 2078, 2156 i 2156-A)",proc 2078,0,0,178,10,no,signed,api.sejm.gov.pl term10/processes/2078 stages,188,no,235,0,199,,2026-03-24,,,,
51,57,2026-02-13,"Pkt. 11 Sprawozdanie Komisji o rządowym projekcie ustawy o zmianie ustawy o obrocie z zagranicą towarami, technologiami i usługami o znaczeniu strategicznym dla bezpieczeństwa państwa, a także dla utrzymania międzynarodowego pokoju i bezpieczeństwa oraz ustawy o wykonywaniu działalności gospodarczej w zakresie wytwarzania i obrotu materiałami wybuchowymi, bronią, amunicją oraz wyrobami i technologią o przeznaczeniu wojskowym lub policyjnym (druki nr 2119 i 2157)",proc 2119,0,0,178,10,no,signed,api.sejm.gov.pl term10/processes/2119 stages,188,no,235,20,179,,2026-04-02,,,,
51,58,2026-02-13,Pkt. 12 Sprawozdanie Komisji o komisyjnym projekcie ustawy o zmianie ustawy o wykonywaniu mandatu posła i senatora (druki nr 2029 i 2187),proc 2029,0,178,1,9,yes,signed,api.sejm.gov.pl term10/processes/2029 stages,188,yes,235,199,1,,2026-04-16,,,,
51,63,2026-02-13,"Pkt. 13 Sprawozdanie Komisji o poselskim projekcie ustawy o niekaraniu ochotników broniących wolności i niepodległości Ukrainy (druki nr 1196, 2189 i 2189-A)",proc 1196,171,1,0,16,no,signed,api.sejm.gov.pl term10/processes/1196 stages,188,no,406,4,19,,2026-03-26,,,,
51,64,2026-02-13,Pkt. 14 Sprawozdanie Komisji o rządowym projekcie ustawy o zmianie ustawy o Centralnej Ewidencji i Informacji o Działalności Gospodarczej i Punkcie Informacji dla Przedsiębiorcy oraz niektórych innych ustaw (druki nr 2076 i 2155),proc 2076,166,7,0,15,no,signed,api.sejm.gov.pl term10/processes/2076 stages,188,no,423,7,0,,2026-03-26,,,,
51,71,2026-02-13,"Pkt. 21 Sprawozdanie Komisji o rządowym projekcie ustawy o zmianie ustawy o wymianie informacji podatkowych z innymi państwami oraz niektórych innych ustaw (druki nr 2106, 2219 i 2219-A)",proc 2106,175,0,0,13,no,signed,api.sejm.gov.pl term10/processes/2106 stages,188,no,403,20,0,,2026-03-09,,,,
51,76,2026-02-13,Pkt. 26 Sprawozdanie Komisji o poselskim projekcie ustawy o zmianie ustawy o podatku dochodowym od osób fizycznych (druki nr 1348 i 2218),proc 1348,166,0,0,22,no,signed,api.sejm.gov.pl term10/processes/1348 stages,188,no,422,0,0,,2026-03-24,,,,
52,28,2026-02-27,"Pkt. 4 Sprawozdanie Komisji o rządowym projekcie ustawy o zmianie ustawy o finansach publicznych oraz niektórych innych ustaw (druki nr 2206, 2234 i 2234-A)",proc 2206,175,0,0,13,no,signed,api.sejm.gov.pl term10/processes/2206 stages,188,no,418,0,19,,2026-03-24,,,,
52,29,2026-02-27,Pkt. 5 Sprawozdanie Komisji o rządowym projekcie ustawy o Wojewódzkich Zespołach Koordynacji do spraw polityki umiejętności (druki nr 2240 i 2251),proc 2240,174,0,3,11,no,signed,api.sejm.gov.pl term10/processes/2240 stages,188,no,414,20,4,,2026-03-24,,,,
52,30,2026-02-27,Pkt. 29 Sprawozdanie Komisji o pilnym rządowym projekcie ustawy o zmianie ustawy o rachunkowości (druki nr 2277 i 2279),proc 2277,0,176,0,12,yes,signed,api.sejm.gov.pl term10/processes/2277 stages,188,yes,256,181,0,,2026-03-11,,,,
52,47,2026-02-27,Pkt. 14 Sprawozdanie Komisji o rządowym projekcie ustawy o zmianie ustawy - Prawo energetyczne oraz niektórych innych ustaw (druki nr 2150 i 2152),proc 2150,0,179,0,9,yes,signed,api.sejm.gov.pl term10/processes/2150 stages,188,yes,234,200,4,,2026-04-02,,,,
52,66,2026-02-27,"Pkt. 1 Sprawozdanie Komisji o rządowym projekcie ustawy o zarządzaniu danymi (druki nr 2060, 2174 i 2174-A)",proc 2060,2,0,175,11,no,signed,api.sejm.gov.pl term10/processes/2060 stages,188,no,241,0,195,,2026-04-16,,,,
52,67,2026-02-27,Pkt. 2 Sprawozdanie Komisji o rządowym projekcie ustawy o zmianie ustawy o Krajowej Szkole Sądownictwa i Prokuratury (druki nr 2201 i 2226),proc 2201,174,0,0,14,no,signed,api.sejm.gov.pl term10/processes/2201 stages,188,no,432,0,0,,2026-03-26,,,,
52,69,2026-02-27,"Pkt. 3 Sprawozdanie Komisji o rządowym projekcie ustawy o zmianie ustawy o funduszach inwestycyjnych i zarządzaniu alternatywnymi funduszami inwestycyjnymi oraz ustawy o obrocie instrumentami finansowymi (druki nr 2163, 2224 i 2224-A)",proc 2163,0,177,1,10,yes,signed,api.sejm.gov.pl term10/processes/2163 stages,188,yes,231,203,1,,2026-04-02,,,,
52,71,2026-02-27,"Pkt. 7 Sprawozdanie Komisji o poselskim projekcie ustawy o zmianie ustawy o zmianie ustawy o szczególnych rozwiązaniach związanych z usuwaniem skutków powodzi oraz niektórych innych ustaw oraz o zmianie ustawy - Prawo wodne (druki nr 2223, 2242 i 2242-A)",proc 2223,175,0,0,13,no,signed,api.sejm.gov.pl term10/processes/2223 stages,188,no,432,0,0,,2026-03-26,,,,
52,72,2026-02-27,Pkt. 8 Sprawozdanie Komisji o poselskim projekcie ustawy o zmianie ustawy o publicznym transporcie zbiorowym (druki nr 2245 i 2255),proc 2245,0,175,0,13,yes,signed,api.sejm.gov.pl term10/processes/2245 stages,188,yes,233,200,0,,2026-04-02,,,,
53,52,2026-03-11,"Pkt. 1 Sprawozdanie Komisji o rządowym projekcie ustawy o zmianie ustawy o Państwowej Inspekcji Pracy oraz niektórych innych ustaw (druki nr 2250, 2252 i 2252-A)",proc 2250,0,2,176,10,no,signed,api.sejm.gov.pl term10/processes/2250 stages,188,no,230,20,178,,2026-04-02,,,,
53,66,2026-03-13,"Pkt. 2 Sprawozdanie Komisji o rządowym projekcie ustawy o zmianie ustawy - Kodeks rodzinny i opiekuńczy oraz niektórych innych ustaw (druki nr 2121, 2233 i 2233-A)",proc 2121,0,170,2,16,yes,vetoed,api.sejm.gov.pl term10/processes/2121 stages,188,yes,242,187,2,,2026-04-30,,,,
53,68,2026-03-13,"Pkt. 3 Sprawozdanie Komisji o rządowym projekcie ustawy o koordynacji działań antykorupcyjnych oraz o likwidacji Centralnego Biura Antykorupcyjnego (druki nr 1884, 2257 i 2257-A)",proc 1884,0,174,0,14,yes,vetoed,api.sejm.gov.pl term10/processes/1884 stages,188,yes,231,180,18,,2026-05-11,,,,
53,69,2026-03-13,Pkt. 4 Sprawozdanie Komisji o rządowym projekcie ustawy o zmianie niektórych ustaw w związku z przekazywaniem informacji do europejskiego pojedynczego punktu dostępu (druki nr 2159 i 2260),proc 2159,0,0,173,15,no,signed,api.sejm.gov.pl term10/processes/2159 stages,188,no,239,0,193,,2026-05-11,,,,
53,75,2026-03-13,"Pkt. 5 Sprawozdanie Komisji o poselskim projekcie ustawy o zmianie ustawy o zbiorowym zaopatrzeniu w wodę i zbiorowym odprowadzaniu ścieków oraz niektórych innych ustaw (druki nr 2165, 2235 i 2235-A)",proc 2165,0,176,0,12,yes,signed,api.sejm.gov.pl term10/processes/2165 stages,188,yes,237,179,18,,2026-04-30,,,,
53,76,2026-03-13,Pkt. 6 Sprawozdanie Komisji o senackim projekcie ustawy o zmianie ustawy o działaczach opozycji antykomunistycznej oraz osobach represjonowanych z powodów politycznych (druki nr 1651 i 2280),proc 1651,175,1,0,12,no,signed,api.sejm.gov.pl term10/processes/1651 stages,188,no,436,1,0,,2026-04-22,,,,
53,78,2026-03-13,Pkt. 9 Sprawozdanie Komisji o rządowym projekcie ustawy o zmianie ustawy - Prawo lotnicze oraz niektórych innych ustaw (druki nr 2236 i 2281),proc 2236,0,174,0,14,yes,signed,api.sejm.gov.pl term10/processes/2236 stages,188,yes,237,195,0,,2026-04-30,,,,
53,82,2026-03-13,Pkt. 13 Sprawozdanie Komisji o rządowym projekcie ustawy o zmianie ustawy o sporcie oraz ustawy o przygotowaniu finałowego turnieju Mistrzostw Europy w Piłce Nożnej UEFA EURO 2012 (druki nr 2162 i 2203),proc 2162,175,0,0,13,no,signed,api.sejm.gov.pl term10/processes/2162 stages,188,no,432,0,0,,2026-04-30,,,,
53,83,2026-03-13,Pkt. 14 Sprawozdanie Komisji o poselskim projekcie ustawy o zmianie ustawy o Funduszu Ochrony Rolnictwa (druki nr 2295 i 2329),proc 2295,176,0,0,12,no,signed,api.sejm.gov.pl term10/processes/2295 stages,188,no,436,0,0,,2026-05-11,,,,
53,86,2026-03-13,"Pkt. 19 Sprawozdanie Komisji o rządowym projekcie ustawy o ratyfikacji Umowy między Rzecząpospolitą Polską a Republiką Indonezji o wzajemnej pomocy prawnej w sprawach karnych, podpisanej w Warszawie dnia 19 września 2025 r. (druki nr 2161 i 2204)",proc 2161,174,0,0,14,no,signed,api.sejm.gov.pl term10/processes/2161 stages,188,no,431,0,0,,2026-04-22,,,,
53,87,2026-03-13,"Pkt. 20 Sprawozdanie Komisji o rządowym projekcie ustawy o ratyfikacji poprawek do Rzymskiego Statutu Międzynarodowego Trybunału Karnego, sporządzonego w Rzymie dnia 17 lipca 1998 r., przyjętych przez Zgromadzenie Państw-Stron Statutu w dniu 26 listopada 2015 r. (rezolucja nr ICC-ASP/14/Res.2), w dniu 14 grudnia 2017 r. (rezolucja nr ICC-ASP/16/Res.4) oraz w dniu 6 grudnia 2019 r. (rezolucja nr ICC-ASP/18/Res.5) (druki nr 2164 i 2205)",proc 2164,167,0,0,21,no,signed,api.sejm.gov.pl term10/processes/2164 stages,188,no,421,0,0,,2026-04-22,,,,
54,17,2026-03-27,"Pkt. 24 Sprawozdanie Komisji o rządowym projekcie ustawy o zmianie ustawy o zapasach ropy naftowej, produktów naftowych i gazu ziemnego oraz zasadach postępowania w sytuacjach zagrożenia bezpieczeństwa paliwowego państwa i zakłóceń na rynku naftowym oraz ustawy o Krajowej Administracji Skarbowej (druki nr 2389 i 2391)",proc 2389,178,0,0,10,no,signed,api.sejm.gov.pl term10/processes/2389 stages,188,no,428,12,0,,2026-03-27,,,,
54,21,2026-03-27,Pkt. 25 Sprawozdanie Komisji o rządowym projekcie ustawy o zmianie ustawy o podatku akcyzowym (druki nr 2390 i 2392),proc 2390,171,0,0,17,no,signed,api.sejm.gov.pl term10/processes/2390 stages,188,no,436,0,0,,2026-03-27,,,,
54,28,2026-03-27,Pkt. 1 Sprawozdanie Komisji o rządowym projekcie ustawy o zmianie ustawy - Kodeks postępowania karnego (druki nr 2200 i 2327),proc 2200,174,3,0,11,no,signed,api.sejm.gov.pl term10/processes/2200 stages,188,no,436,3,0,,2026-05-11,,,,
54,30,2026-03-27,"Pkt. 2 Sprawozdanie Komisji o rządowym projekcie ustawy o zmianie ustawy o kształtowaniu ustroju rolnego (druki nr 2273, 2311 i 2311-A)",proc 2273,0,174,0,14,yes,vetoed,api.sejm.gov.pl term10/processes/2273 stages,188,yes,240,193,0,,2026-05-11,,,,
54,31,2026-03-27,Pkt. 3 Sprawozdanie Komisji o rządowym projekcie ustawy o zmianie ustawy - Prawo o szkolnictwie wyższym i nauce (druki nr 2291 i 2310),proc 2291,176,0,0,12,no,signed,api.sejm.gov.pl term10/processes/2291 stages,188,no,437,0,0,,2026-05-11,,,,
54,32,2026-03-27,"Pkt. 4 Sprawozdanie Komisji o rządowym projekcie ustawy o zmianie ustawy o biegłych rewidentach, firmach audytorskich oraz nadzorze publicznym oraz ustawy o rachunkowości (druki nr 2292 i 2313)",proc 2292,3,172,0,13,yes,signed,api.sejm.gov.pl term10/processes/2292 stages,188,yes,256,174,1,,2026-05-11,,,,
54,44,2026-03-27,"Pkt. 10 Sprawozdanie Komisji o poselskim projekcie ustawy o zmianie ustawy - Kodeks wyborczy (druki nr 2006, 2326 i 2326-A)",proc 2006,0,176,0,12,yes,vetoed,api.sejm.gov.pl term10/processes/2006 stages,188,yes,232,178,23,,2026-04-30,,,,
54,51,2026-03-27,"Pkt. 12 Sprawozdanie Komisji o rządowym projekcie ustawy o zmianie ustawy o ochronie ludności i obronie cywilnej oraz niektórych innych ustaw (druki nr 2307, 2342 i 2342-A)",proc 2307,0,0,170,18,no,signed,api.sejm.gov.pl term10/processes/2307 stages,188,no,257,0,174,,2026-05-11,,,,
55,10,2026-04-17,Pkt. 2 Sprawozdanie Komisji o komisyjnym projekcie ustawy o zmianie ustawy o radcach prawnych (druki nr 1963 i 2367),proc 1963,1,0,171,16,no,signed,api.sejm.gov.pl term10/processes/1963 stages,188,no,261,0,173,,2026-06-02,,,,
55,12,2026-04-17,Pkt. 4 Sprawozdanie Komisji o rządowym projekcie ustawy o zmianie ustawy o postępowaniu egzekucyjnym w administracji (druki nr 2319 i 2383),proc 2319,175,1,0,12,no,signed,api.sejm.gov.pl term10/processes/2319 stages,188,no,438,1,0,,2026-06-02,,,,
55,32,2026-04-17,"Pkt. 5 Sprawozdanie Komisji o rządowym projekcie ustawy o Krajowym Rejestrze Oznakowanych Psów i Kotów (druki nr 2293, 2380 i 2380-A)",proc 2293,2,4,167,15,no,signed,api.sejm.gov.pl term10/processes/2293 stages,188,no,245,22,171,,2026-06-02,,,,
55,34,2026-04-17,"Pkt. 6 Sprawozdanie Komisji o rządowym projekcie ustawy o zmianie ustawy o języku polskim oraz ustawy o Narodowej Agencji Wymiany Akademickiej (druki nr 2361, 2385 i 2385-A)",proc 2361,0,169,1,18,yes,signed,api.sejm.gov.pl term10/processes/2361 stages,188,yes,234,188,5,,2026-05-21,,,,
55,37,2026-04-17,"Pkt. 7 Sprawozdanie Komisji o rządowym projekcie ustawy o zmianie ustawy o systemie teleinformatycznym do obsługi niektórych umów oraz niektórych innych ustaw (druki nr 2290, 2312 i 2312-A)",proc 2290,2,173,0,13,yes,signed,api.sejm.gov.pl term10/processes/2290 stages,188,yes,238,179,21,,2026-06-02,,,,
55,39,2026-04-17,"Pkt. 8 Sprawozdanie Komisji o rządowym projekcie ustawy o zmianie ustawy o systemie monitorowania drogowego i kolejowego przewozu towarów oraz obrotu paliwami opałowymi oraz niektórych innych ustaw (druki nr 2272, 2386 i 2386-A)",proc 2272,1,172,0,15,yes,vetoed,api.sejm.gov.pl term10/processes/2272 stages,188,yes,236,194,0,,2026-06-02,,,,
55,40,2026-04-17,"Pkt. 9 Sprawozdanie Komisji o rządowym projekcie ustawy o ratyfikacji Umowy między Rządem Rzeczypospolitej Polskiej a Gabinetem Ministrów Ukrainy o współpracy w zwalczaniu przestępczości, podpisanej we Lwowie dnia 11 grudnia 2025 r. (druki nr 2276 i 2379)",proc 2276,0,2,172,14,no,signed,api.sejm.gov.pl term10/processes/2276 stages,188,no,242,10,185,,2026-05-21,,,,
55,44,2026-04-17,Pkt. 16 Sprawozdanie Komisji o rządowym projekcie ustawy o zmianie ustawy o wspieraniu rozwoju obszarów wiejskich z udziałem środków Europejskiego Funduszu Rolnego na rzecz Rozwoju Obszarów Wiejskich w ramach Programu Rozwoju Obszarów Wiejskich na lata 2014-2020 oraz niektórych innych ustaw (druki nr 2371 i 2427),proc 2371,178,0,0,10,no,signed,api.sejm.gov.pl term10/processes/2371 stages,188,no,421,0,20,,2026-05-21,,,,
55,45,2026-04-17,Pkt. 17 Sprawozdanie Komisji o rządowym projekcie ustawy o zmianie ustawy o finansach publicznych oraz niektórych innych ustaw (druki nr 2388 i 2430),proc 2388,112,61,2,13,no,signed,api.sejm.gov.pl term10/processes/2388 stages,188,no,353,62,19,,2026-05-11,,,,
55,46,2026-04-17,Pkt. 18 Sprawozdanie Komisji o rządowym projekcie ustawy o zmianie ustawy o utworzeniu Uniwersytetu Medycznego w Łodzi (druki nr 2404 i 2435),proc 2404,172,4,0,12,no,signed,api.sejm.gov.pl term10/processes/2404 stages,188,no,433,4,0,,2026-05-11,,,,
55,48,2026-04-17,Pkt. 30 Sprawozdanie Komisji o poselskim projekcie ustawy o zmianie ustawy o systemie instytucji rozwoju (druki nr 2440 i 2448),proc 2440,177,0,0,11,no,signed,api.sejm.gov.pl term10/processes/2440 stages,188,no,440,0,0,,2026-05-11,,,,
55,54,2026-04-17,"Pkt. 21 Sprawozdanie Komisji o poselskim projekcie ustawy o zmianie ustawy o ochronie zwierząt (druki nr 1765, 2278 i 2278-A) - trzecie czytanie",proc 1765,0,4,166,18,no,signed,api.sejm.gov.pl term10/processes/1765 stages,188,no,260,6,166,,2026-06-02,,,,
56,14,2026-04-30,Pkt. 2 Sprawozdanie Komisji o rządowym projekcie ustawy o zmianie ustawy - Ordynacja podatkowa (druki nr 2352 i 2438),proc 2352,178,0,0,10,no,signed,api.sejm.gov.pl term10/processes/2352 stages,188,no,440,0,0,,2026-06-19,,,,
56,17,2026-04-30,"Pkt. 6 Sprawozdanie Komisji o rządowym projekcie ustawy o zmianie niektórych ustaw w związku z uregulowaniem funkcjonowania lotnictwa służb porządku publicznego (druki nr 2395, 2408 i 2408-A)",proc 2395,182,0,0,6,no,signed,api.sejm.gov.pl term10/processes/2395 stages,188,no,443,0,0,,2026-06-19,,,,
56,18,2026-04-30,Pkt. 7 Sprawozdanie Komisji o komisyjnym projekcie ustawy o zmianie ustawy o mniejszościach narodowych i etnicznych oraz o języku regionalnym (druki nr 2360 i 2431),proc 2360,174,2,2,10,no,signed,api.sejm.gov.pl term10/processes/2360 stages,188,no,419,20,2,,2026-06-11,,,,
56,23,2026-04-30,Pkt. 13 Sprawozdanie Komisji o rządowym projekcie ustawy o zmianie ustawy o kuratorach sądowych (druki nr 2294 i 2399),proc 2294,182,2,0,4,no,signed,api.sejm.gov.pl term10/processes/2294 stages,188,no,424,2,20,,2026-06-11,,,,
56,29,2026-04-30,"Pkt. 15 Sprawozdanie Komisji o rządowym projekcie ustawy o zmianie ustawy o planowaniu i zagospodarowaniu przestrzennym oraz niektórych innych ustaw (druki nr 2459, 2461 i 2461-A)",proc 2459,0,0,185,3,no,signed,api.sejm.gov.pl term10/processes/2459 stages,188,no,241,3,205,,2026-06-11,,,,
57,45,2026-05-15,"Pkt. 24 Sprawozdanie Komisji o:- poselskim projekcie ustawy o kryptoaktywach,- poselskim, przedstawionym przez Prezydenta Rzeczypospolitej Polskiej oraz rządowym projektach ustaw o rynku kryptoaktywów (druki nr 2530, 2363, 2528, 2529, 2563 i 2563-A)",proc 2363;proc 2528;proc 2529;proc 2530,0,178,0,9,yes,vetoed,api.sejm.gov.pl term10/processes/2363 stages; api.sejm.gov.pl term10/processes/2528 stages; api.sejm.gov.pl term10/processes/2529 stages; api.sejm.gov.pl term10/processes/2530 stages,187,yes,241,200,0,,2026-06-11,,,,
57,47,2026-05-15,"Pkt. 18 Sprawozdanie Komisji o rządowym projekcie ustawy o zmianie ustawy o podatku akcyzowym (druki nr 2457, 2479 i 2479-A)",proc 2457,0,2,172,13,no,referred to Tribunal,api.sejm.gov.pl term10/processes/2457 stages,187,no,231,23,174,,2026-07-02,,,,
57,48,2026-05-15,Pkt. 27 Sprawozdanie Komisji o rządowym projekcie ustawy o zmianie ustawy o podatku od spadków i darowizn (druki nr 2489 i 2535),proc 2489,175,0,1,11,no,signed,api.sejm.gov.pl term10/processes/2489 stages,187,no,437,0,1,,2026-06-11,,,,
57,49,2026-05-15,Pkt. 8 Sprawozdanie Komisji o rządowym projekcie ustawy o zmianie ustawy - Ordynacja podatkowa oraz niektórych innych ustaw (druki nr 2287 i 2480),proc 2287,2,0,173,12,no,signed,api.sejm.gov.pl term10/processes/2287 stages,187,no,243,0,194,,2026-06-19,,,,
57,50,2026-05-15,"Pkt. 9 Sprawozdanie Komisji o rządowym projekcie ustawy o zmianie ustawy o podatku dochodowym od osób fizycznych, ustawy o podatku dochodowym od osób prawnych oraz ustawy o zryczałtowanym podatku dochodowym od niektórych przychodów osiąganych przez osoby fizyczne (druki nr 2445 i 2487)",proc 2445,178,0,0,9,no,signed,api.sejm.gov.pl term10/processes/2445 stages,187,no,439,0,0,,2026-06-11,,,,
57,52,2026-05-15,"Pkt. 10 Sprawozdanie Komisji o rządowym projekcie ustawy o zmianie ustawy o świadczeniach opieki zdrowotnej finansowanych ze środków publicznych oraz ustawy o zapobieganiu oraz zwalczaniu zakażeń i chorób zakaźnych u ludzi (druki nr 2456, 2475 i 2475-A)",proc 2456,0,1,176,10,no,vetoed,api.sejm.gov.pl term10/processes/2456 stages,187,no,235,22,182,,2026-06-11,,,,
57,57,2026-05-15,"Pkt. 11 Sprawozdanie Komisji o rządowym projekcie ustawy o zmianie niektórych ustaw w związku z rozwojem usług e-zdrowia (druki nr 2460, 2544 i 2544-A)",proc 2460,179,0,0,8,no,signed,api.sejm.gov.pl term10/processes/2460 stages,187,no,415,0,25,,2026-06-11,,,,
57,62,2026-05-15,"Pkt. 13 Sprawozdanie Komisji o rządowym projekcie ustawy o zmianie niektórych ustaw w celu uproszczenia procedur administracyjnych w sprawach rozstrzyganych w drodze decyzji administracyjnych albo załatwianych milcząco (druki nr 2318, 2481 i 2481-A)",proc 2318,175,0,0,12,no,signed,api.sejm.gov.pl term10/processes/2318 stages,187,no,410,5,20,,2026-06-29,,,,
57,63,2026-05-15,Pkt. 14 Sprawozdanie Komisji o rządowym projekcie ustawy o zmianie ustawy - Kodeks karny (druki nr 2398 i 2462),proc 2398,176,0,1,10,no,signed,api.sejm.gov.pl term10/processes/2398 stages,187,no,435,0,4,,2026-06-29,,,,
57,64,2026-05-15,Pkt. 15 Sprawozdanie Komisji o rządowym projekcie ustawy o zmianie ustawy - Kodeks postępowania karnego (druki nr 2387 i 2463),proc 2387,2,3,174,8,no,signed,api.sejm.gov.pl term10/processes/2387 stages,187,no,242,24,175,,2026-07-02,,,,
57,68,2026-05-15,"Pkt. 16 Sprawozdanie Komisji o rządowym projekcie ustawy o zmianie ustawy - Kodeks postępowania karnego oraz ustawy - Kodeks karny skarbowy (druki nr 2372, 2441 i 2441-A)",proc 2372,177,0,0,10,no,signed,api.sejm.gov.pl term10/processes/2372 stages,187,no,435,1,0,,2026-07-02,,,,
57,72,2026-05-15,"Pkt. 17 Sprawozdanie Komisji o rządowym projekcie ustawy o zmianie ustawy o zarządzaniu kryzysowym oraz niektórych innych ustaw (druki nr 2355, 2531 i 2531-A)",proc 2355,4,0,173,10,no,signed,api.sejm.gov.pl term10/processes/2355 stages,187,no,262,4,174,,2026-06-19,,,,
57,91,2026-05-15,"Pkt. 26 Sprawozdanie Komisji o rządowym projekcie ustawy o szczególnych środkach ochrony osób uczestniczących w debacie publicznej (druki nr 2488, 2542 i 2542-A)",proc 2488,117,2,59,9,no,signed,api.sejm.gov.pl term10/processes/2488 stages,187,no,359,23,59,,2026-06-19,,,,
57,103,2026-05-15,"Pkt. 28 Sprawozdanie Komisji o rządowym projekcie ustawy o udziale Rzeczypospolitej Polskiej w systemie Eurodac (druki nr 2533, 2567 i 2567-A)",proc 2533,178,0,0,9,no,signed,api.sejm.gov.pl term10/processes/2533 stages,187,no,436,0,0,,2026-06-11,,,,
57,107,2026-05-15,"Pkt. 32 Sprawozdanie Komisji o rządowym projekcie ustawy o zmianie ustawy - Ordynacja podatkowa oraz ustawy - Kodeks karny skarbowy (druki nr 2288, 2474 i 2474-A) - trzecie czytanie",proc 2288,0,178,0,9,yes,vetoed,api.sejm.gov.pl term10/processes/2288 stages,187,yes,241,199,0,,2026-06-11,,,,
57,110,2026-05-15,"Pkt. 25 Sprawozdanie Komisji o rządowym projekcie ustawy o zmianie ustawy o zapobieganiu zanieczyszczaniu morza przez statki oraz niektórych innych ustaw (druki nr 2317, 2467 i 2467-A)",proc 2317,0,177,0,10,yes,vetoed,api.sejm.gov.pl term10/processes/2317 stages,187,yes,237,199,0,,2026-07-02,,,,
57,121,2026-05-15,"Pkt. 29 Sprawozdanie Komisji o rządowym projekcie ustawy o utworzeniu Wojskowej Akademii Medycznej (druki nr 2458, 2485 i 2485-A)",proc 2458,19,1,157,10,no,signed,api.sejm.gov.pl term10/processes/2458 stages,187,no,275,1,163,,2026-06-19,,,,
58,15,2026-05-29,"Pkt. 7 Sprawozdanie Komisji o przedstawionym przez Prezydenta Rzeczypospolitej Polskiej oraz poselskim projektach ustaw o zmianie ustawy o ochronie zwierząt (druki nr 2270, 2274 i 2538)",proc 2270;proc 2274,145,10,5,27,no,signed,api.sejm.gov.pl term10/processes/2270 stages; api.sejm.gov.pl term10/processes/2274 stages,187,no,381,28,5,,2026-07-24,,,,
58,37,2026-05-29,"Pkt. 13 Sprawozdanie Komisji o rządowym projekcie ustawy o związku metropolitalnym w województwie pomorskim (druki nr 2446, 2560 i 2560-A)",proc 2446,0,173,1,13,yes,signed,api.sejm.gov.pl term10/processes/2446 stages,187,yes,245,185,1,,2026-07-02,,,,
58,42,2026-05-29,"Pkt. 3 Sprawozdanie Komisji o rządowym projekcie ustawy o szczególnych rozwiązaniach w zakresie rozpoznawania spraw dotyczących zawartych z konsumentami umów kredytu denominowanego lub indeksowanego do franka szwajcarskiego (druki nr 1758, 2369 i 2369-A)",proc 1758,0,172,0,15,yes,signed,api.sejm.gov.pl term10/processes/1758 stages,187,yes,230,175,23,,2026-07-17,,,,
58,53,2026-05-29,"Pkt. 4 Sprawozdanie Komisji o rządowym projekcie ustawy o zmianie ustawy - Prawo oświatowe, ustawy o systemie oświaty oraz niektórych innych ustaw (druki nr 2449, 2561 i 2561-A)",proc 2449,0,171,0,16,yes,vetoed,api.sejm.gov.pl term10/processes/2449 stages,187,yes,234,192,0,,2026-07-02,,,,
58,62,2026-05-29,"Pkt. 5 Sprawozdanie Komisji o rządowym projekcie ustawy o statusie osoby najbliższej w związku i umowie o wspólnym pożyciu (druki nr 2110, 2593 i 2593-A)",proc 2110,0,175,0,12,yes,vetoed,api.sejm.gov.pl term10/processes/2110 stages,187,yes,230,198,1,,2026-07-17,,,,
58,103,2026-05-29,"Pkt. 6 Sprawozdanie Komisji o rządowym projekcie ustawy - Przepisy wprowadzające ustawę o statusie osoby najbliższej w związku i umowie o wspólnym pożyciu (druki nr 2111, 2594 i 2594-A)",proc 2111,0,176,0,11,yes,vetoed,api.sejm.gov.pl term10/processes/2111 stages,187,yes,230,200,1,,2026-07-17,,,,
58,104,2026-05-29,"Pkt. 8 Sprawozdanie Komisji o rządowym projekcie ustawy o zmianie ustawy o pracowniczych planach kapitałowych oraz ustawy o szczególnych rozwiązaniach związanych z zapobieganiem, przeciwdziałaniem i zwalczaniem COVID-19, innych chorób zakaźnych oraz wywołanych nimi sytuacji kryzysowych (druki nr 2497 i 2565)",proc 2497,0,15,154,18,no,signed,api.sejm.gov.pl term10/processes/2497 stages,187,no,247,16,155,,2026-07-17,,,,
58,106,2026-05-29,"Pkt. 9 Sprawozdanie Komisji o rządowym projekcie ustawy o szczególnych rozwiązaniach związanych z wynikami ewaluacji jakości działalności naukowej za lata 2022-2025 (druki nr 2500, 2566 i 2566-A)",proc 2500,0,175,0,12,yes,signed,api.sejm.gov.pl term10/processes/2500 stages,187,yes,230,194,0,,2026-07-17,,,,
58,112,2026-05-29,"Pkt. 14 Sprawozdanie Komisji o poselskich projektach ustaw:- o zmianie ustawy o drogach publicznych oraz o zmianie niektórych innych ustaw,- o zmianie ustawy o drogach publicznych (druki nr 2552, 2551, 2576 i 2576-A)",proc 2551;proc 2552,174,0,0,13,no,signed,api.sejm.gov.pl term10/processes/2551 stages; api.sejm.gov.pl term10/processes/2552 stages,187,no,429,1,0,,2026-07-17,,,,
58,113,2026-05-29,Pkt. 15 Sprawozdanie Komisji o komisyjnym projekcie ustawy o zmianie ustawy o imprezach turystycznych i powiązanych usługach turystycznych (druki nr 2412 i 2572),proc 2412,172,0,0,15,no,signed,api.sejm.gov.pl term10/processes/2412 stages,187,no,427,0,0,,2026-07-24,,,,
58,116,2026-05-29,"Pkt. 16 Sprawozdanie Komisji o rządowym projekcie ustawy o zmianie niektórych ustaw w celu dokonania deregulacji w zakresie energetyki (druki nr 2578, 2606 i 2606-A)",proc 2578,1,173,0,13,yes,signed,api.sejm.gov.pl term10/processes/2578 stages,187,yes,245,182,3,,2026-07-02,,,,
58,122,2026-05-29,"Pkt. 28 Sprawozdanie Komisji o senackim projekcie ustawy o zmianie ustawy - Prawo oświatowe (druki nr 1650, 2366 i 2366-A) - trzecie czytanie",proc 1650,0,1,168,18,no,signed,api.sejm.gov.pl term10/processes/1650 stages,187,no,235,2,188,,2026-07-02,,,,
59,14,2026-06-11,"Pkt. 1 Sprawozdanie Komisji o rządowym projekcie ustawy o zmianie ustawy o ubezpieczeniach upraw rolnych i zwierząt gospodarskich (druki nr 2581, 2607 i 2607-A)",proc 2581,176,0,0,10,no,signed,api.sejm.gov.pl term10/processes/2581 stages,186,no,419,19,0,,2026-07-17,,,,
59,16,2026-06-11,"Pkt. 2 Sprawozdanie Komisji o rządowym projekcie ustawy o zmianie ustawy o przeciwdziałaniu narkomanii oraz niektórych innych ustaw (druki nr 2499, 2610 i 2610-A)",proc 2499,0,0,178,8,no,signed,api.sejm.gov.pl term10/processes/2499 stages,186,no,238,20,182,,2026-07-24,,,,
59,17,2026-06-11,Pkt. 3 Sprawozdanie Komisji o rządowym projekcie ustawy o zmianie ustawy o pomocy społecznej (druki nr 2550 i 2611),proc 2550,0,1,176,9,no,signed,api.sejm.gov.pl term10/processes/2550 stages,186,no,235,21,180,,2026-07-17,,,,
59,23,2026-06-11,"Pkt. 5 Sprawozdanie Komisji o rządowym projekcie ustawy o koordynacji opieki długoterminowej i osobach starszych (druki nr 2579, 2612 i 2612-A)",proc 2579,177,0,0,9,no,signed,api.sejm.gov.pl term10/processes/2579 stages,186,no,415,1,20,,2026-07-17,,,,
59,28,2026-06-11,"Pkt. 11 Sprawozdanie Komisji o poselskich projektach ustaw o zmianie ustawy - Kodeks karny (druki nr 2208, 1613, 2608 i 2608-A)",proc 1613;proc 2208,178,0,0,8,no,signed,api.sejm.gov.pl term10/processes/1613 stages; api.sejm.gov.pl term10/processes/2208 stages,186,no,419,19,1,,2026-07-17,,,,
59,50,2026-06-11,"Pkt. 12 Sprawozdanie Komisji o rządowym projekcie ustawy o systemach sztucznej inteligencji (druki nr 2443, 2614 i 2614-A)",proc 2443,178,0,1,7,no,signed,api.sejm.gov.pl term10/processes/2443 stages,186,no,421,3,18,,2026-07-24,,,,
60,18,2026-06-19,Pkt. 13 Sprawozdanie Komisji o rządowym projekcie ustawy o zmianie ustawy o Krajowej Sieci Onkologicznej oraz niektórych innych ustaw (druki nr 2643 i 2691),proc 2643,178,0,0,8,no,signed,api.sejm.gov.pl term10/processes/2643 stages,186,no,414,0,22,,2026-07-24,,,,
60,23,2026-06-19,"Pkt. 14 Sprawozdanie Komisji o rządowym projekcie ustawy o podatku od nadzwyczajnych zysków ze zbycia paliw ciekłych osiągniętych w okresie od marca do grudnia 2026 r. (druki nr 2684, 2688 i 2688-A)",proc 2684,0,176,0,10,yes,referred to Tribunal,api.sejm.gov.pl term10/processes/2684 stages,186,yes,231,201,1,,2026-07-24,,,,
60,31,2026-06-19,"Pkt. 23 Sprawozdanie Komisji o rządowym projekcie ustawy o zmianie ustawy - Kodeks pracy oraz ustawy - Kodeks postępowania cywilnego (druki nr 2289, 2609 i 2609-A) - trzecie czytanie",proc 2289,0,1,177,8,no,signed,api.sejm.gov.pl term10/processes/2289 stages,186,no,236,24,178,,2026-07-30,,,,
60,32,2026-06-19,Pkt. 2 Sprawozdanie Komisji o rządowym projekcie ustawy o zmianie niektórych ustaw w związku z opłatami uiszczanymi na rzecz Komisji Nadzoru Finansowego (druki nr 2620 i 2640),proc 2620,174,1,3,8,no,signed,api.sejm.gov.pl term10/processes/2620 stages,186,no,409,24,3,,2026-08-07,,,,
60,43,2026-06-19,"Pkt. 4 Sprawozdanie Komisji o rządowym projekcie ustawy o zmianie niektórych ustaw w celu wsparcia przedsiębiorstw żeglugowych oraz stworzenia warunków ich funkcjonowania pod polską banderą (druki nr 2549, 2636 i 2636-A)",proc 2549,177,0,0,9,no,signed,api.sejm.gov.pl term10/processes/2549 stages,186,no,431,0,4,,2026-08-07,,,,
60,48,2026-06-19,"Pkt. 5 Sprawozdanie Komisji o rządowym projekcie ustawy o zmianie ustawy o zastawie rejestrowym i rejestrze zastawów oraz ustawy - Prawo o ruchu drogowym (druki nr 2498, 2639 i 2639-A)",proc 2498,1,176,1,8,yes,signed,api.sejm.gov.pl term10/processes/2498 stages,186,yes,238,180,19,,2026-08-07,,,,
60,52,2026-06-19,"Pkt. 6 Sprawozdanie Komisji o rządowym projekcie ustawy o zmianie ustawy o działalności pożytku publicznego i o wolontariacie oraz ustawy o grach hazardowych (druki nr 2597, 2641 i 2641-A)",proc 2597,0,3,175,8,no,signed,api.sejm.gov.pl term10/processes/2597 stages,186,no,234,21,182,,2026-07-30,,,,
60,55,2026-06-19,"Pkt. 7 Sprawozdanie Komisji o poselskim projekcie ustawy o zmianie ustawy - Prawo wodne (druki nr 1941, 2633 i 2633-A)",proc 1941,1,2,175,8,no,signed,api.sejm.gov.pl term10/processes/1941 stages,186,no,231,25,176,,2026-07-30,,,,
60,58,2026-06-19,"Pkt. 8 Sprawozdanie Komisji o poselskim projekcie ustawy o zmianie ustawy o ochronie praw nabywcy lokalu mieszkalnego lub domu jednorodzinnego oraz Deweloperskim Funduszu Gwarancyjnym (druki nr 2468, 2638 i 2638-A)",proc 2468,2,0,175,9,no,signed,api.sejm.gov.pl term10/processes/2468 stages,186,no,260,1,177,,2026-08-07,,,,
60,60,2026-06-19,Pkt. 17 Sprawozdanie Komisji o rządowym projekcie ustawy o zmianie ustawy o świadczeniach opieki zdrowotnej finansowanych ze środków publicznych oraz ustawy o działalności leczniczej (druki nr 2685 i 2690),proc 2685,2,0,173,11,no,signed,api.sejm.gov.pl term10/processes/2685 stages,186,no,253,0,177,,2026-07-17,,,,
61,13,2026-07-03,"Pkt. 1 Sprawozdanie Komisji o rządowym projekcie ustawy o zmianie ustawy o przygotowaniu i realizacji inwestycji w zakresie obiektów energetyki jądrowej oraz inwestycji towarzyszących oraz niektórych innych ustaw (druki nr 2410, 2466 i 2466-A)",proc 2410,168,0,1,17,no,signed,api.sejm.gov.pl term10/processes/2410 stages,186,no,425,1,2,,2026-08-13,,,,
61,21,2026-07-03,"Pkt. 2 Sprawozdanie Komisji o rządowym projekcie ustawy o osobistych kontach inwestycyjnych (druki nr 2580, 2719 i 2719-A)",proc 2580,170,0,0,16,no,signed,api.sejm.gov.pl term10/processes/2580 stages,186,no,427,5,1,,2026-08-13,,,,
61,25,2026-07-03,"Pkt. 3 Sprawozdanie Komisji o poselskim i rządowym projektach ustaw o zmianie ustawy - Prawo oświatowe (druki nr 1526, 2668, 2680 i 2680-A)",proc 1526;proc 2668,167,0,1,18,no,signed,api.sejm.gov.pl term10/processes/1526 stages; api.sejm.gov.pl term10/processes/2668 stages,186,no,420,6,4,,2026-07-30,,,,
61,30,2026-07-03,"Pkt. 6 Sprawozdanie Komisji o rządowym projekcie ustawy o zmianie ustawy o ofercie publicznej i warunkach wprowadzania instrumentów finansowych do zorganizowanego systemu obrotu oraz o spółkach publicznych oraz ustawy o wdrożeniu niektórych przepisów Unii Europejskiej w zakresie równego traktowania (druki nr 2696, 2733 i 2733-A)",proc 2696,0,170,0,16,yes,signed,api.sejm.gov.pl term10/processes/2696 stages,186,yes,238,194,2,,2026-07-30,,,,
61,37,2026-07-03,"Pkt. 9 Sprawozdanie Komisji o rządowym projekcie ustawy o zmianie ustawy o prawach pacjenta i Rzeczniku Praw Pacjenta (druki nr 2598, 2756 i 2756-A)",proc 2598,0,7,160,19,no,referred to Tribunal,api.sejm.gov.pl term10/processes/2598 stages,186,no,232,34,162,,2026-08-20,,,,
62,15,2026-07-17,"Pkt. 2 Sprawozdanie Komisji o rządowym projekcie ustawy o zmianie ustawy o podatku od towarów i usług oraz ustawy o zasadach ewidencji i identyfikacji podatników i płatników (druki nr 2677, 2761 i 2761-A)",proc 2677,178,0,0,8,no,signed,api.sejm.gov.pl term10/processes/2677 stages,186,no,420,21,0,,2026-09-25,,,,
62,16,2026-07-17,Pkt. 4 Sprawozdanie Komisji o rządowym projekcie ustawy o zmianie ustawy o nabywaniu nieruchomości przez cudzoziemców oraz ustawy - Prawo o notariacie (druki nr 2699 i 2755),proc 2699,2,0,178,6,no,signed,api.sejm.gov.pl term10/processes/2699 stages,186,no,261,0,182,,2026-08-13,,,,
62,17,2026-07-17,Pkt. 5 Sprawozdanie Komisji o rządowym projekcie ustawy o zmianie ustawy o jakości handlowej artykułów rolno-spożywczych oraz niektórych innych ustaw (druki nr 2695 i 2791),proc 2695,179,0,0,7,no,signed,api.sejm.gov.pl term10/processes/2695 stages,186,no,421,0,21,,2026-08-28,,,,
62,22,2026-07-17,Pkt. 6 Sprawozdanie Komisji o komisyjnym projekcie ustawy o zmianie ustawy o rehabilitacji zawodowej i społecznej oraz zatrudnianiu osób niepełnosprawnych (druki nr 2701 i 2753),proc 2701,0,0,180,6,no,signed,api.sejm.gov.pl term10/processes/2701 stages,186,no,235,0,207,,2026-08-13,,,,
62,34,2026-07-17,Pkt. 7 Sprawozdanie Komisji o rządowym projekcie ustawy o zmianie ustawy o opiece nad dziećmi w wieku do lat 3 oraz niektórych innych ustaw (druki nr 2698 i 2788),proc 2698,180,0,1,5,no,signed,api.sejm.gov.pl term10/processes/2698 stages,186,no,430,1,13,,2026-08-19,,,,
62,36,2026-07-17,"Pkt. 9 Sprawozdanie Komisji o rządowym projekcie ustawy o ratyfikacji Umowy między Rzecząpospolitą Polską a Republiką Albanii o zabezpieczeniu społecznym, podpisanej w Warszawie dnia 23 lutego 2026 r. (druki nr 2667 i 2744)",proc 2667,1,1,177,7,no,signed,api.sejm.gov.pl term10/processes/2667 stages,186,no,242,22,179,,2026-08-13,,,,
62,68,2026-07-17,Pkt. 10 Sprawozdanie Komisji o rządowym projekcie ustawy o zmianie ustawy o publicznym transporcie zbiorowym oraz niektórych innych ustaw (druki nr 2700 i 2785),proc 2700,0,177,0,9,yes,vetoed,api.sejm.gov.pl term10/processes/2700 stages,186,yes,237,195,10,,2026-08-19,,,,
62,70,2026-07-17,"Pkt. 13 Sprawozdanie Komisji o poselskim projekcie ustawy o zmianie ustawy - Prawo wodne (druki nr 2648, 2736 i 2736-A)",proc 2648,1,0,178,7,no,signed,api.sejm.gov.pl term10/processes/2648 stages,186,no,258,2,183,,2026-08-27,,,,
62,108,2026-07-17,"Pkt. 3 Sprawozdanie Komisji o komisyjnym projekcie ustawy o zmianie ustawy - Prawo o adwokaturze (druki nr 1962, 2689 i 2689-A)",proc 1962,0,0,176,10,no,signed,api.sejm.gov.pl term10/processes/1962 stages,186,no,239,1,199,,2026-09-25,,,,
63,16,2026-07-31,Pkt. 3 Sprawozdanie Komisji o rządowym projekcie ustawy o zmianie ustawy - Prawo ochrony środowiska (druki nr 2778 i 2818),proc 2778,0,136,1,10,yes,vetoed,api.sejm.gov.pl term10/processes/2778 stages,147,yes,266,175,1,,2026-08-28,0,38,0,2
63,18,2026-07-31,"Pkt. 4 Sprawozdanie Komisji o rządowym projekcie ustawy o zmianie niektórych ustaw w celu wzmocnienia nadzoru sądowego nad kontrolą operacyjną (druki nr 2411, 2820 i 2820-A)",proc 2411,0,1,138,8,no,signed,api.sejm.gov.pl term10/processes/2411 stages,147,no,264,1,176,,2026-09-25,3,0,34,3
63,21,2026-07-31,"Pkt. 5 Sprawozdanie Komisji o komisyjnym projekcie ustawy zmieniającej ustawę o zmianie ustawy - Prawo energetyczne oraz niektórych innych ustaw (druki nr 2750, 2793 i 2793-A)",proc 2750,1,0,135,11,no,vetoed,api.sejm.gov.pl term10/processes/2750 stages,147,no,250,0,192,,2026-08-28,3,0,35,2
63,25,2026-07-31,"Pkt. 6 Sprawozdanie Komisji o poselskim projekcie ustawy o zmianie ustawy o samorządzie gminnym (druki nr 2649, 2682 i 2682-A)",proc 2649,141,0,0,6,no,signed,api.sejm.gov.pl term10/processes/2649 stages,147,no,423,0,22,,2026-09-25,36,0,1,3
63,27,2026-07-31,"Pkt. 7 Sprawozdanie Komisji o poselskim projekcie ustawy o zmianie ustawy o szczególnych rozwiązaniach związanych z usuwaniem skutków powodzi oraz niektórych innych ustaw (druki nr 2675, 2787 i 2787-A)",proc 2675,138,0,0,9,no,signed,api.sejm.gov.pl term10/processes/2675 stages,147,no,418,0,18,,2026-08-28,36,0,1,3
63,28,2026-07-31,Pkt. 8 Sprawozdanie Komisji o senackim projekcie ustawy o zmianie ustawy o samorządach zawodowych architektów oraz inżynierów budownictwa oraz ustawy - Prawo budowlane (druki nr 2669 i 2786),proc 2669,142,0,0,5,no,signed,api.sejm.gov.pl term10/processes/2669 stages,147,no,446,0,1,,2026-08-28,38,0,0,2
63,36,2026-07-31,"Pkt. 9 Sprawozdanie Komisji o rządowym projekcie ustawy o zmianie ustawy o świadczeniu usług drogą elektroniczną oraz niektórych innych ustaw (druki nr 2694, 2815 i 2815-A)",proc 2694,2,1,137,7,no,signed,api.sejm.gov.pl term10/processes/2694 stages,147,no,249,6,190,,2026-09-25,0,0,37,3
63,37,2026-07-31,Pkt. 10 Sprawozdanie Komisji o rządowym projekcie ustawy o zmianie niektórych ustaw w celu wsparcia zrównoważonego lotnictwa (druki nr 2822 i 2849),proc 2822,0,0,140,7,no,signed,api.sejm.gov.pl term10/processes/2822 stages,147,no,246,22,177,,2026-08-28,0,1,36,3
63,42,2026-07-31,Pkt. 18 Sprawozdanie Komisji o rządowym projekcie ustawy o zmianie ustawy - Prawo bankowe oraz niektórych innych ustaw (druki nr 2642 i 2860),proc 2642,0,140,1,6,yes,signed,api.sejm.gov.pl term10/processes/2642 stages,147,yes,246,199,1,,2026-08-27,0,37,0,3
63,43,2026-07-31,Pkt. 20 Sprawozdanie Komisji o poselskim projekcie ustawy o zmianie ustawy o ochotniczych strażach pożarnych (druki nr 2600 i 2858),proc 2600,138,1,0,8,no,signed,api.sejm.gov.pl term10/processes/2600 stages,147,no,438,2,1,,2026-08-27,37,0,0,3
63,58,2026-07-31,"Pkt. 19 Sprawozdanie Komisji o rządowym projekcie ustawy o zmianie ustawy - Prawo oświatowe oraz ustawy o systemie informacji oświatowej (druki nr 2842, 2857 i 2857-A)",proc 2842,5,3,131,8,no,vetoed,api.sejm.gov.pl term10/processes/2842 stages,147,no,251,24,168,,2026-08-28,1,1,35,3
64,17,2026-09-04,Pkt. 15 Sprawozdanie Komisji o poselskim projekcie ustawy o utworzeniu Uniwersytetu Mazowieckiego w Płocku (druki nr 3015 i 3051),proc 3015,140,0,0,6,no,pending at President (as of the API on 2026-10-02),api.sejm.gov.pl term10/processes/3015 stages,146,no,439,1,0,,2026-09-24,38,0,0,3
64,20,2026-09-04,"Pkt. 1 Sprawozdanie Komisji o senackim projekcie ustawy o organach właściwych i postępowaniach w sprawach reklamy politycznej oraz odpowiedzialności za naruszenie obowiązków w tych sprawach (druki nr 2769, 2833 i 2833-A)",proc 2769,0,139,0,7,yes,pending at President (as of the API on 2026-10-02),api.sejm.gov.pl term10/processes/2769 stages,146,yes,242,198,0,,2026-09-24,0,38,0,3
64,29,2026-09-04,"Pkt. 2 Sprawozdanie Komisji o senackim projekcie ustawy o zmianie ustawy - Kodeks wyborczy oraz ustawy o referendum lokalnym (druki nr 2670, 2850 i 2850-A)",proc 2670,0,141,0,5,yes,pending at President (as of the API on 2026-10-02),api.sejm.gov.pl term10/processes/2670 stages,146,yes,238,200,3,,2026-09-24,0,37,0,4
64,30,2026-09-04,Pkt. 3 Sprawozdanie Komisji o rządowym projekcie ustawy o zmianie ustawy o związkach zawodowych oraz ustawy o informowaniu pracowników i przeprowadzaniu z nimi konsultacji (druki nr 2801 i 2877),proc 2801,0,1,140,5,no,pending at President (as of the API on 2026-10-02),api.sejm.gov.pl term10/processes/2801 stages,146,no,299,1,140,,2026-09-24,38,0,0,3
64,31,2026-09-04,Pkt. 5 Sprawozdanie Komisji o rządowym projekcie ustawy o zmianie ustawy - Kodeks spółek handlowych oraz ustawy o zmianie ustawy - Kodeks spółek handlowych oraz niektórych innych ustaw (druki nr 2737 i 2851),proc 2737,140,0,0,6,no,Senate amendments not yet considered by the Sejm,api.sejm.gov.pl term10/processes/2737 stages,146,no,441,0,0,,2026-09-23,38,0,0,3
64,33,2026-09-04,"Pkt. 7 Sprawozdanie Komisji o rządowym projekcie ustawy o wykonywaniu orzeczeń Europejskiego Trybunału Praw Człowieka (druki nr 2271, 2843 i )",proc 2271,0,139,1,6,yes,pending at President (as of the API on 2026-10-02),api.sejm.gov.pl term10/processes/2271 stages,146,yes,241,161,38,,2026-09-24,0,1,37,3
64,37,2026-09-04,"Pkt. 10 Sprawozdanie Komisji o rządowym projekcie ustawy o zmianie ustawy o przeciwdziałaniu nieuczciwym praktykom rynkowym oraz ustawy o prawach konsumenta (druki nr 2799, 3043 i 3043-A)",proc 2799,0,139,0,7,yes,pending at President (as of the API on 2026-10-02),api.sejm.gov.pl term10/processes/2799 stages,146,yes,236,199,0,,2026-09-24,0,38,0,3
64,39,2026-09-04,"Pkt. 13 Sprawozdanie Komisji o rządowym projekcie ustawy o zmianie ustawy - Prawo wodne (druki nr 2866, 3021 i 3021-A)",proc 2866,2,1,135,8,no,pending at President (as of the API on 2026-10-02),api.sejm.gov.pl term10/processes/2866 stages,146,no,273,24,137,,2026-09-24,34,1,2,4
64,43,2026-09-04,"Pkt. 14 Sprawozdanie Komisji o rządowym projekcie ustawy o zmianie ustawy o odnawialnych źródłach energii oraz niektórych innych ustaw (druki nr 2821, 3022 i 3022-A)",proc 2821,136,1,1,8,no,pending at President (as of the API on 2026-10-02),api.sejm.gov.pl term10/processes/2821 stages,146,no,380,2,53,,2026-09-24,2,1,33,5
64,44,2026-09-04,Pkt. 18 Sprawozdanie Komisji o rządowym projekcie ustawy o zmianie ustawy o szczególnych rozwiązaniach służących realizacji ustawy budżetowej na rok 2026 (druki nr 3028 i 3046),proc 3028,140,0,0,6,no,pending at President (as of the API on 2026-10-02),api.sejm.gov.pl term10/processes/3028 stages,146,no,417,21,0,,2026-09-24,37,0,0,4
65,68,2026-09-18,"Pkt. 44 Sprawozdanie Komisji o przedstawionym przez Prezydenta Rzeczypospolitej Polskiej, rządowym oraz poselskim projektach ustaw o asystencji osobistej osób z niepełnosprawnościami (druki nr 316, 1929, 1933, 2792 i 2792-A) - trzecie czytanie",proc 316;proc 1929;proc 1933,141,0,0,5,no,at Senate (no Senate position in the API yet),api.sejm.gov.pl term10/processes/316 stages; api.sejm.gov.pl term10/processes/1929 stages; api.sejm.gov.pl term10/processes/1933 stages,146,no,443,0,0,,,40,0,0,1
65,82,2026-09-18,"Pkt. 2 Sprawozdanie Komisji o rządowym projekcie ustawy o umorzeniu należności dochodzonych przez Zakład Ubezpieczeń Społecznych powstałych przed dniem 1 stycznia 1999 r. (druki nr 3010, 3055 i 3055-A)",proc 3010,0,140,0,6,yes,at Senate (no Senate position in the API yet),api.sejm.gov.pl term10/processes/3010 stages,146,yes,252,148,40,,,0,0,39,2
65,83,2026-09-18,Pkt. 4 Sprawozdanie Komisji o rządowym projekcie ustawy o zmianie ustawy o podatku dochodowym od osób fizycznych oraz ustawy o podatku dochodowym od osób prawnych (druki nr 2837 i 3053),proc 2837,0,139,0,7,yes,pending at President (as of the API on 2026-10-02),api.sejm.gov.pl term10/processes/2837 stages,146,yes,296,141,1,,2026-09-24,37,1,1,2
65,84,2026-09-18,Pkt. 5 Sprawozdanie Komisji o rządowym projekcie ustawy o zmianie ustawy o podatku od towarów i usług (druki nr 2838 i 3054),proc 2838,134,2,0,10,no,Senate amendments not yet considered by the Sejm,api.sejm.gov.pl term10/processes/2838 stages,146,no,393,2,16,,2026-09-23,10,0,16,15
65,85,2026-09-18,Pkt. 6 Sprawozdanie Komisji o rządowym projekcie ustawy o zmianie ustawy o podatku akcyzowym (druki nr 2839 i 3065),proc 2839,1,2,131,12,no,pending at President (as of the API on 2026-10-02),api.sejm.gov.pl term10/processes/2839 stages,146,no,242,21,165,,2026-09-24,6,0,32,3
65,86,2026-09-18,Pkt. 10 Sprawozdanie Komisji o rządowym projekcie ustawy o szczególnych rozwiązaniach związanych z organizacją XXVI Światowego Jamboree Skautowego w Polsce w 2027 r. (druki nr 2846 i 3024),proc 2846,136,0,0,10,no,pending at President (as of the API on 2026-10-02),api.sejm.gov.pl term10/processes/2846 stages,146,no,411,23,0,,2026-09-24,38,1,0,2
65,87,2026-09-18,Pkt. 11 Sprawozdanie Komisji o rządowym projekcie ustawy o zmianie ustawy o działaniach antyterrorystycznych (druki nr 2870 i 3063),proc 2870,2,1,135,8,no,at Senate (no Senate position in the API yet),api.sejm.gov.pl term10/processes/2870 stages,146,no,271,2,161,,,37,0,2,2
65,88,2026-09-18,Pkt. 12 Sprawozdanie Komisji o rządowym projekcie ustawy o zmianie ustawy o finansowym wspieraniu produkcji audiowizualnej oraz niektórych innych ustaw (druki nr 2998 i 3047),proc 2998,1,0,137,8,no,at Senate (no Senate position in the API yet),api.sejm.gov.pl term10/processes/2998 stages,146,no,277,22,139,,,38,0,1,2
65,99,2026-09-18,"Pkt. 14 Sprawozdanie Komisji o poselskim projekcie ustawy o wychowaniu patriotycznym zmieniającej niektóre ustawy (druki nr 671, 2881 i 2881-A)",proc 671,0,131,0,15,yes,at Senate (no Senate position in the API yet),api.sejm.gov.pl term10/processes/671 stages,146,yes,223,197,7,,,0,39,0,2
65,108,2026-09-18,"Pkt. 15 Sprawozdanie Komisji o rządowym projekcie ustawy o zmianie ustawy - Prawo farmaceutyczne (druki nr 3002, 3020 i 3020-A)",proc 3002,0,1,139,6,no,at Senate (no Senate position in the API yet),api.sejm.gov.pl term10/processes/3002 stages,146,no,254,2,182,,,7,0,31,3
65,109,2026-09-18,Pkt. 17 Sprawozdanie Komisji o rządowym projekcie ustawy o zmianie ustawy o prawie autorskim i prawach pokrewnych oraz ustawy o zmianie ustawy o prawie autorskim i prawach pokrewnych oraz ustawy o grach hazardowych (druki nr 3012 i 3018),proc 3012,136,0,1,9,no,at Senate (no Senate position in the API yet),api.sejm.gov.pl term10/processes/3012 stages,146,no,410,23,1,,,37,0,0,4
65,115,2026-09-18,Pkt. 34 Sprawozdanie Komisji o rządowym projekcie ustawy o podatku od nadzwyczajnych zysków osiągniętych w okresie od marca do grudnia 2026 r. ze zbycia paliw ciekłych (druki nr 3100 i 3109),proc 3100,0,140,0,6,yes,signed,api.sejm.gov.pl term10/processes/3100 stages,146,yes,237,202,1,,2026-10-01,0,39,0,2
65,125,2026-09-18,Pkt. 35 Sprawozdanie Komisji o rządowym projekcie ustawy o zmianie ustawy - Prawo energetyczne oraz niektórych innych ustaw (druki nr 3102 i 3107),proc 3102,0,0,137,9,no,pending at President (as of the API on 2026-10-02),api.sejm.gov.pl term10/processes/3102 stages,146,no,241,0,193,,2026-09-24,7,0,31,3
65,132,2026-09-18,"Pkt. 53 Sprawozdanie Komisji Finansów Publicznych oraz Komisji Samorządu Terytorialnego i Polityki Regionalnej o rządowym oraz poselskich projektach ustaw:- o zmianie ustawy o podatkach i opłatach lokalnych, ustawy o podatku dochodowym od osób fizycznych oraz ustawy o podatku od czynności cywilnoprawnych;- o zmianie ustawy o podatkach i opłatach lokalnych oraz ustawy o dochodach jednostek samorządu terytorialnego;- o zmianie ustawy o podatkach i opłatach lokalnych oraz o zmianie niektórych innych ustaw (druki nr 3099, 2033, 2127, 2872 i 3118)",proc 2033;proc 2127;proc 2872;proc 3099,0,140,0,6,yes,pending at President (as of the API on 2026-10-02),api.sejm.gov.pl term10/processes/2033 stages; api.sejm.gov.pl term10/processes/2127 stages; api.sejm.gov.pl term10/processes/2872 stages; api.sejm.gov.pl term10/processes/3099 stages,146,yes,269,141,28,,2026-09-24,34,0,4,3
65,140,2026-09-18,"Pkt. 13 Sprawozdanie Komisji o rządowym projekcie ustawy o ratyfikacji Konwencji Rady Europy w sprawie koprodukcji utworów audiowizualnych w formie seriali, sporządzonej w Lille dnia 26 marca 2026 r. (druki nr 2841 i 2852)",proc 2841,126,0,2,18,no,at Senate (no Senate position in the API yet),api.sejm.gov.pl term10/processes/2841 stages,146,no,397,0,24,,,37,0,1,3
65,141,2026-09-18,"Pkt. 16 Sprawozdanie Komisji o rządowym projekcie ustawy o ratyfikacji Międzynarodowej konwencji z Hongkongu o bezpiecznym i ekologicznie racjonalnym recyklingu statków, sporządzonej w Hongkongu dnia 15 maja 2009 r. (druki nr 2738 i 2844)",proc 2738,126,0,0,20,no,at Senate (no Senate position in the API yet),api.sejm.gov.pl term10/processes/2738 stages,146,no,418,0,1,,,39,0,0,2
65,142,2026-09-18,"Pkt. 18 Sprawozdanie Komisji o rządowym projekcie ustawy o ratyfikacji Traktatu między Rzecząpospolitą Polską a Zjednoczonym Królestwem Wielkiej Brytanii i Irlandii Północnej o partnerstwie w dziedzinie bezpieczeństwa i obronności, podpisanego w Londynie dnia 27 maja 2026 r. (druki nr 2840 i 3050)",proc 2840,122,0,0,24,no,at Senate (no Senate position in the API yet),api.sejm.gov.pl term10/processes/2840 stages,146,no,392,3,20,,,37,0,1,3
65,143,2026-09-18,"Pkt. 19 Sprawozdanie Komisji o rządowym projekcie ustawy o ratyfikacji Umowy między Rzecząpospolitą Polską a Japonią o zabezpieczeniu społecznym, podpisanej w Tokio dnia 15 kwietnia 2026 r. (druki nr 2810 i 3062)",proc 2810,124,0,0,22,no,pending at President (as of the API on 2026-10-02),api.sejm.gov.pl term10/processes/2810 stages,146,no,389,22,1,,2026-09-24,39,0,0,2
