# GENERATED by Tools/us_house_prep.pl from the pages under ElectionsData/usa/raw/ - DO NOT EDIT; the record is ElectionsData/usa/house_districts.md.
# US-11: a row a House race a year (the 435 of each general election), by the Clerk of the House's statistics - each state's listing
# FOR UNITED STATES REPRESENTATIVE, each race held to its row of the state's recapitulation. district: 0 at large. votes_r / votes_d /
# votes_other: the candidates' votes by party - a candidate's ballot lines summed (fusion), his party the first of his labels that is
# Republican or Democratic. votes_total: the row's Total, the lines that are not candidates (write-ins, blanks, Maine's ranked-choice
# tallies) among it. own_r / own_d: the candidates' own single Republican or Democratic line, US-5's basis (house_by_state.csv).
# cands_r / cands_d: how many of each the Clerk printed (none for a race printed without votes). final_r / final_d: the deciding count's
# Republican and Democratic votes - votes_r / votes_d, but in Louisiana's runoff districts the two finalists' December votes alone, and for
# Alaska 2022 the FEC's last ranked-choice round; 0 where no votes were printed. winner: R, D, O, or - for none. flags, a letter each (-
# for none):
#   A  Alaska's ranked-choice count printed at its first choices (final_r / final_d: 2022 the FEC's last round, 2024 the first choices)
#   C  Maine's ranked-choice count printed at the finalists' last round (2022: an eliminated candidate's first-round figure beside them)
#   F  fusion: a candidate on several ballot lines, his lines summed
#   L  Louisiana's runoff: the finalists' December votes beside the others' November votes
#   M  a footnote mark read off a figure
#   N  no winner of record - no votes printed, the election not certified
#   S  same party: the deciding count's first two of one party
#   U  unopposed, its name not printed on the ballot - no votes
year,state,district,votes_r,votes_d,votes_other,votes_total,own_r,own_d,cands_r,cands_d,final_r,final_d,winner,flags
2016,AL,1,208083,0,0,215893,208083,0,1,0,208083,0,R,-
2016,AL,2,134886,112089,0,276584,134886,112089,1,1,134886,112089,R,-
2016,AL,3,192164,94549,0,287104,192164,94549,1,1,192164,94549,R,-
2016,AL,4,235925,0,0,239444,235925,0,1,0,235925,0,R,-
2016,AL,5,205647,102234,0,308326,205647,102234,1,1,205647,102234,R,-
2016,AL,6,245313,83709,0,329306,245313,83709,1,1,245313,83709,R,-
2016,AL,7,0,229330,0,233028,0,229330,0,1,0,229330,D,-
2016,AK,0,155088,111019,40863,308198,155088,111019,1,1,155088,111019,R,-
2016,AZ,1,121745,142219,16746,280710,121745,142219,1,1,121745,142219,D,-
2016,AZ,2,179806,135873,0,315679,179806,135873,1,1,179806,135873,R,-
2016,AZ,3,0,148973,2062,151035,0,148973,0,1,0,148973,D,-
2016,AZ,4,203487,81296,0,284783,203487,81296,1,1,203487,81296,R,-
2016,AZ,5,205184,114940,0,320124,205184,114940,1,1,205184,114940,R,-
2016,AZ,6,201578,122866,0,324444,201578,122866,1,1,201578,122866,R,-
2016,AZ,7,39286,119465,60,158811,39286,119465,1,1,39286,119465,D,-
2016,AZ,8,204942,0,94029,298971,204942,0,1,0,204942,0,R,-
2016,AZ,9,108350,169055,102,277507,108350,169055,1,1,108350,169055,D,-
2016,AR,1,183866,0,57181,241047,183866,0,1,0,183866,0,R,-
2016,AR,2,176472,111347,14342,302464,176472,111347,1,1,176472,111347,R,-
2016,AR,3,217192,0,63715,280907,217192,0,1,0,217192,0,R,-
2016,AR,4,182885,0,61274,244159,182885,0,1,0,182885,0,R,-
2016,CA,1,185448,128588,0,314036,185448,128588,1,1,185448,128588,R,-
2016,CA,2,76572,254194,0,330766,76572,254194,1,1,76572,254194,D,-
2016,CA,3,104453,152513,0,256966,104453,152513,1,1,104453,152513,D,-
2016,CA,4,220133,130845,0,350978,220133,130845,1,1,220133,130845,R,-
2016,CA,5,67565,224526,0,292091,67565,224526,1,1,67565,224526,D,-
2016,CA,6,57848,177565,0,235413,57848,177565,1,1,57848,177565,D,-
2016,CA,7,145168,152133,0,297301,145168,152133,1,1,145168,152133,D,-
2016,CA,8,136972,83035,0,220007,136972,83035,1,1,136972,83035,R,-
2016,CA,9,98992,133163,0,232155,98992,133163,1,1,98992,133163,D,-
2016,CA,10,124671,116470,0,241141,124671,116470,1,1,124671,116470,R,-
2016,CA,11,83341,214868,0,298209,83341,214868,1,1,83341,214868,D,-
2016,CA,12,0,274035,64810,338845,0,274035,0,1,0,274035,D,-
2016,CA,13,29754,293117,0,322871,29754,293117,1,1,29754,293117,D,-
2016,CA,14,54817,231630,0,286447,54817,231630,1,1,54817,231630,D,-
2016,CA,15,70619,198578,0,269197,70619,198578,1,1,70619,198578,D,-
2016,CA,16,70483,97473,0,167956,70483,97473,1,1,70483,97473,D,-
2016,CA,17,0,233192,0,233192,0,233192,0,2,0,233192,D,S
2016,CA,18,93470,230460,0,323930,93470,230460,1,1,93470,230460,D,-
2016,CA,19,64061,181802,0,245863,64061,181802,1,1,64061,181802,D,-
2016,CA,20,74811,180980,0,255791,74811,180980,1,1,74811,180980,D,-
2016,CA,21,75126,57282,0,132408,75126,57282,1,1,75126,57282,R,-
2016,CA,22,158755,76211,0,234966,158755,76211,1,1,158755,76211,R,-
2016,CA,23,167116,74468,0,241584,167116,74468,1,1,167116,74468,R,-
2016,CA,24,144780,166034,0,310814,144780,166034,1,1,144780,166034,D,-
2016,CA,25,138755,122406,0,261161,138755,122406,1,1,138755,122406,R,-
2016,CA,26,111059,169248,0,280307,111059,169248,1,1,111059,169248,D,-
2016,CA,27,81655,168977,0,250632,81655,168977,1,1,81655,168977,D,-
2016,CA,28,59526,210883,0,270409,59526,210883,1,1,59526,210883,D,-
2016,CA,29,0,171824,0,171824,0,171824,0,2,0,171824,D,S
2016,CA,30,77325,205279,0,282604,77325,205279,1,1,77325,205279,D,-
2016,CA,31,94866,121070,0,215936,94866,121070,1,1,94866,121070,D,-
2016,CA,32,0,186646,0,186646,0,186646,0,2,0,186646,D,S
2016,CA,33,110822,219397,0,330219,110822,219397,1,1,110822,219397,D,-
2016,CA,34,0,159156,0,159156,0,159156,0,2,0,159156,D,S
2016,CA,35,47309,124044,0,171353,47309,124044,1,1,47309,124044,D,-
2016,CA,36,88269,144348,0,232617,88269,144348,1,1,88269,144348,D,-
2016,CA,37,0,237272,0,237272,0,237272,0,2,0,237272,D,S
2016,CA,38,68524,163590,0,232114,68524,163590,1,1,68524,163590,D,-
2016,CA,39,150777,112679,0,263456,150777,112679,1,1,150777,112679,R,-
2016,CA,40,0,106554,42743,149297,0,106554,0,1,0,106554,D,-
2016,CA,41,69159,128164,0,197323,69159,128164,1,1,69159,128164,D,-
2016,CA,42,149547,104689,0,254236,149547,104689,1,1,149547,104689,R,-
2016,CA,43,52499,167017,0,219516,52499,167017,1,1,52499,167017,D,-
2016,CA,44,0,178413,0,178413,0,178413,0,2,0,178413,D,S
2016,CA,45,182618,129231,0,311849,182618,129231,1,1,182618,129231,R,-
2016,CA,46,0,164593,0,164593,0,164593,0,2,0,164593,D,S
2016,CA,47,88109,154759,0,242868,88109,154759,1,1,88109,154759,D,-
2016,CA,48,178701,127715,0,306416,178701,127715,1,1,178701,127715,R,-
2016,CA,49,155888,154267,0,310155,155888,154267,1,1,155888,154267,R,-
2016,CA,50,179937,103646,0,283583,179937,103646,1,1,179937,103646,R,-
2016,CA,51,54362,145162,0,199524,54362,145162,1,1,54362,145162,D,-
2016,CA,52,139403,181253,0,320656,139403,181253,1,1,139403,181253,D,-
2016,CA,53,97968,198988,0,296956,97968,198988,1,1,97968,198988,D,-
2016,CO,1,105030,257254,16752,379036,105030,257254,1,1,105030,257254,D,-
2016,CO,2,170001,260175,27136,457312,170001,260175,1,1,170001,260175,D,-
2016,CO,3,204220,150914,18903,374037,204220,150914,1,1,204220,150914,R,-
2016,CO,4,248230,123642,18761,390633,248230,123642,1,1,248230,123642,R,-
2016,CO,5,225445,111676,24872,361993,225445,111676,1,1,225445,111676,R,-
2016,CO,6,191626,160372,24419,376417,191626,160372,1,1,191626,160372,R,-
2016,CO,7,144066,199758,18186,362010,144066,199758,1,1,144066,199758,D,-
2016,CT,1,105674,200686,6565,312925,105674,187021,1,1,105674,200686,D,F
2016,CT,2,111149,208818,10290,330257,111149,186210,1,1,111149,208818,D,F
2016,CT,3,95786,213572,21,309379,95786,192274,1,1,95786,213572,D,F
2016,CT,4,125724,187811,5,313540,120653,187811,1,1,125724,187811,D,F
2016,CT,5,129801,179252,29,309082,124900,163499,1,1,129801,179252,D,F
2016,DE,0,172301,233554,14762,420617,172301,233554,1,1,172301,233554,D,-
2016,FL,1,255107,114079,0,369186,255107,114079,1,1,255107,114079,R,-
2016,FL,2,231163,102801,9398,343362,231163,102801,1,1,231163,102801,R,-
2016,FL,3,193843,136338,12519,342700,193843,136338,1,1,193843,136338,R,-
2016,FL,4,287509,113088,9065,409662,287509,113088,1,1,287509,113088,R,-
2016,FL,5,108325,194549,0,302874,108325,194549,1,1,108325,194549,D,-
2016,FL,6,213519,151051,0,364570,213519,151051,1,1,213519,151051,R,-
2016,FL,7,171583,182039,33,353655,171583,182039,1,1,171583,182039,D,-
2016,FL,8,246483,127127,16951,390561,246483,127127,1,1,246483,127127,R,-
2016,FL,9,144450,195311,0,339761,144450,195311,1,1,144450,195311,D,-
2016,FL,10,107498,198491,0,305989,107498,198491,1,1,107498,198491,D,-
2016,FL,11,258016,124713,11990,394719,258016,124713,1,1,258016,124713,R,-
2016,FL,12,253559,116110,0,369669,253559,116110,1,1,253559,116110,R,-
2016,FL,13,171149,184693,0,355842,171149,184693,1,1,171149,184693,D,-
2016,FL,14,121088,195789,0,316877,121088,195789,1,1,121088,195789,D,-
2016,FL,15,182999,135475,0,318474,182999,135475,1,1,182999,135475,R,-
2016,FL,16,230654,155262,0,385916,230654,155262,1,1,230654,155262,R,-
2016,FL,17,209348,115974,13353,338675,209348,115974,1,1,209348,115974,R,-
2016,FL,18,201488,161918,12512,375918,201488,161918,1,1,201488,161918,R,-
2016,FL,19,239225,123812,129,363166,239225,123812,1,1,239225,123812,R,-
2016,FL,20,54646,222914,0,277560,54646,222914,1,1,54646,222914,D,-
2016,FL,21,118038,210606,7217,335861,118038,210606,1,1,118038,210606,D,-
2016,FL,22,138737,199113,0,337850,138737,199113,1,1,138737,199113,D,-
2016,FL,23,130818,183225,9077,323120,130818,183225,1,1,130818,183225,D,-
2016,FL,24,0,0,0,0,0,0,0,1,0,0,D,U
2016,FL,25,157921,95319,0,253240,157921,95319,1,1,157921,95319,R,-
2016,FL,26,148547,115493,16502,280542,148547,115493,1,1,148547,115493,R,-
2016,FL,27,157917,129760,0,287677,157917,129760,1,1,157917,129760,R,-
2016,GA,1,210243,0,869,211112,210243,0,1,0,210243,0,R,-
2016,GA,2,94056,148543,0,242599,94056,148543,1,1,94056,148543,D,-
2016,GA,3,207218,95969,0,303187,207218,95969,1,1,207218,95969,R,-
2016,GA,4,70593,220146,0,290739,70593,220146,1,1,70593,220146,D,-
2016,GA,5,46768,253781,0,300549,46768,253781,1,1,46768,253781,D,-
2016,GA,6,201088,124917,0,326005,201088,124917,1,1,201088,124917,R,-
2016,GA,7,174081,114220,0,288301,174081,114220,1,1,174081,114220,R,-
2016,GA,8,173983,83225,0,257208,173983,83225,1,1,173983,83225,R,-
2016,GA,9,256535,0,0,256535,256535,0,1,0,256535,0,R,-
2016,GA,10,243725,0,1096,244821,243725,0,1,0,243725,0,R,-
2016,GA,11,217935,105383,0,323318,217935,105383,1,1,217935,105383,R,-
2016,GA,12,159492,99420,0,258912,159492,99420,1,1,159492,99420,R,-
2016,GA,13,0,252833,0,252833,0,252833,0,1,0,252833,D,-
2016,GA,14,216743,0,0,216743,216743,0,1,0,216743,0,R,-
2016,HI,1,45958,145417,10982,213531,45958,145417,1,1,45958,145417,D,-
2016,HI,2,39668,170848,0,224133,39668,170848,1,1,39668,170848,D,-
2016,ID,1,242252,113052,0,355357,242252,113052,1,1,242252,113052,R,-
2016,ID,2,205292,95940,25005,326237,205292,95940,1,1,205292,95940,R,-
2016,IL,1,81817,234037,8,315862,81817,234037,1,1,81817,234037,D,-
2016,IL,2,59471,235051,0,294522,59471,235051,1,1,59471,235051,D,-
2016,IL,3,0,225320,91,225411,0,225320,0,1,0,225320,D,-
2016,IL,4,0,171297,0,171297,0,171297,0,1,0,171297,D,-
2016,IL,5,86222,212842,14660,313724,86222,212842,1,1,86222,212842,D,-
2016,IL,6,208555,143591,0,352146,208555,143591,1,1,208555,143591,R,-
2016,IL,7,46882,250584,0,297466,46882,250584,1,1,46882,250584,D,-
2016,IL,8,103617,144954,0,248571,103617,144954,1,1,103617,144954,D,-
2016,IL,9,109550,217306,92,326948,109550,217306,1,1,109550,217306,D,-
2016,IL,10,135535,150435,26,285996,135535,150435,1,1,135535,150435,D,-
2016,IL,11,108995,166578,0,275573,108995,166578,1,1,108995,166578,D,-
2016,IL,12,169976,124246,18780,313002,169976,124246,1,1,169976,124246,R,-
2016,IL,13,187583,126811,0,314394,187583,126811,1,1,187583,126811,R,-
2016,IL,14,200508,137589,0,338097,200508,137589,1,1,200508,137589,R,-
2016,IL,15,274554,0,0,274554,274554,0,1,0,274554,0,R,-
2016,IL,16,259722,0,131,259853,259722,0,1,0,259722,0,R,-
2016,IL,17,113943,173125,0,287068,113943,173125,1,1,113943,173125,D,-
2016,IL,18,250506,96770,7,347283,250506,96770,1,1,250506,96770,R,-
2016,IN,1,0,207515,47068,254583,0,207515,0,1,0,207515,D,-
2016,IN,2,164355,102401,10601,277357,164355,102401,1,1,164355,102401,R,-
2016,IN,3,201396,66023,19828,287247,201396,66023,1,1,201396,66023,R,-
2016,IN,4,193412,91256,14766,299434,193412,91256,1,1,193412,91256,R,-
2016,IN,5,221957,123849,15329,361135,221957,123849,1,1,221957,123849,R,-
2016,IN,6,204920,79135,12330,296385,204920,79135,1,1,204920,79135,R,-
2016,IN,7,94456,158739,11475,264670,94456,158739,1,1,94456,158739,D,-
2016,IN,8,187702,93356,13655,294713,187702,93356,1,1,187702,93356,R,-
2016,IN,9,174791,130627,17425,322843,174791,130627,1,1,174791,130627,R,-
2016,IA,1,206903,177403,0,384977,206903,177403,1,1,206903,177403,R,-
2016,IA,2,170933,198571,0,370032,170933,198571,1,1,170933,198571,D,-
2016,IA,3,208598,155002,26238,390287,208598,155002,1,1,208598,155002,R,-
2016,IA,4,226719,142993,0,370259,226719,142993,1,1,226719,142993,R,-
2016,KS,1,169992,0,87979,257971,169992,0,1,0,169992,0,R,-
2016,KS,2,181228,96840,19333,297401,181228,96840,1,1,181228,96840,R,-
2016,KS,3,176022,139300,27791,343113,176022,139300,1,1,176022,139300,R,-
2016,KS,4,166998,81495,26758,275251,166998,81495,1,1,166998,81495,R,-
2016,KY,1,216959,81710,332,299001,216959,81710,1,1,216959,81710,R,-
2016,KY,2,251825,0,0,251825,251825,0,1,0,251825,0,R,-
2016,KY,3,122093,212401,0,334494,122093,212401,1,1,122093,212401,D,-
2016,KY,4,233922,94065,0,327987,233922,94065,1,1,233922,94065,R,-
2016,KY,5,221242,0,0,221242,221242,0,1,0,221242,0,R,-
2016,KY,6,202099,128728,0,330827,202099,128728,1,1,202099,128728,R,-
2016,LA,1,243645,63785,19358,326788,243645,63785,1,3,243645,63785,R,-
2016,LA,2,0,284269,0,284269,0,284269,0,3,0,284269,D,S
2016,LA,3,220621,56215,5607,282443,220621,56215,8,2,138433,0,R,LMS
2016,LA,4,216540,46579,5642,268761,216540,46579,5,1,87370,46579,R,LM
2016,LA,5,255662,0,0,255662,255662,0,2,0,255662,0,R,S
2016,LA,6,241075,79202,10821,331098,241075,79202,2,2,241075,79202,R,-
2016,ME,1,164569,227546,276,406942,164569,227546,1,1,164569,227546,D,-
2016,ME,2,192878,159081,224,364886,192878,159081,1,1,192878,159081,R,-
2016,MD,1,242574,103622,15370,362097,242574,103622,1,1,242574,103622,R,-
2016,MD,2,102577,192183,14128,309480,102577,192183,1,1,102577,192183,D,-
2016,MD,3,115048,214640,9524,339675,115048,214640,1,1,115048,214640,D,-
2016,MD,4,68670,237501,13966,320650,68670,237501,1,1,68670,237501,D,-
2016,MD,5,105931,242989,11078,360634,105931,242989,1,1,105931,242989,D,-
2016,MD,6,133081,185770,12816,331973,133081,185770,1,1,133081,185770,D,-
2016,MD,7,69556,238838,9934,318912,69556,238838,1,1,69556,238838,D,-
2016,MD,8,124651,220657,18489,364324,124651,220657,1,1,124651,220657,D,-
2016,MA,1,0,235803,85015,349676,0,235803,0,1,0,235803,D,-
2016,MA,2,0,275487,0,363197,0,275487,0,1,0,275487,D,-
2016,MA,3,107519,236713,0,360124,107519,236713,1,1,107519,236713,D,-
2016,MA,4,113055,265823,0,395304,113055,265823,1,1,113055,265823,D,-
2016,MA,5,0,285606,0,385455,0,285606,0,1,0,285606,D,-
2016,MA,6,0,308923,0,415749,0,308923,0,1,0,308923,D,-
2016,MA,7,0,253354,0,309645,0,253354,0,1,0,253354,D,-
2016,MA,8,102744,271019,0,396009,102744,271019,1,1,102744,271019,D,-
2016,MA,9,127803,211790,39891,403642,127803,211790,1,1,127803,211790,D,-
2016,MI,1,197777,144334,18160,360271,197777,144334,1,1,197777,144334,R,-
2016,MI,2,212508,110391,16429,339328,212508,110391,1,1,212508,110391,R,-
2016,MI,3,203545,128400,10420,342365,203545,128400,1,1,203545,128400,R,-
2016,MI,4,194572,101277,19902,315751,194572,101277,1,1,194572,101277,R,-
2016,MI,5,112102,195279,11910,319291,112102,195279,1,1,112102,195279,D,-
2016,MI,6,193259,119980,16326,329565,193259,119980,1,1,193259,119980,R,-
2016,MI,7,184321,134010,16476,334807,184321,134010,1,1,184321,134010,R,-
2016,MI,8,205629,143791,17548,366968,205629,143791,1,1,205629,143791,R,-
2016,MI,9,128937,199661,16177,344775,128937,199661,1,1,128937,199661,D,-
2016,MI,10,215132,110112,15739,340983,215132,110112,1,1,215132,110112,R,-
2016,MI,11,200872,152461,26155,379488,200872,152461,1,1,200872,152461,R,-
2016,MI,12,96104,211378,21060,328542,96104,211378,1,1,96104,211378,D,-
2016,MI,13,40541,198771,18485,257797,40541,198771,1,1,40541,198771,D,-
2016,MI,14,58103,244135,8736,310974,58103,244135,1,1,58103,244135,D,-
2016,MN,1,166524,169071,0,335873,166524,169071,1,1,166524,169071,D,-
2016,MN,2,173970,167315,28870,370515,173970,167315,1,1,173970,167315,R,-
2016,MN,3,223075,169238,0,393457,223075,169238,1,1,223075,169238,R,-
2016,MN,4,121033,203299,27152,351945,121033,203299,1,1,121033,203299,D,-
2016,MN,5,80660,249957,30759,361875,80660,249957,1,1,80660,249957,D,-
2016,MN,6,235385,123010,0,358930,235385,123010,1,1,235385,123010,R,-
2016,MN,7,156944,173572,0,330823,156944,173572,1,1,156944,173572,D,-
2016,MN,8,177088,179097,0,356971,177088,179097,1,1,177088,179097,D,-
2016,MS,1,206455,83947,10021,300423,206455,83947,1,1,206455,83947,R,-
2016,MS,2,83542,192343,10741,286626,83542,192343,1,1,83542,192343,D,-
2016,MS,3,209490,96101,10854,316445,209490,96101,1,1,209490,96101,R,-
2016,MS,4,181323,77505,19951,278779,181323,77505,1,1,181323,77505,R,-
2016,MO,1,62714,236993,14317,314024,62714,236993,1,1,62714,236993,D,-
2016,MO,2,241954,155689,15653,413296,241954,155689,1,1,241954,155689,R,-
2016,MO,3,249865,102891,15577,368333,249865,102891,1,1,249865,102891,R,-
2016,MO,4,225348,92510,14376,332234,225348,92510,1,1,225348,92510,R,-
2016,MO,5,123771,190766,9733,324270,123771,190766,1,1,123771,190766,D,-
2016,MO,6,238388,99692,12364,350444,238388,99692,1,1,238388,99692,R,-
2016,MO,7,228692,92756,17159,338607,228692,92756,1,1,228692,92756,R,-
2016,MO,8,229792,70009,9070,308871,229792,70009,1,1,229792,70009,R,-
2016,MT,0,285358,205919,16554,507831,285358,205919,1,1,285358,205919,R,-
2016,NE,1,189771,83467,0,273238,189771,83467,1,1,189771,83467,R,-
2016,NE,2,141066,137602,9640,288308,141066,137602,1,1,141066,137602,R,-
2016,NE,3,226720,0,0,226720,226720,0,1,0,226720,0,R,-
2016,NV,1,54174,116537,17641,188352,54174,116537,1,1,54174,116537,D,-
2016,NV,2,182676,115722,14938,313336,182676,115722,1,1,182676,115722,R,-
2016,NV,3,142926,146869,21168,310963,142926,146869,1,1,142926,146869,D,-
2016,NV,4,118328,128985,18533,265846,118328,128985,1,1,118328,128985,D,-
2016,NH,1,157176,162080,46479,365984,157176,162080,1,1,157176,162080,D,-
2016,NH,2,158825,174371,17076,350509,158825,174371,1,1,158825,174371,D,-
2016,NJ,1,112388,183231,9854,305473,112388,183231,1,1,112388,183231,D,-
2016,NJ,2,176338,110838,10619,297795,176338,110838,1,1,176338,110838,R,-
2016,NJ,3,194596,127526,5938,328060,194596,127526,1,1,194596,127526,R,-
2016,NJ,4,211992,111532,9160,332684,211992,111532,1,1,211992,111532,R,-
2016,NJ,5,157690,172587,7424,337701,157690,172587,1,1,157690,172587,D,-
2016,NJ,6,91908,167895,3632,263435,91908,167895,1,1,91908,167895,D,-
2016,NJ,7,185850,148188,9597,343635,185850,148188,1,1,185850,148188,R,-
2016,NJ,8,32337,134733,7819,174889,32337,134733,1,1,32337,134733,D,-
2016,NJ,9,65376,162642,5224,233242,65376,162642,1,1,65376,162642,D,-
2016,NJ,10,26450,190856,5465,222771,26450,190856,1,1,26450,190856,D,-
2016,NJ,11,194299,130162,10531,334992,194299,130162,1,1,194299,130162,R,-
2016,NJ,12,92407,181430,14797,288634,92407,181430,1,1,92407,181430,D,-
2016,NM,1,96879,181088,0,277967,96879,181088,1,1,96879,181088,D,-
2016,NM,2,143515,85232,70,228817,143515,85232,1,1,143515,85232,R,-
2016,NM,3,102730,170612,0,273342,102730,170612,1,1,102730,170612,D,-
2016,NY,1,188499,135278,0,341554,158409,126635,1,1,188499,135278,R,F
2016,NY,2,181506,110938,0,317552,157571,102270,1,1,181506,110938,R,F
2016,NY,3,152304,171775,0,350966,133954,171775,1,1,152304,171775,D,F
2016,NY,4,126438,186423,0,343179,111246,181861,1,1,126438,186423,D,F
2016,NY,5,30312,199815,3587,249236,26791,197852,1,1,30312,199815,D,F
2016,NY,6,50617,136506,2123,210378,43770,131463,1,1,50617,136506,D,F
2016,NY,7,17478,172146,0,206983,14941,165819,1,1,17478,172146,D,F
2016,NY,8,0,214595,15401,257602,0,203235,0,1,0,214595,D,F
2016,NY,9,0,214189,17576,256853,0,198886,0,1,0,214189,D,F
2016,NY,10,53857,192371,0,266516,46275,180117,1,1,53857,192371,D,F
2016,NY,11,142934,85257,3906,251718,122606,85257,1,1,142934,85257,R,F
2016,NY,12,49398,244358,0,312289,49398,230153,1,1,49398,244358,D,F
2016,NY,13,16089,207194,10125,255239,13129,207194,1,1,16089,207194,D,F
2016,NY,14,30545,147587,0,197301,26891,138367,1,1,30545,147587,D,F
2016,NY,15,6129,165688,2104,193703,6129,165688,1,1,6129,165688,D,-
2016,NY,16,0,209857,11825,287556,0,198811,0,1,0,209857,D,F
2016,NY,17,0,214530,0,325571,0,193819,0,1,0,214530,D,F
2016,NY,18,129369,162060,0,319123,111117,140951,1,1,129369,162060,D,F
2016,NY,19,166171,141224,0,326588,135905,125956,1,1,166171,141224,R,F
2016,NY,20,100738,213021,0,332499,83328,188428,1,1,100738,213021,D,F
2016,NY,21,177886,82161,12452,288611,152597,75965,1,1,177886,82161,R,F
2016,NY,22,129444,114266,34638,296086,113287,102734,1,1,129444,114266,R,F
2016,NY,23,161050,118584,0,296198,136964,106600,1,1,161050,118584,R,F
2016,NY,24,182761,119040,0,315429,150330,110550,1,1,182761,119040,R,F
2016,NY,25,142650,182950,0,336386,113840,168660,1,1,142650,182950,D,F
2016,NY,26,73377,215289,0,310819,56930,195322,1,1,73377,215289,D,F
2016,NY,27,220885,107832,0,354426,175509,107832,1,1,220885,107832,R,F
2016,NC,1,101567,240661,8471,350699,101567,240661,1,1,101567,240661,D,-
2016,NC,2,221485,169082,0,390567,221485,169082,1,1,221485,169082,R,-
2016,NC,3,217531,106170,0,323701,217531,106170,1,1,217531,106170,R,-
2016,NC,4,130161,279380,0,409541,130161,279380,1,1,130161,279380,D,-
2016,NC,5,207625,147887,0,355512,207625,147887,1,1,207625,147887,R,-
2016,NC,6,207983,143167,0,351150,207983,143167,1,1,207983,143167,R,-
2016,NC,7,211801,135905,0,347706,211801,135905,1,1,211801,135905,R,-
2016,NC,8,189863,133182,0,323045,189863,133182,1,1,189863,133182,R,-
2016,NC,9,193452,139041,0,332493,193452,139041,1,1,193452,139041,R,-
2016,NC,10,220825,128919,0,349744,220825,128919,1,1,220825,128919,R,-
2016,NC,11,230405,129103,0,359508,230405,129103,1,1,230405,129103,R,-
2016,NC,12,115185,234115,0,349300,115185,234115,1,1,115185,234115,D,-
2016,NC,13,199443,156049,0,355492,199443,156049,1,1,199443,156049,R,-
2016,ND,0,233980,80377,23528,338459,233980,80377,1,1,233980,80377,R,-
2016,OH,1,210014,144644,130,354788,210014,144644,1,1,210014,144644,R,-
2016,OH,2,221193,111694,7392,340279,221193,111694,1,1,221193,111694,R,-
2016,OH,3,91560,199791,0,291351,91560,199791,1,1,91560,199791,D,-
2016,OH,4,210227,98981,0,309208,210227,98981,1,1,210227,98981,R,-
2016,OH,5,244599,100392,0,344991,244599,100392,1,1,244599,100392,R,-
2016,OH,6,213975,88780,0,302755,213975,88780,1,1,213975,88780,R,-
2016,OH,7,198221,89638,21694,309553,198221,89638,1,1,198221,89638,R,-
2016,OH,8,223833,87794,13879,325506,223833,87794,1,1,223833,87794,R,M
2016,OH,9,88427,193966,5,282398,88427,193966,1,1,88427,193966,D,-
2016,OH,10,215724,109981,10897,336602,215724,109981,1,1,215724,109981,R,-
2016,OH,11,59769,242917,0,302686,59769,242917,1,1,59769,242917,D,-
2016,OH,12,251266,112638,13630,377534,251266,112638,1,1,251266,112638,R,-
2016,OH,13,99377,208610,17,308004,99377,208610,1,1,99377,208610,D,-
2016,OH,14,219191,130907,171,350269,219191,130907,1,1,219191,130907,R,-
2016,OH,15,222847,113960,0,336807,222847,113960,1,1,222847,113960,R,-
2016,OH,16,225794,119830,0,345624,225794,119830,1,1,225794,119830,R,-
2016,OK,1,0,0,0,0,0,0,1,0,0,0,R,U
2016,OK,2,189839,62387,16644,268870,189839,62387,1,1,189839,62387,R,-
2016,OK,3,227525,63090,0,290615,227525,63090,1,1,227525,63090,R,-
2016,OK,4,204143,76472,12574,293189,204143,76472,1,1,204143,76472,R,-
2016,OK,5,160184,103273,17113,280570,160184,103273,1,1,160184,103273,R,-
2016,OR,1,139756,225391,12257,378095,139756,225391,1,1,139756,225391,D,-
2016,OR,2,272952,106640,0,380739,272952,106640,1,1,272952,106640,R,-
2016,OR,3,0,274687,106132,382355,0,274687,0,1,0,274687,D,-
2016,OR,4,157743,220628,18721,397568,157743,220628,1,1,157743,220628,D,-
2016,OR,5,160443,199505,12542,373108,160443,199505,1,1,160443,199505,D,-
2016,PA,1,53219,245791,0,299010,53219,245791,1,1,53219,245791,D,-
2016,PA,2,35131,322514,0,357645,35131,322514,1,1,35131,322514,D,-
2016,PA,3,244893,0,0,244893,244893,0,1,0,244893,0,R,-
2016,PA,4,220628,113372,0,334000,220628,113372,1,1,220628,113372,R,-
2016,PA,5,206761,101082,0,307843,206761,101082,1,1,206761,101082,R,-
2016,PA,6,207469,155000,0,362469,207469,155000,1,1,207469,155000,R,-
2016,PA,7,225678,153824,0,379502,225678,153824,1,1,225678,153824,R,-
2016,PA,8,207263,173555,0,380818,207263,173555,1,1,207263,173555,R,-
2016,PA,9,186580,107985,0,294565,186580,107985,1,1,186580,107985,R,-
2016,PA,10,211282,89823,0,301105,211282,89823,1,1,211282,89823,R,-
2016,PA,11,199421,113800,0,313221,199421,113800,1,1,199421,113800,R,-
2016,PA,12,221851,137353,0,359204,221851,137353,1,1,221851,137353,R,-
2016,PA,13,0,239316,0,239316,0,239316,0,1,0,239316,D,-
2016,PA,14,87999,255293,0,343292,87999,255293,1,1,87999,255293,D,-
2016,PA,15,190618,124129,11727,326474,190618,124129,1,1,190618,124129,R,-
2016,PA,16,168669,134586,10518,313773,168669,134586,1,1,168669,134586,R,-
2016,PA,17,135430,157734,0,293164,135430,157734,1,1,135430,157734,D,-
2016,PA,18,293684,0,0,293684,293684,0,1,0,293684,0,R,-
2016,RI,1,71023,130534,0,202371,71023,130534,1,1,71023,130534,D,-
2016,RI,2,70301,133108,25195,229148,70301,133108,1,1,70301,133108,D,-
2016,SC,1,190410,119779,14388,325170,190410,110539,1,1,190410,119779,R,F
2016,SC,2,183746,109452,11444,304996,183746,105306,1,1,183746,109452,R,F
2016,SC,3,196325,72933,0,269540,196325,72933,1,1,196325,72933,R,-
2016,SC,4,198648,91676,5103,295670,198648,91676,1,1,198648,91676,R,-
2016,SC,5,161669,105772,5388,273006,161669,105772,1,1,161669,105772,R,-
2016,SC,6,70099,177947,5630,253901,70099,177947,1,1,70099,177947,D,-
2016,SC,7,176468,112744,0,289463,176468,103454,1,1,176468,112744,R,F
2016,SD,0,237163,132810,0,369973,237163,132810,1,1,237163,132810,R,-
2016,TN,1,198293,39024,15708,253025,198293,39024,1,1,198293,39024,R,-
2016,TN,2,212455,68401,0,280856,212455,68401,1,1,212455,68401,R,-
2016,TN,3,176613,76727,12666,266006,176613,76727,1,1,176613,76727,R,-
2016,TN,4,165796,89141,0,254937,165796,89141,1,1,165796,89141,R,-
2016,TN,5,102433,171111,0,273544,102433,171111,1,1,102433,171111,D,-
2016,TN,6,202234,61995,20261,284490,202234,61995,1,1,202234,61995,R,-
2016,TN,7,200407,65226,11880,277513,200407,65226,1,1,200407,65226,R,-
2016,TN,8,194386,70925,17422,282733,194386,70925,1,1,194386,70925,R,-
2016,TN,9,41123,171631,5203,217957,41123,171631,1,1,41123,171631,D,-
2016,TX,1,192434,62847,5062,260409,192434,62847,1,1,192434,62847,R,-
2016,TX,2,168692,100231,9313,278236,168692,100231,1,1,168692,100231,R,-
2016,TX,3,193684,109420,13363,316467,193684,109420,1,1,193684,109420,R,-
2016,TX,4,216643,0,29577,246220,216643,0,1,0,216643,0,R,-
2016,TX,5,155469,0,37406,192875,155469,0,1,0,155469,0,R,-
2016,TX,6,159444,106667,7185,273296,159444,106667,1,1,159444,106667,R,-
2016,TX,7,143542,111991,0,255533,143542,111991,1,1,143542,111991,R,-
2016,TX,8,236379,0,0,236379,236379,0,1,0,236379,0,R,-
2016,TX,9,36491,152032,0,188523,36491,152032,1,1,36491,152032,D,-
2016,TX,10,179221,120170,13209,312600,179221,120170,1,1,179221,120170,R,-
2016,TX,11,201871,0,23677,225548,201871,0,1,0,201871,0,R,-
2016,TX,12,196482,76029,10604,283115,196482,76029,1,1,196482,76029,R,-
2016,TX,13,199050,0,22192,221242,199050,0,1,0,199050,0,R,-
2016,TX,14,160631,99054,0,259685,160631,99054,1,1,160631,99054,R,-
2016,TX,15,66877,101712,8890,177479,66877,101712,1,1,66877,101712,D,-
2016,TX,16,0,150228,25001,175229,0,150228,0,1,0,150228,D,-
2016,TX,17,149417,86603,9708,245728,149417,86603,1,1,149417,86603,R,-
2016,TX,18,48306,150157,5845,204308,48306,150157,1,1,48306,150157,D,-
2016,TX,19,176314,0,27161,203475,176314,0,1,0,176314,0,R,-
2016,TX,20,0,149640,38029,187669,0,149640,0,1,0,149640,D,-
2016,TX,21,202967,129765,23299,356031,202967,129765,1,1,202967,129765,R,-
2016,TX,22,181864,123679,0,305543,181864,123679,1,1,181864,123679,R,-
2016,TX,23,110577,107526,10862,228965,110577,107526,1,1,110577,107526,R,-
2016,TX,24,154845,108389,12401,275635,154845,108389,1,1,154845,108389,R,-
2016,TX,25,180988,117073,12135,310196,180988,117073,1,1,180988,117073,R,-
2016,TX,26,211730,94507,12843,319080,211730,94507,1,1,211730,94507,R,-
2016,TX,27,142251,88329,0,230580,142251,88329,1,1,142251,88329,R,-
2016,TX,28,57740,122086,4616,184442,57740,122086,1,1,57740,122086,D,-
2016,TX,29,31646,95649,4687,131982,31646,95649,1,1,31646,95649,D,-
2016,TX,30,41518,170502,6806,218826,41518,170502,1,1,41518,170502,D,-
2016,TX,31,166060,103852,14676,284588,166060,103852,1,1,166060,103852,R,-
2016,TX,32,162868,0,66303,229171,162868,0,1,0,162868,0,R,-
2016,TX,33,33222,93147,0,126369,33222,93147,1,1,33222,93147,D,-
2016,TX,34,62323,104638,0,166961,62323,104638,1,1,62323,104638,D,-
2016,TX,35,62384,124612,10580,197576,62384,124612,1,1,62384,124612,D,-
2016,TX,36,193675,0,24890,218565,193675,0,1,0,193675,0,R,-
2016,UT,1,182925,73380,21146,277451,182925,73380,1,1,182925,73380,R,-
2016,UT,2,170524,93778,12517,276819,170524,93778,1,1,170524,93778,R,-
2016,UT,3,209589,75716,0,285305,209589,75716,1,1,209589,75716,R,-
2016,UT,4,147597,113413,13559,274569,147597,113413,1,1,147597,113413,R,-
2016,VT,0,0,264414,29410,320467,0,264414,0,1,0,264414,D,-
2016,VA,1,230213,140785,12866,384601,230213,140785,1,1,230213,140785,R,-
2016,VA,2,190475,119440,0,310567,190475,119440,1,1,190475,119440,R,-
2016,VA,3,103289,208337,0,312340,103289,208337,1,1,103289,208337,D,-
2016,VA,4,145731,200136,0,346656,145731,200136,1,1,145731,200136,D,-
2016,VA,5,207758,148339,0,356756,207758,148339,1,1,207758,148339,R,-
2016,VA,6,225471,112170,0,338409,225471,112170,1,1,225471,112170,R,-
2016,VA,7,218057,160159,0,379163,218057,160159,1,1,218057,160159,R,-
2016,VA,8,98387,246653,14664,360676,98387,246653,1,1,98387,246653,D,-
2016,VA,9,212838,87877,9050,310314,212838,87877,1,1,212838,87877,R,-
2016,VA,10,210791,187712,0,400083,210791,187712,1,1,210791,187712,R,-
2016,VA,11,0,247818,0,282003,0,247818,0,1,0,247818,D,-
2016,WA,1,155779,193619,0,349398,155779,193619,1,1,155779,193619,D,-
2016,WA,2,117094,208314,0,325408,117094,208314,1,1,117094,208314,D,-
2016,WA,3,193457,119820,0,313277,193457,119820,1,1,193457,119820,R,-
2016,WA,4,229919,0,0,229919,229919,0,2,0,229919,0,R,S
2016,WA,5,192959,130575,0,323534,192959,130575,1,1,192959,130575,R,-
2016,WA,6,126116,201718,0,327834,126116,201718,1,1,126116,201718,D,-
2016,WA,7,0,378754,0,378754,0,378754,0,2,0,378754,D,S
2016,WA,8,193145,127720,0,320865,193145,127720,1,1,193145,127720,R,-
2016,WA,9,76317,205165,0,281482,76317,205165,1,1,76317,205165,D,-
2016,WA,10,120104,170460,0,290564,120104,170460,1,1,120104,170460,D,-
2016,WV,1,163469,73534,0,237003,163469,73534,1,1,163469,73534,R,-
2016,WV,2,140807,101207,0,242014,140807,101207,1,1,140807,101207,R,-
2016,WV,3,140741,49708,16883,207332,140741,49708,1,1,140741,49708,R,-
2016,WI,1,230072,107003,16915,354245,230072,107003,1,1,230072,107003,R,-
2016,WI,2,124044,273537,0,398060,124044,273537,1,1,124044,273537,D,-
2016,WI,3,0,257401,169,260370,0,257401,0,1,0,257401,D,-
2016,WI,4,0,220181,65677,286909,0,220181,0,1,0,220181,D,-
2016,WI,5,260706,114477,15324,390844,260706,114477,1,1,260706,114477,R,-
2016,WI,6,204147,133072,19716,357183,204147,133072,1,1,204147,133072,R,-
2016,WI,7,223418,138643,0,362271,223418,138643,1,1,223418,138643,R,-
2016,WI,8,227892,135682,18,363780,227892,135682,1,1,227892,135682,R,-
2016,WY,0,156176,75466,19395,258788,156176,75466,1,1,156176,75466,R,-
2018,AL,1,153228,89226,0,242617,153228,89226,1,1,153228,89226,R,-
2018,AL,2,138879,86931,0,226230,138879,86931,1,1,138879,86931,R,-
2018,AL,3,147770,83996,0,231915,147770,83996,1,1,147770,83996,R,-
2018,AL,4,184255,46492,0,230969,184255,46492,1,1,184255,46492,R,-
2018,AL,5,159063,101388,0,260673,159063,101388,1,1,159063,101388,R,-
2018,AL,6,192542,85644,0,278328,192542,85644,1,1,192542,85644,R,-
2018,AL,7,0,185010,0,189163,0,185010,0,1,0,185010,D,-
2018,AK,0,149779,131199,0,282166,149779,131199,1,1,149779,131199,R,-
2018,AZ,1,122784,143240,65,266089,122784,143240,1,1,122784,143240,D,-
2018,AZ,2,133083,161000,69,294152,133083,161000,1,1,133083,161000,D,-
2018,AZ,3,64868,114650,0,179518,64868,114650,1,1,64868,114650,D,-
2018,AZ,4,188842,84521,3672,277035,188842,84521,1,1,188842,84521,R,-
2018,AZ,5,186037,127027,0,313064,186037,127027,1,1,186037,127027,R,-
2018,AZ,6,173140,140559,0,313699,173140,140559,1,1,173140,140559,R,-
2018,AZ,7,0,113044,19007,132051,0,113044,0,1,0,113044,D,-
2018,AZ,8,168835,135569,13,304417,168835,135569,1,1,168835,135569,R,-
2018,AZ,9,101662,159583,0,261245,101662,159583,1,1,101662,159583,D,-
2018,AR,1,138757,57907,4581,201245,138757,57907,1,1,138757,57907,R,-
2018,AR,2,132125,116135,5193,253453,132125,116135,1,1,132125,116135,R,-
2018,AR,3,148717,74952,5899,229568,148717,74952,1,1,148717,74952,R,-
2018,AR,4,136740,63984,3952,204892,136740,63984,1,1,136740,63984,R,-
2018,CA,1,160046,131548,0,291594,160046,131548,1,1,160046,131548,R,-
2018,CA,2,72576,243081,0,315657,72576,243081,1,1,72576,243081,D,-
2018,CA,3,97376,134875,0,232251,97376,134875,1,1,97376,134875,D,-
2018,CA,4,184401,156253,0,340654,184401,156253,1,1,184401,156253,R,-
2018,CA,5,0,205860,55158,261018,0,205860,0,1,0,205860,D,-
2018,CA,6,0,201939,0,201939,0,201939,0,2,0,201939,D,S
2018,CA,7,126601,155016,0,281617,126601,155016,1,1,126601,155016,D,-
2018,CA,8,170785,0,0,170785,170785,0,2,0,170785,0,R,S
2018,CA,9,87349,113414,0,200763,87349,113414,1,1,87349,113414,D,-
2018,CA,10,105955,115945,0,221900,105955,115945,1,1,105955,115945,D,-
2018,CA,11,71312,204369,0,275681,71312,204369,1,1,71312,204369,D,-
2018,CA,12,41780,275292,0,317072,41780,275292,1,1,41780,275292,D,-
2018,CA,13,0,260580,34257,294837,0,260580,0,1,0,260580,D,-
2018,CA,14,55439,211384,0,266823,55439,211384,1,1,55439,211384,D,-
2018,CA,15,65940,177989,0,243929,65940,177989,1,1,65940,177989,D,-
2018,CA,16,60693,82266,0,142959,60693,82266,1,1,60693,82266,D,-
2018,CA,17,52057,159105,0,211162,52057,159105,1,1,52057,159105,D,-
2018,CA,18,77096,225142,0,302238,77096,225142,1,1,77096,225142,D,-
2018,CA,19,57823,162496,0,220319,57823,162496,1,1,57823,162496,D,-
2018,CA,20,0,183677,42044,225721,0,183677,0,1,0,183677,D,-
2018,CA,21,56377,57239,0,113616,56377,57239,1,1,56377,57239,D,-
2018,CA,22,117243,105136,0,222379,117243,105136,1,1,117243,105136,R,-
2018,CA,23,131113,74661,0,205774,131113,74661,1,1,131113,74661,R,-
2018,CA,24,117881,166550,0,284431,117881,166550,1,1,117881,166550,D,-
2018,CA,25,111813,133209,0,245022,111813,133209,1,1,111813,133209,D,-
2018,CA,26,97210,158216,0,255426,97210,158216,1,1,97210,158216,D,-
2018,CA,27,0,202636,0,202636,0,202636,0,2,0,202636,D,S
2018,CA,28,54272,196662,0,250934,54272,196662,1,1,54272,196662,D,-
2018,CA,29,29995,124697,0,154692,29995,124697,1,1,29995,124697,D,-
2018,CA,30,69420,191573,0,260993,69420,191573,1,1,69420,191573,D,-
2018,CA,31,77352,110143,0,187495,77352,110143,1,1,77352,110143,D,-
2018,CA,32,55272,121759,0,177031,55272,121759,1,1,55272,121759,D,-
2018,CA,33,93769,219091,0,312860,93769,219091,1,1,93769,219091,D,-
2018,CA,34,0,110195,41711,151906,0,110195,0,1,0,110195,D,-
2018,CA,35,45604,103420,0,149024,45604,103420,1,1,45604,103420,D,-
2018,CA,36,84839,122169,0,207008,84839,122169,1,1,84839,122169,D,-
2018,CA,37,25823,210555,0,236378,25823,210555,1,1,25823,210555,D,-
2018,CA,38,62968,139188,0,202156,62968,139188,1,1,62968,139188,D,-
2018,CA,39,118391,126002,0,244393,118391,126002,1,1,118391,126002,D,-
2018,CA,40,0,93938,27511,121449,0,93938,0,1,0,93938,D,-
2018,CA,41,58021,108227,0,166248,58021,108227,1,1,58021,108227,D,-
2018,CA,42,131040,100892,0,231932,131040,100892,1,1,131040,100892,R,-
2018,CA,43,43780,152272,0,196052,43780,152272,1,1,43780,152272,D,-
2018,CA,44,0,143322,0,143322,0,143322,0,2,0,143322,D,S
2018,CA,45,146383,158906,0,305289,146383,158906,1,1,146383,158906,D,-
2018,CA,46,45638,102278,0,147916,45638,102278,1,1,45638,102278,D,-
2018,CA,47,77682,143354,0,221036,77682,143354,1,1,77682,143354,D,-
2018,CA,48,136899,157837,0,294736,136899,157837,1,1,136899,157837,D,-
2018,CA,49,128577,166453,0,295030,128577,166453,1,1,128577,166453,D,-
2018,CA,50,134362,125448,0,259810,134362,125448,1,1,134362,125448,R,-
2018,CA,51,44301,109527,0,153828,44301,109527,1,1,44301,109527,D,-
2018,CA,52,107015,188992,0,296007,107015,188992,1,1,107015,188992,D,-
2018,CA,53,83127,185667,0,268794,83127,185667,1,1,83127,185667,D,-
2018,CO,1,85207,272886,11622,369715,85207,272886,1,1,85207,272886,D,-
2018,CO,2,144901,259608,26256,430765,144901,259608,1,1,144901,259608,D,-
2018,CO,3,173205,146426,16570,336201,173205,146426,1,1,173205,146426,R,-
2018,CO,4,224038,145544,39,369621,224038,145544,1,1,224038,145544,R,-
2018,CO,5,184002,126848,11866,322716,184002,126848,1,1,184002,126848,R,-
2018,CO,6,148685,187639,10498,346822,148685,187639,1,1,148685,187639,D,-
2018,CO,7,119734,204260,14073,338067,119734,204260,1,1,119734,204260,D,-
2018,CT,1,96024,175087,3029,274140,96024,166155,1,1,96024,175087,D,F
2018,CT,2,102483,179731,6900,289114,102483,167659,1,1,102483,179731,D,F
2018,CT,3,95667,174572,0,270239,95667,163211,1,1,95667,174572,D,F
2018,CT,4,106921,168726,4,275651,103175,168726,1,1,106921,168726,D,F
2018,CT,5,119426,151225,13,270664,115146,142901,1,1,119426,151225,D,F
2018,DE,0,125384,227353,1077,353814,125384,227353,1,1,125384,227353,D,-
2018,FL,1,216189,106199,0,322388,216189,106199,1,1,216189,106199,R,-
2018,FL,2,199335,96233,0,295568,199335,96233,1,1,199335,96233,R,-
2018,FL,3,176616,129880,0,306496,176616,129880,1,1,176616,129880,R,-
2018,FL,4,248420,123351,9478,381249,248420,123351,1,1,248420,123351,R,-
2018,FL,5,89799,180527,0,270326,89799,180527,1,1,89799,180527,D,-
2018,FL,6,187891,145758,0,333649,187891,145758,1,1,187891,145758,R,-
2018,FL,7,134285,183113,0,317398,134285,183113,1,1,134285,183113,D,-
2018,FL,8,218112,142415,0,360527,218112,142415,1,1,218112,142415,R,-
2018,FL,9,124565,172172,0,296737,124565,172172,1,1,124565,172172,D,-
2018,FL,10,0,0,0,0,0,0,0,1,0,0,D,U
2018,FL,11,239395,128053,58,367506,239395,128053,1,1,239395,128053,R,-
2018,FL,12,194564,132844,7510,334918,194564,132844,1,1,194564,132844,R,-
2018,FL,13,134254,182717,0,316971,134254,182717,1,1,134254,182717,D,-
2018,FL,14,0,0,0,0,0,0,0,1,0,0,D,U
2018,FL,15,151380,134132,20,285532,151380,134132,1,1,151380,134132,R,-
2018,FL,16,197483,164463,0,361946,197483,164463,1,1,197483,164463,R,-
2018,FL,17,193326,117194,0,310520,193326,117194,1,1,193326,117194,R,-
2018,FL,18,185905,156454,0,342359,185905,156454,1,1,185905,156454,R,-
2018,FL,19,211465,128106,36,339607,211465,128106,1,1,211465,128106,R,-
2018,FL,20,0,202659,165,202824,0,202659,0,1,0,202659,D,-
2018,FL,21,0,0,0,0,0,0,0,1,0,0,D,U
2018,FL,22,113049,184634,0,297683,113049,184634,1,1,113049,184634,D,-
2018,FL,23,99446,161611,15309,276366,99446,161611,1,1,99446,161611,D,-
2018,FL,24,0,0,0,0,0,0,0,1,0,0,D,U
2018,FL,25,128672,84173,0,212845,128672,84173,1,1,128672,84173,R,-
2018,FL,26,115678,119797,0,235475,115678,119797,1,1,115678,119797,D,-
2018,FL,27,115588,130743,6255,252586,115588,130743,1,1,115588,130743,D,-
2018,GA,1,144741,105942,0,250683,144741,105942,1,1,144741,105942,R,-
2018,GA,2,92472,136699,0,229171,92472,136699,1,1,92472,136699,D,-
2018,GA,3,191996,101010,0,293006,191996,101010,1,1,191996,101010,R,-
2018,GA,4,61092,227717,0,288809,61092,227717,1,1,61092,227717,D,-
2018,GA,5,0,275406,0,275406,0,275406,0,1,0,275406,D,-
2018,GA,6,156875,160139,18,317032,156875,160139,1,1,156875,160139,D,-
2018,GA,7,140430,140011,0,280441,140430,140011,1,1,140430,140011,R,-
2018,GA,8,198152,0,564,198716,198152,0,1,0,198152,0,R,-
2018,GA,9,224661,57912,5,282578,224661,57912,1,1,224661,57912,R,-
2018,GA,10,190396,112339,0,302735,190396,112339,1,1,190396,112339,R,-
2018,GA,11,191887,118653,0,310540,191887,118653,1,1,191887,118653,R,-
2018,GA,12,148986,101503,3,250492,148986,101503,1,1,148986,101503,R,-
2018,GA,13,69760,223157,93,293010,69760,223157,1,1,69760,223157,D,-
2018,GA,14,175743,53981,0,229724,175743,53981,1,1,175743,53981,R,-
2018,HI,1,42498,134650,7063,191667,42498,134650,1,1,42498,134650,D,-
2018,HI,2,44850,153271,0,206990,44850,153271,1,1,44850,153271,D,-
2018,ID,1,197719,96922,20428,315069,197719,96922,1,1,197719,96922,R,-
2018,ID,2,170274,110381,0,280655,170274,110381,1,1,170274,110381,R,-
2018,IL,1,50960,189560,17365,257885,50960,189560,1,1,50960,189560,D,-
2018,IL,2,44567,190684,0,235251,44567,190684,1,1,44567,190684,D,-
2018,IL,3,57885,163053,2396,223334,57885,163053,1,1,57885,163053,D,-
2018,IL,4,22294,143895,0,166189,22294,143895,1,1,22294,143895,D,-
2018,IL,5,65134,213992,5,279131,65134,213992,1,1,65134,213992,D,-
2018,IL,6,146445,169001,0,315446,146445,169001,1,1,146445,169001,D,-
2018,IL,7,30497,215746,0,246243,30497,215746,1,1,30497,215746,D,-
2018,IL,8,67073,130054,0,197127,67073,130054,1,1,67073,130054,D,-
2018,IL,9,76983,213368,0,290351,76983,213368,1,1,76983,213368,D,-
2018,IL,10,82124,156540,0,238664,82124,156540,1,1,82124,156540,D,-
2018,IL,11,82358,145407,0,227765,82358,145407,1,1,82358,145407,D,-
2018,IL,12,134884,118724,7935,261543,134884,118724,1,1,134884,118724,R,-
2018,IL,13,136516,134458,7,270981,136516,134458,1,1,136516,134458,R,-
2018,IL,14,141164,156035,0,297199,141164,156035,1,1,141164,156035,D,-
2018,IL,15,181294,74309,5,255608,181294,74309,1,1,181294,74309,R,-
2018,IL,16,151254,104569,2,255825,151254,104569,1,1,151254,104569,R,-
2018,IL,17,87090,142659,0,229749,87090,142659,1,1,87090,142659,D,-
2018,IL,18,195927,95486,0,291413,195927,95486,1,1,195927,95486,R,-
2018,IN,1,85594,159611,4,245209,85594,159611,1,1,85594,159611,D,-
2018,IN,2,125499,103363,27,228889,125499,103363,1,1,125499,103363,R,-
2018,IN,3,158927,86610,0,245537,158927,86610,1,1,158927,86610,R,-
2018,IN,4,156539,87824,0,244363,156539,87824,1,1,156539,87824,R,-
2018,IN,5,180035,137142,0,317177,180035,137142,1,1,180035,137142,R,-
2018,IN,6,154260,79430,8036,241726,154260,79430,1,1,154260,79430,R,-
2018,IN,7,76457,141139,0,217596,76457,141139,1,1,76457,141139,D,-
2018,IN,8,157396,86895,0,244291,157396,86895,1,1,157396,86895,R,-
2018,IN,9,153271,118090,0,271361,153271,118090,1,1,153271,118090,R,-
2018,IA,1,153442,170342,10285,334243,153442,170342,1,1,153442,170342,D,-
2018,IA,2,133287,171446,8018,312913,133287,171446,1,1,133287,171446,D,-
2018,IA,3,167933,175642,12471,356241,167933,175642,1,1,167933,175642,D,-
2018,IA,4,157676,147246,8123,313045,157676,147246,1,1,157676,147246,R,-
2018,KS,1,153082,71558,0,224640,153082,71558,1,1,153082,71558,R,-
2018,KS,2,126098,123859,14731,264688,126098,123859,1,1,126098,123859,R,-
2018,KS,3,139762,170518,8021,318301,139762,170518,1,1,139762,170518,D,-
2018,KS,4,144248,98445,0,242693,144248,98445,1,1,144248,98445,R,-
2018,KY,1,172167,78849,0,251016,172167,78849,1,1,172167,78849,R,-
2018,KY,2,171700,79964,5681,257345,171700,79964,1,1,171700,79964,R,-
2018,KY,3,101930,173002,3788,278720,101930,173002,1,1,101930,173002,D,-
2018,KY,4,162946,90536,8330,261812,162946,90536,1,1,162946,90536,R,-
2018,KY,5,172093,45890,34,218017,172093,45890,1,1,172093,45890,R,-
2018,KY,6,154468,144736,3684,302888,154468,144736,1,1,154468,144736,R,-
2018,LA,1,192555,71521,5249,269325,192555,71521,1,3,192555,71521,R,-
2018,LA,2,0,190182,45800,235982,0,190182,0,1,0,190182,D,-
2018,LA,3,168263,74713,2967,245943,168263,74713,2,4,168263,74713,R,-
2018,LA,4,139326,72934,4612,216872,139326,72934,1,1,139326,72934,R,-
2018,LA,5,149018,67118,7810,223946,149018,67118,1,1,149018,67118,R,-
2018,LA,6,186553,76716,5256,268525,186553,76716,1,2,186553,76716,R,-
2018,ME,1,111188,201195,29670,349963,111188,201195,1,1,111188,201195,D,-
2018,ME,2,138931,142440,0,281371,138931,142440,1,1,138931,142440,D,C
2018,MD,1,183662,116631,5744,306186,183662,116631,1,1,183662,116631,R,-
2018,MD,2,77782,167201,8119,253302,77782,167201,1,1,77782,167201,D,-
2018,MD,3,82774,202407,7476,292880,82774,202407,1,1,82774,202407,D,-
2018,MD,4,53327,209642,5326,268583,53327,209642,1,1,53327,209642,D,-
2018,MD,5,82361,213796,7773,304209,82361,213796,1,1,82361,213796,D,-
2018,MD,6,105209,163346,8247,277084,105209,163346,1,1,105209,163346,D,-
2018,MD,7,56266,202345,5827,264710,56266,202345,1,1,56266,202345,D,-
2018,MD,8,96525,217679,4853,319330,96525,217679,1,1,96525,217679,D,-
2018,MA,1,0,211790,0,275066,0,211790,0,1,0,211790,D,-
2018,MA,2,93391,191332,0,293163,93391,191332,1,1,93391,191332,D,-
2018,MA,3,93445,173175,12572,286583,93445,173175,1,1,93445,173175,D,-
2018,MA,4,0,245289,0,322127,0,245289,0,1,0,245289,D,-
2018,MA,5,74856,236243,0,323836,74856,236243,1,1,74856,236243,D,-
2018,MA,6,104798,217703,11309,343765,104798,217703,1,1,104798,217703,D,-
2018,MA,7,0,216557,0,249375,0,216557,0,1,0,216557,D,-
2018,MA,8,0,259159,0,327380,0,259159,0,1,0,259159,D,-
2018,MA,9,131463,192347,0,331370,131463,192347,1,1,131463,192347,D,-
2018,MI,1,187251,145246,0,332497,187251,145246,1,1,187251,145246,R,-
2018,MI,2,168970,131254,5239,305463,168970,131254,1,1,168970,131254,R,-
2018,MI,3,169107,134185,7448,310740,169107,134185,1,1,169107,134185,R,-
2018,MI,4,178510,106540,0,285050,178510,106540,1,1,178510,106540,R,-
2018,MI,5,99265,164502,12646,276413,99265,164502,1,1,99265,164502,D,-
2018,MI,6,147436,134082,11920,293438,147436,134082,1,1,147436,134082,R,-
2018,MI,7,158730,136330,0,295060,158730,136330,1,1,158730,136330,R,-
2018,MI,8,159782,172880,8931,341593,159782,172880,1,1,159782,172880,D,-
2018,MI,9,112123,181734,10706,304563,112123,181734,1,1,112123,181734,D,-
2018,MI,10,182808,106061,14195,303064,182808,106061,1,1,182808,106061,R,-
2018,MI,11,158463,181912,10526,350901,158463,181912,1,1,158463,181912,D,-
2018,MI,12,85115,200588,8925,294628,85115,200588,1,1,85115,200588,D,-
2018,MI,13,0,165355,30944,196299,0,165355,0,1,0,165355,D,-
2018,MI,14,45899,214334,4761,264994,45899,214334,1,1,45899,214334,D,-
2018,MN,1,146200,144885,0,291661,146200,144885,1,1,146200,144885,R,-
2018,MN,2,159344,177958,0,337968,159344,177958,1,1,159344,177958,D,-
2018,MN,3,160839,202404,0,363949,160839,202404,1,1,160839,202404,D,-
2018,MN,4,97747,216865,13776,328614,97747,216865,1,1,97747,216865,D,-
2018,MN,5,74440,267703,0,343358,74440,267703,1,1,74440,267703,D,-
2018,MN,6,192931,122332,0,315726,192931,122332,1,1,192931,122332,R,-
2018,MN,7,134668,146672,0,281509,134668,146672,1,1,134668,146672,D,-
2018,MN,8,159364,141950,12741,314211,159364,141950,1,1,159364,141950,R,-
2018,MS,1,158245,76601,1675,236521,158245,76601,1,1,158245,76601,R,-
2018,MS,2,0,158921,62458,221379,0,158921,0,1,0,158921,D,-
2018,MS,3,160284,94461,2526,257271,160284,94461,1,1,160284,94461,R,-
2018,MS,4,152633,68787,2312,223732,152633,68787,1,1,152633,68787,R,-
2018,MO,1,45867,219781,8727,274375,45867,219781,1,1,45867,219781,D,-
2018,MO,2,192477,177611,5978,376066,192477,177611,1,1,192477,177611,R,-
2018,MO,3,211243,106589,6776,324608,211243,106589,1,1,211243,106589,R,-
2018,MO,4,190138,95968,7210,293316,190138,95968,1,1,190138,95968,R,-
2018,MO,5,101069,175019,7697,283785,101069,175019,1,1,101069,175019,D,-
2018,MO,6,199796,97660,7953,305409,199796,97660,1,1,199796,97660,R,-
2018,MO,7,196343,89190,10922,296455,196343,89190,1,1,196343,89190,R,-
2018,MO,8,194042,66151,4206,264399,194042,66151,1,1,194042,66151,R,-
2018,MT,0,256661,233284,14476,504421,256661,233284,1,1,256661,233284,R,-
2018,NE,1,141712,93069,0,234781,141712,93069,1,1,141712,93069,R,-
2018,NE,2,126715,121770,0,248485,126715,121770,1,1,126715,121770,R,-
2018,NE,3,163650,49654,0,213304,163650,49654,1,1,163650,49654,R,-
2018,NV,1,46978,100707,4516,152201,46978,100707,1,1,46978,100707,D,-
2018,NV,2,167435,120102,0,287537,167435,120102,1,1,167435,120102,R,-
2018,NV,3,122566,148501,15101,286168,122566,148501,1,1,122566,148501,D,-
2018,NV,4,102748,121962,10158,234868,102748,121962,1,1,102748,121962,D,-
2018,NH,1,130996,155884,4048,291039,130996,155884,1,1,130996,155884,D,-
2018,NH,2,117990,155358,6206,279705,117990,155358,1,1,117990,155358,D,-
2018,NJ,1,87617,169628,6173,263418,87617,169628,1,1,87617,169628,D,-
2018,NJ,2,116866,136685,4812,258363,116866,136685,1,1,116866,136685,D,-
2018,NJ,3,149500,153473,3902,306875,149500,153473,1,1,149500,153473,D,-
2018,NJ,4,163065,126766,4517,294348,163065,126766,1,1,163065,126766,R,-
2018,NJ,5,128255,169546,4022,301823,128255,169546,1,1,128255,169546,D,-
2018,NJ,6,80443,140752,0,221195,80443,140752,1,1,80443,140752,D,-
2018,NJ,7,150785,166985,4972,322742,150785,166985,1,1,150785,166985,D,-
2018,NJ,8,28725,119881,4849,153455,28725,119881,1,1,28725,119881,D,-
2018,NJ,9,57854,140832,1730,200416,57854,140832,1,1,57854,140832,D,-
2018,NJ,10,20191,175253,4715,200159,20191,175253,1,1,20191,175253,D,-
2018,NJ,11,136322,183684,3568,323574,136322,183684,1,1,136322,183684,D,-
2018,NJ,12,79041,173334,0,252375,79041,173334,1,1,79041,173334,D,-
2018,NM,1,90507,147336,11319,249162,90507,147336,1,1,90507,147336,D,-
2018,NM,2,97767,101489,0,199256,97767,101489,1,1,97767,101489,D,-
2018,NM,3,76427,155201,13265,244893,76427,155201,1,1,76427,155201,D,-
2018,NY,1,139027,127991,2988,274427,121562,124213,1,1,139027,127991,R,F
2018,NY,2,128078,113074,0,245926,112565,108803,1,1,128078,113074,R,F
2018,NY,3,109514,157456,0,273130,98716,149937,1,1,109514,157456,D,F
2018,NY,4,100571,159535,0,267191,90306,156728,1,1,100571,159535,D,F
2018,NY,5,0,160500,0,186325,0,160500,0,1,0,160500,D,-
2018,NY,6,0,111646,11209,149540,0,104293,0,1,0,111646,D,F
2018,NY,7,0,146687,10410,164835,0,134125,0,1,0,146687,D,F
2018,NY,8,0,180376,11028,204768,0,170850,0,1,0,180376,D,F
2018,NY,9,20901,181455,779,207844,18702,167269,1,1,20901,181455,D,F
2018,NY,10,37619,173095,0,216272,33692,162131,1,1,37619,173095,D,F
2018,NY,11,89441,101823,774,195100,80440,96850,1,1,89441,101823,D,F
2018,NY,12,30446,217430,3728,256239,30446,205858,1,1,30446,217430,D,F
2018,NY,13,10268,180035,0,197200,9535,171341,1,1,10268,180035,D,F
2018,NY,14,19202,110318,11602,146272,19202,110318,1,1,19202,110318,D,F
2018,NY,15,5205,124469,0,133913,4566,122007,1,1,5205,124469,D,F
2018,NY,16,0,182044,0,226338,0,172815,0,1,0,182044,D,F
2018,NY,17,0,170168,23150,257221,0,159923,0,1,0,170168,D,F
2018,NY,18,112035,139564,0,261321,96345,126368,1,1,112035,139564,D,F
2018,NY,19,132873,147873,7148,293570,112304,135582,1,1,132873,147873,D,F
2018,NY,20,89058,176811,0,277066,89058,161330,1,1,89058,176811,D,F
2018,NY,21,131981,99791,3437,239125,116433,93394,1,1,131981,99791,R,F
2018,NY,22,123242,127715,0,255100,110125,116001,1,1,123242,127715,D,F
2018,NY,23,130323,109932,0,245899,114722,100914,1,1,130323,109932,R,F
2018,NY,24,136920,123226,0,265156,113538,115902,1,1,136920,123226,R,F
2018,NY,25,110736,159244,0,275641,91342,147979,1,1,110736,159244,D,F
2018,NY,26,61488,169166,0,242371,61488,156968,1,1,61488,169166,D,F
2018,NY,27,140146,139059,5973,293095,114506,128167,1,1,140146,139059,R,F
2018,NC,1,82218,190457,0,272675,82218,190457,1,1,82218,190457,D,-
2018,NC,2,170072,151977,9655,331704,170072,151977,1,1,170072,151977,R,-
2018,NC,3,187901,0,0,187901,187901,0,1,0,187901,0,R,-
2018,NC,4,82052,247067,12284,341403,82052,247067,1,1,82052,247067,D,-
2018,NC,5,159917,120468,0,280385,159917,120468,1,1,159917,120468,R,-
2018,NC,6,160709,123651,0,284360,160709,123651,1,1,160709,123651,R,-
2018,NC,7,156809,120838,4665,282312,156809,120838,1,1,156809,120838,R,-
2018,NC,8,141402,114119,0,255521,141402,114119,1,1,141402,114119,R,-
2018,NC,9,0,0,0,0,0,0,0,0,0,0,-,N
2018,NC,10,164969,113259,0,278228,164969,113259,1,1,164969,113259,R,-
2018,NC,11,178012,116508,6146,300666,178012,116508,1,1,178012,116508,R,-
2018,NC,12,75164,203974,0,279138,75164,203974,1,1,75164,203974,D,-
2018,NC,13,147570,130402,8344,286316,147570,130402,1,1,147570,130402,R,-
2018,ND,0,193568,114377,13066,321532,193568,114377,1,1,193568,114377,R,-
2018,OH,1,154409,141118,5344,300871,154409,141118,1,1,154409,141118,R,-
2018,OH,2,166714,119333,3614,289661,166714,119333,1,1,166714,119333,R,-
2018,OH,3,65040,181575,62,246677,65040,181575,1,1,65040,181575,D,-
2018,OH,4,167993,89412,0,257405,167993,89412,1,1,167993,89412,R,-
2018,OH,5,176569,99655,7393,283617,176569,99655,1,1,176569,99655,R,-
2018,OH,6,172774,76716,0,249490,172774,76716,1,1,172774,76716,R,-
2018,OH,7,153117,107536,0,260653,153117,107536,1,1,153117,107536,R,-
2018,OH,8,173852,87281,0,261133,173852,87281,1,1,173852,87281,R,-
2018,OH,9,74670,157219,48,231937,74670,157219,1,1,74670,157219,D,-
2018,OH,10,157554,118785,5387,281726,157554,118785,1,1,157554,118785,R,-
2018,OH,11,44486,206138,36,250660,44486,206138,1,1,44486,206138,D,-
2018,OH,12,175677,161251,4719,341647,175677,161251,1,1,175677,161251,R,-
2018,OH,13,98047,153323,0,251370,98047,153323,1,1,98047,153323,D,-
2018,OH,14,169809,137549,0,307358,169809,137549,1,1,169809,137549,R,-
2018,OH,15,170593,116112,5738,292443,170593,116112,1,1,170593,116112,R,-
2018,OH,16,170029,129681,0,299710,170029,129681,1,1,170029,129681,R,-
2018,OK,1,150129,103042,0,253171,150129,103042,1,1,150129,103042,R,-
2018,OK,2,140451,65021,10530,216002,140451,65021,1,1,140451,65021,R,-
2018,OK,3,172913,61152,0,234065,172913,61152,1,1,172913,61152,R,-
2018,OK,4,149227,78088,9323,236638,149227,78088,1,1,149227,78088,R,-
2018,OK,5,117811,121149,0,238960,117811,121149,1,1,117811,121149,D,-
2018,OR,1,116446,231198,15121,363249,116446,231198,1,1,116446,231198,D,-
2018,OR,2,207597,145298,15536,368709,207597,145298,1,1,207597,145298,R,-
2018,OR,3,76187,279019,28606,384326,76187,279019,1,1,76187,279019,D,-
2018,OR,4,152414,208710,11326,372893,152414,208710,1,1,152414,208710,D,-
2018,OR,5,149887,197187,10856,358469,149887,197187,1,1,149887,197187,D,-
2018,PA,1,169053,160745,0,329798,169053,160745,1,1,169053,160745,R,-
2018,PA,2,42382,159600,0,201982,42382,159600,1,1,42382,159600,D,-
2018,PA,3,20387,287610,0,307997,20387,287610,1,1,20387,287610,D,-
2018,PA,4,121467,211524,0,332991,121467,211524,1,1,121467,211524,D,-
2018,PA,5,106075,198639,0,304714,106075,198639,1,1,106075,198639,D,-
2018,PA,6,124124,177704,0,301828,124124,177704,1,1,124124,177704,D,-
2018,PA,7,114437,140813,8011,263261,114437,140813,1,1,114437,140813,D,-
2018,PA,8,112563,135603,0,248166,112563,135603,1,1,112563,135603,D,-
2018,PA,9,148723,100204,0,248927,148723,100204,1,1,148723,100204,R,-
2018,PA,10,149365,141668,0,291033,149365,141668,1,1,149365,141668,R,-
2018,PA,11,163708,113876,0,277584,163708,113876,1,1,163708,113876,R,-
2018,PA,12,161047,82825,0,243872,161047,82825,1,1,161047,82825,R,-
2018,PA,13,178533,74733,0,253266,178533,74733,1,1,178533,74733,R,-
2018,PA,14,151386,110051,0,261437,151386,110051,1,1,151386,110051,R,-
2018,PA,15,165245,78327,0,243572,165245,78327,1,1,165245,78327,R,-
2018,PA,16,135348,124109,2939,262396,135348,124109,1,1,135348,124109,R,-
2018,PA,17,142417,183162,0,325579,142417,183162,1,1,142417,183162,D,-
2018,PA,18,0,231472,0,231472,0,231472,0,1,0,231472,D,-
2018,RI,1,57567,116099,0,174083,57567,116099,1,1,57567,116099,D,-
2018,RI,2,72271,126476,0,199197,72271,126476,1,1,72271,126476,D,-
2018,SC,1,141473,145455,0,287433,141473,145455,1,1,141473,145455,D,-
2018,SC,2,144642,109199,3111,257139,144642,109199,1,1,144642,109199,R,-
2018,SC,3,153338,70046,2697,226204,153338,70046,1,1,153338,70046,R,-
2018,SC,4,145321,89182,9203,243950,145321,89182,1,1,145321,89182,R,-
2018,SC,5,141757,103129,3443,248579,141757,103129,1,1,141757,103129,R,-
2018,SC,6,58282,144765,3214,206433,58282,144765,1,1,58282,144765,D,-
2018,SC,7,142681,96564,0,239554,142681,96564,1,1,142681,96564,R,-
2018,SD,0,202695,121033,12237,335965,202695,121033,1,1,202695,121033,R,-
2018,TN,1,172835,47138,4309,224282,172835,47138,1,1,172835,47138,R,-
2018,TN,2,172856,86668,2610,262134,172856,86668,1,1,172856,86668,R,-
2018,TN,3,156512,84731,4522,245765,156512,84731,1,1,156512,84731,R,-
2018,TN,4,147323,78065,7063,232451,147323,78065,1,1,147323,78065,R,-
2018,TN,5,84317,177923,8,262248,84317,177923,1,1,84317,177923,D,-
2018,TN,6,172810,70370,5560,248740,172810,70370,1,1,172810,70370,R,-
2018,TN,7,170071,81661,2652,254384,170071,81661,1,1,170071,81661,R,-
2018,TN,8,168030,74755,5560,248345,168030,74755,1,1,168030,74755,R,-
2018,TN,9,34901,145139,1436,181476,34901,145139,1,1,34901,145139,D,-
2018,TX,1,168165,61263,3292,232720,168165,61263,1,1,168165,61263,R,-
2018,TX,2,139188,119992,4212,263392,139188,119992,1,1,139188,119992,R,-
2018,TX,3,169520,138234,4604,312358,169520,138234,1,1,169520,138234,R,-
2018,TX,4,188667,57400,3178,249245,188667,57400,1,1,188667,57400,R,-
2018,TX,5,130617,78666,224,209507,130617,78666,1,1,130617,78666,R,-
2018,TX,6,135961,116350,3731,256042,135961,116350,1,1,135961,116350,R,-
2018,TX,7,115642,127959,0,243601,115642,127959,1,1,115642,127959,D,-
2018,TX,8,200619,67930,4621,273170,200619,67930,1,1,200619,67930,R,-
2018,TX,9,0,136256,16745,153001,0,136256,0,1,0,136256,D,-
2018,TX,10,157166,144034,6627,307827,157166,144034,1,1,157166,144034,R,-
2018,TX,11,176603,40631,3143,220377,176603,40631,1,1,176603,40631,R,-
2018,TX,12,172557,90994,4940,268491,172557,90994,1,1,172557,90994,R,-
2018,TX,13,169027,35083,3175,207285,169027,35083,1,1,169027,35083,R,-
2018,TX,14,138942,92212,3374,234528,138942,92212,1,1,138942,92212,R,-
2018,TX,15,63862,98333,2607,164802,63862,98333,1,1,63862,98333,D,-
2018,TX,16,49127,124437,8190,181754,49127,124437,1,1,49127,124437,D,-
2018,TX,17,134841,98070,4440,237351,134841,98070,1,1,134841,98070,R,-
2018,TX,18,38368,138704,7260,184332,38368,138704,1,1,38368,138704,D,-
2018,TX,19,151946,50039,0,201985,151946,50039,1,1,151946,50039,R,-
2018,TX,20,0,139038,32925,171963,0,139038,0,1,0,139038,D,-
2018,TX,21,177654,168421,7542,353617,177654,168421,1,1,177654,168421,R,-
2018,TX,22,152750,138153,6502,297405,152750,138153,1,1,152750,138153,R,-
2018,TX,23,103285,102359,4425,210069,103285,102359,1,1,103285,102359,R,-
2018,TX,24,133317,125231,4870,263418,133317,125231,1,1,133317,125231,R,-
2018,TX,25,163023,136385,5145,304553,163023,136385,1,1,163023,136385,R,-
2018,TX,26,185551,121938,5016,312505,185551,121938,1,1,185551,121938,R,-
2018,TX,27,125118,75929,6374,207421,125118,75929,1,1,125118,75929,R,-
2018,TX,28,0,117494,21732,139226,0,117494,0,1,0,117494,D,-
2018,TX,29,28098,88188,1208,117494,28098,88188,1,1,28098,88188,D,-
2018,TX,30,0,166784,16390,183174,0,166784,0,1,0,166784,D,-
2018,TX,31,144680,136362,4965,286007,144680,136362,1,1,144680,136362,R,-
2018,TX,32,126101,144067,5452,275620,126101,144067,1,1,126101,144067,D,-
2018,TX,33,26120,90805,2299,119224,26120,90805,1,1,26120,90805,D,-
2018,TX,34,57243,85825,0,143068,57243,85825,1,1,57243,85825,D,-
2018,TX,35,50553,138278,5236,194067,50553,138278,1,1,50553,138278,D,-
2018,TX,36,161048,60908,0,221956,161048,60908,1,1,161048,60908,R,-
2018,UT,1,156692,63308,34333,254333,156692,63308,1,1,156692,63308,R,-
2018,UT,2,151489,105051,13504,270044,151489,105051,1,1,151489,105051,R,-
2018,UT,3,174856,70686,13316,258858,174856,70686,1,1,174856,70686,R,-
2018,UT,4,134270,134964,37,269271,134270,134964,1,1,134270,134964,D,-
2018,VT,0,70705,188547,13034,278230,70705,188547,1,1,70705,188547,D,-
2018,VA,1,183250,148464,0,332101,183250,148464,1,1,183250,148464,R,-
2018,VA,2,133458,139571,0,273400,133458,139571,1,1,133458,139571,D,-
2018,VA,3,0,198615,0,217722,0,198615,0,1,0,198615,D,-
2018,VA,4,107706,187642,4233,299854,107706,187642,1,1,107706,187642,D,-
2018,VA,5,165339,145040,0,310926,165339,145040,1,1,165339,145040,R,-
2018,VA,6,167957,113133,0,281377,167957,113133,1,1,167957,113133,R,-
2018,VA,7,169295,176079,4216,349803,169295,176079,1,1,169295,176079,D,-
2018,VA,8,76899,247137,0,324748,76899,247137,1,1,76899,247137,D,-
2018,VA,9,160933,85833,0,246980,160933,85833,1,1,160933,85833,R,-
2018,VA,10,160841,206356,0,367795,160841,206356,1,1,160841,206356,D,-
2018,VA,11,83023,219191,5546,308250,83023,219191,1,1,83023,219191,D,-
2018,WA,1,135534,197209,0,332743,135534,197209,1,1,135534,197209,D,-
2018,WA,2,0,210187,84646,294833,0,210187,0,1,0,210187,D,-
2018,WA,3,161819,145407,0,307226,161819,145407,1,1,161819,145407,R,-
2018,WA,4,141551,83785,0,225336,141551,83785,1,1,141551,83785,R,-
2018,WA,5,175422,144925,0,320347,175422,144925,1,1,175422,144925,R,-
2018,WA,6,116677,206409,0,323086,116677,206409,1,1,116677,206409,D,-
2018,WA,7,64881,329800,0,394681,64881,329800,1,1,64881,329800,D,-
2018,WA,8,148968,164089,0,313057,0,164089,1,1,148968,164089,D,-
2018,WA,9,0,240567,0,240567,0,240567,0,2,0,240567,D,S
2018,WA,10,103860,166215,0,270075,103860,166215,1,1,103860,166215,D,-
2018,WV,1,127997,70217,0,198214,127997,70217,1,1,127997,70217,R,-
2018,WV,2,110504,88011,6277,204792,110504,88011,1,1,110504,88011,R,-
2018,WV,3,98645,76340,0,174985,98645,76340,1,1,98645,76340,R,-
2018,WI,1,177492,137508,10013,325317,177492,137508,1,1,177492,137508,R,-
2018,WI,2,0,309116,38,317295,0,309116,0,1,0,309116,D,-
2018,WI,3,126980,187888,0,314989,126980,187888,1,1,126980,187888,D,-
2018,WI,4,59091,206487,7170,273087,59091,206487,1,1,59091,206487,D,-
2018,WI,5,225619,138385,1,364288,225619,138385,1,1,225619,138385,R,-
2018,WI,6,180311,144536,0,325065,180311,144536,1,1,180311,144536,R,-
2018,WI,7,194061,124307,4419,322840,194061,124307,1,1,194061,124307,R,-
2018,WI,8,209410,119265,0,328774,209410,119265,1,1,209410,119265,R,-
2018,WY,0,127963,59903,12988,205275,127963,59903,1,1,127963,59903,R,-
2020,AL,1,211825,116949,0,329075,211825,116949,1,1,211825,116949,R,-
2020,AL,2,197996,105286,0,303569,197996,105286,1,1,197996,105286,R,-
2020,AL,3,217384,104595,0,322234,217384,104595,1,1,217384,104595,R,-
2020,AL,4,261553,56237,0,318029,261553,56237,1,1,261553,56237,R,-
2020,AL,5,253094,0,0,264160,253094,0,1,0,253094,0,R,-
2020,AL,6,274160,0,0,282261,274160,0,1,0,274160,0,R,-
2020,AL,7,0,225742,0,232331,0,225742,0,1,0,225742,D,-
2020,AK,0,192126,159856,0,353165,192126,159856,1,1,192126,159856,R,-
2020,AZ,1,176709,188469,0,365178,176709,188469,1,1,176709,188469,D,-
2020,AZ,2,170975,209945,134,381054,170975,209945,1,1,170975,209945,D,-
2020,AZ,3,95594,174243,0,269837,95594,174243,1,1,95594,174243,D,-
2020,AZ,4,278002,120484,137,398623,278002,120484,1,1,278002,120484,R,-
2020,AZ,5,262414,183171,72,445657,262414,183171,1,1,262414,183171,R,-
2020,AZ,6,217783,199644,0,417427,217783,199644,1,1,217783,199644,R,-
2020,AZ,7,50226,165452,54,215732,50226,165452,1,1,50226,165452,D,-
2020,AZ,8,251633,170816,18,422467,251633,170816,1,1,251633,170816,R,-
2020,AZ,9,135180,217094,0,352274,135180,217094,1,1,135180,217094,D,-
2020,AR,1,237596,0,0,237596,237596,0,1,0,237596,0,R,-
2020,AR,2,184093,148410,0,332503,184093,148410,1,1,184093,148410,R,-
2020,AR,3,214960,106325,12977,334262,214960,106325,1,1,214960,106325,R,-
2020,AR,4,191617,75750,7668,275035,191617,75750,1,1,191617,75750,R,-
2020,CA,1,204190,154073,0,358263,204190,154073,1,1,204190,154073,R,-
2020,CA,2,94320,294435,0,388755,94320,294435,1,1,94320,294435,D,-
2020,CA,3,145945,176043,0,321988,145945,176043,1,1,145945,176043,D,-
2020,CA,4,247291,194731,0,442022,247291,194731,1,1,247291,194731,R,-
2020,CA,5,85227,271233,0,356460,85227,271233,1,1,85227,271233,D,-
2020,CA,6,83466,229648,0,313114,83466,229648,1,1,83466,229648,D,-
2020,CA,7,166549,217416,0,383965,166549,217416,1,1,166549,217416,D,-
2020,CA,8,158711,124400,0,283111,158711,124400,1,1,158711,124400,R,-
2020,CA,9,128358,174252,0,302610,128358,174252,1,1,128358,174252,D,-
2020,CA,10,135629,166865,0,302494,135629,166865,1,1,135629,166865,D,-
2020,CA,11,100293,271063,0,371356,100293,271063,1,1,100293,271063,D,-
2020,CA,12,0,362950,0,362950,0,362950,0,2,0,362950,D,S
2020,CA,13,34955,327863,0,362818,34955,327863,1,1,34955,327863,D,-
2020,CA,14,72705,278300,0,351005,72705,278300,1,1,72705,278300,D,-
2020,CA,15,99710,242991,0,342701,99710,242991,1,1,99710,242991,D,-
2020,CA,16,88039,128690,0,216729,88039,128690,1,1,88039,128690,D,-
2020,CA,17,85199,212137,0,297336,85199,212137,1,1,85199,212137,D,-
2020,CA,18,0,344139,0,344139,0,344139,0,2,0,344139,D,S
2020,CA,19,88642,224385,0,313027,88642,224385,1,1,88642,224385,D,-
2020,CA,20,71658,236896,0,308554,71658,236896,1,1,71658,236896,D,-
2020,CA,21,85928,84406,0,170334,85928,84406,1,1,85928,84406,R,-
2020,CA,22,170888,144251,0,315139,170888,144251,1,1,170888,144251,R,-
2020,CA,23,190222,115896,0,306118,190222,115896,1,1,190222,115896,R,-
2020,CA,24,149781,212564,0,362345,149781,212564,1,1,149781,212564,D,-
2020,CA,25,169638,169305,0,338943,169638,169305,1,1,169638,169305,R,-
2020,CA,26,135877,208856,0,344733,135877,208856,1,1,135877,208856,D,-
2020,CA,27,95907,221411,0,317318,95907,221411,1,1,95907,221411,D,-
2020,CA,28,91928,244271,0,336199,91928,244271,1,1,91928,244271,D,-
2020,CA,29,0,210944,0,210944,0,210944,0,2,0,210944,D,S
2020,CA,30,105426,240038,0,345464,105426,240038,1,1,105426,240038,D,-
2020,CA,31,110735,175315,0,286050,110735,175315,1,1,110735,175315,D,-
2020,CA,32,86818,172942,0,259760,86818,172942,1,1,86818,172942,D,-
2020,CA,33,123334,257094,0,380428,123334,257094,1,1,123334,257094,D,-
2020,CA,34,0,205346,0,205346,0,205346,0,2,0,205346,D,S
2020,CA,35,74941,169405,0,244346,74941,169405,1,1,74941,169405,D,-
2020,CA,36,121698,185151,0,306849,121698,185151,1,1,121698,185151,D,-
2020,CA,37,41705,254916,0,296621,41705,254916,1,1,41705,254916,D,-
2020,CA,38,0,256206,0,256206,0,256206,0,2,0,256206,D,S
2020,CA,39,173946,169837,0,343783,173946,169837,1,1,173946,169837,R,-
2020,CA,40,50809,135572,0,186381,50809,135572,1,1,50809,135572,D,-
2020,CA,41,94447,168126,0,262573,94447,168126,1,1,94447,168126,D,-
2020,CA,42,210274,157773,0,368047,210274,157773,1,1,210274,157773,R,-
2020,CA,43,78688,199210,0,277898,78688,199210,1,1,78688,199210,D,-
2020,CA,44,0,206036,0,206036,0,206036,0,2,0,206036,D,S
2020,CA,45,193096,221843,0,414939,193096,221843,1,1,193096,221843,D,-
2020,CA,46,71716,157803,0,229519,71716,157803,1,1,71716,157803,D,-
2020,CA,47,114371,197028,0,311399,114371,197028,1,1,114371,197028,D,-
2020,CA,48,201738,193362,0,395100,201738,193362,1,1,201738,193362,R,-
2020,CA,49,181157,205349,0,386506,181157,205349,1,1,181157,205349,D,-
2020,CA,50,195521,166869,0,362390,195521,166869,1,1,195521,166869,R,-
2020,CA,51,76841,165596,0,242437,76841,165596,1,1,76841,165596,D,-
2020,CA,52,152350,244145,0,396495,152350,244145,1,1,152350,244145,D,-
2020,CA,53,0,334858,0,334858,0,334858,0,2,0,334858,D,S
2020,CO,1,105955,331621,12714,450290,105955,331621,1,1,105955,331621,D,-
2020,CO,2,182547,316925,16191,515663,182547,316925,1,1,182547,316925,D,-
2020,CO,3,220634,194122,14563,429319,220634,194122,1,1,220634,194122,R,-
2020,CO,4,285606,173945,15556,475107,285606,173945,1,1,285606,173945,R,-
2020,CO,5,249013,161600,21794,432407,249013,161600,1,1,249013,161600,R,-
2020,CO,6,175192,250314,12967,438473,175192,250314,1,1,175192,250314,D,-
2020,CO,7,159301,250525,13865,423691,159301,250525,1,1,159301,250525,D,-
2020,CT,1,122111,222668,4458,349237,122111,213001,1,1,122111,222668,D,F
2020,CT,2,140356,218119,8872,367347,140356,207303,1,1,140356,218119,D,F
2020,CT,3,137598,203265,5240,346103,131568,194259,1,1,137598,203265,D,F
2020,CT,4,130627,224432,5657,360716,130627,224432,1,1,130627,224432,D,-
2020,CT,5,151988,192484,5052,349524,151988,183797,1,1,151988,192484,D,F
2020,DE,0,196392,281382,10496,488270,196392,281382,1,1,196392,281382,D,-
2020,FL,1,283352,149172,6038,438562,283352,149172,1,1,283352,149172,R,-
2020,FL,2,305337,0,6662,311999,305337,0,1,0,305337,0,R,-
2020,FL,3,223075,167326,0,390401,223075,167326,1,1,223075,167326,R,-
2020,FL,4,308497,196423,20,504940,308497,196423,1,1,308497,196423,R,-
2020,FL,5,117510,219463,0,336973,117510,219463,1,1,117510,219463,D,-
2020,FL,6,265393,172305,158,437856,265393,172305,1,1,265393,172305,R,-
2020,FL,7,175750,224946,5753,406449,175750,224946,1,1,175750,224946,D,-
2020,FL,8,282093,177695,0,459788,282093,177695,1,1,282093,177695,R,-
2020,FL,9,188889,240724,25,429638,188889,240724,1,1,188889,240724,D,-
2020,FL,10,136889,239434,74,376397,136889,239434,1,1,136889,239434,D,-
2020,FL,11,316979,158094,0,475073,316979,158094,1,1,316979,158094,R,-
2020,FL,12,284941,168194,0,453135,284941,168194,1,1,284941,168194,R,-
2020,FL,13,190713,215405,7,406125,190713,215405,1,1,190713,215405,D,-
2020,FL,14,147896,224240,0,372136,147896,224240,1,1,147896,224240,D,-
2020,FL,15,216374,174297,0,390671,216374,174297,1,1,216374,174297,R,-
2020,FL,16,269001,215683,0,484684,269001,215683,1,1,269001,215683,R,-
2020,FL,17,266514,140487,5396,412397,266514,140487,1,1,266514,140487,R,-
2020,FL,18,253286,186674,9760,449720,253286,186674,1,1,253286,186674,R,-
2020,FL,19,272440,172146,3,444589,272440,172146,1,1,272440,172146,R,-
2020,FL,20,68748,253661,0,322409,68748,253661,1,1,68748,253661,D,-
2020,FL,21,157612,237925,7556,403093,157612,237925,1,1,157612,237925,D,-
2020,FL,22,166553,235764,0,402317,166553,235764,1,1,166553,235764,D,-
2020,FL,23,158874,221239,83,380196,158874,221239,1,1,158874,221239,D,-
2020,FL,24,59084,218825,11729,289638,59084,218825,1,1,59084,218825,D,-
2020,FL,25,0,0,0,0,0,0,1,0,0,0,R,U
2020,FL,26,177223,165407,0,342630,177223,165407,1,1,177223,165407,R,-
2020,FL,27,176141,166758,76,342975,176141,166758,1,1,176141,166758,R,-
2020,GA,1,189457,135238,0,324695,189457,135238,1,1,189457,135238,R,-
2020,GA,2,111620,161397,17,273034,111620,161397,1,1,111620,161397,D,-
2020,GA,3,241526,129792,0,371318,241526,129792,1,1,241526,129792,R,-
2020,GA,4,69393,278906,0,348299,69393,278906,1,1,69393,278906,D,-
2020,GA,5,52646,301857,0,354503,52646,301857,1,1,52646,301857,D,-
2020,GA,6,180329,216775,0,397104,180329,216775,1,1,180329,216775,D,-
2020,GA,7,180564,190900,0,371464,180564,190900,1,1,180564,190900,D,-
2020,GA,8,198701,109264,48,308013,198701,109264,1,1,198701,109264,R,-
2020,GA,9,292750,79797,0,372547,292750,79797,1,1,292750,79797,R,-
2020,GA,10,235810,142636,0,378446,235810,142636,1,1,235810,142636,R,-
2020,GA,11,245259,160623,0,405882,245259,160623,1,1,245259,160623,R,-
2020,GA,12,181038,129061,0,310099,181038,129061,1,1,181038,129061,R,-
2020,GA,13,81476,279045,61,360582,81476,279045,1,1,81476,279045,D,-
2020,GA,14,229827,77798,0,307625,229827,77798,1,1,229827,77798,R,-
2020,HI,1,71188,183245,0,283408,71188,183245,1,1,71188,183245,D,-
2020,HI,2,84027,171517,16558,296376,84027,171517,1,1,84027,171517,D,-
2020,ID,1,310736,131380,16460,458576,310736,131380,1,1,310736,131380,R,-
2020,ID,2,250669,124151,16513,391333,250669,124151,1,1,250669,124151,R,-
2020,IL,1,85027,239943,153,325123,85027,239943,1,1,85027,239943,D,-
2020,IL,2,63142,234896,0,298038,63142,234896,1,1,63142,234896,D,-
2020,IL,3,133851,172997,0,306848,133851,172997,1,1,133851,172997,D,-
2020,IL,4,35518,187219,0,222737,35518,187219,1,1,35518,187219,D,-
2020,IL,5,96200,255661,9410,361271,96200,255661,1,1,96200,255661,D,-
2020,IL,6,183891,213777,7079,404747,183891,213777,1,1,183891,213777,D,-
2020,IL,7,41390,249383,19355,310128,41390,249383,1,1,41390,249383,D,-
2020,IL,8,0,186251,68327,254578,0,186251,0,1,0,186251,D,-
2020,IL,9,107125,262045,0,369170,107125,262045,1,1,107125,262045,D,-
2020,IL,10,114442,202402,30,316874,114442,202402,1,1,114442,202402,D,-
2020,IL,11,112807,194557,13,307377,112807,194557,1,1,112807,194557,D,-
2020,IL,12,194839,127577,0,322416,194839,127577,1,1,194839,127577,R,-
2020,IL,13,181373,151648,0,333021,181373,151648,1,1,181373,151648,R,-
2020,IL,14,197835,203209,8,401052,197835,203209,1,1,197835,203209,D,-
2020,IL,15,244947,88559,0,333506,244947,88559,1,1,244947,88559,R,-
2020,IL,16,218839,119313,7,338159,218839,119313,1,1,218839,119313,R,-
2020,IL,17,143863,156011,21,299895,143863,156011,1,1,143863,156011,D,-
2020,IL,18,261840,110039,0,371879,261840,110039,1,1,261840,110039,R,-
2020,IN,1,132247,185180,9521,326948,132247,185180,1,1,132247,185180,D,-
2020,IN,2,183601,114967,0,298568,183601,114967,1,1,183601,114967,R,-
2020,IN,3,220989,104762,0,325751,220989,104762,1,1,220989,104762,R,-
2020,IN,4,225531,112984,0,338515,225531,112984,1,1,225531,112984,R,-
2020,IN,5,208212,191226,16788,416226,208212,191226,1,1,208212,191226,R,-
2020,IN,6,225319,91103,11791,328213,225319,91103,1,1,225319,91103,R,-
2020,IN,7,106146,176422,0,282568,106146,176422,1,1,106146,176422,D,-
2020,IN,8,214643,95691,10283,320617,214643,95691,1,1,214643,95691,R,-
2020,IN,9,222057,122566,14415,359038,222057,122566,1,1,222057,122566,R,-
2020,IA,1,212088,201347,0,423971,212088,201347,1,1,212088,201347,R,-
2020,IA,2,196964,196958,0,413989,196964,196958,1,1,196964,196958,R,-
2020,IA,3,212997,219205,15361,460813,212997,219205,1,1,212997,219205,D,-
2020,IA,4,237369,144761,0,401495,237369,144761,1,1,237369,144761,R,-
2020,KS,1,208229,84393,0,292622,208229,84393,1,1,208229,84393,R,-
2020,KS,2,185464,136650,14201,336315,185464,136650,1,1,185464,136650,R,-
2020,KS,3,178773,220049,11596,410418,178773,220049,1,1,178773,220049,D,-
2020,KS,4,203432,116166,0,319598,203432,116166,1,1,203432,116166,R,-
2020,KY,1,246329,82141,0,328470,246329,82141,1,1,246329,82141,R,-
2020,KY,2,255735,94643,10021,360399,255735,94643,1,1,255735,94643,R,-
2020,KY,3,137425,230672,0,368097,137425,230672,1,1,137425,230672,D,-
2020,KY,4,256613,125896,0,382509,256613,125896,1,1,256613,125896,R,-
2020,KY,5,250914,47056,0,297970,250914,47056,1,1,250914,47056,R,-
2020,KY,6,216948,155011,6491,378450,216948,155011,1,1,216948,155011,R,-
2020,LA,1,270330,94730,9309,374369,270330,94730,1,1,270330,94730,R,-
2020,LA,2,63140,235320,18522,316982,63140,235320,2,2,63140,235320,D,-
2020,LA,3,230480,100275,9365,340120,230480,100275,1,2,230480,100275,R,-
2020,LA,4,204608,101970,0,306578,204608,101970,2,2,204608,101970,R,-
2020,LA,5,135524,99566,0,235090,135524,99566,5,4,79307,0,R,LMS
2020,LA,6,265706,95541,12749,373996,265706,95541,1,1,265706,95541,R,-
2020,ME,1,165008,271004,0,447981,165008,271004,1,1,165008,271004,D,-
2020,ME,2,175228,197974,0,380324,175228,197974,1,1,175228,197974,D,-
2020,MD,1,250901,143877,0,395524,250901,143877,1,1,250901,143877,R,-
2020,MD,2,106355,224836,0,332026,106355,224836,1,1,106355,224836,D,-
2020,MD,3,112117,260358,0,373206,112117,260358,1,1,112117,260358,D,-
2020,MD,4,71671,282119,0,354529,71671,282119,1,1,71671,282119,D,-
2020,MD,5,123525,274210,0,398839,123525,274210,1,1,123525,274210,D,-
2020,MD,6,143599,215540,6939,366434,143599,215540,1,1,143599,215540,D,-
2020,MD,7,92825,237084,37,330998,92825,237084,1,1,92825,237084,D,-
2020,MD,8,127157,274716,27,402614,127157,274716,1,1,127157,274716,D,-
2020,MA,1,0,275376,1274,372716,0,275376,0,1,0,275376,D,-
2020,MA,2,132220,249854,0,394084,132220,249854,1,1,132220,249854,D,-
2020,MA,3,0,286896,0,388210,0,286896,0,1,0,286896,D,-
2020,MA,4,160474,251102,0,434533,160474,251102,1,1,160474,251102,D,-
2020,MA,5,101351,294427,0,413371,101351,294427,1,1,101351,294427,D,-
2020,MA,6,150695,286377,0,452574,150695,286377,1,1,150695,286377,D,-
2020,MA,7,0,267362,39382,326837,0,267362,0,1,0,267362,D,-
2020,MA,8,0,310940,72060,433545,0,310940,0,1,0,310940,D,-
2020,MA,9,154261,260262,9717,442135,154261,260262,1,1,154261,260262,D,-
2020,MI,1,256581,153328,6310,416219,256581,153328,1,1,256581,153328,R,-
2020,MI,2,238711,154122,10414,403247,238711,154122,1,1,238711,154122,R,-
2020,MI,3,213649,189769,1,403419,213649,189769,1,1,213649,189769,R,-
2020,MI,4,242621,120802,9822,373245,242621,120802,1,1,242621,120802,R,-
2020,MI,5,150772,196599,13661,361032,150772,196599,1,1,150772,196599,D,-
2020,MI,6,211496,152085,15399,378980,211496,152085,1,1,211496,152085,R,-
2020,MI,7,227524,159743,0,387267,227524,159743,1,1,227524,159743,R,-
2020,MI,8,202525,217922,7897,428344,202525,217922,1,1,202525,217922,D,-
2020,MI,9,153296,230318,15503,399117,153296,230318,1,1,153296,230318,D,-
2020,MI,10,271607,138179,0,409786,271607,138179,1,1,271607,138179,R,-
2020,MI,11,215405,226128,8940,450473,215405,226128,1,1,215405,226128,D,-
2020,MI,12,117719,254957,11147,383823,117719,254957,1,1,117719,254957,D,-
2020,MI,13,53311,223205,9369,285885,53311,223205,1,1,53311,223205,D,-
2020,MI,14,62664,271370,8269,342303,62664,271370,1,1,62664,271370,D,-
2020,MN,1,179234,167890,21448,368856,179234,167890,1,1,179234,167890,R,-
2020,MN,2,194954,204534,24751,424512,194954,204534,1,1,194954,204534,D,-
2020,MN,3,196625,246666,0,443603,196625,246666,1,1,196625,246666,D,-
2020,MN,4,112730,245813,29537,389114,112730,245813,1,1,112730,245813,D,-
2020,MN,5,102878,255924,37979,398229,102878,255924,1,1,102878,255924,D,-
2020,MN,6,270901,140853,0,412307,270901,140853,1,1,270901,140853,R,-
2020,MN,7,194066,144840,24209,363477,194066,144840,1,1,194066,144840,R,-
2020,MN,8,223432,147853,22190,393711,223432,147853,1,1,223432,147853,R,-
2020,MS,1,228787,104008,0,332795,228787,104008,1,1,228787,104008,R,-
2020,MS,2,101010,196224,0,297234,101010,196224,1,1,101010,196224,D,-
2020,MS,3,221064,120782,0,341846,221064,120782,1,1,221064,120782,R,-
2020,MS,4,255971,0,0,255971,255971,0,1,0,255971,0,R,-
2020,MO,1,59940,249087,7144,316171,59940,249087,1,1,59940,249087,D,-
2020,MO,2,233157,204540,11651,449348,233157,204540,1,1,233157,204540,R,-
2020,MO,3,282866,116095,8387,407348,282866,116095,1,1,282866,116095,R,-
2020,MO,4,245247,107635,9954,362836,245247,107635,1,1,245247,107635,R,-
2020,MO,5,135934,207180,9316,352430,135934,207180,1,1,135934,207180,D,-
2020,MO,6,258709,118926,8144,385779,258709,118926,1,1,258709,118926,R,-
2020,MO,7,254318,98111,16854,369283,254318,98111,1,1,254318,98111,R,-
2020,MO,8,253811,70561,5854,330226,253811,70561,1,1,253811,70561,R,-
2020,MT,0,339169,262340,0,601509,339169,262340,1,1,339169,262340,R,-
2020,NE,1,189006,119622,8938,317566,189006,119622,1,1,189006,119622,R,-
2020,NE,2,171071,155706,10185,336962,171071,155706,1,1,171071,155706,R,-
2020,NE,3,225157,50690,10923,286770,225157,50690,1,1,225157,50690,R,-
2020,NV,1,74490,137868,10855,223213,74490,137868,1,1,74490,137868,D,-
2020,NV,2,216078,155780,10815,382673,216078,155780,1,1,216078,155780,R,-
2020,NV,3,190975,203421,22856,417252,190975,203421,1,1,190975,203421,D,-
2020,NV,4,152284,168457,11728,332469,152284,168457,1,1,152284,168457,D,-
2020,NH,1,185159,205606,9747,400661,185159,205606,1,1,185159,205606,D,-
2020,NH,2,168886,208289,9119,386441,168886,208289,1,1,168886,208289,D,-
2020,NJ,1,144463,240567,0,385030,144463,240567,1,1,144463,240567,D,-
2020,NJ,2,195526,173849,7172,376547,195526,173849,1,1,195526,173849,R,-
2020,NJ,3,196327,229840,5595,431762,196327,229840,1,1,196327,229840,D,-
2020,NJ,4,254103,162420,7845,424368,254103,162420,1,1,254103,162420,R,-
2020,NJ,5,193333,225175,5128,423636,193333,225175,1,1,193333,225175,D,-
2020,NJ,6,126760,199648,0,326408,126760,199648,1,1,126760,199648,D,-
2020,NJ,7,214318,219629,0,433947,214318,219629,1,1,214318,219629,D,-
2020,NJ,8,58686,176758,3329,238773,58686,176758,1,1,58686,176758,D,-
2020,NJ,9,98629,203674,7239,309542,98629,203674,1,1,98629,203674,D,-
2020,NJ,10,40298,241522,8189,290009,40298,241522,1,1,40298,241522,D,-
2020,NJ,11,206013,235163,0,441176,206013,235163,1,1,206013,235163,D,-
2020,NJ,12,114591,230883,6251,351725,114591,230883,1,1,114591,230883,D,-
2020,NM,1,134337,186953,0,321290,134337,186953,1,1,134337,186953,D,-
2020,NM,2,142283,122546,117,264946,142283,122546,1,1,142283,122546,R,-
2020,NM,3,131166,186282,0,317448,131166,186282,1,1,131166,186282,D,-
2020,NY,1,199763,157484,0,370441,175775,149724,1,1,199763,157484,R,F
2020,NY,2,177353,154123,3446,358439,158130,144737,1,1,177353,154123,R,F
2020,NY,3,161907,208412,2154,398701,147437,195927,1,1,161907,208412,D,F
2020,NY,4,153007,199762,3024,385015,139559,199762,1,1,153007,199762,D,F
2020,NY,5,0,229125,0,277909,0,229125,0,1,0,229125,D,-
2020,NY,6,74829,158862,0,249493,67735,144149,1,1,74829,158862,D,F
2020,NY,7,32520,191073,1522,235169,29404,156889,1,1,32520,191073,D,F
2020,NY,8,42007,234933,0,285735,39124,207111,1,1,42007,234933,D,F
2020,NY,9,43950,230221,2696,287412,40110,195758,1,1,43950,230221,D,F
2020,NY,10,66889,206310,3370,289130,61045,181215,1,1,66889,206310,D,F
2020,NY,11,155608,137198,0,301351,143420,134625,1,1,155608,137198,R,F
2020,NY,12,53061,265172,4015,336079,49157,265172,1,1,53061,265172,D,F
2020,NY,13,19829,231841,3295,267236,19829,202916,1,1,19829,231841,D,F
2020,NY,14,58440,152661,2000,223611,52477,152661,1,1,58440,152661,D,F
2020,NY,15,21221,169533,0,200205,18984,169533,1,1,21221,169533,D,F
2020,NY,16,0,218471,41085,266060,0,218471,0,1,0,218471,D,-
2020,NY,17,117307,197353,17995,344641,117307,183975,1,1,117307,197353,D,F
2020,NY,18,145098,187169,3162,356173,128568,170899,1,1,145098,187169,D,F
2020,NY,19,151475,192100,7023,370433,151475,168281,1,1,151475,192100,D,F
2020,NY,20,139446,219705,0,369372,120839,194071,1,1,139446,219705,D,F
2020,NY,21,188649,131992,0,325789,169679,122419,1,1,188649,131992,R,F
2020,NY,22,156098,155989,6780,326568,143291,138898,1,1,156098,155989,R,F
2020,NY,23,181060,129014,3650,324015,161830,116062,1,1,181060,129014,R,F
2020,NY,24,182567,147638,13232,352139,156025,147638,1,1,182567,147638,R,F
2020,NY,25,136198,206396,5325,367377,115940,187503,1,1,136198,206396,D,F
2020,NY,26,91687,223276,4628,337745,91687,202315,1,1,91687,223276,D,F
2020,NY,27,229044,149559,4884,398191,192756,136783,1,1,229044,149559,R,F
2020,NC,1,159748,188870,0,348618,159748,188870,1,1,159748,188870,D,-
2020,NC,2,172544,311887,10914,495345,172544,311887,1,1,172544,311887,D,-
2020,NC,3,229800,132752,0,362552,229800,132752,1,1,229800,132752,R,-
2020,NC,4,161298,332421,0,493719,161298,332421,1,1,161298,332421,D,-
2020,NC,5,257843,119846,7555,385244,257843,119846,1,1,257843,119846,R,-
2020,NC,6,153598,253531,0,407129,153598,253531,1,1,153598,253531,D,-
2020,NC,7,272443,179045,294,452208,272443,179045,1,1,272443,179045,R,-
2020,NC,8,202774,177781,0,380555,202774,177781,1,1,202774,177781,R,-
2020,NC,9,224661,179463,0,404124,224661,179463,1,1,224661,179463,R,-
2020,NC,10,284095,128189,0,412284,284095,128189,1,1,284095,128189,R,-
2020,NC,11,245351,190609,14185,450145,245351,190609,1,1,245351,190609,R,-
2020,NC,12,0,341457,0,341457,0,341457,0,1,0,341457,D,-
2020,NC,13,267181,124684,0,391865,267181,124684,1,1,267181,124684,R,-
2020,ND,0,245229,97970,12024,355598,245229,97970,1,1,245229,97970,R,-
2020,OH,1,199560,172022,13703,385285,199560,172022,1,1,199560,172022,R,-
2020,OH,2,230430,146781,37,377248,230430,146781,1,1,230430,146781,R,-
2020,OH,3,93569,227420,103,321092,93569,227420,1,1,93569,227420,D,-
2020,OH,4,235875,101897,9854,347626,235875,101897,1,1,235875,101897,R,-
2020,OH,5,257019,120962,0,377981,257019,120962,1,1,257019,120962,R,-
2020,OH,6,249130,85661,0,334791,249130,85661,1,1,249130,85661,R,-
2020,OH,7,236607,102271,11671,350549,236607,102271,1,1,236607,102271,R,-
2020,OH,8,246277,110766,114,357157,246277,110766,1,1,246277,110766,R,-
2020,OH,9,111385,190328,39,301752,111385,190328,1,1,111385,190328,D,-
2020,OH,10,212972,151976,0,364948,212972,151976,1,1,212972,151976,R,-
2020,OH,11,60323,242098,0,302421,60323,242098,1,1,60323,242098,D,-
2020,OH,12,241790,182847,13035,437672,241790,182847,1,1,241790,182847,R,-
2020,OH,13,148648,173631,8522,330801,148648,173631,1,1,148648,173631,D,-
2020,OH,14,238864,158586,0,397450,238864,158586,1,1,238864,158586,R,-
2020,OH,15,243103,140183,75,383361,243103,140183,1,1,243103,140183,R,-
2020,OH,16,247335,144071,0,391406,247335,144071,1,1,247335,144071,R,-
2020,OK,1,213700,109641,12130,335471,213700,109641,1,1,213700,109641,R,-
2020,OK,2,216511,63472,8544,288527,216511,63472,1,1,216511,63472,R,-
2020,OK,3,242677,66501,0,309178,242677,66501,1,1,242677,66501,R,-
2020,OK,4,213096,90459,10803,314358,213096,90459,1,1,213096,90459,R,-
2020,OK,5,158191,145658,0,303849,158191,145658,1,1,158191,145658,R,-
2020,OR,1,161928,297071,0,459899,161928,297071,1,1,161928,297071,D,-
2020,OR,2,273835,168881,14094,457433,273835,168881,1,1,273835,168881,R,-
2020,OR,3,110570,343574,15741,470506,110570,343574,1,1,110570,343574,D,-
2020,OR,4,216081,240950,10118,467705,216081,240950,1,1,216081,240950,D,-
2020,OR,5,204372,234863,12640,452646,204372,234863,1,1,204372,234863,D,-
2020,PA,1,249804,191875,0,441679,249804,191875,1,1,249804,191875,R,-
2020,PA,2,75022,198140,0,273162,75022,198140,1,1,75022,198140,D,-
2020,PA,3,33671,341708,0,375379,33671,341708,1,1,33671,341708,D,-
2020,PA,4,179926,264637,0,444563,179926,264637,1,1,179926,264637,D,-
2020,PA,5,139552,255743,0,395295,139552,255743,1,1,139552,255743,D,-
2020,PA,6,177526,226440,0,403966,177526,226440,1,1,177526,226440,D,-
2020,PA,7,181407,195475,0,376882,181407,195475,1,1,181407,195475,D,-
2020,PA,8,165783,178004,0,343787,165783,178004,1,1,165783,178004,D,-
2020,PA,9,232988,118266,0,351254,232988,118266,1,1,232988,118266,R,-
2020,PA,10,208896,182938,0,391834,208896,182938,1,1,208896,182938,R,-
2020,PA,11,241915,141325,0,383240,241915,141325,1,1,241915,141325,R,-
2020,PA,12,241035,99199,0,340234,241035,99199,1,1,241035,99199,R,-
2020,PA,13,267789,96612,0,364401,267789,96612,1,1,267789,96612,R,-
2020,PA,14,241688,131895,0,373583,241688,131895,1,1,241688,131895,R,-
2020,PA,15,255058,92156,0,347214,255058,92156,1,1,255058,92156,R,-
2020,PA,16,210088,143962,0,354050,210088,143962,1,1,210088,143962,R,-
2020,PA,17,212284,222253,0,434537,212284,222253,1,1,212284,222253,D,-
2020,PA,18,118163,266084,0,384247,118163,266084,1,1,118163,266084,D,-
2020,RI,1,0,158550,63757,223860,0,158550,0,1,0,158550,D,-
2020,RI,2,109894,154086,0,264557,109894,154086,1,1,109894,154086,D,-
2020,SC,1,216042,210627,0,427111,216042,210627,1,1,216042,210627,R,-
2020,SC,2,202715,155118,6163,364215,202715,155118,1,1,202715,155118,R,-
2020,SC,3,237544,95712,0,333564,237544,95712,1,1,237544,95712,R,-
2020,SC,4,222126,133023,5090,360550,222126,133023,1,1,222126,133023,R,-
2020,SC,5,220006,145979,0,366258,220006,145979,1,1,220006,145979,R,-
2020,SC,6,89258,197477,2646,289653,89258,197477,1,1,89258,197477,D,-
2020,SC,7,224993,138863,0,364091,224993,138863,1,1,224993,138863,R,-
2020,SD,0,321984,0,75748,397732,321984,0,1,0,321984,0,R,-
2020,TN,1,228181,68617,8625,305423,228181,68617,1,1,228181,68617,R,-
2020,TN,2,238907,109684,4606,353197,238907,109684,1,1,238907,109684,R,-
2020,TN,3,215571,97687,7041,320299,215571,97687,1,1,215571,97687,R,-
2020,TN,4,223802,111908,0,335710,223802,111908,1,1,223802,111908,R,-
2020,TN,5,0,252155,14,252169,0,252155,0,1,0,252155,D,-
2020,TN,6,257572,83852,8154,349578,257572,83852,1,1,257572,83852,R,-
2020,TN,7,245188,95839,9608,350635,245188,95839,1,1,245188,95839,R,-
2020,TN,8,227216,97890,6747,331853,227216,97890,1,1,227216,97890,R,-
2020,TN,9,48818,187905,6157,242880,48818,187905,1,1,48818,187905,D,-
2020,TX,1,219726,83016,0,302742,219726,83016,1,1,219726,83016,R,-
2020,TX,2,192828,148374,5524,346726,192828,148374,1,1,192828,148374,R,-
2020,TX,3,230512,179458,8621,418591,230512,179458,1,1,230512,179458,R,-
2020,TX,4,253837,76326,7640,337803,253837,76326,1,1,253837,76326,R,-
2020,TX,5,173836,100743,5834,280413,173836,100743,1,1,173836,100743,R,-
2020,TX,6,179507,149530,10955,339992,179507,149530,1,1,179507,149530,R,-
2020,TX,7,149054,159529,5542,314125,149054,159529,1,1,149054,159529,D,-
2020,TX,8,277327,97409,7735,382471,277327,97409,1,1,277327,97409,R,-
2020,TX,9,49575,172938,6594,229107,49575,172938,1,1,49575,172938,D,-
2020,TX,10,217216,187686,8992,413894,217216,187686,1,1,217216,187686,R,-
2020,TX,11,232568,53394,5811,291773,232568,53394,1,1,232568,53394,R,-
2020,TX,12,233853,121250,11918,367021,233853,121250,1,1,233853,121250,R,-
2020,TX,13,217124,50477,5907,273508,217124,50477,1,1,217124,50477,R,-
2020,TX,14,190541,118574,0,309115,190541,118574,1,1,190541,118574,R,-
2020,TX,15,109017,115605,4295,228917,109017,115605,1,1,109017,115605,D,-
2020,TX,16,84006,154108,0,238114,84006,154108,1,1,84006,154108,D,-
2020,TX,17,171390,125565,9918,306873,171390,125565,1,1,171390,125565,R,-
2020,TX,18,58033,180952,7910,246895,58033,180952,1,1,58033,180952,D,-
2020,TX,19,198198,60583,6271,265052,198198,60583,1,1,198198,60583,R,-
2020,TX,20,89628,175078,6017,270723,89628,175078,1,1,89628,175078,D,-
2020,TX,21,235740,205780,12230,453750,235740,205780,1,1,235740,205780,R,-
2020,TX,22,210259,181998,15791,408048,210259,181998,1,1,210259,181998,R,-
2020,TX,23,149395,137693,8369,295457,149395,137693,1,1,149395,137693,R,-
2020,TX,24,167910,163326,12785,344021,167910,163326,1,1,167910,163326,R,-
2020,TX,25,220088,165697,7738,393523,220088,165697,1,1,220088,165697,R,-
2020,TX,26,261963,161009,9243,432215,261963,161009,1,1,261963,161009,R,-
2020,TX,27,172305,95466,5482,273253,172305,95466,1,1,172305,95466,R,-
2020,TX,28,91925,137494,6425,235844,91925,137494,1,1,91925,137494,D,-
2020,TX,29,42840,111305,2328,156473,42840,111305,1,1,42840,111305,D,-
2020,TX,30,48685,204928,10851,264464,48685,204928,1,1,48685,204928,D,-
2020,TX,31,212695,176293,9069,398057,212695,176293,1,1,212695,176293,R,-
2020,TX,32,157867,178542,7278,343687,157867,178542,1,1,157867,178542,D,-
2020,TX,33,39638,105317,12651,157606,39638,105317,1,1,39638,105317,D,-
2020,TX,34,84119,111439,5469,201027,84119,111439,1,1,84119,111439,D,-
2020,TX,35,80795,176373,12629,269797,80795,176373,1,1,80795,176373,D,-
2020,TX,36,222712,73418,6419,302549,222712,73418,1,1,222712,73418,R,-
2020,UT,1,237988,104194,169,342351,237988,104194,1,1,237988,104194,R,-
2020,UT,2,208997,129762,15465,354224,208997,129762,1,1,208997,129762,R,-
2020,UT,3,246674,96067,16186,358927,246674,96067,1,1,246674,96067,R,-
2020,UT,4,179688,175923,21119,376730,179688,175923,1,1,179688,175923,R,-
2020,VT,0,95830,238827,19638,370968,95830,238827,1,1,95830,238827,D,-
2020,VA,1,260614,186923,0,448178,260614,186923,1,1,260614,186923,R,-
2020,VA,2,165031,185733,9170,360277,165031,185733,1,1,165031,185733,D,-
2020,VA,3,107299,233326,0,341361,107299,233326,1,1,107299,233326,D,-
2020,VA,4,149625,241142,0,391345,149625,241142,1,1,149625,241142,D,-
2020,VA,5,210988,190315,0,402317,210988,190315,1,1,210988,190315,R,-
2020,VA,6,246606,134729,0,381813,246606,134729,1,1,246606,134729,R,-
2020,VA,7,222623,230893,0,454339,222623,230893,1,1,222623,230893,D,-
2020,VA,8,95365,301454,0,397745,95365,301454,1,1,95365,301454,D,-
2020,VA,9,271851,0,0,289274,271851,0,1,0,271851,0,R,-
2020,VA,10,206253,268734,0,475546,206253,268734,1,1,206253,268734,D,-
2020,VA,11,111380,280725,0,393241,111380,280725,1,1,111380,280725,D,-
2020,WA,1,176407,249944,0,426862,176407,249944,1,1,176407,249944,D,-
2020,WA,2,148384,255252,0,404598,148384,255252,1,1,148384,255252,D,-
2020,WA,3,235579,181347,0,417903,235579,181347,1,1,235579,181347,R,-
2020,WA,4,202108,102667,0,305263,202108,102667,1,1,202108,102667,R,-
2020,WA,5,247815,155737,0,404360,247815,155737,1,1,247815,155737,R,-
2020,WA,6,168783,247429,0,417216,168783,247429,1,1,168783,247429,D,-
2020,WA,7,78240,387109,0,466462,78240,387109,1,1,78240,387109,D,-
2020,WA,8,198423,213123,0,412112,198423,213123,1,1,198423,213123,D,-
2020,WA,9,89697,258771,0,349050,89697,258771,1,1,89697,258771,D,-
2020,WA,10,0,288977,0,340407,0,288977,0,2,0,288977,D,S
2020,WV,1,180488,81177,58,261723,180488,81177,1,1,180488,81177,R,-
2020,WV,2,172195,100799,0,272994,172195,100799,1,1,172195,100799,R,-
2020,WV,3,161585,64927,156,226668,161585,64927,1,1,161585,64927,R,-
2020,WI,1,238271,163170,0,401754,238271,163170,1,1,238271,163170,R,-
2020,WI,2,138306,318523,0,457205,138306,318523,1,1,138306,318523,D,-
2020,WI,3,189524,199870,0,389618,189524,199870,1,1,189524,199870,D,-
2020,WI,4,70769,232668,7911,311697,70769,232668,1,1,70769,232668,D,-
2020,WI,5,265434,175902,0,441599,265434,175902,1,1,265434,175902,R,-
2020,WI,6,238874,164239,0,403333,238874,164239,1,1,238874,164239,R,-
2020,WI,7,252048,162741,0,415007,252048,162741,1,1,252048,162741,R,-
2020,WI,8,268173,149558,0,417838,268173,149558,1,1,268173,149558,R,-
2020,WY,0,185732,66576,18059,278503,185732,66576,1,1,185732,66576,R,-
2022,AL,1,140592,0,26369,168150,140592,0,1,0,140592,0,R,-
2022,AL,2,137460,58014,3396,198961,137460,58014,1,1,137460,58014,R,-
2022,AL,3,135602,47859,6865,190406,135602,47859,1,1,135602,47859,R,-
2022,AL,4,164655,26694,4303,195733,164655,26694,1,1,164655,26694,R,-
2022,AL,5,142435,62740,6773,212317,142435,62740,1,1,142435,62740,R,-
2022,AL,6,154233,0,27833,184203,154233,0,1,0,154233,0,R,-
2022,AL,7,67416,123233,3212,193940,67416,123233,1,1,67416,123233,D,-
2022,AK,0,129379,128553,4570,263610,129379,128553,2,1,112471,137263,D,A
2022,AZ,1,182336,179141,0,361477,182336,179141,1,1,182336,179141,R,-
2022,AZ,2,174169,149151,76,323396,174169,149151,1,1,174169,149151,R,-
2022,AZ,3,32475,108599,0,141074,32475,108599,1,1,32475,108599,D,-
2022,AZ,4,116521,148941,36,265498,116521,148941,1,1,116521,148941,D,-
2022,AZ,5,182464,120243,18883,321590,182464,120243,1,1,182464,120243,R,-
2022,AZ,6,177201,171969,113,349283,177201,171969,1,1,177201,171969,R,-
2022,AZ,7,69444,126418,0,195862,69444,126418,1,1,69444,126418,D,-
2022,AZ,8,197555,0,7158,204713,197555,0,1,0,197555,0,R,-
2022,AZ,9,192796,0,4389,197185,192796,0,1,0,192796,0,R,-
2022,AR,1,153774,54598,0,208372,153774,54598,1,1,153774,54598,R,-
2022,AR,2,147975,86887,11584,246446,147975,86887,1,1,147975,86887,R,-
2022,AR,3,142401,73541,7646,223588,142401,73541,1,1,142401,73541,R,-
2022,AR,4,153850,56745,6101,216696,153850,56745,1,1,153850,56745,R,-
2022,CA,1,152839,93386,0,246225,152839,93386,1,1,152839,93386,R,-
2022,CA,2,79029,229720,0,308749,79029,229720,1,1,79029,229720,D,-
2022,CA,3,181438,156761,0,338199,181438,156761,1,1,181438,156761,R,-
2022,CA,4,84007,176900,0,260907,84007,176900,1,1,84007,176900,D,-
2022,CA,5,173524,109506,0,283030,173524,109506,1,1,173524,109506,R,-
2022,CA,6,95325,121058,0,216383,95325,121058,1,1,95325,121058,D,-
2022,CA,7,70033,150618,0,220651,70033,150618,1,1,70033,150618,D,-
2022,CA,8,46634,145501,0,192135,46634,145501,1,1,46634,145501,D,-
2022,CA,9,78802,95598,0,174400,78802,95598,1,1,78802,95598,D,-
2022,CA,10,0,198415,52965,251380,0,198415,0,1,0,198415,D,-
2022,CA,11,42217,220848,0,263065,42217,220848,1,1,42217,220848,D,-
2022,CA,12,22859,217110,0,239969,22859,217110,1,1,22859,217110,D,-
2022,CA,13,67060,66496,0,133556,67060,66496,1,1,67060,66496,R,-
2022,CA,14,60852,137612,0,198464,60852,137612,1,1,60852,137612,D,-
2022,CA,15,0,194874,0,194874,0,194874,0,2,0,194874,D,S
2022,CA,16,0,241007,0,241007,0,241007,0,2,0,241007,D,S
2022,CA,17,52400,127853,0,180253,52400,127853,1,1,52400,127853,D,-
2022,CA,18,51737,99776,0,151513,51737,99776,1,1,51737,99776,D,-
2022,CA,19,88816,194494,0,283310,88816,194494,1,1,88816,194494,D,-
2022,CA,20,153847,74934,0,228781,153847,74934,1,1,153847,74934,R,-
2022,CA,21,57573,68074,0,125647,57573,68074,1,1,57573,68074,D,-
2022,CA,22,52994,49862,0,102856,52994,49862,1,1,52994,49862,R,-
2022,CA,23,103197,65908,0,169105,103197,65908,1,1,103197,65908,R,-
2022,CA,24,103533,159019,0,262552,103533,159019,1,1,103533,159019,D,-
2022,CA,25,65101,87641,0,152742,65101,87641,1,1,65101,87641,D,-
2022,CA,26,112214,134575,0,246789,112214,134575,1,1,112214,134575,D,-
2022,CA,27,104624,91892,0,196516,104624,91892,1,1,104624,91892,R,-
2022,CA,28,76495,150062,0,226557,76495,150062,1,1,76495,150062,D,-
2022,CA,29,0,119435,0,119435,0,119435,0,2,0,119435,D,S
2022,CA,30,0,211068,0,211068,0,211068,0,2,0,211068,D,S
2022,CA,31,62153,91472,0,153625,62153,91472,1,1,62153,91472,D,-
2022,CA,32,74618,167411,0,242029,74618,167411,1,1,74618,167411,D,-
2022,CA,33,56119,76588,0,132707,56119,76588,1,1,56119,76588,D,-
2022,CA,34,0,121467,0,121467,0,121467,0,2,0,121467,D,S
2022,CA,35,55832,75121,0,130953,55832,75121,1,1,55832,75121,D,-
2022,CA,36,84264,194299,0,278563,84264,194299,1,1,84264,194299,D,-
2022,CA,37,0,131880,0,131880,0,131880,0,2,0,131880,D,S
2022,CA,38,73051,101260,0,174311,73051,101260,1,1,73051,101260,D,-
2022,CA,39,55701,75896,0,131597,55701,75896,1,1,55701,75896,D,-
2022,CA,40,161589,122722,0,284311,161589,122722,1,1,161589,122722,R,-
2022,CA,41,123869,112769,0,236638,123869,112769,1,1,123869,112769,R,-
2022,CA,42,45903,99217,0,145120,45903,99217,1,1,45903,99217,D,-
2022,CA,43,27985,95462,0,123447,27985,95462,1,1,27985,95462,D,-
2022,CA,44,38554,100160,0,138714,38554,100160,1,1,38554,100160,D,-
2022,CA,45,113960,103466,0,217426,113960,103466,1,1,113960,103466,R,-
2022,CA,46,48257,78041,0,126298,48257,78041,1,1,48257,78041,D,-
2022,CA,47,128261,137374,0,265635,128261,137374,1,1,128261,137374,D,-
2022,CA,48,155171,101900,0,257071,155171,101900,1,1,155171,101900,R,-
2022,CA,49,138194,153541,0,291735,138194,153541,1,1,138194,153541,D,-
2022,CA,50,99819,168816,0,268635,99819,168816,1,1,99819,168816,D,-
2022,CA,51,88886,144186,0,233072,88886,144186,1,1,88886,144186,D,-
2022,CA,52,50330,100686,0,151016,50330,100686,1,1,50330,100686,D,-
2022,CO,1,49530,226929,6157,282616,49530,226929,1,1,49530,226929,D,-
2022,CO,2,97700,244107,7032,348839,97700,244107,1,1,97700,244107,D,-
2022,CO,3,163839,163293,153,327285,163839,163293,1,1,163839,163293,R,-
2022,CO,4,216024,129619,8870,354513,216024,129619,1,1,216024,129619,R,-
2022,CO,5,155528,111978,10458,277964,155528,111978,1,1,155528,111978,R,-
2022,CO,6,105084,170140,5531,280755,105084,170140,1,1,105084,170140,D,-
2022,CO,7,150510,204984,8107,363601,150510,204984,1,1,150510,204984,D,-
2022,CO,8,112745,114377,9379,236501,112745,114377,1,1,112745,114377,D,-
2022,CT,1,91506,149556,2851,243913,91506,144873,1,1,91506,149556,D,F
2022,CT,2,114506,165946,4579,285031,114506,165946,1,1,114506,165946,D,-
2022,CT,3,98704,137924,6023,242651,98704,137924,1,1,98704,137924,D,-
2022,CT,4,95822,140262,0,236084,93329,140262,1,1,95822,140262,D,F
2022,CT,5,125834,127838,0,253672,123342,123818,1,1,125834,127838,D,F
2022,DE,0,138201,178416,5032,321649,138201,178416,1,1,138201,178416,D,-
2022,FL,1,197349,93467,0,290816,197349,93467,1,1,197349,93467,R,-
2022,FL,2,180236,121153,0,301389,180236,121153,1,1,180236,121153,R,-
2022,FL,3,178101,103382,3410,284893,178101,103382,1,1,178101,103382,R,-
2022,FL,4,165696,108402,5,274103,165696,108402,1,1,165696,108402,R,-
2022,FL,5,0,0,0,0,0,0,1,0,0,0,R,U
2022,FL,6,226548,0,74207,300755,226548,0,1,0,226548,0,R,-
2022,FL,7,177966,126079,10,304055,177966,126079,1,1,177966,126079,R,-
2022,FL,8,222128,120080,0,342208,222128,120080,1,1,222128,120080,R,-
2022,FL,9,93827,108541,0,202368,93827,108541,1,1,93827,108541,D,-
2022,FL,10,78844,117955,3111,199910,78844,117955,1,1,78844,117955,D,-
2022,FL,11,205995,115647,4967,326609,205995,115647,1,1,205995,115647,R,-
2022,FL,12,226601,95390,4,321995,226601,95390,1,1,226601,95390,R,-
2022,FL,13,181487,153876,6183,341546,181487,153876,1,1,181487,153876,R,-
2022,FL,14,113427,149737,0,263164,113427,149737,1,1,113427,149737,D,-
2022,FL,15,145219,102835,0,248054,145219,102835,1,1,145219,102835,R,-
2022,FL,16,189762,115575,21,305358,189762,115575,1,1,189762,115575,R,-
2022,FL,17,222483,123798,2225,348506,222483,123798,1,1,222483,123798,R,-
2022,FL,18,167429,0,56805,224234,167429,0,1,0,167429,0,R,-
2022,FL,19,213035,100226,13,313274,213035,100226,1,1,213035,100226,R,-
2022,FL,20,52151,136215,0,188366,52151,136215,1,1,52151,136215,D,-
2022,FL,21,208614,119891,0,328505,208614,119891,1,1,208614,119891,R,-
2022,FL,22,122194,150010,0,272204,122194,150010,1,1,122194,150010,D,-
2022,FL,23,130681,143951,4417,279049,130681,143951,1,1,130681,143951,D,-
2022,FL,24,52449,133442,0,185891,52449,133442,1,1,52449,133442,D,-
2022,FL,25,105239,129113,0,234352,105239,129113,1,1,105239,129113,D,-
2022,FL,26,143240,58868,0,202108,143240,58868,1,1,143240,58868,R,-
2022,FL,27,136038,101404,0,237442,136038,101404,1,1,136038,101404,R,-
2022,FL,28,134457,76665,28,211150,134457,76665,1,1,134457,76665,R,-
2022,GA,1,156128,107837,0,263965,156128,107837,1,1,156128,107837,R,-
2022,GA,2,108665,132675,0,241340,108665,132675,1,1,108665,132675,D,-
2022,GA,3,213524,97057,0,310581,213524,97057,1,1,213524,97057,R,-
2022,GA,4,59302,216332,0,275634,59302,216332,1,1,59302,216332,D,-
2022,GA,5,51769,243687,0,295456,51769,243687,1,1,51769,243687,D,-
2022,GA,6,206886,125612,0,332498,206886,125612,1,1,206886,125612,R,-
2022,GA,7,91962,143063,14,235039,91962,143063,1,1,91962,143063,D,-
2022,GA,8,178700,81886,0,260586,178700,81886,1,1,178700,81886,R,-
2022,GA,9,212820,81318,0,294138,212820,81318,1,1,212820,81318,R,-
2022,GA,10,198523,109107,0,307630,198523,109107,1,1,198523,109107,R,-
2022,GA,11,190086,113571,0,303657,190086,113571,1,1,190086,113571,R,-
2022,GA,12,158047,107148,0,265195,158047,107148,1,1,158047,107148,R,-
2022,GA,13,48228,216388,0,264616,48228,216388,1,1,48228,216388,D,-
2022,GA,14,170162,88189,0,258351,170162,88189,1,1,170162,88189,R,-
2022,HI,1,51217,143546,0,202378,51217,143546,1,1,51217,143546,D,-
2022,HI,2,72874,128407,5130,216985,72874,128407,1,1,72874,128407,D,-
2022,ID,1,222901,82261,7280,312442,222901,82261,1,1,222901,82261,R,-
2022,ID,2,172450,98736,0,271186,172450,98736,1,1,172450,98736,R,-
2022,IL,1,78258,159142,25,237425,78258,159142,1,1,78258,159142,D,-
2022,IL,2,68761,140414,0,209175,68761,140414,1,1,68761,140414,D,-
2022,IL,3,55995,121764,0,177759,55995,121764,1,1,55995,121764,D,-
2022,IL,4,37352,91036,4659,133047,37352,91036,1,1,37352,91036,D,-
2022,IL,5,79112,190999,4439,274550,79112,190999,1,1,79112,190999,D,-
2022,IL,6,126351,150496,12,276859,126351,150496,1,1,126351,150496,D,-
2022,IL,7,0,167650,96,167746,0,167650,0,1,0,167650,D,-
2022,IL,8,89335,117880,0,207215,89335,117880,1,1,89335,117880,D,-
2022,IL,9,70915,179615,0,250530,70915,179615,1,1,70915,179615,D,-
2022,IL,10,89599,152566,0,242165,89599,152566,1,1,89599,152566,D,-
2022,IL,11,115069,149172,0,264241,115069,149172,1,1,115069,149172,D,-
2022,IL,12,218379,72791,1,291171,218379,72791,1,1,218379,72791,R,-
2022,IL,13,108646,141788,16,250450,108646,141788,1,1,108646,141788,D,-
2022,IL,14,108451,128141,8,236600,108451,128141,1,1,108451,128141,D,-
2022,IL,15,213007,86396,0,299403,213007,86396,1,1,213007,86396,R,-
2022,IL,16,197621,100325,0,297946,197621,100325,1,1,197621,100325,R,-
2022,IL,17,111931,121186,6,233123,111931,121186,1,1,111931,121186,D,-
2022,IN,1,100542,112656,9,213207,100542,112656,1,1,100542,112656,D,-
2022,IN,2,125313,62891,5869,194073,125313,62891,1,1,125313,62891,R,-
2022,IN,3,131579,60577,9386,201542,131579,60577,1,1,131579,60577,R,-
2022,IN,4,134864,62834,0,197698,134864,62834,1,1,134864,62834,R,-
2022,IN,5,146575,93434,0,240009,146575,93434,1,1,146575,93434,R,-
2022,IN,6,130686,62838,0,193524,130686,62838,1,1,130686,62838,R,-
2022,IN,7,53631,117309,4240,175180,53631,117309,1,1,53631,117309,D,-
2022,IN,8,141995,68109,5936,216040,141995,68109,1,1,141995,68109,R,-
2022,IN,9,143166,75700,6410,225276,143166,75700,1,1,143166,75700,R,-
2022,IA,1,162947,142173,0,309736,162947,142173,1,1,162947,142173,R,-
2022,IA,2,172181,145940,0,321507,172181,145940,1,1,172181,145940,R,-
2022,IA,3,156262,154117,0,315039,156262,154117,1,1,156262,154117,R,-
2022,IA,4,186467,84230,6035,284134,186467,84230,1,1,186467,84230,R,-
2022,KS,1,161333,77092,0,238425,161333,77092,1,1,161333,77092,R,-
2022,KS,2,134506,98852,0,233358,134506,98852,1,1,134506,98852,R,-
2022,KS,3,128839,165527,6928,301294,128839,165527,1,1,128839,165527,D,-
2022,KS,4,144889,83851,0,228740,144889,83851,1,1,144889,83851,R,-
2022,KY,1,184157,61701,0,245858,184157,61701,1,1,184157,61701,R,-
2022,KY,2,170487,66769,0,237256,170487,66769,1,1,170487,66769,R,-
2022,KY,3,98637,160920,30,259587,98637,160920,1,1,98637,160920,D,-
2022,KY,4,167541,79977,10111,257629,167541,79977,1,1,167541,79977,R,-
2022,KY,5,177712,38549,9,216270,177712,38549,1,1,177712,38549,R,-
2022,KY,6,154762,83005,9051,246818,154762,83005,1,1,154762,83005,R,-
2022,LA,1,177670,61467,4907,244044,177670,61467,1,1,177670,61467,R,-
2022,LA,2,46927,158120,0,205047,46927,158120,1,1,46927,158120,D,-
2022,LA,3,174864,44813,4875,224552,174864,44813,4,2,174864,44813,R,S
2022,LA,4,0,0,0,0,0,0,1,0,0,0,R,U
2022,LA,5,169021,54532,0,223553,169021,54532,3,2,169021,54532,R,-
2022,LA,6,205219,0,30709,235928,205219,0,2,0,205219,0,R,-
2022,ME,1,129263,219753,0,358138,129263,219753,1,1,129263,219753,D,-
2022,ME,2,146142,165136,21655,656104,146142,165136,1,1,146142,165136,D,CM
2022,MD,1,159673,126511,6924,293358,159673,126511,1,1,159673,126511,R,-
2022,MD,2,109075,158998,0,268434,109075,158998,1,1,109075,158998,D,-
2022,MD,3,115801,175514,0,291602,115801,175514,1,1,115801,175514,D,-
2022,MD,4,15441,144168,0,160009,15441,144168,1,1,15441,144168,D,-
2022,MD,5,94000,182478,0,276920,94000,182478,1,1,94000,182478,D,-
2022,MD,6,115771,140295,0,256398,115771,140295,1,1,115771,140295,D,-
2022,MD,7,32737,151640,0,184801,32737,151640,1,1,32737,151640,D,-
2022,MD,8,47965,211842,4125,264206,47965,211842,1,1,47965,211842,D,-
2022,MA,1,98386,157635,0,263651,98386,157635,1,1,98386,157635,D,-
2022,MA,2,91956,180639,0,280071,91956,180639,1,1,91956,180639,D,-
2022,MA,3,88585,154496,0,251389,88585,154496,1,1,88585,154496,D,-
2022,MA,4,0,201882,0,291569,0,201882,0,1,0,201882,D,-
2022,MA,5,71491,203994,0,284881,71491,203994,1,1,71491,203994,D,-
2022,MA,6,110770,198119,5995,323032,110770,198119,1,1,110770,198119,D,-
2022,MA,7,27129,151825,0,189830,27129,151825,1,1,27129,151825,D,-
2022,MA,8,82126,189987,0,284583,82126,189987,1,1,82126,189987,D,-
2022,MA,9,136347,197823,0,342455,136347,197823,1,1,136347,197823,D,-
2022,MI,1,233094,145403,10102,388599,233094,145403,1,1,233094,145403,R,-
2022,MI,2,216222,116452,6847,339521,216222,116452,1,1,216222,116452,R,-
2022,MI,3,142229,185989,10770,338988,142229,185989,1,1,142229,185989,D,-
2022,MI,4,183936,143690,10722,338348,183936,143690,1,1,183936,143690,R,-
2022,MI,5,198020,110946,8292,317258,198020,110946,1,1,198020,110946,R,-
2022,MI,6,125167,241759,1,366927,125167,241759,1,1,125167,241759,D,-
2022,MI,7,172624,192809,7275,372708,172624,192809,1,1,172624,192809,D,-
2022,MI,8,143850,178322,13657,335829,143850,178322,1,1,143850,178322,D,-
2022,MI,9,238300,123702,10920,372922,238300,123702,1,1,238300,123702,R,-
2022,MI,10,159202,157602,9433,326237,159202,157602,1,1,159202,157602,R,-
2022,MI,11,141642,224537,0,366179,141642,224537,1,1,141642,224537,D,-
2022,MI,12,72888,196643,8046,277577,72888,196643,1,1,72888,196643,D,-
2022,MI,13,56187,166650,11607,234444,56187,166650,1,1,56187,166650,D,-
2022,MN,1,159621,125457,11332,296547,159621,125457,1,1,159621,125457,R,-
2022,MN,2,148576,165583,10728,325472,148576,165583,1,1,148576,165583,D,-
2022,MN,3,134797,198883,0,333921,134797,198883,1,1,134797,198883,D,-
2022,MN,4,95493,200055,0,295973,95493,200055,1,1,95493,200055,D,-
2022,MN,5,70702,214224,0,288206,70702,214224,1,1,70702,214224,D,-
2022,MN,6,198145,120852,0,319767,198145,120852,1,1,198145,120852,R,-
2022,MN,7,204766,84455,16421,305866,204766,84455,1,1,204766,84455,R,-
2022,MN,8,188755,141009,0,330080,188755,141009,1,1,188755,141009,R,-
2022,MS,1,122151,45238,0,167389,122151,45238,1,1,122151,45238,R,-
2022,MS,2,71884,108285,0,180169,71884,108285,1,1,71884,108285,D,-
2022,MS,3,132481,54803,0,187284,132481,54803,1,1,132481,54803,R,-
2022,MS,4,127813,42876,3569,174258,127813,42876,1,1,127813,42876,R,-
2022,MO,1,53767,160999,6192,220958,53767,160999,1,1,53767,160999,D,-
2022,MO,2,173277,135895,6494,315666,173277,135895,1,1,173277,135895,R,-
2022,MO,3,180746,96851,0,277597,180746,96851,1,1,180746,96851,R,-
2022,MO,4,181890,67069,6120,255079,181890,67069,1,1,181890,67069,R,-
2022,MO,5,84008,140688,5859,230555,84008,140688,1,1,84008,140688,D,-
2022,MO,6,184865,72253,5774,262892,184865,72253,1,1,184865,72253,R,-
2022,MO,7,178592,67485,5870,251947,178592,67485,1,1,178592,67485,R,-
2022,MO,8,186472,53738,5185,245395,186472,53738,1,1,186472,53738,R,-
2022,MT,1,123102,115265,9593,247960,123102,115265,1,1,123102,115265,R,-
2022,MT,2,121979,43480,50213,215672,121979,43480,1,1,121979,43480,R,-
2022,NE,1,129236,93929,0,223165,129236,93929,1,1,129236,93929,R,-
2022,NE,2,112663,106807,0,219470,112663,106807,1,1,112663,106807,R,-
2022,NE,3,172700,34836,13016,220552,172700,34836,1,1,172700,34836,R,-
2022,NV,1,103115,115700,5534,224349,103115,115700,1,1,103115,115700,D,-
2022,NV,2,185467,117371,7660,310498,185467,117371,1,1,185467,117371,R,-
2022,NV,3,121083,131086,0,252169,121083,131086,1,1,121083,131086,D,-
2022,NV,4,105870,116617,0,222487,105870,116617,1,1,105870,116617,D,-
2022,NH,1,142229,167391,0,309962,142229,167391,1,1,142229,167391,D,-
2022,NH,2,135579,171636,0,307584,135579,171636,1,1,135579,171636,D,-
2022,NJ,1,78794,139559,5531,223884,78794,139559,1,1,78794,139559,D,-
2022,NJ,2,139217,94522,2745,236484,139217,94522,1,1,139217,94522,R,-
2022,NJ,3,118415,150498,2463,271376,118415,150498,1,1,118415,150498,D,-
2022,NJ,4,173288,81233,4441,258962,173288,81233,1,1,173288,81233,R,-
2022,NJ,5,117873,145559,2511,265943,117873,145559,1,1,117873,145559,D,-
2022,NJ,6,75839,106238,2842,184919,75839,106238,1,1,75839,106238,D,-
2022,NJ,7,159392,150701,0,310093,159392,150701,1,1,159392,150701,R,-
2022,NJ,8,24957,78382,3134,106473,24957,78382,1,1,24957,78382,D,-
2022,NJ,9,65365,82457,2162,149984,65365,82457,1,1,65365,82457,D,-
2022,NJ,10,25993,100710,3004,129707,25993,100710,1,1,25993,100710,D,-
2022,NJ,11,109952,161436,2276,273664,109952,161436,1,1,109952,161436,D,-
2022,NJ,12,71175,125127,1925,198227,71175,125127,1,1,71175,125127,D,-
2022,NM,1,124151,156462,58,280671,124151,156462,1,1,124151,156462,D,-
2022,NM,2,95636,96986,51,192673,95636,96986,1,1,95636,96986,D,-
2022,NM,3,96565,134217,0,230782,96565,134217,1,1,96565,134217,D,-
2022,NY,1,177040,141907,0,327052,154046,135170,1,1,177040,141907,R,F
2022,NY,2,151178,97774,0,256117,130798,93299,1,1,151178,97774,R,F
2022,NY,3,145824,125404,0,279772,133859,120045,1,1,145824,125404,R,F
2022,NY,4,140622,130871,0,278548,129353,130871,1,1,140622,130871,R,F
2022,NY,5,34407,104396,0,144316,31405,104396,1,1,34407,104396,D,F
2022,NY,6,47935,85049,0,137692,44264,85049,1,1,47935,85049,D,F
2022,NY,7,28597,119473,0,153557,26351,95645,1,1,28597,119473,D,F
2022,NY,8,39060,99079,0,144476,36776,99079,1,1,39060,99079,D,F
2022,NY,9,0,116970,26521,167533,0,99771,0,1,0,116970,D,F
2022,NY,10,29058,160582,1447,202131,26711,160582,1,1,29058,160582,D,F
2022,NY,11,115992,71801,0,191083,107989,71801,1,1,115992,71801,R,F
2022,NY,12,44173,200890,631,251078,40994,184872,1,1,44173,200890,D,F
2022,NY,13,0,116589,0,142795,0,116589,0,1,0,116589,D,-
2022,NY,14,31935,82453,2208,122582,31935,74050,1,1,31935,82453,D,F
2022,NY,15,15882,76406,0,101732,15882,76406,1,1,15882,76406,D,-
2022,NY,16,74156,133567,0,221597,74156,127024,1,1,74156,133567,D,F
2022,NY,17,143550,141730,0,291308,125738,133457,1,1,143550,141730,R,F
2022,NY,18,131653,135245,0,272617,116972,123168,1,1,131653,135245,D,F
2022,NY,19,146004,141509,0,292577,129960,124396,1,1,146004,141509,R,F
2022,NY,20,130869,160420,0,295722,110903,145928,1,1,130869,160420,D,F
2022,NY,21,168579,116421,0,289617,150595,112645,1,1,168579,116421,R,F
2022,NY,22,135544,132913,0,273981,116529,132913,1,1,135544,132913,R,F
2022,NY,23,192694,104114,0,306126,163000,104114,1,1,192694,104114,R,F
2022,NY,24,182054,95028,0,285525,156347,95028,1,1,182054,95028,R,F
2022,NY,25,130190,152022,0,284990,108010,139875,1,1,130190,152022,D,F
2022,NY,26,88339,156883,0,251300,70547,141942,1,1,88339,156883,D,F
2022,NC,1,122780,134996,0,257776,122780,134996,1,1,122780,134996,D,-
2022,NC,2,104155,190714,0,294869,104155,190714,1,1,104155,190714,D,-
2022,NC,3,166520,82378,0,248898,166520,82378,1,1,166520,82378,R,-
2022,NC,4,96442,194983,0,291425,96442,194983,1,1,96442,194983,D,-
2022,NC,5,175279,102269,0,277548,175279,102269,1,1,175279,102269,R,-
2022,NC,6,116635,139553,2810,258998,116635,139553,1,1,116635,139553,D,-
2022,NC,7,164047,120222,0,284269,164047,120222,1,1,164047,120222,R,-
2022,NC,8,183998,79192,0,263190,183998,79192,1,1,183998,79192,R,-
2022,NC,9,131453,101202,0,232655,131453,101202,1,1,131453,101202,R,-
2022,NC,10,194681,73174,110,268207,194681,73174,1,1,194681,73174,R,-
2022,NC,11,174232,144165,5515,323912,174232,144165,1,1,174232,144165,R,-
2022,NC,12,83414,140494,0,223908,83414,140494,1,1,83414,140494,D,-
2022,NC,13,134256,143090,0,277346,134256,143090,1,1,134256,143090,D,-
2022,NC,14,109014,148738,0,257752,109014,148738,1,1,109014,148738,D,-
2022,ND,0,148399,0,89644,238586,148399,0,1,0,148399,0,R,-
2022,OH,1,140058,156416,0,296474,140058,156416,1,1,140058,156416,D,-
2022,OH,2,192117,65745,0,257862,192117,65745,1,1,192117,65745,R,-
2022,OH,3,76455,182324,18,258797,76455,182324,1,1,76455,182324,D,-
2022,OH,4,200773,89383,0,290156,200773,89383,1,1,200773,89383,R,-
2022,OH,5,187303,92634,0,279937,187303,92634,1,1,187303,92634,R,-
2022,OH,6,189883,90500,0,280383,189883,90500,1,1,189883,90500,R,-
2022,OH,7,168002,135485,86,303573,168002,135485,1,1,168002,135485,R,-
2022,OH,8,180287,98629,0,278916,180287,98629,1,1,180287,98629,R,-
2022,OH,9,115362,150655,0,266017,115362,150655,1,1,115362,150655,D,-
2022,OH,10,168327,104634,0,272961,168327,104634,1,1,168327,104634,R,-
2022,OH,11,47988,167722,0,215710,47988,167722,1,1,47988,167722,D,-
2022,OH,12,191344,84893,0,276237,191344,84893,1,1,191344,84893,R,-
2022,OH,13,134593,149816,0,284409,134593,149816,1,1,134593,149816,D,-
2022,OH,14,183389,113639,0,297028,183389,113639,1,1,183389,113639,R,-
2022,OH,15,143112,108139,0,251251,143112,108139,1,1,143112,108139,R,-
2022,OK,1,142800,80974,9721,233495,142800,80974,1,1,142800,80974,R,-
2022,OK,2,167843,54194,9635,231672,167843,54194,1,1,167843,54194,R,-
2022,OK,3,147418,50354,0,197772,147418,50354,1,1,147418,50354,R,-
2022,OK,4,149879,74667,0,224546,149879,74667,1,1,149879,74667,R,-
2022,OK,5,152699,96799,9328,258826,152699,96799,1,1,152699,96799,R,-
2022,OR,1,99042,210682,0,310243,99042,210682,1,1,99042,210682,D,-
2022,OR,2,208369,99882,0,308676,208369,99882,1,1,208369,99882,R,-
2022,OR,3,79766,212119,10982,303334,79766,212119,1,1,79766,212119,D,-
2022,OR,4,146055,171372,21160,339077,146055,171372,1,1,146055,171372,D,-
2022,OR,5,178813,171514,0,351233,178813,171514,1,1,178813,171514,R,-
2022,OR,6,139946,147156,6762,294377,139946,147156,1,1,139946,147156,D,-
2022,PA,1,201571,165809,0,367380,201571,165809,1,1,201571,165809,R,-
2022,PA,2,45454,141229,0,186683,45454,141229,1,1,45454,141229,D,-
2022,PA,3,0,251115,12820,263935,0,251115,0,1,0,251115,D,-
2022,PA,4,141986,224799,0,366785,141986,224799,1,1,141986,224799,D,-
2022,PA,5,110058,205128,0,315186,110058,205128,1,1,110058,205128,D,-
2022,PA,6,136097,190386,0,326483,136097,190386,1,1,136097,190386,D,-
2022,PA,7,145527,151364,0,296891,145527,151364,1,1,145527,151364,D,-
2022,PA,8,139930,146956,0,286886,139930,146956,1,1,139930,146956,D,-
2022,PA,9,209185,92622,0,301807,209185,92622,1,1,209185,92622,R,-
2022,PA,10,169331,145215,0,314546,169331,145215,1,1,169331,145215,R,-
2022,PA,11,194991,121835,0,316826,194991,121835,1,1,194991,121835,R,-
2022,PA,12,143946,184674,0,328620,143946,184674,1,1,143946,184674,D,-
2022,PA,13,260345,0,0,260345,260345,0,1,0,260345,0,R,-
2022,PA,14,230865,0,0,230865,230865,0,1,0,230865,0,R,-
2022,PA,15,213417,91729,0,305146,213417,91729,1,1,213417,91729,R,-
2022,PA,16,190546,130443,0,320989,190546,130443,1,1,190546,130443,R,-
2022,PA,17,169013,193615,0,362628,169013,193615,1,1,169013,193615,D,-
2022,RI,1,56055,100318,0,156734,56055,100318,1,1,56055,100318,D,-
2022,RI,2,93969,101432,5489,201089,93969,101432,1,1,93969,101432,D,-
2022,SC,1,153757,115796,2634,272681,153757,115796,1,1,153757,115796,R,-
2022,SC,2,147699,98081,0,246126,147699,98081,1,1,147699,98081,R,-
2022,SC,3,189971,0,0,194569,189971,0,1,0,189971,0,R,-
2022,SC,4,165607,0,0,182365,165607,0,1,0,165607,0,R,-
2022,SC,5,154725,83299,3547,241707,154725,83299,1,1,154725,83299,R,-
2022,SC,6,79879,130923,0,211028,79879,130923,1,1,79879,130923,D,-
2022,SC,7,164440,89030,0,253865,164440,89030,1,1,164440,89030,R,-
2022,SD,0,253821,0,74020,327841,253821,0,1,0,253821,0,R,-
2022,TN,1,147241,37049,3713,188003,147241,37049,1,1,147241,37049,R,-
2022,TN,2,141089,66673,0,207762,141089,66673,1,1,141089,66673,R,-
2022,TN,3,136639,60334,2857,199830,136639,60334,1,1,136639,60334,R,-
2022,TN,4,122401,44648,6388,173437,122401,44648,1,1,122401,44648,R,-
2022,TN,5,123558,93648,4069,221275,123558,93648,1,1,123558,93648,R,-
2022,TN,6,129388,65675,0,195063,129388,65675,1,1,129388,65675,R,-
2022,TN,7,108421,68973,3428,180822,108421,68973,1,1,108421,68973,R,-
2022,TN,8,155602,51102,3611,210315,155602,51102,1,1,155602,51102,R,-
2022,TN,9,35123,93800,4995,133918,35123,93800,1,1,35123,93800,D,-
2022,TX,1,183224,51438,0,234662,183224,51438,1,1,183224,51438,R,-
2022,TX,2,151791,78496,0,230287,151791,78496,1,1,151791,78496,R,-
2022,TX,3,164240,100121,6895,271256,164240,100121,1,1,164240,100121,R,-
2022,TX,4,170781,79179,6049,256009,170781,79179,1,1,170781,79179,R,-
2022,TX,5,135595,71930,4440,211965,135595,71930,1,1,135595,71930,R,-
2022,TX,6,149321,0,0,149321,149321,0,1,0,149321,0,R,-
2022,TX,7,65835,115994,0,181829,65835,115994,1,1,65835,115994,D,-
2022,TX,8,153127,68715,3126,224968,153127,68715,1,1,153127,68715,R,-
2022,TX,9,38161,125446,0,163607,38161,125446,1,1,38161,125446,D,-
2022,TX,10,159469,86404,6064,251937,159469,86404,1,1,159469,86404,R,-
2022,TX,11,151066,0,0,151066,151066,0,1,0,151066,0,R,-
2022,TX,12,152953,85026,0,237979,152953,85026,1,1,152953,85026,R,-
2022,TX,13,161767,52910,0,214677,161767,52910,1,1,161767,52910,R,-
2022,TX,14,149543,63606,0,213149,149543,63606,1,1,149543,63606,R,-
2022,TX,15,80978,68097,2814,151889,80978,68097,1,1,80978,68097,R,-
2022,TX,16,54986,95510,0,150496,54986,95510,1,1,54986,95510,D,-
2022,TX,17,144408,72801,0,217209,144408,72801,1,1,144408,72801,R,-
2022,TX,18,40941,110511,4816,156268,40941,110511,1,1,40941,110511,D,-
2022,TX,19,152321,0,37360,189681,152321,0,1,0,152321,0,R,-
2022,TX,20,53226,115352,21,168599,53226,115352,1,1,53226,115352,D,-
2022,TX,21,207426,122655,0,330081,207426,122655,1,1,207426,122655,R,-
2022,TX,22,150014,85653,5548,241215,150014,85653,1,1,150014,85653,R,-
2022,TX,23,116649,80947,11180,208776,116649,80947,1,1,116649,80947,R,-
2022,TX,24,177947,119878,0,297825,177947,119878,1,1,177947,119878,R,-
2022,TX,25,185270,0,0,185270,185270,0,1,0,185270,0,R,-
2022,TX,26,183639,0,81384,265023,183639,0,1,0,183639,0,R,-
2022,TX,27,133416,73611,0,207027,133416,73611,1,1,133416,73611,R,-
2022,TX,28,71778,93803,0,165581,71778,93803,1,1,71778,93803,D,-
2022,TX,29,28765,71837,0,100602,28765,71837,1,1,28765,71837,D,-
2022,TX,30,39209,134876,6428,180513,39209,134876,1,1,39209,134876,D,-
2022,TX,31,183185,0,0,183185,183185,0,1,0,183185,0,R,-
2022,TX,32,61494,116005,0,177499,61494,116005,1,1,61494,116005,D,-
2022,TX,33,29203,82081,2746,114030,29203,82081,1,1,29203,82081,D,-
2022,TX,34,59464,70896,4079,134439,59464,70896,1,1,59464,70896,D,-
2022,TX,35,48969,129599,0,178568,48969,129599,1,1,48969,129599,D,-
2022,TX,36,145599,64016,0,209615,145599,64016,1,1,145599,64016,R,-
2022,TX,37,59923,219358,6508,285789,59923,219358,1,1,59923,219358,D,-
2022,TX,38,163597,92302,3970,259869,163597,92302,1,1,163597,92302,R,-
2022,UT,1,178434,87986,0,266420,178434,87986,1,1,178434,87986,R,-
2022,UT,2,154883,88224,16292,259399,154883,88224,1,1,154883,88224,R,-
2022,UT,3,182497,83687,17196,283380,182497,83687,1,1,182497,83687,R,-
2022,UT,4,155110,82181,16768,254059,155110,82181,1,1,155110,82181,R,-
2022,VT,0,78397,176494,26131,291955,78397,176494,1,1,78397,176494,D,-
2022,VA,1,191828,147229,3388,342742,191828,147229,1,1,191828,147229,R,-
2022,VA,2,153328,143219,0,296996,153328,143219,1,1,153328,143219,R,-
2022,VA,3,67668,139659,0,207850,67668,139659,1,1,67668,139659,D,-
2022,VA,4,85503,159044,0,244978,85503,159044,1,1,85503,159044,D,-
2022,VA,5,177191,129996,0,307790,177191,129996,1,1,177191,129996,R,-
2022,VA,6,173352,95410,0,269234,173352,95410,1,1,173352,95410,R,-
2022,VA,7,130586,143357,0,274590,130586,143357,1,1,130586,143357,D,-
2022,VA,8,66589,197760,4078,268936,66589,197760,1,1,66589,197760,D,-
2022,VA,9,182207,66027,0,248792,182207,66027,1,1,182207,66027,R,-
2022,VA,10,138163,157405,0,296145,138163,157405,1,1,138163,157405,D,-
2022,VA,11,95634,193190,0,289676,95634,193190,1,1,95634,193190,D,-
2022,WA,1,104329,181992,0,286684,104329,181992,1,1,104329,181992,D,-
2022,WA,2,134335,202980,0,337923,134335,202980,1,1,134335,202980,D,-
2022,WA,3,157685,160314,0,319759,157685,160314,1,1,157685,160314,D,-
2022,WA,4,150619,70710,0,226647,150619,70710,1,1,150619,70710,R,-
2022,WA,5,188648,127585,0,317006,188648,127585,1,1,188648,127585,R,-
2022,WA,6,138754,208710,0,347873,138754,208710,1,1,138754,208710,D,-
2022,WA,7,49207,295998,0,346647,49207,295998,1,1,49207,295998,D,-
2022,WA,8,155976,179003,0,336038,155976,179003,1,1,155976,179003,D,-
2022,WA,9,67631,171746,0,239848,67631,171746,1,1,67631,171746,D,-
2022,WA,10,114777,152544,0,267748,114777,152544,1,1,114777,152544,D,-
2022,WV,1,151511,65428,10257,227196,151511,65428,1,1,151511,65428,R,-
2022,WV,2,160493,84278,115,244886,160493,84278,1,1,160493,84278,R,-
2022,WI,1,162610,135825,2247,300867,162610,135825,1,1,162610,135825,R,-
2022,WI,2,101890,268740,7689,378537,101890,268740,1,1,101890,268740,D,-
2022,WI,3,164743,152977,0,317922,164743,152977,1,1,164743,152977,R,-
2022,WI,4,57660,191955,5164,255012,57660,191955,1,1,57660,191955,D,-
2022,WI,5,243741,134581,0,378523,243741,134581,1,1,243741,134581,R,-
2022,WI,6,239231,0,340,251999,239231,0,1,0,239231,0,R,-
2022,WI,7,209224,128877,0,338268,209224,128877,1,1,209224,128877,R,-
2022,WI,8,223981,0,84248,310196,223981,0,1,0,223981,0,R,-
2022,WY,0,132206,47250,9925,198198,132206,47250,1,1,132206,47250,R,-
2024,AL,1,258619,70929,0,329854,258619,70929,1,1,258619,70929,R,-
2024,AL,2,131414,158041,0,289674,131414,158041,1,1,131414,158041,D,-
2024,AL,3,243848,0,0,249008,243848,0,1,0,243848,0,R,-
2024,AL,4,274498,0,0,277872,274498,0,1,0,274498,0,R,-
2024,AL,5,250322,0,0,262410,250322,0,1,0,250322,0,R,-
2024,AL,6,243741,102504,0,346625,243741,102504,1,1,243741,102504,R,-
2024,AL,7,106312,186723,0,293220,106312,186723,1,1,106312,186723,D,-
2024,AK,0,159550,156245,13010,329555,159550,156245,1,2,159550,156245,R,A
2024,AZ,1,225538,208966,0,434504,225538,208966,1,1,225538,208966,R,-
2024,AZ,2,221413,184963,55,406431,221413,184963,1,1,221413,184963,R,-
2024,AZ,3,53705,143336,5024,202065,53705,143336,1,1,53705,143336,D,-
2024,AZ,4,152052,176428,6065,334545,152052,176428,1,1,152052,176428,D,-
2024,AZ,5,255628,167680,0,423308,255628,167680,1,1,255628,167680,R,-
2024,AZ,6,215596,204774,10850,431220,215596,204774,1,1,215596,204774,R,-
2024,AZ,7,99057,171954,0,271011,99057,171954,1,1,99057,171954,D,-
2024,AZ,8,208269,160344,0,368613,208269,160344,1,1,208269,160344,R,-
2024,AZ,9,249583,132640,0,382223,249583,132640,1,1,249583,132640,R,-
2024,AR,1,194711,64113,8353,267177,194711,64113,1,1,194711,64113,R,-
2024,AR,2,180509,125777,0,306286,180509,125777,1,1,180509,125777,R,-
2024,AR,3,192101,95652,13331,301084,192101,95652,1,1,192101,95652,R,-
2024,AR,4,197046,73207,0,270253,197046,73207,1,1,197046,73207,R,-
2024,CA,1,208592,110636,0,319228,208592,110636,1,1,208592,110636,R,-
2024,CA,2,106734,272883,0,379617,106734,272883,1,1,106734,272883,D,-
2024,CA,3,234246,188067,0,422313,234246,188067,1,1,234246,188067,R,-
2024,CA,4,114950,227730,0,342680,114950,227730,1,1,114950,227730,D,-
2024,CA,5,227643,140919,0,368562,227643,140919,1,1,227643,140919,R,-
2024,CA,6,121664,165408,0,287072,121664,165408,1,1,121664,165408,D,-
2024,CA,7,98341,197429,0,295770,98341,197429,1,1,98341,197429,D,-
2024,CA,8,71068,201962,0,273030,71068,201962,1,1,71068,201962,D,-
2024,CA,9,121174,130183,0,251357,121174,130183,1,1,121174,130183,D,-
2024,CA,10,122219,242325,0,364544,122219,242325,1,1,122219,242325,D,-
2024,CA,11,64315,274796,0,339111,64315,274796,1,1,64315,274796,D,-
2024,CA,12,0,283025,0,283025,0,283025,0,2,0,283025,D,S
2024,CA,13,105367,105554,0,210921,105367,105554,1,1,105367,105554,D,-
2024,CA,14,89125,187263,0,276388,89125,187263,1,1,89125,187263,D,-
2024,CA,15,77896,211648,0,289544,77896,211648,1,1,77896,211648,D,-
2024,CA,16,0,308476,0,308476,0,308476,0,2,0,308476,D,S
2024,CA,17,82415,172462,0,254877,82415,172462,1,1,82415,172462,D,-
2024,CA,18,80832,147674,0,228506,80832,147674,1,1,80832,147674,D,-
2024,CA,19,111862,252458,0,364320,111862,252458,1,1,111862,252458,D,-
2024,CA,20,288788,0,0,288788,288788,0,2,0,288788,0,R,S
2024,CA,21,92733,102798,0,195531,92733,102798,1,1,92733,102798,D,-
2024,CA,22,89484,78023,0,167507,89484,78023,1,1,89484,78023,R,-
2024,CA,23,159286,105563,0,264849,159286,105563,1,1,159286,105563,R,-
2024,CA,24,127755,214724,0,342479,127755,214724,1,1,127755,214724,D,-
2024,CA,25,107194,137837,0,245031,107194,137837,1,1,107194,137837,D,-
2024,CA,26,146913,187393,0,334306,146913,187393,1,1,146913,187393,D,-
2024,CA,27,146050,154040,0,300090,146050,154040,1,1,146050,154040,D,-
2024,CA,28,110455,204489,0,314944,110455,204489,1,1,110455,204489,D,-
2024,CA,29,63374,146312,0,209686,63374,146312,1,1,63374,146312,D,-
2024,CA,30,98559,213100,0,311659,98559,213100,1,1,98559,213100,D,-
2024,CA,31,99856,148095,0,247951,99856,148095,1,1,99856,148095,D,-
2024,CA,32,108711,212934,0,321645,108711,212934,1,1,108711,212934,D,-
2024,CA,33,96078,137197,0,233275,96078,137197,1,1,96078,137197,D,-
2024,CA,34,0,189414,0,189414,0,189414,0,2,0,189414,D,S
2024,CA,35,97142,136413,0,233555,97142,136413,1,1,97142,136413,D,-
2024,CA,36,111985,246002,0,357987,111985,246002,1,1,111985,246002,D,-
2024,CA,37,0,160364,44450,204814,0,160364,0,1,0,160364,D,-
2024,CA,38,110818,165110,0,275928,110818,165110,1,1,110818,165110,D,-
2024,CA,39,99469,130191,0,229660,99469,130191,1,1,99469,130191,D,-
2024,CA,40,211998,171637,0,383635,211998,171637,1,1,211998,171637,R,-
2024,CA,41,183216,171229,0,354445,183216,171229,1,1,183216,171229,R,-
2024,CA,42,74410,159153,0,233563,74410,159153,1,1,74410,159153,D,-
2024,CA,43,53152,160080,0,213232,53152,160080,1,1,53152,160080,D,-
2024,CA,44,66087,164765,0,230852,66087,164765,1,1,66087,164765,D,-
2024,CA,45,157611,158264,0,315875,157611,158264,1,1,157611,158264,D,-
2024,CA,46,77279,134013,0,211292,77279,134013,1,1,77279,134013,D,-
2024,CA,47,171554,181721,0,353275,171554,181721,1,1,171554,181721,D,-
2024,CA,48,213625,146665,0,360290,213625,146665,1,1,213625,146665,R,-
2024,CA,49,180950,197397,0,378347,180950,197397,1,1,180950,197397,D,-
2024,CA,50,128859,231836,0,360695,128859,231836,1,1,128859,231836,D,-
2024,CA,51,128749,198835,0,327584,128749,198835,1,1,128749,198835,D,-
2024,CA,52,87501,172217,0,259718,87501,172217,1,1,87501,172217,D,-
2024,CO,1,74598,264606,6531,345735,74598,264606,1,1,74598,264606,D,-
2024,CO,2,120633,284994,11281,416908,120633,284994,1,1,120633,284994,D,-
2024,CO,3,201951,182147,13455,397553,201951,182147,1,1,201951,182147,R,-
2024,CO,4,240213,188249,19345,447807,240213,188249,1,1,240213,188249,R,-
2024,CO,5,197924,147972,16189,362085,197924,147972,1,1,197924,147972,R,-
2024,CO,6,132174,202686,8861,343721,132174,202686,1,1,132174,202686,D,-
2024,CO,7,175273,235688,15005,425966,175273,235688,1,1,175273,235688,D,-
2024,CO,8,163320,160871,9425,333616,163320,160871,1,1,163320,160871,R,-
2024,CT,1,115065,208649,6768,330482,115065,197788,1,1,115065,208649,D,F
2024,CT,2,157878,218162,7,376047,157878,218162,1,1,157878,218162,D,-
2024,CT,3,135113,193684,126,328923,130095,193684,1,1,135113,193684,D,F
2024,CT,4,122793,200791,5273,328857,122793,200791,1,1,122793,200791,D,-
2024,CT,5,157258,180268,79,337605,157258,171337,1,1,157258,180268,D,F
2024,DE,0,209606,287830,0,497436,209606,287830,1,1,209606,287830,D,-
2024,FL,1,274108,140980,0,415088,274108,140980,1,1,274108,140980,R,-
2024,FL,2,247957,154323,0,402280,247957,154323,1,1,247957,154323,R,-
2024,FL,3,241174,150283,0,391457,241174,150283,1,1,241174,150283,R,-
2024,FL,4,222364,165912,73,388349,222364,165912,1,1,222364,165912,R,-
2024,FL,5,267471,156570,23,424064,267471,156570,1,1,267471,156570,R,-
2024,FL,6,284414,143050,10,427474,284414,143050,1,1,284414,143050,R,-
2024,FL,7,233937,179917,0,413854,233937,179917,1,1,233937,179917,R,-
2024,FL,8,280352,170096,0,450448,280352,170096,1,1,280352,170096,R,-
2024,FL,9,138076,178785,7412,324273,138076,178785,1,1,138076,178785,D,-
2024,FL,10,109460,181455,0,290915,109460,181455,1,1,109460,181455,D,-
2024,FL,11,269277,176726,0,446003,269277,176726,1,1,269277,176726,R,-
2024,FL,12,306487,124949,0,431436,306487,124949,1,1,306487,124949,R,-
2024,FL,13,225636,185930,27,411593,225636,185930,1,1,225636,185930,R,-
2024,FL,14,145643,199423,5119,350185,145643,199423,1,1,145643,199423,D,-
2024,FL,15,195334,152361,0,347695,195334,152361,1,1,195334,152361,R,-
2024,FL,16,247516,168625,0,416141,247516,168625,1,1,247516,168625,R,-
2024,FL,17,291347,164566,8,455921,291347,164566,1,1,291347,164566,R,-
2024,FL,18,225170,119637,0,344807,225170,119637,1,1,225170,119637,R,-
2024,FL,19,275708,140038,0,415746,275708,140038,1,1,275708,140038,R,-
2024,FL,20,0,0,0,0,0,0,0,1,0,0,D,U
2024,FL,21,277435,171312,19,448766,277435,171312,1,1,277435,171312,R,-
2024,FL,22,165248,201608,0,366856,165248,201608,1,1,165248,201608,D,-
2024,FL,23,178006,196311,0,374317,178006,196311,1,1,178006,196311,D,-
2024,FL,24,90692,194874,22,285588,90692,194874,1,1,90692,194874,D,-
2024,FL,25,156208,186942,41,343191,156208,186942,1,1,156208,186942,D,-
2024,FL,26,217199,89072,0,306271,217199,89072,1,1,217199,89072,R,-
2024,FL,27,199159,130708,0,329867,199159,130708,1,1,199159,130708,R,-
2024,FL,28,210057,115280,0,325337,210057,115280,1,1,210057,115280,R,-
2024,GA,1,220576,135281,0,355857,220576,135281,1,1,220576,135281,R,-
2024,GA,2,136473,176028,0,312501,136473,176028,1,1,136473,176028,D,-
2024,GA,3,273036,138749,0,411785,273036,138749,1,1,273036,138749,R,-
2024,GA,4,74071,229290,0,303361,74071,229290,1,1,74071,229290,D,-
2024,GA,5,49221,294470,0,343691,49221,294470,1,1,49221,294470,D,-
2024,GA,6,93909,277027,0,370936,93909,277027,1,1,93909,277027,D,-
2024,GA,7,275907,149535,0,425442,275907,149535,1,1,275907,149535,R,-
2024,GA,8,231547,104434,0,335981,231547,104434,1,1,231547,104434,R,-
2024,GA,9,271062,121754,0,392816,271062,121754,1,1,271062,121754,R,-
2024,GA,10,256442,150274,0,406716,256442,150274,1,1,256442,150274,R,-
2024,GA,11,269849,131064,0,400913,269849,131064,1,1,269849,131064,R,-
2024,GA,12,205849,135417,0,341266,205849,135417,1,1,205849,135417,R,-
2024,GA,13,100730,256902,0,357632,100730,256902,1,1,100730,256902,D,-
2024,GA,14,243446,134759,0,378205,243446,134759,1,1,243446,134759,R,-
2024,HI,1,64373,164237,0,251432,64373,164237,1,1,64373,164237,D,-
2024,HI,2,75471,166251,8434,270804,75471,166251,1,1,75471,166251,D,-
2024,ID,1,331049,118656,16537,489086,331049,118656,1,1,331049,118656,R,-
2024,ID,2,250119,126229,31114,428514,250119,126229,1,1,250119,126229,R,-
2024,IL,1,108064,208398,45,316507,108064,208398,1,1,108064,208398,D,-
2024,IL,2,94004,195777,62,289843,94004,195777,1,1,94004,195777,D,-
2024,IL,3,84987,174825,96,259908,84987,174825,1,1,84987,174825,D,-
2024,IL,4,56323,139343,10730,206396,56323,139343,1,1,56323,139343,D,-
2024,IL,5,112931,251025,9,363965,112931,251025,1,1,112931,251025,D,-
2024,IL,6,166116,196647,86,362849,166116,196647,1,1,166116,196647,D,-
2024,IL,7,44598,222408,146,267152,44598,222408,1,1,44598,222408,D,-
2024,IL,8,130153,172920,0,303073,130153,172920,1,1,130153,172920,D,-
2024,IL,9,107106,231722,0,338828,107106,231722,1,1,107106,231722,D,-
2024,IL,10,131025,196358,238,327621,131025,196358,1,1,131025,196358,D,-
2024,IL,11,159630,199825,229,359684,159630,199825,1,1,159630,199825,D,-
2024,IL,12,272754,94875,0,367629,272754,94875,1,1,272754,94875,R,-
2024,IL,13,137917,191339,244,329500,137917,191339,1,1,137917,191339,D,-
2024,IL,14,149464,183446,19,332929,149464,183446,1,1,149464,183446,D,-
2024,IL,15,308825,0,1409,310234,308825,0,1,0,308825,0,R,-
2024,IL,16,310925,0,183,311108,310925,0,1,0,310925,0,R,-
2024,IL,17,142567,170261,0,312828,142567,170261,1,1,142567,170261,D,-
2024,IN,1,145056,172467,5200,322723,145056,172467,1,1,145056,172467,D,-
2024,IN,2,184848,101962,7808,294618,184848,101962,1,1,184848,101962,R,-
2024,IN,3,202653,97871,11015,311539,202653,97871,1,1,202653,97871,R,-
2024,IN,4,209794,100091,13710,323595,209794,100091,1,1,209794,100091,R,-
2024,IN,5,203293,136554,19357,359204,203293,136554,1,1,203293,136554,R,-
2024,IN,6,201357,99841,13711,314909,201357,99841,1,1,201357,99841,R,-
2024,IN,7,78792,185987,7369,272148,78792,185987,1,1,78792,185987,D,-
2024,IN,8,219941,95311,8381,323633,219941,95311,1,1,219941,95311,R,-
2024,IN,9,222884,113400,9454,345738,222884,113400,1,1,222884,113400,R,-
2024,IA,1,206955,206156,0,414078,206955,206156,1,1,206955,206156,R,-
2024,IA,2,233340,169740,5381,408802,233340,169740,1,1,233340,169740,R,-
2024,IA,3,213746,197962,0,412905,213746,197962,1,1,213746,197962,R,-
2024,IA,4,250522,122175,0,373824,250522,122175,1,1,250522,122175,R,-
2024,KS,1,210493,93965,0,304458,210493,93965,1,1,210493,93965,R,-
2024,KS,2,172847,115685,14229,302761,172847,115685,1,1,172847,115685,R,-
2024,KS,3,167570,209871,15892,393333,167570,209871,1,1,167570,209871,D,-
2024,KS,4,198465,106632,0,305097,198465,106632,1,1,198465,106632,R,-
2024,KY,1,252729,85524,0,338253,252729,85524,1,1,252729,85524,R,-
2024,KY,2,252826,93029,0,345855,252826,93029,1,1,252826,93029,R,-
2024,KY,3,124713,203100,51,327864,124713,203100,1,1,124713,203100,D,-
2024,KY,4,278386,0,1131,279517,278386,0,1,0,278386,0,R,-
2024,KY,5,261407,0,0,261407,261407,0,1,0,261407,0,R,-
2024,KY,6,222293,130345,0,352638,222293,130345,1,1,222293,130345,R,-
2024,LA,1,265028,85911,6781,357720,265028,85911,3,1,265028,85911,R,-
2024,LA,2,88693,216491,0,305184,88693,216491,3,2,88693,216491,D,-
2024,LA,3,239525,81157,0,320682,239525,81157,2,2,239525,81157,R,-
2024,LA,4,306248,0,0,306248,306248,0,2,0,306248,0,R,S
2024,LA,5,236870,82981,0,319851,236870,82981,2,1,236870,82981,R,-
2024,LA,6,111737,184296,0,296033,111737,184296,1,4,111737,184296,D,-
2024,ME,1,154849,249798,20883,439567,154849,249798,1,1,154849,249798,D,-
2024,ME,2,194445,197151,0,794532,194445,197151,1,1,194445,197151,D,C
2024,MD,1,246356,154985,12664,414680,246356,154985,1,1,246356,154985,R,-
2024,MD,2,152079,223797,8169,384794,152079,223797,1,1,152079,223797,D,-
2024,MD,3,151186,236681,10471,399200,151186,236681,1,1,151186,236681,D,-
2024,MD,4,30454,239596,0,270970,30454,239596,1,1,30454,239596,D,-
2024,MD,5,133985,283619,0,418603,133985,283619,1,1,133985,283619,D,-
2024,MD,6,175974,199788,0,376624,175974,199788,1,1,175974,199788,D,-
2024,MD,7,49799,232849,6840,290137,49799,232849,1,1,49799,232849,D,-
2024,MD,8,77821,292101,9612,380320,77821,292101,1,1,77821,292101,D,-
2024,MA,1,0,223325,133552,385005,0,223325,0,1,0,223325,D,-
2024,MA,2,0,251441,114065,389337,0,251441,0,1,0,251441,D,-
2024,MA,3,0,264698,0,362678,0,264698,0,1,0,264698,D,-
2024,MA,4,0,289347,1099,411578,0,289347,0,1,0,289347,D,-
2024,MA,5,0,286689,0,379701,0,286689,0,1,0,286689,D,-
2024,MA,6,0,321186,0,438573,0,321186,0,1,0,321186,D,-
2024,MA,7,0,232094,0,283194,0,232094,0,1,0,232094,D,-
2024,MA,8,110638,265432,0,397767,110638,265432,1,1,110638,265432,D,-
2024,MA,9,193822,251931,0,465097,193822,251931,1,1,193822,251931,D,-
2024,MI,1,282264,180937,13983,477184,282264,180937,1,1,282264,180937,R,-
2024,MI,2,279167,135824,13559,428550,279167,135824,1,1,279167,135824,R,-
2024,MI,3,183952,225510,10827,420289,183952,225510,1,1,183952,225510,D,-
2024,MI,4,234489,184641,6687,425817,234489,184641,1,1,234489,184641,R,-
2024,MI,5,269215,134282,6379,409876,269215,134282,1,1,269215,134282,R,-
2024,MI,6,158658,281162,13486,453306,158658,281162,1,1,158658,281162,D,-
2024,MI,7,226722,209959,14231,450912,226722,209959,1,1,226722,209959,R,-
2024,MI,8,189317,217490,17543,424350,189317,217490,1,1,189317,217490,D,-
2024,MI,9,312593,138138,17507,468238,312593,138138,1,1,312593,138138,R,-
2024,MI,10,217437,191363,16501,425301,217437,191363,1,1,217437,191363,R,-
2024,MI,11,177432,260780,9713,447925,177432,260780,1,1,177432,260780,D,-
2024,MI,12,92490,253354,17655,363499,92490,253354,1,1,92490,253354,D,-
2024,MI,13,78917,220788,21944,321649,78917,220788,1,1,78917,220788,D,-
2024,MN,1,220929,156375,0,377601,220929,156375,1,1,220929,156375,R,-
2024,MN,2,175621,231751,9492,417319,175621,231751,1,1,175621,231751,D,-
2024,MN,3,170427,240209,0,411140,170427,240209,1,1,170427,240209,D,-
2024,MN,4,117618,242802,0,361043,117618,242802,1,1,117618,242802,D,-
2024,MN,5,86213,261066,0,351047,86213,261066,1,1,86213,261066,D,-
2024,MN,6,260095,155836,0,416496,260095,155836,1,1,260095,155836,R,-
2024,MN,7,275098,114979,0,390510,275098,114979,1,1,275098,114979,R,-
2024,MN,8,244498,176724,0,421606,244498,176724,1,1,244498,176724,R,-
2024,MS,1,223589,96697,0,320286,223589,96697,1,1,223589,96697,R,-
2024,MS,2,108956,177885,0,286841,108956,177885,1,1,108956,177885,D,-
2024,MS,3,265159,0,0,265159,265159,0,1,0,265159,0,R,-
2024,MS,4,215095,75771,0,290866,215095,75771,1,1,215095,75771,R,-
2024,MO,1,56453,233312,17500,307265,56453,233312,1,1,56453,233312,D,-
2024,MO,2,233444,182056,12892,428392,233444,182056,1,1,233444,182056,R,-
2024,MO,3,240620,138532,13311,392463,240620,138532,1,1,240620,138532,R,-
2024,MO,4,259886,96568,9242,365696,259886,96568,1,1,259886,96568,R,-
2024,MO,5,120957,199900,11072,331929,120957,199900,1,1,120957,199900,D,-
2024,MO,6,265210,100999,8977,375186,265210,100999,1,1,265210,100999,R,-
2024,MO,7,263231,96655,7982,367868,263231,96655,1,1,263231,96655,R,-
2024,MO,8,271249,77649,7166,356064,271249,77649,1,1,271249,77649,R,-
2024,MT,1,168529,143783,9954,322266,168529,143783,1,1,168529,143783,R,-
2024,MT,2,181832,93713,0,275545,181832,93713,1,1,181832,93713,R,-
2024,NE,1,187559,124498,0,312057,187559,124498,1,1,187559,124498,R,-
2024,NE,2,160198,154369,0,314567,160198,154369,1,1,160198,154369,R,-
2024,NE,3,243481,59287,0,302768,243481,59287,1,1,243481,59287,R,-
2024,NV,1,143650,167885,11364,322899,143650,167885,1,1,143650,167885,D,-
2024,NV,2,219919,0,179665,399584,219919,0,1,0,219919,0,R,-
2024,NV,3,181084,191304,0,372388,181084,191304,1,1,181084,191304,D,-
2024,NV,4,148061,174926,9219,332206,148061,174926,1,1,148061,174926,D,-
2024,NH,1,185936,218577,0,416562,185936,218577,1,1,185936,218577,D,-
2024,NH,2,187810,211641,0,414424,187810,211641,1,1,187810,211641,D,-
2024,NJ,1,144390,208808,7862,361060,144390,208808,1,1,144390,208808,D,-
2024,NJ,2,215946,153117,2557,371620,215946,153117,1,1,215946,153117,R,-
2024,NJ,3,169454,202034,7996,379484,169454,202034,1,1,169454,202034,D,-
2024,NJ,4,265652,124803,3773,394228,265652,124803,1,1,265652,124803,R,-
2024,NJ,5,165287,208359,8243,381889,165287,208359,1,1,165287,208359,D,-
2024,NJ,6,122519,170275,10887,303681,122519,170275,1,1,122519,170275,D,-
2024,NJ,7,223331,200025,8042,431398,223331,200025,1,1,223331,200025,R,-
2024,NJ,8,68152,116434,12179,196765,68152,116434,1,1,68152,116434,D,-
2024,NJ,9,117939,130514,8560,257013,117939,130514,1,1,117939,130514,D,-
2024,NJ,10,54405,182020,8152,244577,54405,182020,1,1,54405,182020,D,-
2024,NJ,11,164556,222583,6612,393751,164556,222583,1,1,164556,222583,D,-
2024,NJ,12,117222,196871,7567,321660,117222,196871,1,1,117222,196871,D,-
2024,NM,1,149546,193203,0,342749,149546,193203,1,1,149546,193203,D,-
2024,NM,2,127145,138177,0,265322,127145,138177,1,1,127145,138177,D,-
2024,NM,3,126085,162342,0,288427,126085,162342,1,1,126085,162342,D,-
2024,NY,1,226285,183540,0,430460,200802,181647,1,1,226285,183540,R,F
2024,NY,2,202597,136371,0,363116,180374,129937,1,1,202597,136371,R,F
2024,NY,3,174693,187651,0,381882,161196,185491,1,1,174693,187651,D,F
2024,NY,4,183157,191760,0,392330,169641,190569,1,1,183157,191760,D,F
2024,NY,5,62529,168425,0,243796,56689,168425,1,1,62529,168425,D,F
2024,NY,6,74559,120205,3272,211157,69654,120205,1,1,74559,120205,D,F
2024,NY,7,48435,172795,0,237335,43052,145141,1,1,48435,172795,D,F
2024,NY,8,54863,168036,0,241150,48369,168036,1,1,54863,168036,D,F
2024,NY,9,60064,173207,0,253334,51458,173207,1,1,60064,173207,D,F
2024,NY,10,37555,206206,6747,279274,37555,206206,1,1,37555,206206,D,-
2024,NY,11,167099,93586,0,274589,153105,93586,1,1,167099,93586,R,F
2024,NY,12,62989,260165,0,341969,62989,243111,1,1,62989,260165,D,F
2024,NY,13,35822,181800,0,241890,32071,181800,1,1,35822,181800,D,F
2024,NY,14,59078,132714,0,204917,54157,118477,1,1,59078,132714,D,F
2024,NY,15,36010,130392,4086,188545,32494,130392,1,1,36010,130392,D,F
2024,NY,16,86408,217668,0,331087,86408,217668,1,1,86408,217668,D,-
2024,NY,17,197845,173899,7530,393960,180924,173899,1,1,197845,173899,R,F
2024,NY,18,155129,207106,0,376288,138409,189345,1,1,155129,207106,D,F
2024,NY,19,184290,192647,0,389326,164001,170049,1,1,184290,192647,D,F
2024,NY,20,141151,221997,0,377748,121609,200354,1,1,141151,221997,D,F
2024,NY,21,215996,132447,0,360458,195464,121289,1,1,215996,132447,R,F
2024,NY,22,161939,194450,0,367263,142082,178394,1,1,161939,194450,D,F
2024,NY,23,246969,128397,0,397621,213928,128397,1,1,246969,128397,R,F
2024,NY,24,235867,123317,0,378911,207078,123317,1,1,235867,123317,R,F
2024,NY,25,141195,219175,0,379616,141195,200507,1,1,141195,219175,D,F
2024,NY,26,111772,209131,0,342404,95035,190668,1,1,111772,209131,D,F
2024,NC,1,180034,186341,9949,376324,180034,186341,1,1,180034,186341,D,-
2024,NC,2,128164,268662,8691,405517,128164,268662,1,1,128164,268662,D,-
2024,NC,3,248276,0,72565,320841,248276,0,1,0,248276,0,R,-
2024,NC,4,112084,308064,8632,428780,112084,308064,1,1,112084,308064,D,-
2024,NC,5,238304,162390,0,400694,238304,162390,1,1,238304,162390,R,-
2024,NC,6,233303,0,104017,337320,233303,0,1,0,233303,0,R,-
2024,NC,7,254022,179512,0,433534,254022,179512,1,1,254022,179512,R,-
2024,NC,8,238640,161709,0,400349,238640,161709,1,1,238640,161709,R,-
2024,NC,9,210042,140852,22183,373077,210042,140852,1,1,210042,140852,R,-
2024,NC,10,233814,155383,17498,406695,233814,155383,1,1,233814,155383,R,-
2024,NC,11,245546,186977,0,432523,245546,186977,1,1,245546,186977,R,-
2024,NC,12,91128,259627,0,350755,91128,259627,1,1,91128,259627,D,-
2024,NC,13,243655,171835,0,415490,243655,171835,1,1,243655,171835,R,-
2024,NC,14,232987,168269,0,401256,232987,168269,1,1,232987,168269,R,-
2024,ND,0,249101,109231,0,359787,249101,109231,1,1,249101,109231,R,-
2024,OH,1,177993,213916,0,391909,177993,213916,1,1,177993,213916,D,-
2024,OH,2,268211,96401,4,364616,268211,96401,1,1,268211,96401,R,-
2024,OH,3,100355,242632,0,342987,100355,242632,1,1,100355,242632,D,-
2024,OH,4,273297,125905,0,399202,273297,125905,1,1,273297,125905,R,-
2024,OH,5,255633,123024,0,378657,255633,123024,1,1,255633,123024,R,-
2024,OH,6,245860,122515,0,368375,245860,122515,1,1,245860,122515,R,-
2024,OH,7,204494,144613,51264,400371,204494,144613,1,1,204494,144613,R,-
2024,OH,8,237503,140625,0,378128,237503,140625,1,1,237503,140625,R,-
2024,OH,9,178716,181098,15381,375195,178716,181098,1,1,178716,181098,D,-
2024,OH,10,213695,145420,11631,370746,213695,145420,1,1,213695,145420,R,-
2024,OH,11,59394,236883,6136,302413,59394,236883,1,1,59394,236883,D,-
2024,OH,12,260450,119738,0,380188,260450,119738,1,1,260450,119738,R,-
2024,OH,13,188924,197466,0,386390,188924,197466,1,1,188924,197466,D,-
2024,OH,14,243427,140431,0,383858,243427,140431,1,1,243427,140431,R,-
2024,OH,15,196338,151411,0,347749,196338,151411,1,1,196338,151411,R,-
2024,OK,1,188832,107903,15766,312501,188832,107903,1,1,188832,107903,R,-
2024,OK,2,238123,68841,14061,321025,238123,68841,1,1,238123,68841,R,-
2024,OK,3,0,0,0,0,0,0,1,0,0,0,R,U
2024,OK,4,199962,86641,19870,306473,199962,86641,1,1,199962,86641,R,-
2024,OK,5,207636,134471,0,342107,207636,134471,1,1,207636,134471,R,-
2024,OR,1,98908,241556,10840,351991,98908,241556,1,1,98908,241556,D,-
2024,OR,2,224601,115337,11255,351489,224601,115337,1,1,224601,115337,R,-
2024,OR,3,84344,226405,22810,334369,84344,226405,1,1,84344,226405,D,-
2024,OR,4,166430,195862,16019,378765,166430,195862,1,1,166430,195862,D,-
2024,OR,5,180420,191365,29013,401293,180420,191365,1,1,180420,191365,D,-
2024,OR,6,157634,180869,0,339065,157634,180869,1,1,157634,180869,D,-
2024,PA,1,261390,202042,0,463432,261390,202042,1,1,261390,202042,R,-
2024,PA,2,77355,193691,0,271046,77355,193691,1,1,77355,193691,D,-
2024,PA,3,0,340223,0,340223,0,340223,0,1,0,340223,D,-
2024,PA,4,186457,269066,0,455523,186457,269066,1,1,186457,269066,D,-
2024,PA,5,142355,267754,0,410109,142355,267754,1,1,142355,267754,D,-
2024,PA,6,183638,235625,0,419263,183638,235625,1,1,183638,235625,D,-
2024,PA,7,203688,199626,0,403314,203688,199626,1,1,203688,199626,R,-
2024,PA,8,195663,189411,0,385074,195663,189411,1,1,195663,189411,R,-
2024,PA,9,276212,115523,0,391735,276212,115523,1,1,276212,115523,R,-
2024,PA,10,205567,200434,0,406001,205567,200434,1,1,205567,200434,R,-
2024,PA,11,253672,149641,0,403313,253672,149641,1,1,253672,149641,R,-
2024,PA,12,181426,234802,0,416228,181426,234802,1,1,181426,234802,D,-
2024,PA,13,301460,104823,0,406283,301460,104823,1,1,301460,104823,R,-
2024,PA,14,268380,134755,0,403135,268380,134755,1,1,268380,134755,R,-
2024,PA,15,279027,111408,0,390435,279027,111408,1,1,279027,111408,R,-
2024,PA,16,256923,146709,0,403632,256923,146709,1,1,256923,146709,R,-
2024,PA,17,207900,242838,0,450738,207900,242838,1,1,207900,242838,D,-
2024,RI,1,70742,139352,10463,221118,70742,139352,1,1,70742,139352,D,-
2024,RI,2,109381,153439,0,263480,109381,153439,1,1,109381,153439,D,-
2024,SC,1,227502,162582,0,390777,227502,162582,1,1,227502,162582,R,-
2024,SC,2,211514,142985,0,355285,211514,142985,1,1,211514,142985,R,-
2024,SC,3,248451,87735,9918,346713,248451,87735,1,1,248451,87735,R,-
2024,SC,4,206916,128976,9779,346414,206916,128976,1,1,206916,128976,R,-
2024,SC,5,228260,130592,0,359409,228260,130592,1,1,228260,130592,R,-
2024,SC,6,112360,182056,11262,305977,112360,182056,1,1,112360,182056,D,-
2024,SC,7,240326,129522,0,370329,240326,129522,1,1,240326,129522,R,-
2024,SD,0,303630,117818,0,421448,303630,117818,1,1,303630,117818,R,-
2024,TN,1,257825,64021,8353,330199,257825,64021,1,1,257825,64021,R,-
2024,TN,2,250782,111316,0,362098,250782,111316,1,1,250782,111316,R,-
2024,TN,3,236519,102841,10968,350328,236519,102841,1,1,236519,102841,R,-
2024,TN,4,219133,83832,10290,313255,219133,83832,1,1,219133,83832,R,-
2024,TN,5,205075,142387,13252,360714,205075,142387,1,1,205075,142387,R,-
2024,TN,6,225543,106144,0,331687,225543,106144,1,1,225543,106144,R,-
2024,TN,7,191992,122764,7900,322656,191992,122764,1,1,191992,122764,R,-
2024,TN,8,240411,85043,6861,332315,240411,85043,1,1,240411,85043,R,-
2024,TN,9,57411,159522,6770,223703,57411,159522,1,1,57411,159522,D,-
2024,TX,1,258523,0,0,258523,258523,0,1,0,258523,0,R,-
2024,TX,2,214631,112252,0,326883,214631,112252,1,1,214631,112252,R,-
2024,TX,3,237794,142953,0,380747,237794,142953,1,1,237794,142953,R,-
2024,TX,4,241603,111696,0,353299,241603,111696,1,1,241603,111696,R,-
2024,TX,5,192185,107712,0,299897,192185,107712,1,1,192185,107712,R,-
2024,TX,6,188119,98319,0,286438,188119,98319,1,1,188119,98319,R,-
2024,TX,7,94651,149820,0,244471,94651,149820,1,1,94651,149820,D,-
2024,TX,8,233423,108754,0,342177,233423,108754,1,1,233423,108754,R,-
2024,TX,9,0,184141,0,184141,0,184141,0,1,0,184141,D,-
2024,TX,10,221229,118280,8309,347818,221229,118280,1,1,221229,118280,R,-
2024,TX,11,211975,0,0,211975,211975,0,1,0,211975,0,R,-
2024,TX,12,215564,124154,0,339718,215564,124154,1,1,215564,124154,R,-
2024,TX,13,240622,0,0,240622,240622,0,1,0,240622,0,R,-
2024,TX,14,210320,95875,0,306195,210320,95875,1,1,210320,95875,R,-
2024,TX,15,127804,95965,0,223769,127804,95965,1,1,127804,95965,R,-
2024,TX,16,89281,131391,156,220828,89281,131391,1,1,89281,131391,D,-
2024,TX,17,193101,97941,0,291042,193101,97941,1,1,193101,97941,R,-
2024,TX,18,66810,151834,76,218720,66810,151834,1,1,66810,151834,D,-
2024,TX,19,214950,0,51425,266375,214950,0,1,0,214950,0,R,-
2024,TX,20,0,157890,0,157890,0,157890,0,1,0,157890,D,-
2024,TX,21,263744,153765,8914,426423,263744,153765,1,1,263744,153765,R,-
2024,TX,22,209285,127604,0,336889,209285,127604,1,1,209285,127604,R,-
2024,TX,23,180720,109373,0,290093,180720,109373,1,1,180720,109373,R,-
2024,TX,24,227108,149518,0,376626,227108,149518,1,1,227108,149518,R,-
2024,TX,25,263042,0,1661,264703,263042,0,1,0,263042,0,R,-
2024,TX,26,241096,138558,8773,388427,241096,138558,1,1,241096,138558,R,-
2024,TX,27,183980,94596,0,278576,183980,94596,1,1,183980,94596,R,-
2024,TX,28,112018,125280,0,237298,112018,125280,1,1,112018,125280,D,-
2024,TX,29,52830,99379,0,152209,52830,99379,1,1,52830,99379,D,-
2024,TX,30,0,197650,35175,232825,0,197650,0,1,0,197650,D,-
2024,TX,31,229087,126470,0,355557,229087,126470,1,1,229087,126470,R,-
2024,TX,32,85941,140536,5987,232464,85941,140536,1,1,85941,140536,D,-
2024,TX,33,51864,114289,0,166153,51864,114289,1,1,51864,114289,D,-
2024,TX,34,97603,102780,0,200383,97603,102780,1,1,97603,102780,D,-
2024,TX,35,82610,170509,0,253119,82610,170509,1,1,82610,170509,D,-
2024,TX,36,206009,91009,0,297018,206009,91009,1,1,206009,91009,R,-
2024,TX,37,80366,252980,7511,340857,80366,252980,1,1,80366,252980,D,-
2024,TX,38,215030,127640,94,342764,215030,127640,1,1,215030,127640,R,-
2024,UT,1,230975,117319,17601,365895,230975,117319,1,1,230975,117319,R,-
2024,UT,2,205234,121114,27490,353838,205234,121114,1,1,205234,121114,R,-
2024,UT,3,242496,122780,0,365276,242496,122780,1,1,242496,122780,R,-
2024,UT,4,230627,109838,23203,363668,230627,109838,1,1,230627,109838,R,-
2024,VT,0,104451,218398,26838,372885,0,218398,1,1,104451,218398,D,-
2024,VA,1,269657,208445,0,478906,269657,208445,1,1,269657,208445,R,-
2024,VA,2,207368,191666,9197,408702,207368,191666,1,1,207368,191666,R,-
2024,VA,3,93801,219926,0,314397,93801,219926,1,1,93801,219926,D,-
2024,VA,4,121814,252885,0,375508,121814,252885,1,1,121814,252885,D,-
2024,VA,5,249564,184229,0,435839,249564,184229,1,1,249564,184229,R,-
2024,VA,6,256933,141612,7980,407035,256933,141612,1,1,256933,141612,R,-
2024,VA,7,192847,203336,0,397299,192847,203336,1,1,192847,203336,D,-
2024,VA,8,94676,274593,13612,383915,94676,274593,1,1,94676,274593,D,-
2024,VA,9,290645,109570,0,400963,290645,109570,1,1,290645,109570,R,-
2024,VA,10,196343,215131,0,413012,196343,215131,1,1,196343,215131,D,-
2024,VA,11,134802,273529,0,410186,134802,273529,1,1,134802,273529,D,-
2024,WA,1,132538,227213,0,360658,132538,227213,1,1,132538,227213,D,-
2024,WA,2,148167,263750,0,413220,148167,263750,1,1,148167,263750,D,-
2024,WA,3,199054,215177,0,415904,199054,215177,1,1,199054,215177,D,-
2024,WA,4,289652,0,0,295052,289652,0,2,0,289652,0,R,S
2024,WA,5,240619,156074,0,397286,240619,156074,1,1,240619,156074,R,-
2024,WA,6,182182,239687,0,422622,182182,239687,1,1,182182,239687,D,-
2024,WA,7,66220,352286,0,419819,66220,352286,1,1,66220,352286,D,-
2024,WA,8,190675,224607,0,416277,190675,224607,1,1,190675,224607,D,-
2024,WA,9,0,273381,0,279298,0,273381,0,2,0,273381,D,S
2024,WA,10,143492,203732,0,348044,143492,203732,1,1,143492,203732,D,-
2024,WV,1,228491,90038,25790,344319,228491,90038,1,1,228491,90038,R,-
2024,WV,2,268190,110775,0,378965,268190,110775,1,1,268190,110775,R,-
2024,WI,1,212515,172402,8191,393493,212515,172402,1,1,212515,172402,R,-
2024,WI,2,136357,320317,0,457257,136357,320317,1,1,136357,320317,D,-
2024,WI,3,212064,200808,0,413181,212064,200808,1,1,212064,200808,R,-
2024,WI,4,74921,249938,8805,334282,74921,249938,1,1,74921,249938,D,-
2024,WI,5,300521,165653,0,466682,300521,165653,1,1,300521,165653,R,-
2024,WI,6,251889,159042,0,411349,251889,159042,1,1,251889,159042,R,-
2024,WI,7,273553,156524,0,430384,273553,156524,1,1,273553,156524,R,-
2024,WI,8,240040,178666,0,418978,240040,178666,1,1,240040,178666,R,-
2024,WY,0,184680,60778,14585,271123,184680,60778,1,1,184680,60778,R,-
