# GENERATED by Tools/us_veto_prep.pl from the GPO's BILLSTATUS records and the roll calls they name (out of tree, held to ElectionsData/usa/raw/vetoes/out_of_tree.txt) - DO NOT EDIT; the record is ElectionsData/usa/veto_record.md.
# PS-6 US-10: a row a public law or vetoed measure of the 115th-119th Congresses decided by a president in office from noon on 20 January 2017. house_final / senate_final: the chamber's final agreement - 'roll N' (the Clerk's or the Senate's roll call, its question and its party split: yea, nay, present, not voting; I independents, senate_I_caucus their caucus by senate_seats.csv) or the method its words name. override_*: the override roll call, two thirds of those voting. same_day: a chamber whose last agreement day carries both a roll-call agreement and an unrecorded one - the later by the record's own time taken, an unrecorded one without a time sorting first (veto_record.md lists each).
congress,measure,kind,outcome,decision_date,president,president_party,law,house_final,house_final_date,house_question,house_R_yea,house_R_nay,house_R_present,house_R_not_voting,house_D_yea,house_D_nay,house_D_present,house_D_not_voting,house_I_yea,house_I_nay,house_I_present,house_I_not_voting,senate_final,senate_final_date,senate_question,senate_R_yea,senate_R_nay,senate_R_present,senate_R_not_voting,senate_D_yea,senate_D_nay,senate_D_present,senate_D_not_voting,senate_I_yea,senate_I_nay,senate_I_present,senate_I_not_voting,senate_I_caucus,override_house,override_house_yea,override_house_nay,override_house_result,override_senate,override_senate_yea,override_senate_nay,override_senate_result,same_day,title
115,H.J.Res. 37,CRA disapproval,signed,2017-03-27,Donald J. Trump (first term),R,115-11,roll 76,2017-02-02,On Passage,233,1,0,5,3,186,0,4,0,0,0,0,roll 81,2017-03-06,On the Joint Resolution,49,0,0,3,0,46,0,0,0,2,0,0,D:2,-,-,-,-,-,-,-,-,-,"Disapproving the rule submitted by the Department of Defense, the General Services Administration, and the National Aeronautics and Space Administration relating to the Federal Acquisition Regulation."
115,H.J.Res. 38,CRA disapproval,signed,2017-02-16,Donald J. Trump (first term),R,115-5,roll 73,2017-02-01,On Passage,224,9,0,6,4,185,0,4,0,0,0,0,roll 43,2017-02-02,On the Joint Resolution,50,1,0,1,4,42,0,0,0,2,0,0,D:2,-,-,-,-,-,-,-,-,-,Disapproving the rule submitted by the Department of the Interior known as the Stream Protection Rule.
115,H.J.Res. 40,CRA disapproval,signed,2017-02-28,Donald J. Trump (first term),R,115-8,roll 77,2017-02-02,On Passage,229,2,0,8,6,178,0,9,0,0,0,0,roll 66,2017-02-15,On the Joint Resolution,52,0,0,0,4,42,0,0,1,1,0,0,D:2,-,-,-,-,-,-,-,-,-,"Providing for congressional disapproval under chapter 8 of title 5, United States Code, of the rule submitted by the Social Security Administration relating to Implementation of the NICS Improvement Amendments Act of 2007."
115,H.J.Res. 41,CRA disapproval,signed,2017-02-14,Donald J. Trump (first term),R,115-4,roll 72,2017-02-01,On Passage,230,4,0,5,5,183,0,5,0,0,0,0,roll 51,2017-02-03,On the Joint Resolution,52,0,0,0,0,45,0,1,0,2,0,0,D:2,-,-,-,-,-,-,-,-,-,"Providing for congressional disapproval under chapter 8 of title 5, United States Code, of a rule submitted by the Securities and Exchange Commission relating to ""Disclosure of Payments by Resource Extraction Issuers""."
115,H.J.Res. 42,CRA disapproval,signed,2017-03-31,Donald J. Trump (first term),R,115-17,roll 97,2017-02-15,On Passage,232,1,0,5,4,188,0,1,0,0,0,0,roll 87,2017-03-14,On the Joint Resolution,51,0,0,1,0,46,0,0,0,2,0,0,D:2,-,-,-,-,-,-,-,-,-,Disapproving the rule submitted by the Department of Labor relating to drug testing of unemployment compensation applicants.
115,H.J.Res. 43,CRA disapproval,signed,2017-04-13,Donald J. Trump (first term),R,115-23,roll 99,2017-02-16,On Passage,228,2,0,7,2,186,0,5,0,0,0,0,roll 101,2017-03-30,On the Joint Resolution,50,2,0,0,0,46,0,0,0,2,0,0,D:2,-,-,-,-,-,-,-,-,-,"Providing for congressional disapproval under chapter 8 of title 5, United States Code, of the final rule submitted by Secretary of Health and Human Services relating to compliance with title X requirements by project recipients in selecting subrecipients."
115,H.J.Res. 44,CRA disapproval,signed,2017-03-27,Donald J. Trump (first term),R,115-12,roll 83,2017-02-07,On Passage,230,4,0,5,4,182,0,7,0,0,0,0,roll 82,2017-03-07,On the Joint Resolution,51,0,0,1,0,46,0,0,0,2,0,0,D:2,-,-,-,-,-,-,-,-,-,"Disapproving the rule submitted by the Department of the Interior relating to Bureau of Land Management regulations that establish the procedures used to prepare, revise, or amend land use plans pursuant to the Federal Land Policy and Management Act of 1976."
115,H.J.Res. 57,CRA disapproval,signed,2017-03-27,Donald J. Trump (first term),R,115-13,roll 84,2017-02-07,On Passage,234,1,0,4,0,189,0,4,0,0,0,0,roll 84,2017-03-09,On the Joint Resolution,50,1,0,1,0,46,0,0,0,2,0,0,D:2,-,-,-,-,-,-,-,-,-,"Providing for congressional disapproval under chapter 8 of title 5, United States Code, of the rule submitted by the Department of Education relating to accountability and State plans under the Elementary and Secondary Education Act of 1965."
115,H.J.Res. 58,CRA disapproval,signed,2017-03-27,Donald J. Trump (first term),R,115-14,roll 85,2017-02-07,On Passage,235,0,0,4,5,181,0,7,0,0,0,0,roll 83,2017-03-08,On the Joint Resolution,51,0,0,1,7,39,0,0,1,1,0,0,D:2,-,-,-,-,-,-,-,-,-,"Providing for congressional disapproval under chapter 8 of title 5, United States Code, of the rule submitted by the Department of Education relating to teacher preparation issues."
115,H.J.Res. 66,CRA disapproval,signed,2017-05-17,Donald J. Trump (first term),R,115-35,roll 96,2017-02-15,On Passage,230,3,0,5,1,190,0,2,0,0,0,0,roll 120,2017-05-03,On the Joint Resolution,50,2,0,0,0,45,0,1,0,2,0,0,D:2,-,-,-,-,-,-,-,-,-,Disapproving the rule submitted by the Department of Labor relating to savings arrangements established by States for non-governmental employees.
115,H.J.Res. 67,CRA disapproval,signed,2017-04-13,Donald J. Trump (first term),R,115-24,roll 95,2017-02-15,On Passage,233,1,0,4,1,190,0,2,0,0,0,0,roll 99,2017-03-30,On the Joint Resolution,50,1,0,1,0,46,0,0,0,2,0,0,D:2,-,-,-,-,-,-,-,-,-,Disapproving the rule submitted by the Department of Labor relating to savings arrangements established by qualified State political subdivisions for non-governmental employees.
115,H.J.Res. 69,CRA disapproval,signed,2017-04-03,Donald J. Trump (first term),R,115-20,roll 98,2017-02-16,On Passage,220,10,0,7,5,183,0,5,0,0,0,0,roll 92,2017-03-21,On the Joint Resolution,51,0,0,1,0,46,0,0,1,1,0,0,D:2,-,-,-,-,-,-,-,-,-,"Providing for congressional disapproval under chapter 8 of title 5, United States Code, of the final rule of the Department of the Interior relating to ""Non-Subsistence Take of Wildlife, and Public Participation and Closure Procedures, on National Wildlife Refuges in Alaska""."
115,H.J.Res. 76,joint resolution,signed,2017-08-22,Donald J. Trump (first term),R,115-54,roll 381,2017-07-17,"On Motion to Suspend the Rules and Pass, as Amended",221,5,0,13,178,0,0,16,0,0,0,0,unanimous consent,2017-08-04,-,-,-,-,-,-,-,-,-,-,-,-,-,-,-,-,-,-,-,-,-,-,-,"Granting the consent and approval of Congress for the Commonwealth of Virginia, the State of Maryland, and the District of Columbia to enter into a compact relating to the establishment of the Washington Metrorail Safety Commission."
115,H.J.Res. 83,CRA disapproval,signed,2017-04-03,Donald J. Trump (first term),R,115-21,roll 121,2017-03-01,On Passage,227,6,0,3,4,185,0,4,0,0,0,0,roll 93,2017-03-22,On the Joint Resolution,50,0,0,2,0,46,0,0,0,2,0,0,D:2,-,-,-,-,-,-,-,-,-,"Disapproving the rule submitted by the Department of Labor relating to ""Clarification of Employer's Continuing Obligation to Make and Maintain an Accurate Record of Each Recordable Injury and Illness""."
115,H.J.Res. 99,joint resolution,signed,2017-04-28,Donald J. Trump (first term),R,115-30,roll 236,2017-04-28,On Passage,207,16,0,14,175,14,0,4,0,0,0,0,voice vote,2017-04-28,-,-,-,-,-,-,-,-,-,-,-,-,-,-,-,-,-,-,-,-,-,-,-,"Making further continuing appropriations for fiscal year 2017, and for other purposes."
115,H.J.Res. 111,CRA disapproval,signed,2017-11-01,Donald J. Trump (first term),R,115-74,roll 412,2017-07-25,On Passage,231,1,0,7,0,189,0,5,0,0,0,0,roll 249,2017-10-24,On the Joint Resolution,50,2,0,0,0,46,0,0,0,2,0,0,D:2,-,-,-,-,-,-,-,-,-,"Providing for congressional disapproval under chapter 8 of title 5, United States Code, of the rule submitted by Bureau of Consumer Financial Protection relating to ""Arbitration Agreements""."
115,H.J.Res. 123,joint resolution,signed,2017-12-08,Donald J. Trump (first term),R,115-90,roll 670,2017-12-07,On Passage,221,18,0,1,14,175,0,4,0,0,0,0,roll 311,2017-12-07,On the Joint Resolution,42,6,0,4,38,7,0,1,1,1,0,0,D:2,-,-,-,-,-,-,-,-,-,"Making further continuing appropriations for fiscal year 2018, and for other purposes."
115,H.J.Res. 143,joint resolution,signed,2018-12-07,Donald J. Trump (first term),R,115-298,unanimous consent,2018-12-06,-,-,-,-,-,-,-,-,-,-,-,-,-,voice vote,2018-12-06,-,-,-,-,-,-,-,-,-,-,-,-,-,-,-,-,-,-,-,-,-,-,-,"Making further continuing appropriations for fiscal year 2019, and for other purposes."
115,H.R. 1,bill,signed,2017-12-22,Donald J. Trump (first term),R,115-97,roll 699,2017-12-20,On Motion to Concur in the Senate Amendment,224,12,0,3,0,189,0,4,0,0,0,0,roll 323,2017-12-20,On the Motion,51,0,0,1,0,46,0,0,0,2,0,0,D:2,-,-,-,-,-,-,-,-,-,An Act to provide for reconciliation pursuant to titles II and V of the concurrent resolution on the budget for fiscal year 2018.
115,H.R. 2,bill,signed,2018-12-20,Donald J. Trump (first term),R,115-334,roll 434,2018-12-12,On Agreeing to the Conference Report,182,44,0,9,187,3,0,7,0,0,0,0,roll 259,2018-12-11,On the Conference Report,38,13,0,0,47,0,0,0,2,0,0,0,D:2,-,-,-,-,-,-,-,-,-,Agriculture Improvement Act of 2018
115,H.R. 6,bill,signed,2018-10-24,Donald J. Trump (first term),R,115-271,no recorded vote,2018-09-28,-,-,-,-,-,-,-,-,-,-,-,-,-,roll 221,2018-10-03,On the Motion,49,1,0,1,47,0,0,0,2,0,0,0,D:2,-,-,-,-,-,-,-,-,-,SUPPORT for Patients and Communities Act
115,H.R. 39,bill,signed,2017-01-20,Donald J. Trump (first term),R,115-1,roll 34,2017-01-11,On Motion to Suspend the Rules and Pass,217,17,0,6,169,0,0,25,0,0,0,0,unanimous consent,2017-01-17,-,-,-,-,-,-,-,-,-,-,-,-,-,-,-,-,-,-,-,-,-,-,-,TALENT Act of 2017
115,H.R. 46,bill,signed,2018-10-09,Donald J. Trump (first term),R,115-255,unanimous consent,2018-09-25,-,-,-,-,-,-,-,-,-,-,-,-,-,voice vote,2018-09-18,-,-,-,-,-,-,-,-,-,-,-,-,-,-,-,-,-,-,-,-,-,-,-,Fort Ontario Study Act
115,H.R. 72,bill,signed,2017-01-31,Donald J. Trump (first term),R,115-3,voice vote,2017-01-04,-,-,-,-,-,-,-,-,-,-,-,-,-,roll 28,2017-01-17,On Passage of the Bill,51,0,0,1,46,0,0,0,2,0,0,0,D:2,-,-,-,-,-,-,-,-,-,GAO Access and Oversight Act of 2017
115,H.R. 194,bill,signed,2017-11-21,Donald J. Trump (first term),R,115-85,voice vote,2017-05-17,-,-,-,-,-,-,-,-,-,-,-,-,-,unanimous consent,2017-11-08,-,-,-,-,-,-,-,-,-,-,-,-,-,-,-,-,-,-,-,-,-,-,-,Federal Agency Mail Management Act of 2017
115,H.R. 195,bill,signed,2018-01-22,Donald J. Trump (first term),R,115-120,roll 44,2018-01-22,On Motion to Concur in the Senate Adt to the House Adt to the Senate Adt,221,6,0,10,45,144,0,4,0,0,0,0,roll 17,2018-01-22,On the Motion,48,2,0,1,32,15,0,0,1,1,0,0,D:2,-,-,-,-,-,-,-,-,-,"Making further continuing appropriations for the fiscal year ending September 30, 2018, and for other purposes."
115,H.R. 219,bill,signed,2018-07-20,Donald J. Trump (first term),R,115-200,voice vote,2018-02-06,-,-,-,-,-,-,-,-,-,-,-,-,-,unanimous consent,2018-06-28,-,-,-,-,-,-,-,-,-,-,-,-,-,-,-,-,-,-,-,-,-,-,-,Swan Lake Hydroelectric Project Boundary Correction Act
115,H.R. 220,bill,signed,2018-07-20,Donald J. Trump (first term),R,115-201,roll 330,2017-06-27,"On Motion to Suspend the Rules and Pass, as Amended",235,1,0,4,189,0,0,4,0,0,0,0,unanimous consent,2018-06-28,-,-,-,-,-,-,-,-,-,-,-,-,-,-,-,-,-,-,-,-,-,-,-,"To authorize the expansion of an existing hydroelectric project, and for other purposes."
115,H.R. 228,bill,signed,2017-12-18,Donald J. Trump (first term),R,115-93,voice vote,2017-02-27,-,-,-,-,-,-,-,-,-,-,-,-,-,unanimous consent,2017-11-29,-,-,-,-,-,-,-,-,-,-,-,-,-,-,-,-,-,-,-,-,-,-,-,"Indian Employment, Training and Related Services Consolidation Act of 2017"
115,H.R. 244,bill,signed,2017-05-05,Donald J. Trump (first term),R,115-31,roll 249,2017-05-03,"On Motion to Concur in Senate Amendments Nos. 2 and 3, and in No. 1 with Amendment",131,103,0,4,178,15,0,0,0,0,0,0,roll 121,2017-05-04,On the Motion,32,18,0,2,45,0,0,1,2,0,0,0,D:2,-,-,-,-,-,-,-,-,-,"Consolidated Appropriations Act, 2017"
115,H.R. 255,bill,signed,2017-02-28,Donald J. Trump (first term),R,115-6,voice vote,2017-01-10,-,-,-,-,-,-,-,-,-,-,-,-,-,unanimous consent,2017-02-14,-,-,-,-,-,-,-,-,-,-,-,-,-,-,-,-,-,-,-,-,-,-,-,Promoting Women in Entrepreneurship Act
115,H.R. 267,bill,signed,2018-01-08,Donald J. Trump (first term),R,115-108,voice vote,2017-03-15,-,-,-,-,-,-,-,-,-,-,-,-,-,voice vote,2017-12-21,-,-,-,-,-,-,-,-,-,-,-,-,-,-,-,-,-,-,-,-,-,-,-,"Martin Luther King, Jr. National Historical Park Act of 2017"
115,H.R. 274,bill,signed,2017-05-16,Donald J. Trump (first term),R,115-34,voice vote,2017-01-10,-,-,-,-,-,-,-,-,-,-,-,-,-,unanimous consent,2017-05-02,-,-,-,-,-,-,-,-,-,-,-,-,-,-,-,-,-,-,-,-,-,-,-,Modernizing Government Travel Act
115,H.R. 294,bill,signed,2018-03-16,Donald J. Trump (first term),R,115-133,voice vote,2017-10-10,-,-,-,-,-,-,-,-,-,-,-,-,-,voice vote,2018-03-07,-,-,-,-,-,-,-,-,-,-,-,-,-,-,-,-,-,-,-,-,-,-,-,"To designate the facility of the United States Postal Service located at 2700 Cullen Boulevard in Pearland, Texas, as the ""Endy Nddiobong Ekpanya Post Office Building""."
115,H.R. 302,bill,signed,2018-10-05,Donald J. Trump (first term),R,115-254,no recorded vote,2018-09-26,-,-,-,-,-,-,-,-,-,-,-,-,-,roll 220,2018-10-03,On the Motion,47,3,0,1,44,3,0,0,2,0,0,0,D:2,-,-,-,-,-,-,-,-,-,FAA Reauthorization Act of 2018
115,H.R. 304,bill,signed,2017-11-17,Donald J. Trump (first term),R,115-83,unanimous consent,2017-11-02,-,-,-,-,-,-,-,-,-,-,-,-,-,unanimous consent,2017-10-24,-,-,-,-,-,-,-,-,-,-,-,-,-,-,-,-,-,-,-,-,-,-,-,Protecting Patient Access to Emergency Medications Act of 2017
115,H.R. 315,bill,signed,2018-12-17,Donald J. Trump (first term),R,115-320,roll 24,2017-01-09,On Motion to Suspend the Rules and Pass,227,0,0,13,178,0,0,15,0,0,0,0,unanimous consent,2018-12-06,-,-,-,-,-,-,-,-,-,-,-,-,-,-,-,-,-,-,-,-,-,-,-,Improving Access to Maternity Care Act
115,H.R. 321,bill,signed,2017-02-28,Donald J. Trump (first term),R,115-7,voice vote,2017-01-10,-,-,-,-,-,-,-,-,-,-,-,-,-,voice vote,2017-02-14,-,-,-,-,-,-,-,-,-,-,-,-,-,-,-,-,-,-,-,-,-,-,-,"Inspiring the Next Space Pioneers, Innovators, Researchers, and Explorers (INSPIRE) Women Act"
115,H.R. 339,bill,signed,2017-08-22,Donald J. Trump (first term),R,115-53,unanimous consent,2017-08-11,-,-,-,-,-,-,-,-,-,-,-,-,-,unanimous consent,2017-08-01,-,-,-,-,-,-,-,-,-,-,-,-,-,-,-,-,-,-,-,-,-,-,-,Northern Mariana Islands Economic Expansion Act
115,H.R. 353,bill,signed,2017-04-18,Donald J. Trump (first term),R,115-25,voice vote,2017-04-04,-,-,-,-,-,-,-,-,-,-,-,-,-,unanimous consent,2017-03-29,-,-,-,-,-,-,-,-,-,-,-,-,-,-,-,-,-,-,-,-,-,-,-,Weather Research and Forecasting Innovation Act of 2017
115,H.R. 366,bill,signed,2017-06-06,Donald J. Trump (first term),R,115-38,unanimous consent,2017-05-23,-,-,-,-,-,-,-,-,-,-,-,-,-,unanimous consent,2017-05-02,-,-,-,-,-,-,-,-,-,-,-,-,-,-,-,-,-,-,-,-,-,-,-,DHS SAVE Act
115,H.R. 374,bill,signed,2017-08-18,Donald J. Trump (first term),R,115-49,roll 66,2017-01-30,On Motion to Suspend the Rules and Pass,228,0,0,11,160,0,0,33,0,0,0,0,unanimous consent,2017-08-03,-,-,-,-,-,-,-,-,-,-,-,-,-,-,-,-,-,-,-,-,-,-,-,"To remove the sunset provision of section 203 of Public Law 105-384, and for other purposes."
115,H.R. 375,bill,signed,2017-06-06,Donald J. Trump (first term),R,115-39,voice vote,2017-03-07,-,-,-,-,-,-,-,-,-,-,-,-,-,unanimous consent,2017-05-24,-,-,-,-,-,-,-,-,-,-,-,-,-,-,-,-,-,-,-,-,-,-,-,"To designate the Federal building and United States courthouse located at 719 Church Street in Nashville, Tennessee, as the ""Fred D. Thompson Federal Building and United States Courthouse""."
115,H.R. 381,bill,signed,2018-01-10,Donald J. Trump (first term),R,115-109,voice vote,2017-01-30,-,-,-,-,-,-,-,-,-,-,-,-,-,voice vote,2017-12-21,-,-,-,-,-,-,-,-,-,-,-,-,-,-,-,-,-,-,-,-,-,-,-,"To designate a mountain in the John Muir Wilderness of the Sierra National Forest as ""Sky Point""."
115,H.R. 390,bill,signed,2018-12-11,Donald J. Trump (first term),R,115-300,voice vote,2018-11-27,-,-,-,-,-,-,-,-,-,-,-,-,-,unanimous consent,2018-10-11,-,-,-,-,-,-,-,-,-,-,-,-,-,-,-,-,-,-,-,-,-,-,-,Iraq and Syria Genocide Relief and Accountability Act of 2018
115,H.R. 446,bill,signed,2018-07-23,Donald J. Trump (first term),R,115-202,voice vote,2017-06-12,-,-,-,-,-,-,-,-,-,-,-,-,-,unanimous consent,2018-06-28,-,-,-,-,-,-,-,-,-,-,-,-,-,-,-,-,-,-,-,-,-,-,-,To extend the deadline for commencement of construction of a hydroelectric project.
115,H.R. 447,bill,signed,2018-07-23,Donald J. Trump (first term),R,115-203,voice vote,2017-06-12,-,-,-,-,-,-,-,-,-,-,-,-,-,unanimous consent,2018-06-28,-,-,-,-,-,-,-,-,-,-,-,-,-,-,-,-,-,-,-,-,-,-,-,To extend the deadline for commencement of construction of a hydroelectric project.
115,H.R. 452,bill,signed,2018-03-16,Donald J. Trump (first term),R,115-134,roll 562,2017-10-11,On Motion to Suspend the Rules and Pass,227,0,0,12,191,0,0,3,0,0,0,0,voice vote,2018-03-07,-,-,-,-,-,-,-,-,-,-,-,-,-,-,-,-,-,-,-,-,-,-,-,"To designate the facility of the United States Postal Service located at 324 West Saint Louis Street in Pacific, Missouri, as the ""Specialist Jeffrey L. White, Jr. Post Office""."
115,H.R. 510,bill,signed,2017-08-18,Donald J. Trump (first term),R,115-50,voice vote,2017-05-16,-,-,-,-,-,-,-,-,-,-,-,-,-,unanimous consent,2017-08-01,-,-,-,-,-,-,-,-,-,-,-,-,-,-,-,-,-,-,-,-,-,-,-,Rapid DNA Act of 2017
115,H.R. 518,bill,signed,2018-01-12,Donald J. Trump (first term),R,115-115,voice vote,2017-01-23,-,-,-,-,-,-,-,-,-,-,-,-,-,voice vote,2017-12-21,-,-,-,-,-,-,-,-,-,-,-,-,-,-,-,-,-,-,-,-,-,-,-,EPS Improvement Act of 2017
115,H.R. 534,bill,signed,2017-05-08,Donald J. Trump (first term),R,115-32,unanimous consent,2017-05-04,-,-,-,-,-,-,-,-,-,-,-,-,-,unanimous consent,2017-05-04,-,-,-,-,-,-,-,-,-,-,-,-,-,-,-,-,-,-,-,-,-,-,-,U.S. Wants to Compete for a World Expo Act
115,H.R. 535,bill,signed,2018-03-16,Donald J. Trump (first term),R,115-135,voice vote,2018-01-09,-,-,-,-,-,-,-,-,-,-,-,-,-,unanimous consent,2018-02-28,-,-,-,-,-,-,-,-,-,-,-,-,-,-,-,-,-,-,-,-,-,-,-,Taiwan Travel Act
115,H.R. 560,bill,signed,2018-01-08,Donald J. Trump (first term),R,115-101,voice vote,2017-01-30,-,-,-,-,-,-,-,-,-,-,-,-,-,voice vote,2017-12-21,-,-,-,-,-,-,-,-,-,-,-,-,-,-,-,-,-,-,-,-,-,-,-,"To amend the Delaware Water Gap National Recreation Area Improvement Act to provide access to certain vehicles serving residents of municipalities adjacent to the Delaware Water Gap National Recreation Area, and for other purposes."
115,H.R. 582,bill,signed,2018-02-16,Donald J. Trump (first term),R,115-127,voice vote,2018-02-09,-,-,-,-,-,-,-,-,-,-,-,-,-,unanimous consent,2018-02-05,-,-,-,-,-,-,-,-,-,-,-,-,-,-,-,-,-,-,-,-,-,-,-,Kari's Law Act of 2017
115,H.R. 589,bill,signed,2018-09-28,Donald J. Trump (first term),R,115-246,voice vote,2018-09-13,-,-,-,-,-,-,-,-,-,-,-,-,-,voice vote,2018-07-23,-,-,-,-,-,-,-,-,-,-,-,-,-,-,-,-,-,-,-,-,-,-,-,Department of Energy Research and Innovation Act
115,H.R. 601,bill,signed,2017-09-08,Donald J. Trump (first term),R,115-56,roll 480,2017-09-08,On Motion to Concur in the Senate Adt to the House Adt to the Senate Adt,133,90,0,16,183,0,0,11,0,0,0,0,roll 192,2017-09-07,On the Motion,33,17,0,2,45,0,0,1,2,0,0,0,D:2,-,-,-,-,-,-,-,-,-,"Continuing Appropriations Act, 2018 and Supplemental Appropriations for Disaster Relief Requirements Act, 2017"
115,H.R. 606,bill,signed,2018-12-06,Donald J. Trump (first term),R,115-283,unanimous consent,2018-09-13,-,-,-,-,-,-,-,-,-,-,-,-,-,unanimous consent,2018-11-15,-,-,-,-,-,-,-,-,-,-,-,-,-,-,-,-,-,-,-,-,-,-,-,"To designate the facility of the United States Postal Service located at 1025 Nevin Avenue in Richmond, California, as the ""Harold D. McCraw, Sr., Post Office Building""."
115,H.R. 609,bill,signed,2017-03-13,Donald J. Trump (first term),R,115-9,voice vote,2017-02-13,-,-,-,-,-,-,-,-,-,-,-,-,-,unanimous consent,2017-02-17,-,-,-,-,-,-,-,-,-,-,-,-,-,-,-,-,-,-,-,-,-,-,-,"To designate the Department of Veterans Affairs health care center in Center Township, Butler County, Pennsylvania, as the ""Abie Abraham VA Clinic""."
115,H.R. 624,bill,signed,2017-09-15,Donald J. Trump (first term),R,115-59,voice vote,2017-05-24,-,-,-,-,-,-,-,-,-,-,-,-,-,unanimous consent,2017-09-06,-,-,-,-,-,-,-,-,-,-,-,-,-,-,-,-,-,-,-,-,-,-,-,Social Security Number Fraud Prevention Act of 2017
115,H.R. 657,bill,signed,2017-06-14,Donald J. Trump (first term),R,115-40,roll 239,2017-05-01,"On Motion to Suspend the Rules and Pass, as Amended",223,0,0,14,184,0,0,9,0,0,0,0,unanimous consent,2017-05-25,-,-,-,-,-,-,-,-,-,-,-,-,-,-,-,-,-,-,-,-,-,-,-,Follow the Rules Act
115,H.R. 672,bill,signed,2019-01-14,Donald J. Trump (first term),R,115-434,voice vote,2017-05-17,-,-,-,-,-,-,-,-,-,-,-,-,-,unanimous consent,2018-12-22,-,-,-,-,-,-,-,-,-,-,-,-,-,-,-,-,-,-,-,-,-,-,-,Combating European Anti-Semitism Act of 2017
115,H.R. 698,bill,signed,2018-10-03,Donald J. Trump (first term),R,115-252,voice vote,2017-02-06,-,-,-,-,-,-,-,-,-,-,-,-,-,unanimous consent,2018-09-18,-,-,-,-,-,-,-,-,-,-,-,-,-,-,-,-,-,-,-,-,-,-,-,Elkhorn Ranch and White River National Forest Conveyance Act of 2017
115,H.R. 699,bill,signed,2018-01-10,Donald J. Trump (first term),R,115-110,roll 100,2017-02-27,On Motion to Suspend the Rules and Pass,230,1,0,6,185,0,0,8,0,0,0,0,voice vote,2017-12-21,-,-,-,-,-,-,-,-,-,-,-,-,-,-,-,-,-,-,-,-,-,-,-,Mount Hood Cooper Spur Land Exchange Clarification Act
115,H.R. 754,bill,signed,2018-12-13,Donald J. Trump (first term),R,115-310,voice vote,2018-09-26,-,-,-,-,-,-,-,-,-,-,-,-,-,unanimous consent,2018-12-04,-,-,-,-,-,-,-,-,-,-,-,-,-,-,-,-,-,-,-,-,-,-,-,Anwar Sadat Centennial Celebration Act
115,H.R. 767,bill,signed,2018-12-31,Donald J. Trump (first term),R,115-398,roll 462,2018-12-20,On Motion to Suspend the Rules and Concur in the Senate Amendment,208,6,0,21,178,0,0,19,0,0,0,0,voice vote,2018-12-20,-,-,-,-,-,-,-,-,-,-,-,-,-,-,-,-,-,-,-,-,-,-,-,SOAR to Health and Wellness Act of 2018
115,H.R. 770,bill,signed,2018-07-20,Donald J. Trump (first term),R,115-197,unanimous consent,2018-06-27,-,-,-,-,-,-,-,-,-,-,-,-,-,voice vote,2018-06-20,-,-,-,-,-,-,-,-,-,-,-,-,-,-,-,-,-,-,-,-,-,-,-,American Innovation $1 Coin Act
115,H.R. 863,bill,signed,2018-01-10,Donald J. Trump (first term),R,115-111,roll 102,2017-02-27,On Motion to Suspend the Rules and Pass,185,42,0,10,184,0,0,9,0,0,0,0,voice vote,2017-12-21,-,-,-,-,-,-,-,-,-,-,-,-,-,-,-,-,-,-,-,-,-,-,-,"To facilitate the addition of park administration at the Coltsville National Historical Park, and for other purposes."
115,H.R. 873,bill,signed,2017-08-18,Donald J. Trump (first term),R,115-51,voice vote,2017-07-28,-,-,-,-,-,-,-,-,-,-,-,-,-,unanimous consent,2017-08-03,-,-,-,-,-,-,-,-,-,-,-,-,-,-,-,-,-,-,-,-,-,-,-,Global War on Terrorism War Memorial Act
115,H.R. 931,bill,signed,2018-07-07,Donald J. Trump (first term),R,115-194,unanimous consent,2018-06-22,-,-,-,-,-,-,-,-,-,-,-,-,-,unanimous consent,2018-05-10,-,-,-,-,-,-,-,-,-,-,-,-,-,-,-,-,-,-,-,-,-,-,-,Firefighter Cancer Registry Act of 2018
115,H.R. 951,bill,signed,2018-07-23,Donald J. Trump (first term),R,115-204,voice vote,2017-06-12,-,-,-,-,-,-,-,-,-,-,-,-,-,unanimous consent,2018-06-28,-,-,-,-,-,-,-,-,-,-,-,-,-,-,-,-,-,-,-,-,-,-,-,To extend the deadline for commencement of construction of a hydroelectric project.
115,H.R. 954,bill,signed,2018-01-12,Donald J. Trump (first term),R,115-116,voice vote,2017-07-11,-,-,-,-,-,-,-,-,-,-,-,-,-,voice vote,2017-12-21,-,-,-,-,-,-,-,-,-,-,-,-,-,-,-,-,-,-,-,-,-,-,-,"To remove the use restrictions on certain land transferred to Rockingham County, Virginia, and for other purposes."
115,H.R. 984,bill,signed,2018-01-29,Donald J. Trump (first term),R,115-121,voice vote,2017-05-17,-,-,-,-,-,-,-,-,-,-,-,-,-,voice vote,2018-01-11,-,-,-,-,-,-,-,-,-,-,-,-,-,-,-,-,-,-,-,-,-,-,-,Thomasina E. Jordan Indian Tribes of Virginia Federal Recognition Act of 2017
115,H.R. 1037,bill,signed,2018-11-03,Donald J. Trump (first term),R,115-275,roll 338,2018-07-18,"On Motion to Suspend the Rules and Pass, as Amended",228,0,0,7,186,0,0,7,0,0,0,0,unanimous consent,2018-10-11,-,-,-,-,-,-,-,-,-,-,-,-,-,-,-,-,-,-,-,-,-,-,-,"To authorize the National Emergency Medical Services Memorial Foundation to establish a commemorative work in the District of Columbia and its environs, and for other purposes."
115,H.R. 1074,bill,signed,2018-12-11,Donald J. Trump (first term),R,115-301,voice vote,2017-11-01,-,-,-,-,-,-,-,-,-,-,-,-,-,voice vote,2018-11-27,-,-,-,-,-,-,-,-,-,-,-,-,-,-,-,-,-,-,-,-,-,-,-,"To repeal the Act entitled ""An Act to confer jurisdiction on the State of Iowa over offenses committed by or against Indians on the Sac and Fox Indian Reservation""."
115,H.R. 1109,bill,signed,2018-09-28,Donald J. Trump (first term),R,115-247,unanimous consent,2018-09-13,-,-,-,-,-,-,-,-,-,-,-,-,-,voice vote,2018-09-04,-,-,-,-,-,-,-,-,-,-,-,-,-,-,-,-,-,-,-,-,-,-,-,To amend section 203 of the Federal Power Act.
115,H.R. 1117,bill,signed,2017-10-18,Donald J. Trump (first term),R,115-69,roll 195,2017-03-27,"On Motion to Suspend the Rules and Pass, as Amended",225,0,0,11,183,0,0,10,0,0,0,0,unanimous consent,2017-10-04,-,-,-,-,-,-,-,-,-,-,-,-,-,-,-,-,-,-,-,-,-,-,-,To require the Administrator of the Federal Emergency Management Agency to submit a report regarding certain plans regarding assistance to applicants and grantees during the response to an emergency or disaster.
115,H.R. 1162,bill,signed,2018-12-21,Donald J. Trump (first term),R,115-339,voice vote,2017-05-23,-,-,-,-,-,-,-,-,-,-,-,-,-,unanimous consent,2018-12-19,-,-,-,-,-,-,-,-,-,-,-,-,-,-,-,-,-,-,-,-,-,-,-,No Hero Left Untreated Act
115,H.R. 1177,bill,signed,2018-03-26,Donald J. Trump (first term),R,115-156,roll 262,2017-05-17,On Motion to Suspend the Rules and Pass,231,1,0,5,187,0,0,6,0,0,0,0,unanimous consent,2018-03-08,-,-,-,-,-,-,-,-,-,-,-,-,-,-,-,-,-,-,-,-,-,-,-,Removing Outdated Restrictions to Allow for Job Growth Act
115,H.R. 1207,bill,signed,2018-12-13,Donald J. Trump (first term),R,115-311,unanimous consent,2018-11-29,-,-,-,-,-,-,-,-,-,-,-,-,-,voice vote,2018-03-07,-,-,-,-,-,-,-,-,-,-,-,-,-,-,-,-,-,-,-,-,-,-,-,"To designate the facility of the United States Postal Service located at 306 River Street in Tilden, Texas, as the ""Tilden Veterans Post Office""."
115,H.R. 1208,bill,signed,2018-03-20,Donald J. Trump (first term),R,115-138,voice vote,2017-12-12,-,-,-,-,-,-,-,-,-,-,-,-,-,voice vote,2018-03-07,-,-,-,-,-,-,-,-,-,-,-,-,-,-,-,-,-,-,-,-,-,-,-,"To designate the facility of the United States Postal Service located at 9155 Schaefer Road, Converse, Texas, as the ""Converse Veterans Post Office Building""."
115,H.R. 1209,bill,signed,2018-12-06,Donald J. Trump (first term),R,115-284,voice vote,2018-03-05,-,-,-,-,-,-,-,-,-,-,-,-,-,unanimous consent,2018-11-15,-,-,-,-,-,-,-,-,-,-,-,-,-,-,-,-,-,-,-,-,-,-,-,"To designate the facility of the United States Postal Service located at 901 N. Francisco Avenue, Mission, Texas, as the ""Mission Veterans Post Office Building""."
115,H.R. 1210,bill,signed,2018-12-21,Donald J. Trump (first term),R,115-340,unanimous consent,2018-11-29,-,-,-,-,-,-,-,-,-,-,-,-,-,unanimous consent,2018-12-12,-,-,-,-,-,-,-,-,-,-,-,-,-,-,-,-,-,-,-,-,-,-,-,"To designate the facility of the United States Postal Service located at 122 W. Goodwin Street, Pleasanton, Texas, as the ""Pleasanton Veterans Post Office""."
115,H.R. 1211,bill,signed,2018-12-21,Donald J. Trump (first term),R,115-341,unanimous consent,2018-11-29,-,-,-,-,-,-,-,-,-,-,-,-,-,unanimous consent,2018-12-12,-,-,-,-,-,-,-,-,-,-,-,-,-,-,-,-,-,-,-,-,-,-,-,"To designate the facility of the United States Postal Service located at 400 N. Main Street, Encinal, Texas, as the ""Encinal Veterans Post Office""."
115,H.R. 1222,bill,signed,2018-12-21,Donald J. Trump (first term),R,115-342,roll 436,2018-12-19,On Motion to Suspend the Rules and Concur in the Senate Amendment,188,7,0,40,167,0,0,30,0,0,0,0,unanimous consent,2018-12-12,-,-,-,-,-,-,-,-,-,-,-,-,-,-,-,-,-,-,-,-,-,-,-,Congenital Heart Futures Reauthorization Act of 2017
115,H.R. 1228,bill,signed,2017-04-03,Donald J. Trump (first term),R,115-19,unanimous consent,2017-03-15,-,-,-,-,-,-,-,-,-,-,-,-,-,unanimous consent,2017-03-21,-,-,-,-,-,-,-,-,-,-,-,-,-,-,-,-,-,-,-,-,-,-,-,"To provide for the appointment of members of the Board of Directors of the Office of Compliance to replace members whose terms expire during 2017, and for other purposes."
115,H.R. 1235,bill,signed,2018-12-21,Donald J. Trump (first term),R,115-343,voice vote,2017-09-25,-,-,-,-,-,-,-,-,-,-,-,-,-,voice vote,2018-12-18,-,-,-,-,-,-,-,-,-,-,-,-,-,-,-,-,-,-,-,-,-,-,-,Naismith Memorial Basketball Hall of Fame Commemorative Coin Act
115,H.R. 1238,bill,signed,2017-06-30,Donald J. Trump (first term),R,115-43,unanimous consent,2017-06-20,-,-,-,-,-,-,-,-,-,-,-,-,-,unanimous consent,2017-05-24,-,-,-,-,-,-,-,-,-,-,-,-,-,-,-,-,-,-,-,-,-,-,-,Securing our Agriculture and Food Act
115,H.R. 1242,bill,signed,2018-01-08,Donald J. Trump (first term),R,115-102,voice vote,2017-05-01,-,-,-,-,-,-,-,-,-,-,-,-,-,voice vote,2017-12-21,-,-,-,-,-,-,-,-,-,-,-,-,-,-,-,-,-,-,-,-,-,-,-,400 Years of African-American History Commission Act
115,H.R. 1301,bill,signed,2018-02-09,Donald J. Trump (first term),R,115-124,unanimous consent,2018-02-09,-,-,-,-,-,-,-,-,-,-,-,-,-,unanimous consent,2018-02-09,-,-,-,-,-,-,-,-,-,-,-,-,-,-,-,-,-,-,-,-,-,-,-,"Continuing Appropriations Amendments Act, 2018"
115,H.R. 1306,bill,signed,2018-01-08,Donald J. Trump (first term),R,115-103,voice vote,2017-07-11,-,-,-,-,-,-,-,-,-,-,-,-,-,voice vote,2017-12-21,-,-,-,-,-,-,-,-,-,-,-,-,-,-,-,-,-,-,-,-,-,-,-,Western Oregon Tribal Fairness Act
115,H.R. 1318,bill,signed,2018-12-21,Donald J. Trump (first term),R,115-344,voice vote,2018-12-11,-,-,-,-,-,-,-,-,-,-,-,-,-,unanimous consent,2018-12-13,-,-,-,-,-,-,-,-,-,-,-,-,-,-,-,-,-,-,-,-,-,-,-,Preventing Maternal Deaths Act of 2018
115,H.R. 1329,bill,signed,2017-11-02,Donald J. Trump (first term),R,115-75,voice vote,2017-05-23,-,-,-,-,-,-,-,-,-,-,-,-,-,unanimous consent,2017-10-25,-,-,-,-,-,-,-,-,-,-,-,-,-,-,-,-,-,-,-,-,-,-,-,Veterans' Compensation Cost-of-Living Adjustment Act of 2017
115,H.R. 1362,bill,signed,2017-03-31,Donald J. Trump (first term),R,115-16,roll 127,2017-03-07,On Motion to Suspend the Rules and Pass,226,2,0,8,185,0,0,8,0,0,0,0,unanimous consent,2017-03-15,-,-,-,-,-,-,-,-,-,-,-,-,-,-,-,-,-,-,-,-,-,-,-,"To name the Department of Veterans Affairs community-based outpatient clinic in Pago Pago, American Samoa, the Faleomavaega Eni Fa'aua'a Hunkin VA Clinic."
115,H.R. 1370,bill,signed,2017-12-22,Donald J. Trump (first term),R,115-96,roll 708,2017-12-21,On Motion to Concur in the Senate Amendment with an Amendment,217,16,0,6,14,172,0,7,0,0,0,0,roll 325,2017-12-21,On the Motion,48,2,0,2,17,29,0,0,1,1,0,0,D:2,-,-,-,-,-,-,-,-,-,"An Act to amend the Homeland Security Act of 2002 to require the Secretary of Homeland Security to issue Department of Homeland Security-wide guidance and develop training programs as part of the Department of Homeland Security Blue Campaign, and for other purposes."
115,H.R. 1397,bill,signed,2018-06-22,Donald J. Trump (first term),R,115-190,roll 345,2017-07-11,On Motion to Suspend the Rules and Pass,226,0,0,13,180,0,0,13,0,0,0,0,voice vote,2018-06-06,-,-,-,-,-,-,-,-,-,-,-,-,-,-,-,-,-,-,-,-,-,-,-,"To authorize, direct, facilitate, and expedite the transfer of administrative jurisdiction of certain Federal land, and for other purposes."
115,H.R. 1417,bill,signed,2018-12-17,Donald J. Trump (first term),R,115-321,voice vote,2018-05-15,-,-,-,-,-,-,-,-,-,-,-,-,-,unanimous consent,2018-12-06,-,-,-,-,-,-,-,-,-,-,-,-,-,-,-,-,-,-,-,-,-,-,-,National Law Enforcement Museum Exhibits Act
115,H.R. 1496,bill,signed,2018-07-24,Donald J. Trump (first term),R,115-207,voice vote,2018-05-07,-,-,-,-,-,-,-,-,-,-,-,-,-,unanimous consent,2018-06-28,-,-,-,-,-,-,-,-,-,-,-,-,-,-,-,-,-,-,-,-,-,-,-,"To designate the facility of the United States Postal Service located at 3585 South Vermont Avenue in Los Angeles, California, as the ""Marvin Gaye Post Office""."
115,H.R. 1545,bill,signed,2017-11-21,Donald J. Trump (first term),R,115-86,voice vote,2017-05-23,-,-,-,-,-,-,-,-,-,-,-,-,-,unanimous consent,2017-11-15,-,-,-,-,-,-,-,-,-,-,-,-,-,-,-,-,-,-,-,-,-,-,-,VA Prescription Data Accountability Act 2017
115,H.R. 1551,bill,signed,2018-10-11,Donald J. Trump (first term),R,115-264,unanimous consent,2018-09-25,-,-,-,-,-,-,-,-,-,-,-,-,-,voice vote,2018-09-18,-,-,-,-,-,-,-,-,-,-,-,-,-,-,-,-,-,-,-,-,-,-,-,Orrin G. Hatch-Bob Goodlatte Music Modernization Act
115,H.R. 1616,bill,signed,2017-11-02,Donald J. Trump (first term),R,115-76,unanimous consent,2017-10-12,-,-,-,-,-,-,-,-,-,-,-,-,-,voice vote,2017-10-02,-,-,-,-,-,-,-,-,-,-,-,-,-,-,-,-,-,-,-,-,-,-,-,Strengthening State and Local Cyber Crime Fighting Act of 2017
115,H.R. 1625,bill,signed,2018-03-23,Donald J. Trump (first term),R,115-141,roll 127,2018-03-22,On Motion to Concur in the Senate Amendment with an Amendment,145,90,0,3,111,77,0,4,0,0,0,0,roll 63,2018-03-23,On the Motion,25,23,0,3,39,8,0,0,1,1,0,0,D:2,-,-,-,-,-,-,-,-,-,"Consolidated Appropriations Act, 2018"
115,H.R. 1660,bill,signed,2019-01-03,Donald J. Trump (first term),R,115-411,roll 34,2018-01-18,On Motion to Suspend the Rules and Pass,231,3,0,3,192,0,0,1,0,0,0,0,unanimous consent,2018-12-20,-,-,-,-,-,-,-,-,-,-,-,-,-,-,-,-,-,-,-,-,-,-,-,Global Health Innovation Act of 2017
115,H.R. 1679,bill,signed,2017-11-21,Donald J. Trump (first term),R,115-87,roll 242,2017-05-02,On Motion to Suspend the Rules and Pass,230,0,0,7,189,0,0,4,0,0,0,0,unanimous consent,2017-11-13,-,-,-,-,-,-,-,-,-,-,-,-,-,-,-,-,-,-,-,-,-,-,-,"FEMA Accountability, Modernization and Transparency Act of 2017"
115,H.R. 1719,bill,signed,2018-06-22,Donald J. Trump (first term),R,115-191,roll 346,2017-07-11,"On Motion to Suspend the Rules and Pass, as Amended",216,15,0,8,185,0,0,9,0,0,0,0,unanimous consent,2018-06-06,-,-,-,-,-,-,-,-,-,-,-,-,-,-,-,-,-,-,-,-,-,-,-,John Muir National Historic Site Expansion Act
115,H.R. 1725,bill,signed,2018-03-09,Donald J. Trump (first term),R,115-130,voice vote,2017-05-23,-,-,-,-,-,-,-,-,-,-,-,-,-,unanimous consent,2018-02-15,-,-,-,-,-,-,-,-,-,-,-,-,-,-,-,-,-,-,-,-,-,-,-,To direct the Secretary of Veterans Affairs to submit certain reports relating to medical evidence submitted in support of claims for benefits under the laws administered by the Secretary.
115,H.R. 1733,bill,signed,2018-12-21,Donald J. Trump (first term),R,115-345,voice vote,2017-12-12,-,-,-,-,-,-,-,-,-,-,-,-,-,unanimous consent,2018-12-20,-,-,-,-,-,-,-,-,-,-,-,-,-,-,-,-,-,-,-,-,-,-,-,To direct the Secretary of Energy to review and update a report on the energy and environmental benefits of the re-refining of used lubricating oil.
115,H.R. 1850,bill,signed,2018-12-21,Donald J. Trump (first term),R,115-346,unanimous consent,2018-12-11,-,-,-,-,-,-,-,-,-,-,-,-,-,unanimous consent,2018-12-19,-,-,-,-,-,-,-,-,-,-,-,-,-,-,-,-,-,-,-,-,-,-,-,"To designate the facility of the United States Postal Service located at 907 Fourth Avenue in Lake Odessa, Michigan, as the ""Donna Sauers Besko Post Office""."
115,H.R. 1858,bill,signed,2018-03-20,Donald J. Trump (first term),R,115-139,roll 558,2017-10-10,On Motion to Suspend the Rules and Pass,222,0,0,17,175,0,0,19,0,0,0,0,voice vote,2018-03-07,-,-,-,-,-,-,-,-,-,-,-,-,-,-,-,-,-,-,-,-,-,-,-,"To designate the facility of the United States Postal Service located at 4514 Williamson Trail in Liberty, Pennsylvania, as the ""Staff Sergeant Ryan Scott Ostrom Post Office""."
115,H.R. 1861,bill,signed,2018-12-17,Donald J. Trump (first term),R,115-322,voice vote,2018-07-10,-,-,-,-,-,-,-,-,-,-,-,-,-,voice vote,2018-12-06,-,-,-,-,-,-,-,-,-,-,-,-,-,-,-,-,-,-,-,-,-,-,-,Larry Doby Congressional Gold Medal Act
115,H.R. 1865,bill,signed,2018-04-11,Donald J. Trump (first term),R,115-164,roll 91,2018-02-27,On Passage,214,14,0,9,174,11,0,8,0,0,0,0,roll 60,2018-03-21,On Passage of the Bill,49,1,0,1,46,1,0,0,2,0,0,0,D:2,-,-,-,-,-,-,-,-,-,Allow States and Victims to Fight Online Sex Trafficking Act of 2017
115,H.R. 1872,bill,signed,2018-12-19,Donald J. Trump (first term),R,115-330,voice vote,2018-09-25,-,-,-,-,-,-,-,-,-,-,-,-,-,voice vote,2018-12-11,-,-,-,-,-,-,-,-,-,-,-,-,-,-,-,-,-,-,-,-,-,-,-,Reciprocal Access to Tibet Act of 2018
115,H.R. 1892,bill,signed,2018-02-09,Donald J. Trump (first term),R,115-123,roll 69,2018-02-09,On Motion to Concur in the Senate Amdt to the House Amdt to the Senate Amdt,167,67,0,4,73,119,0,1,0,0,0,0,roll 31,2018-02-09,On the Motion,34,16,0,1,36,11,0,0,1,1,0,0,D:2,-,-,-,-,-,-,-,-,-,Bipartisan Budget Act of 2018
115,H.R. 1900,bill,signed,2018-06-21,Donald J. Trump (first term),R,115-186,voice vote,2017-11-07,-,-,-,-,-,-,-,-,-,-,-,-,-,voice vote,2018-06-06,-,-,-,-,-,-,-,-,-,-,-,-,-,-,-,-,-,-,-,-,-,-,-,National Veterans Memorial and Museum Act
115,H.R. 1918,bill,signed,2018-12-20,Donald J. Trump (first term),R,115-335,unanimous consent,2018-12-11,-,-,-,-,-,-,-,-,-,-,-,-,-,voice vote,2018-11-27,-,-,-,-,-,-,-,-,-,-,-,-,-,-,-,-,-,-,-,-,-,-,-,Nicaragua Human Rights and Anticorruption Act of 2018
115,H.R. 1927,bill,signed,2018-01-08,Donald J. Trump (first term),R,115-104,voice vote,2017-07-26,-,-,-,-,-,-,-,-,-,-,-,-,-,voice vote,2017-12-21,-,-,-,-,-,-,-,-,-,-,-,-,-,-,-,-,-,-,-,-,-,-,-,African American Civil Rights Network Act of 2017
115,H.R. 1988,bill,signed,2018-03-20,Donald J. Trump (first term),R,115-140,voice vote,2017-07-11,-,-,-,-,-,-,-,-,-,-,-,-,-,voice vote,2018-03-07,-,-,-,-,-,-,-,-,-,-,-,-,-,-,-,-,-,-,-,-,-,-,-,"To designate the facility of the United States Postal Service located at 1730 18th Street in Bakersfield, California, as the ""Merle Haggard Post Office Building""."
115,H.R. 2061,bill,signed,2018-07-20,Donald J. Trump (first term),R,115-198,unanimous consent,2018-06-27,-,-,-,-,-,-,-,-,-,-,-,-,-,unanimous consent,2018-04-24,-,-,-,-,-,-,-,-,-,-,-,-,-,-,-,-,-,-,-,-,-,-,-,North Korean Human Rights Reauthorization Act of 2017
115,H.R. 2122,bill,signed,2018-07-23,Donald J. Trump (first term),R,115-205,voice vote,2017-06-12,-,-,-,-,-,-,-,-,-,-,-,-,-,unanimous consent,2018-06-28,-,-,-,-,-,-,-,-,-,-,-,-,-,-,-,-,-,-,-,-,-,-,-,To reinstate and extend the deadline for commencement of construction of a hydroelectric project involving Jennings Randolph Dam.
115,H.R. 2142,bill,signed,2018-01-10,Donald J. Trump (first term),R,115-112,roll 574,2017-10-24,"On Motion to Suspend the Rules and Pass, as Amended",226,2,0,10,186,1,0,7,0,0,0,0,unanimous consent,2017-12-21,-,-,-,-,-,-,-,-,-,-,-,-,-,-,-,-,-,-,-,-,-,-,-,INTERDICT Act
115,H.R. 2147,bill,signed,2018-09-17,Donald J. Trump (first term),R,115-240,voice vote,2018-06-13,-,-,-,-,-,-,-,-,-,-,-,-,-,unanimous consent,2018-08-22,-,-,-,-,-,-,-,-,-,-,-,-,-,-,-,-,-,-,-,-,-,-,-,Veterans Treatment Court Improvement Act of 2018
115,H.R. 2154,bill,signed,2018-03-27,Donald J. Trump (first term),R,115-157,voice vote,2017-05-17,-,-,-,-,-,-,-,-,-,-,-,-,-,unanimous consent,2018-03-14,-,-,-,-,-,-,-,-,-,-,-,-,-,-,-,-,-,-,-,-,-,-,-,"To rename the Red River Valley Agricultural Research Center in Fargo, North Dakota, as the Edward T. Schafer Agricultural Research Center."
115,H.R. 2200,bill,signed,2019-01-08,Donald J. Trump (first term),R,115-425,roll 487,2018-12-21,On Motion to Suspend the Rules and Concur in the Senate Amendment,194,7,0,34,174,0,0,23,0,0,0,0,voice vote,2018-12-17,-,-,-,-,-,-,-,-,-,-,-,-,-,-,-,-,-,-,-,-,-,-,-,Frederick Douglass Trafficking Victims Prevention and Protection Reauthorization Act of 2018
115,H.R. 2210,bill,signed,2017-08-16,Donald J. Trump (first term),R,115-47,roll 379,2017-07-17,On Motion to Suspend the Rules and Pass,224,0,0,15,177,0,0,17,0,0,0,0,unanimous consent,2017-08-01,-,-,-,-,-,-,-,-,-,-,-,-,-,-,-,-,-,-,-,-,-,-,-,"To designate the community living center of the Department of Veterans Affairs in Butler Township, Butler County, Pennsylvania, as the ""Sergeant Joseph George Kusick VA Community Living Center""."
115,H.R. 2228,bill,signed,2018-01-10,Donald J. Trump (first term),R,115-113,voice vote,2017-11-28,-,-,-,-,-,-,-,-,-,-,-,-,-,unanimous consent,2017-12-21,-,-,-,-,-,-,-,-,-,-,-,-,-,-,-,-,-,-,-,-,-,-,-,Law Enforcement Mental Health and Wellness Act of 2017
115,H.R. 2229,bill,signed,2018-07-07,Donald J. Trump (first term),R,115-195,unanimous consent,2018-06-22,-,-,-,-,-,-,-,-,-,-,-,-,-,unanimous consent,2018-06-12,-,-,-,-,-,-,-,-,-,-,-,-,-,-,-,-,-,-,-,-,-,-,-,All Circuit Review Act
115,H.R. 2254,bill,signed,2018-03-23,Donald J. Trump (first term),R,115-142,voice vote,2017-10-10,-,-,-,-,-,-,-,-,-,-,-,-,-,voice vote,2018-03-07,-,-,-,-,-,-,-,-,-,-,-,-,-,-,-,-,-,-,-,-,-,-,-,"To designate the facility of the United States Postal Service located at 2635 Napa Street in Vallejo, California, as the ""Janet Capello Post Office Building""."
115,H.R. 2259,bill,signed,2018-10-09,Donald J. Trump (first term),R,115-256,voice vote,2018-07-10,-,-,-,-,-,-,-,-,-,-,-,-,-,voice vote,2018-09-24,-,-,-,-,-,-,-,-,-,-,-,-,-,-,-,-,-,-,-,-,-,-,-,Sam Farr and Nick Castle Peace Corps Reform Act of 2018
115,H.R. 2266,bill,signed,2017-10-26,Donald J. Trump (first term),R,115-72,no recorded vote,2017-10-12,-,-,-,-,-,-,-,-,-,-,-,-,-,roll 248,2017-10-24,On the Motion,35,17,0,0,45,0,0,1,2,0,0,0,D:2,-,-,-,-,-,-,-,-,-,"Additional Supplemental Appropriations for Disaster Relief Requirements Act, 2017"
115,H.R. 2288,bill,signed,2017-08-23,Donald J. Trump (first term),R,115-55,unanimous consent,2017-08-11,-,-,-,-,-,-,-,-,-,-,-,-,-,unanimous consent,2017-08-01,-,-,-,-,-,-,-,-,-,-,-,-,-,-,-,-,-,-,-,-,-,-,-,Veterans Appeals Improvement and Modernization Act of 2017
115,H.R. 2292,bill,signed,2018-07-23,Donald J. Trump (first term),R,115-206,roll 300,2017-06-12,On Motion to Suspend the Rules and Pass,222,1,0,14,178,0,0,15,0,0,0,0,unanimous consent,2018-06-28,-,-,-,-,-,-,-,-,-,-,-,-,-,-,-,-,-,-,-,-,-,-,-,To extend a project of the Federal Energy Regulatory Commission involving the Cannonsville Dam.
115,H.R. 2302,bill,signed,2018-03-23,Donald J. Trump (first term),R,115-143,voice vote,2017-10-11,-,-,-,-,-,-,-,-,-,-,-,-,-,voice vote,2018-03-07,-,-,-,-,-,-,-,-,-,-,-,-,-,-,-,-,-,-,-,-,-,-,-,"To designate the facility of the United States Postal Service located at 259 Nassau Street, Suite 2 in Princeton, New Jersey, as the ""Dr. John F. Nash, Jr. Post Office""."
115,H.R. 2331,bill,signed,2018-01-10,Donald J. Trump (first term),R,115-114,roll 634,2017-11-15,"On Motion to Suspend the Rules and Pass, as Amended",234,0,0,5,189,0,0,5,0,0,0,0,unanimous consent,2017-12-21,-,-,-,-,-,-,-,-,-,-,-,-,-,-,-,-,-,-,-,-,-,-,-,Connected Government Act
115,H.R. 2333,bill,signed,2018-06-21,Donald J. Trump (first term),R,115-187,voice vote,2017-07-24,-,-,-,-,-,-,-,-,-,-,-,-,-,unanimous consent,2018-06-05,-,-,-,-,-,-,-,-,-,-,-,-,-,-,-,-,-,-,-,-,-,-,-,Small Business Investment Opportunity Act of 2017
115,H.R. 2345,bill,signed,2018-08-14,Donald J. Trump (first term),R,115-233,roll 366,2018-07-23,"On Motion to Suspend the Rules and Pass, as Amended",211,1,0,23,168,0,0,25,0,0,0,0,unanimous consent,2018-08-01,-,-,-,-,-,-,-,-,-,-,-,-,-,-,-,-,-,-,-,-,-,-,-,National Suicide Hotline Improvement Act of 2018
115,H.R. 2353,bill,signed,2018-07-31,Donald J. Trump (first term),R,115-224,voice vote,2018-07-25,-,-,-,-,-,-,-,-,-,-,-,-,-,voice vote,2018-07-23,-,-,-,-,-,-,-,-,-,-,-,-,-,-,-,-,-,-,-,-,-,-,-,Strengthening Career and Technical Education for the 21st Century Act
115,H.R. 2422,bill,signed,2018-12-11,Donald J. Trump (first term),R,115-302,voice vote,2018-11-28,-,-,-,-,-,-,-,-,-,-,-,-,-,voice vote,2018-10-11,-,-,-,-,-,-,-,-,-,-,-,-,-,-,-,-,-,-,-,-,-,-,-,Action for Dental Health Act of 2018
115,H.R. 2430,bill,signed,2017-08-18,Donald J. Trump (first term),R,115-52,voice vote,2017-07-12,-,-,-,-,-,-,-,-,-,-,-,-,-,roll 187,2017-08-03,On Passage of the Bill,47,0,0,5,46,0,0,0,1,1,0,0,D:2,-,-,-,-,-,-,-,-,-,FDA Reauthorization Act of 2017
115,H.R. 2454,bill,signed,2018-12-19,Donald J. Trump (first term),R,115-331,voice vote,2018-12-12,-,-,-,-,-,-,-,-,-,-,-,-,-,unanimous consent,2018-12-06,-,-,-,-,-,-,-,-,-,-,-,-,-,-,-,-,-,-,-,-,-,-,-,Department of Homeland Security Data Framework Act of 2018
115,H.R. 2464,bill,signed,2018-03-23,Donald J. Trump (first term),R,115-144,roll 559,2017-10-10,On Motion to Suspend the Rules and Pass,220,0,0,19,175,0,0,19,0,0,0,0,voice vote,2018-03-07,-,-,-,-,-,-,-,-,-,-,-,-,-,-,-,-,-,-,-,-,-,-,-,"To designate the facility of the United States Postal Service located at 25 New Chardon Street Lobby in Boston, Massachusetts, as the ""John Fitzgerald Kennedy Post Office""."
115,H.R. 2519,bill,signed,2017-10-06,Donald J. Trump (first term),R,115-65,voice vote,2017-09-25,-,-,-,-,-,-,-,-,-,-,-,-,-,voice vote,2017-09-28,-,-,-,-,-,-,-,-,-,-,-,-,-,-,-,-,-,-,-,-,-,-,-,The American Legion 100th Anniversary Commemorative Coin Act
115,H.R. 2606,bill,signed,2018-12-31,Donald J. Trump (first term),R,115-399,roll 471,2018-12-20,On Motion to Suspend the Rules and Concur in the Senate Amendments,220,0,0,15,179,0,0,18,0,0,0,0,unanimous consent,2018-12-13,-,-,-,-,-,-,-,-,-,-,-,-,-,-,-,-,-,-,-,-,-,-,-,Stigler Act Amendments of 2018
115,H.R. 2611,bill,signed,2018-01-12,Donald J. Trump (first term),R,115-117,roll 485,2017-09-12,On Motion to Suspend the Rules and Pass,214,0,0,25,176,0,0,18,0,0,0,0,voice vote,2017-12-21,-,-,-,-,-,-,-,-,-,-,-,-,-,-,-,-,-,-,-,-,-,-,-,Little Rock Central High School National Historic Site Boundary Modification Act
115,H.R. 2615,bill,signed,2018-11-20,Donald J. Trump (first term),R,115-279,roll 417,2018-11-13,On Motion to Suspend the Rules and Concur in the Senate Amendment,206,1,0,28,169,0,0,26,0,0,0,0,voice vote,2018-10-11,-,-,-,-,-,-,-,-,-,-,-,-,-,-,-,-,-,-,-,-,-,-,-,Gulf Islands National Seashore Land Exchange Act
115,H.R. 2672,bill,signed,2018-03-23,Donald J. Trump (first term),R,115-145,roll 636,2017-11-15,On Motion to Suspend the Rules and Pass,231,0,0,8,192,0,0,2,0,0,0,0,voice vote,2018-03-07,-,-,-,-,-,-,-,-,-,-,-,-,-,-,-,-,-,-,-,-,-,-,-,"To designate the facility of the United States Postal Service located at 520 Carter Street in Fairview, Illinois, as the ""Sgt. Douglas J. Riney Post Office""."
115,H.R. 2673,bill,signed,2018-07-24,Donald J. Trump (first term),R,115-208,voice vote,2018-03-05,-,-,-,-,-,-,-,-,-,-,-,-,-,unanimous consent,2018-06-28,-,-,-,-,-,-,-,-,-,-,-,-,-,-,-,-,-,-,-,-,-,-,-,"To designate the facility of the United States Postal Service located at 514 Broadway Street in Pekin, Illinois, as the ""Lance Corporal Jordan S. Bastean Post Office""."
115,H.R. 2772,bill,signed,2018-06-21,Donald J. Trump (first term),R,115-188,unanimous consent,2018-06-07,-,-,-,-,-,-,-,-,-,-,-,-,-,unanimous consent,2018-05-16,-,-,-,-,-,-,-,-,-,-,-,-,-,-,-,-,-,-,-,-,-,-,-,SEA Act of 2018
115,H.R. 2810,bill,signed,2017-12-12,Donald J. Trump (first term),R,115-91,roll 631,2017-11-14,On Agreeing to the Conference Report,229,7,0,3,127,63,0,4,0,0,0,0,voice vote,2017-11-16,-,-,-,-,-,-,-,-,-,-,-,-,-,-,-,-,-,-,-,-,-,-,-,National Defense Authorization Act for Fiscal Year 2018
115,H.R. 2815,bill,signed,2018-03-23,Donald J. Trump (first term),R,115-146,voice vote,2017-12-14,-,-,-,-,-,-,-,-,-,-,-,-,-,voice vote,2018-03-07,-,-,-,-,-,-,-,-,-,-,-,-,-,-,-,-,-,-,-,-,-,-,-,"To designate the facility of the United States Postal Service located at 30 East Somerset Street in Raritan, New Jersey, as the ""Gunnery Sergeant John Basilone Post Office""."
115,H.R. 2873,bill,signed,2018-03-23,Donald J. Trump (first term),R,115-147,voice vote,2017-11-15,-,-,-,-,-,-,-,-,-,-,-,-,-,voice vote,2018-03-07,-,-,-,-,-,-,-,-,-,-,-,-,-,-,-,-,-,-,-,-,-,-,-,"To designate the facility of the United States Postal Service located at 207 Glenside Avenue in Wyncote, Pennsylvania, as the ""Staff Sergeant Peter Taub Post Office Building""."
115,H.R. 2979,bill,signed,2018-12-06,Donald J. Trump (first term),R,115-285,voice vote,2018-07-16,-,-,-,-,-,-,-,-,-,-,-,-,-,unanimous consent,2018-11-15,-,-,-,-,-,-,-,-,-,-,-,-,-,-,-,-,-,-,-,-,-,-,-,"To designate the facility of the United States Postal Service located at 390 West 5th Street in San Bernardino, California, as the ""Jack H. Brown Post Office Building""."
115,H.R. 2989,bill,signed,2017-11-02,Donald J. Trump (first term),R,115-77,voice vote,2017-10-11,-,-,-,-,-,-,-,-,-,-,-,-,-,unanimous consent,2017-10-18,-,-,-,-,-,-,-,-,-,-,-,-,-,-,-,-,-,-,-,-,-,-,-,Frederick Douglass Bicentennial Commission Act
115,H.R. 3031,bill,signed,2017-11-17,Donald J. Trump (first term),R,115-84,voice vote,2017-10-11,-,-,-,-,-,-,-,-,-,-,-,-,-,unanimous consent,2017-11-06,-,-,-,-,-,-,-,-,-,-,-,-,-,-,-,-,-,-,-,-,-,-,-,TSP Modernization Act of 2017
115,H.R. 3109,bill,signed,2018-03-23,Donald J. Trump (first term),R,115-148,voice vote,2017-11-16,-,-,-,-,-,-,-,-,-,-,-,-,-,voice vote,2018-03-07,-,-,-,-,-,-,-,-,-,-,-,-,-,-,-,-,-,-,-,-,-,-,-,"To designate the facility of the United States Postal Service located at 1114 North 2nd Street in Chillicothe, Illinois, as the ""Sr. Chief Ryan Owens Post Office Building""."
115,H.R. 3110,bill,signed,2017-09-27,Donald J. Trump (first term),R,115-61,roll 439,2017-09-05,On Motion to Suspend the Rules and Pass,226,1,0,12,181,0,0,13,0,0,0,0,unanimous consent,2017-09-19,-,-,-,-,-,-,-,-,-,-,-,-,-,-,-,-,-,-,-,-,-,-,-,Financial Stability Oversight Council Insurance Member Continuity Act
115,H.R. 3122,bill,signed,2018-03-09,Donald J. Trump (first term),R,115-131,voice vote,2017-11-06,-,-,-,-,-,-,-,-,-,-,-,-,-,unanimous consent,2018-02-15,-,-,-,-,-,-,-,-,-,-,-,-,-,-,-,-,-,-,-,-,-,-,-,Veterans Care Financial Protection Act of 2017
115,H.R. 3183,bill,signed,2018-07-24,Donald J. Trump (first term),R,115-209,roll 92,2018-03-05,On Motion to Suspend the Rules and Pass,225,0,0,12,164,0,0,29,0,0,0,0,unanimous consent,2018-06-28,-,-,-,-,-,-,-,-,-,-,-,-,-,-,-,-,-,-,-,-,-,-,-,"To designate the facility of the United States Postal Service located at 13683 James Madison Highway in Palmyra, Virginia, as the ""U.S. Navy Seaman Dakota Kyle Rigsby Post Office""."
115,H.R. 3184,bill,signed,2018-12-21,Donald J. Trump (first term),R,115-347,unanimous consent,2018-11-29,-,-,-,-,-,-,-,-,-,-,-,-,-,unanimous consent,2018-12-12,-,-,-,-,-,-,-,-,-,-,-,-,-,-,-,-,-,-,-,-,-,-,-,"To designate the facility of the United States Postal Service located at 180 McCormick Road in Charlottesville, Virginia, as the ""Captain Humayun Khan Post Office""."
115,H.R. 3210,bill,signed,2018-05-22,Donald J. Trump (first term),R,115-173,unanimous consent,2018-05-07,-,-,-,-,-,-,-,-,-,-,-,-,-,unanimous consent,2018-03-15,-,-,-,-,-,-,-,-,-,-,-,-,-,-,-,-,-,-,-,-,-,-,-,Securely Expediting Clearances Through Reporting Transparency Act of 2018
115,H.R. 3218,bill,signed,2017-08-16,Donald J. Trump (first term),R,115-48,roll 409,2017-07-24,"On Motion to Suspend the Rules and Pass, as Amended",221,0,0,18,184,0,0,10,0,0,0,0,unanimous consent,2017-08-02,-,-,-,-,-,-,-,-,-,-,-,-,-,-,-,-,-,-,-,-,-,-,-,Harry W. Colmery Veterans Educational Assistance Act of 2017
115,H.R. 3230,bill,signed,2018-12-06,Donald J. Trump (first term),R,115-286,voice vote,2018-07-16,-,-,-,-,-,-,-,-,-,-,-,-,-,unanimous consent,2018-11-15,-,-,-,-,-,-,-,-,-,-,-,-,-,-,-,-,-,-,-,-,-,-,-,"To designate the facility of the United States Postal Service located at 915 Center Avenue in Payette, Idaho, as the ""Harmon Killebrew Post Office Building""."
115,H.R. 3243,bill,signed,2017-11-21,Donald J. Trump (first term),R,115-88,roll 563,2017-10-11,On Motion to Suspend the Rules and Pass,227,0,0,12,191,0,0,3,0,0,0,0,unanimous consent,2017-11-08,-,-,-,-,-,-,-,-,-,-,-,-,-,-,-,-,-,-,-,-,-,-,-,FITARA Enhancement Act of 2017
115,H.R. 3249,bill,signed,2018-06-18,Donald J. Trump (first term),R,115-185,roll 239,2018-06-06,On Motion to Concur in the Senate Amendment,216,13,0,5,178,0,2,13,0,0,0,0,voice vote,2018-05-16,-,-,-,-,-,-,-,-,-,-,-,-,-,-,-,-,-,-,-,-,-,-,-,Project Safe Neighborhoods Grant Program Authorization Act of 2018
115,H.R. 3298,bill,signed,2017-08-04,Donald J. Trump (first term),R,115-45,unanimous consent,2017-07-27,-,-,-,-,-,-,-,-,-,-,-,-,-,unanimous consent,2017-07-27,-,-,-,-,-,-,-,-,-,-,-,-,-,-,-,-,-,-,-,-,-,-,-,Wounded Officers Recovery Act of 2017
115,H.R. 3342,bill,signed,2018-12-21,Donald J. Trump (first term),R,115-348,unanimous consent,2018-12-11,-,-,-,-,-,-,-,-,-,-,-,-,-,unanimous consent,2018-10-11,-,-,-,-,-,-,-,-,-,-,-,-,-,-,-,-,-,-,-,-,-,-,-,Sanctioning the Use of Civilians as Defenseless Shields Act
115,H.R. 3359,bill,signed,2018-11-16,Donald J. Trump (first term),R,115-278,unanimous consent,2018-11-13,-,-,-,-,-,-,-,-,-,-,-,-,-,unanimous consent,2018-10-03,-,-,-,-,-,-,-,-,-,-,-,-,-,-,-,-,-,-,-,-,-,-,-,Cybersecurity and Infrastructure Security Agency Act of 2018
115,H.R. 3364,bill,signed,2017-08-02,Donald J. Trump (first term),R,115-44,roll 413,2017-07-25,On Motion to Suspend the Rules and Pass,229,3,0,7,190,0,0,4,0,0,0,0,roll 175,2017-07-27,On Passage of the Bill,51,1,0,0,46,0,0,0,1,1,0,0,D:2,-,-,-,-,-,-,-,-,-,Countering America's Adversaries Through Sanctions Act
115,H.R. 3369,bill,signed,2018-03-23,Donald J. Trump (first term),R,115-149,voice vote,2017-11-15,-,-,-,-,-,-,-,-,-,-,-,-,-,voice vote,2018-03-07,-,-,-,-,-,-,-,-,-,-,-,-,-,-,-,-,-,-,-,-,-,-,-,"To designate the facility of the United States Postal Service located at 225 North Main Street in Spring Lake, North Carolina, as the ""Howard B. Pate, Jr. Post Office""."
115,H.R. 3383,bill,signed,2018-12-21,Donald J. Trump (first term),R,115-349,unanimous consent,2018-09-26,-,-,-,-,-,-,-,-,-,-,-,-,-,unanimous consent,2018-12-19,-,-,-,-,-,-,-,-,-,-,-,-,-,-,-,-,-,-,-,-,-,-,-,"To designate the flood control project in Sedgwick County, Kansas, commonly known as the Wichita-Valley Center Flood Control Project, as the ""M.S. 'Mitch' Mitchell Floodway""."
115,H.R. 3398,bill,signed,2018-12-17,Donald J. Trump (first term),R,115-323,voice vote,2018-09-26,-,-,-,-,-,-,-,-,-,-,-,-,-,unanimous consent,2018-12-06,-,-,-,-,-,-,-,-,-,-,-,-,-,-,-,-,-,-,-,-,-,-,-,REAL ID Act Modification for Freely Associated States Act
115,H.R. 3445,bill,signed,2018-04-23,Donald J. Trump (first term),R,115-167,voice vote,2018-01-17,-,-,-,-,-,-,-,-,-,-,-,-,-,unanimous consent,2018-04-09,-,-,-,-,-,-,-,-,-,-,-,-,-,-,-,-,-,-,-,-,-,-,-,African Growth and Opportunity Act and Millennium Challenge Act Modernization Act
115,H.R. 3460,bill,signed,2019-01-03,Donald J. Trump (first term),R,115-412,voice vote,2018-07-16,-,-,-,-,-,-,-,-,-,-,-,-,-,unanimous consent,2018-12-20,-,-,-,-,-,-,-,-,-,-,-,-,-,-,-,-,-,-,-,-,-,-,-,"To designate the United States courthouse located at 323 East Chapel Hill Street in Durham, North Carolina, as the ""John Hervey Wheeler United States Courthouse""."
115,H.R. 3562,bill,signed,2018-06-01,Donald J. Trump (first term),R,115-177,roll 607,2017-11-06,On Motion to Suspend the Rules and Pass,223,0,0,15,177,0,0,17,0,0,0,0,unanimous consent,2018-05-16,-,-,-,-,-,-,-,-,-,-,-,-,-,-,-,-,-,-,-,-,-,-,-,"To amend title 38, United States Code, to authorize the Secretary of Veterans Affairs to furnish assistance for adaptations of residences of veterans in rehabilitation programs under chapter 31 of such title, and for other purposes."
115,H.R. 3638,bill,signed,2018-03-23,Donald J. Trump (first term),R,115-150,voice vote,2017-12-12,-,-,-,-,-,-,-,-,-,-,-,-,-,voice vote,2018-03-07,-,-,-,-,-,-,-,-,-,-,-,-,-,-,-,-,-,-,-,-,-,-,-,"To designate the facility of the United States Postal Service located at 1100 Kings Road in Jacksonville, Florida, as the ""Rutledge Pearson Post Office Building""."
115,H.R. 3655,bill,signed,2018-03-23,Donald J. Trump (first term),R,115-151,voice vote,2017-12-12,-,-,-,-,-,-,-,-,-,-,-,-,-,voice vote,2018-03-07,-,-,-,-,-,-,-,-,-,-,-,-,-,-,-,-,-,-,-,-,-,-,-,"To designate the facility of the United States Postal Service located at 1300 Main Street in Belmar, New Jersey, as the ""Dr. Walter S. McAfee Post Office Building""."
115,H.R. 3656,bill,signed,2018-03-16,Donald J. Trump (first term),R,115-136,voice vote,2017-11-06,-,-,-,-,-,-,-,-,-,-,-,-,-,unanimous consent,2018-03-01,-,-,-,-,-,-,-,-,-,-,-,-,-,-,-,-,-,-,-,-,-,-,-,"To amend title 38, United States Code, to provide for a consistent eligibility date for provision of Department of Veterans Affairs memorial headstones and markers for eligible spouses and dependent children of veterans whose remains are unavailable."
115,H.R. 3663,bill,signed,2018-06-15,Donald J. Trump (first term),R,115-183,voice vote,2018-05-21,-,-,-,-,-,-,-,-,-,-,-,-,-,unanimous consent,2018-05-24,-,-,-,-,-,-,-,-,-,-,-,-,-,-,-,-,-,-,-,-,-,-,-,"To designate the medical center of the Department of Veterans Affairs in Huntington, West Virginia, as the Hershel ""Woody"" Williams VA Medical Center."
115,H.R. 3731,bill,signed,2018-04-03,Donald J. Trump (first term),R,115-160,unanimous consent,2018-03-21,-,-,-,-,-,-,-,-,-,-,-,-,-,unanimous consent,2018-03-19,-,-,-,-,-,-,-,-,-,-,-,-,-,-,-,-,-,-,-,-,-,-,-,Secret Service Recruitment and Retention Act of 2018
115,H.R. 3732,bill,signed,2017-09-12,Donald J. Trump (first term),R,115-57,unanimous consent,2017-09-11,-,-,-,-,-,-,-,-,-,-,-,-,-,voice vote,2017-09-11,-,-,-,-,-,-,-,-,-,-,-,-,-,-,-,-,-,-,-,-,-,-,-,Emergency Aid to American Survivors of Hurricanes Irma and Jose Overseas Act
115,H.R. 3759,bill,signed,2018-01-22,Donald J. Trump (first term),R,115-119,voice vote,2017-12-18,-,-,-,-,-,-,-,-,-,-,-,-,-,voice vote,2018-01-08,-,-,-,-,-,-,-,-,-,-,-,-,-,-,-,-,-,-,-,-,-,-,-,RAISE Family Caregivers Act
115,H.R. 3819,bill,signed,2017-09-29,Donald J. Trump (first term),R,115-62,voice vote,2017-09-25,-,-,-,-,-,-,-,-,-,-,-,-,-,unanimous consent,2017-09-27,-,-,-,-,-,-,-,-,-,-,-,-,-,-,-,-,-,-,-,-,-,-,-,Department of Veterans Affairs Expiring Authorities Act of 2017
115,H.R. 3821,bill,signed,2018-03-23,Donald J. Trump (first term),R,115-152,roll 635,2017-11-15,"On Motion to Suspend the Rules and Pass, as Amended",230,0,0,9,190,0,0,4,0,0,0,0,voice vote,2018-03-07,-,-,-,-,-,-,-,-,-,-,-,-,-,-,-,-,-,-,-,-,-,-,-,"To designate the facility of the United States Postal Service located at 430 Main Street in Clermont, Georgia, as the ""Zack T. Addington Post Office""."
115,H.R. 3823,bill,signed,2017-09-29,Donald J. Trump (first term),R,115-63,unanimous consent,2017-09-28,-,-,-,-,-,-,-,-,-,-,-,-,-,voice vote,2017-09-28,-,-,-,-,-,-,-,-,-,-,-,-,-,-,-,-,-,-,-,-,-,-,House,Disaster Tax Relief and Airport and Airway Extension Act of 2017
115,H.R. 3834,bill,signed,2018-11-03,Donald J. Trump (first term),R,115-276,voice vote,2018-09-26,-,-,-,-,-,-,-,-,-,-,-,-,-,unanimous consent,2018-10-11,-,-,-,-,-,-,-,-,-,-,-,-,-,-,-,-,-,-,-,-,-,-,-,9/11 Heroes Medal of Valor Act of 2017
115,H.R. 3893,bill,signed,2018-03-23,Donald J. Trump (first term),R,115-153,voice vote,2017-11-15,-,-,-,-,-,-,-,-,-,-,-,-,-,voice vote,2018-03-07,-,-,-,-,-,-,-,-,-,-,-,-,-,-,-,-,-,-,-,-,-,-,-,"To designate the facility of the United States Postal Service located at 100 Mathe Avenue in Interlachen, Florida, as the ""Robert H. Jenkins, Jr. Post Office""."
115,H.R. 3946,bill,signed,2018-12-14,Donald J. Trump (first term),R,115-315,unanimous consent,2018-12-10,-,-,-,-,-,-,-,-,-,-,-,-,-,unanimous consent,2018-11-27,-,-,-,-,-,-,-,-,-,-,-,-,-,-,-,-,-,-,-,-,-,-,-,"An Act to name the Department of Veterans Affairs community-based outpatient clinic in Statesboro, Georgia, the Ray Hendrix Department of Veterans Affairs Clinic."
115,H.R. 3949,bill,signed,2017-11-21,Donald J. Trump (first term),R,115-89,voice vote,2017-11-07,-,-,-,-,-,-,-,-,-,-,-,-,-,unanimous consent,2017-11-15,-,-,-,-,-,-,-,-,-,-,-,-,-,-,-,-,-,-,-,-,-,-,-,VALOR Act
115,H.R. 3979,bill,signed,2018-04-23,Donald J. Trump (first term),R,115-168,roll 687,2017-12-18,"On Motion to Suspend the Rules and Pass, as Amended",202,14,0,22,169,0,0,24,0,0,0,0,voice vote,2018-04-09,-,-,-,-,-,-,-,-,-,-,-,-,-,-,-,-,-,-,-,-,-,-,-,Keep America's Refuges Operational Act
115,H.R. 3996,bill,signed,2018-12-19,Donald J. Trump (first term),R,115-332,voice vote,2018-03-14,-,-,-,-,-,-,-,-,-,-,-,-,-,unanimous consent,2018-12-11,-,-,-,-,-,-,-,-,-,-,-,-,-,-,-,-,-,-,-,-,-,-,-,Protecting Access to the Courts for Taxpayers Act
115,H.R. 4009,bill,signed,2018-06-01,Donald J. Trump (first term),R,115-178,unanimous consent,2018-04-25,-,-,-,-,-,-,-,-,-,-,-,-,-,unanimous consent,2018-05-16,-,-,-,-,-,-,-,-,-,-,-,-,-,-,-,-,-,-,-,-,-,-,-,Smithsonian National Zoological Park Central Parking Facility Authorization Act
115,H.R. 4032,bill,signed,2018-12-21,Donald J. Trump (first term),R,115-350,voice vote,2018-07-17,-,-,-,-,-,-,-,-,-,-,-,-,-,voice vote,2018-12-13,-,-,-,-,-,-,-,-,-,-,-,-,-,-,-,-,-,-,-,-,-,-,-,"Gila River Indian Community Federal Rights-of-Way, Easements and Boundary Clarification Act"
115,H.R. 4042,bill,signed,2018-03-23,Donald J. Trump (first term),R,115-154,voice vote,2017-12-14,-,-,-,-,-,-,-,-,-,-,-,-,-,voice vote,2018-03-07,-,-,-,-,-,-,-,-,-,-,-,-,-,-,-,-,-,-,-,-,-,-,-,"To designate the facility of the United States Postal Service located at 1415 West Oak Street, in Kissimmee, Florida, as the ""Borinqueneers Post Office Building""."
115,H.R. 4111,bill,signed,2018-12-19,Donald J. Trump (first term),R,115-333,voice vote,2018-05-08,-,-,-,-,-,-,-,-,-,-,-,-,-,voice vote,2018-12-06,-,-,-,-,-,-,-,-,-,-,-,-,-,-,-,-,-,-,-,-,-,-,-,Spurring Business in Communities Act of 2017
115,H.R. 4174,bill,signed,2019-01-14,Donald J. Trump (first term),R,115-435,roll 484,2018-12-21,On Motion to Suspend the Rules and Concur in the Senate Amendment,182,17,0,36,174,0,0,23,0,0,0,0,unanimous consent,2018-12-19,-,-,-,-,-,-,-,-,-,-,-,-,-,-,-,-,-,-,-,-,-,-,-,Foundations for Evidence-Based Policymaking Act of 2018
115,H.R. 4227,bill,signed,2018-12-31,Donald J. Trump (first term),R,115-400,roll 456,2018-12-20,On Motion to Suspend the Rules and Concur in the Senate Amendments,211,2,0,22,177,0,0,20,0,0,0,0,unanimous consent,2018-12-18,-,-,-,-,-,-,-,-,-,-,-,-,-,-,-,-,-,-,-,-,-,-,-,Vehicular Terrorism Prevention Act of 2018
115,H.R. 4254,bill,signed,2018-12-11,Donald J. Trump (first term),R,115-303,voice vote,2018-11-27,-,-,-,-,-,-,-,-,-,-,-,-,-,unanimous consent,2018-09-27,-,-,-,-,-,-,-,-,-,-,-,-,-,-,-,-,-,-,-,-,-,-,-,Women in Aerospace Education Act
115,H.R. 4285,bill,signed,2018-03-23,Donald J. Trump (first term),R,115-155,voice vote,2017-12-12,-,-,-,-,-,-,-,-,-,-,-,-,-,voice vote,2018-03-07,-,-,-,-,-,-,-,-,-,-,-,-,-,-,-,-,-,-,-,-,-,-,-,"To designate the facility of the United States Postal Service located at 123 Bridgeton Pike in Mullica Hill, New Jersey, as the ""James C. 'Billy' Johnson Post Office Building""."
115,H.R. 4300,bill,signed,2018-05-07,Donald J. Trump (first term),R,115-170,unanimous consent,2017-12-07,-,-,-,-,-,-,-,-,-,-,-,-,-,unanimous consent,2018-04-23,-,-,-,-,-,-,-,-,-,-,-,-,-,-,-,-,-,-,-,-,-,-,-,"Admiral Lloyd R. ""Joe"" Vasey Pacific War Commemorative Display Establishment Act"
115,H.R. 4301,bill,signed,2018-07-24,Donald J. Trump (first term),R,115-210,voice vote,2018-05-07,-,-,-,-,-,-,-,-,-,-,-,-,-,unanimous consent,2018-06-28,-,-,-,-,-,-,-,-,-,-,-,-,-,-,-,-,-,-,-,-,-,-,-,"To designate the facility of the United States Postal Service located at 201 Tom Hall Street in Fort Mill, South Carolina, as the ""J. Elliott Williams Post Office Building""."
115,H.R. 4318,bill,signed,2018-09-13,Donald J. Trump (first term),R,115-239,voice vote,2018-09-04,-,-,-,-,-,-,-,-,-,-,-,-,-,voice vote,2018-07-26,-,-,-,-,-,-,-,-,-,-,-,-,-,-,-,-,-,-,-,-,-,-,-,Miscellaneous Tariff Bill Act of 2018
115,H.R. 4326,bill,signed,2018-12-21,Donald J. Trump (first term),R,115-351,unanimous consent,2018-11-29,-,-,-,-,-,-,-,-,-,-,-,-,-,unanimous consent,2018-12-12,-,-,-,-,-,-,-,-,-,-,-,-,-,-,-,-,-,-,-,-,-,-,-,"To designate the facility of the United States Postal Service located at 200 West North Street in Normal, Illinois, as the ""Sgt. Josh Rodgers Post Office""."
115,H.R. 4374,bill,signed,2017-12-12,Donald J. Trump (first term),R,115-92,voice vote,2017-11-15,-,-,-,-,-,-,-,-,-,-,-,-,-,unanimous consent,2017-11-16,-,-,-,-,-,-,-,-,-,-,-,-,-,-,-,-,-,-,-,-,-,-,-,"To amend the Federal Food, Drug, and Cosmetic Act to authorize additional emergency uses for medical products to reduce deaths and severity of injuries caused by agents of war, and for other purposes."
115,H.R. 4406,bill,signed,2018-07-24,Donald J. Trump (first term),R,115-211,roll 93,2018-03-05,"On Motion to Suspend the Rules and Pass, as Amended",223,0,0,14,164,0,0,29,0,0,0,0,unanimous consent,2018-06-28,-,-,-,-,-,-,-,-,-,-,-,-,-,-,-,-,-,-,-,-,-,-,-,"To designate the facility of the United States Postal Service located at 99 Macombs Place in New York, New York, as the ""Tuskegee Airmen Post Office Building""."
115,H.R. 4407,bill,signed,2018-12-14,Donald J. Trump (first term),R,115-316,unanimous consent,2018-12-11,-,-,-,-,-,-,-,-,-,-,-,-,-,unanimous consent,2018-11-15,-,-,-,-,-,-,-,-,-,-,-,-,-,-,-,-,-,-,-,-,-,-,-,"An act to designate the facility of the United States Postal Service located at 3s101 Rockwell Street in Warrenville, Illinois, as the ""Corporal Jeffrey Allen Williams Post Office Building""."
115,H.R. 4431,bill,signed,2018-12-21,Donald J. Trump (first term),R,115-352,voice vote,2018-09-26,-,-,-,-,-,-,-,-,-,-,-,-,-,unanimous consent,2018-12-13,-,-,-,-,-,-,-,-,-,-,-,-,-,-,-,-,-,-,-,-,-,-,-,Correcting Miscalculations in Veterans' Pensions Act
115,H.R. 4463,bill,signed,2018-07-24,Donald J. Trump (first term),R,115-212,unanimous consent,2018-03-20,-,-,-,-,-,-,-,-,-,-,-,-,-,unanimous consent,2018-06-28,-,-,-,-,-,-,-,-,-,-,-,-,-,-,-,-,-,-,-,-,-,-,-,"To designate the facility of the United States Postal Service located at 6 Doyers Street in New York, New York, as the ""Mabel Lee Memorial Post Office""."
115,H.R. 4528,bill,signed,2018-08-02,Donald J. Trump (first term),R,115-228,voice vote,2018-06-25,-,-,-,-,-,-,-,-,-,-,-,-,-,unanimous consent,2018-07-26,-,-,-,-,-,-,-,-,-,-,-,-,-,-,-,-,-,-,-,-,-,-,-,"To make technical amendments to certain marine fish conservation statutes, and for other purposes."
115,H.R. 4533,bill,signed,2018-03-09,Donald J. Trump (first term),R,115-132,roll 70,2018-02-13,"On Motion to Suspend the Rules and Pass, as Amended",220,0,0,17,182,0,0,11,0,0,0,0,unanimous consent,2018-02-15,-,-,-,-,-,-,-,-,-,-,-,-,-,-,-,-,-,-,-,-,-,-,-,"To designate the health care system of the Department of Veterans Affairs in Lexington, Kentucky, as the ""Lexington VA Health Care System"" and to make certain other designations."
115,H.R. 4547,bill,signed,2018-04-13,Donald J. Trump (first term),R,115-165,roll 51,2018-02-05,"On Motion to Suspend the Rules and Pass, as Amended",225,0,0,12,171,0,0,22,0,0,0,0,unanimous consent,2018-03-23,-,-,-,-,-,-,-,-,-,-,-,-,-,-,-,-,-,-,-,-,-,-,-,Strengthening Protections for Social Security Beneficiaries Act of 2018
115,H.R. 4574,bill,signed,2018-07-24,Donald J. Trump (first term),R,115-213,voice vote,2018-05-07,-,-,-,-,-,-,-,-,-,-,-,-,-,unanimous consent,2018-06-28,-,-,-,-,-,-,-,-,-,-,-,-,-,-,-,-,-,-,-,-,-,-,-,"To designate the facility of the United States Postal Service located at 108 West Schick Road in Bloomingdale, Illinois, as the ""Bloomingdale Veterans Memorial Post Office Building""."
115,H.R. 4645,bill,signed,2018-08-02,Donald J. Trump (first term),R,115-229,voice vote,2018-07-17,-,-,-,-,-,-,-,-,-,-,-,-,-,unanimous consent,2018-07-25,-,-,-,-,-,-,-,-,-,-,-,-,-,-,-,-,-,-,-,-,-,-,-,East Rosebud Wild and Scenic Rivers Act
115,H.R. 4646,bill,signed,2018-07-24,Donald J. Trump (first term),R,115-214,voice vote,2018-03-05,-,-,-,-,-,-,-,-,-,-,-,-,-,unanimous consent,2018-06-28,-,-,-,-,-,-,-,-,-,-,-,-,-,-,-,-,-,-,-,-,-,-,-,"To designate the facility of the United States Postal Service located at 1900 Corporate Drive in Birmingham, Alabama, as the ""Lance Corporal Thomas E. Rivers, Jr. Post Office Building""."
115,H.R. 4661,bill,signed,2018-01-03,Donald J. Trump (first term),R,115-98,voice vote,2017-12-18,-,-,-,-,-,-,-,-,-,-,-,-,-,unanimous consent,2017-12-21,-,-,-,-,-,-,-,-,-,-,-,-,-,-,-,-,-,-,-,-,-,-,-,"United States Fire Administration, AFG, and SAFER Program Reauthorization Act of 2017"
115,H.R. 4685,bill,signed,2018-07-24,Donald J. Trump (first term),R,115-215,voice vote,2018-03-05,-,-,-,-,-,-,-,-,-,-,-,-,-,unanimous consent,2018-06-28,-,-,-,-,-,-,-,-,-,-,-,-,-,-,-,-,-,-,-,-,-,-,-,"To designate the facility of the United States Postal Service located at 515 Hope Street in Bristol, Rhode Island, as the ""First Sergeant P. Andrew McKenna Jr. Post Office""."
115,H.R. 4689,bill,signed,2019-01-10,Donald J. Trump (first term),R,115-429,roll 396,2018-09-12,On Motion to Suspend the Rules and Pass,209,1,0,25,169,0,0,24,0,0,0,0,unanimous consent,2018-12-22,-,-,-,-,-,-,-,-,-,-,-,-,-,-,-,-,-,-,-,-,-,-,-,To authorize early repayment of obligations to the Bureau of Reclamation within the Northport Irrigation District in the State of Nebraska.
115,H.R. 4708,bill,signed,2018-02-14,Donald J. Trump (first term),R,115-125,unanimous consent,2018-01-11,-,-,-,-,-,-,-,-,-,-,-,-,-,voice vote,2018-01-30,-,-,-,-,-,-,-,-,-,-,-,-,-,-,-,-,-,-,-,-,-,-,-,Department of Homeland Security Blue Campaign Authorization Act
115,H.R. 4722,bill,signed,2018-07-24,Donald J. Trump (first term),R,115-216,voice vote,2018-05-07,-,-,-,-,-,-,-,-,-,-,-,-,-,unanimous consent,2018-06-28,-,-,-,-,-,-,-,-,-,-,-,-,-,-,-,-,-,-,-,-,-,-,-,"To designate the facility of the United States Postal Service located at 111 Market Street in Saugerties, New York, as the ""Maurice D. Hinchey Post Office Building""."
115,H.R. 4743,bill,signed,2018-06-21,Donald J. Trump (first term),R,115-189,voice vote,2018-05-08,-,-,-,-,-,-,-,-,-,-,-,-,-,unanimous consent,2018-06-05,-,-,-,-,-,-,-,-,-,-,-,-,-,-,-,-,-,-,-,-,-,-,-,Small Business 7(a) Lending Oversight Reform Act of 2018
115,H.R. 4819,bill,signed,2018-12-21,Donald J. Trump (first term),R,115-353,voice vote,2018-07-17,-,-,-,-,-,-,-,-,-,-,-,-,-,voice vote,2018-12-20,-,-,-,-,-,-,-,-,-,-,-,-,-,-,-,-,-,-,-,-,-,-,-,DELTA Act
115,H.R. 4840,bill,signed,2018-07-24,Donald J. Trump (first term),R,115-217,voice vote,2018-05-07,-,-,-,-,-,-,-,-,-,-,-,-,-,unanimous consent,2018-06-28,-,-,-,-,-,-,-,-,-,-,-,-,-,-,-,-,-,-,-,-,-,-,-,"To designate the facility of the United States Postal Service located at 567 East Franklin Street in Oviedo, Florida, as the ""Sergeant First Class Alwyn Crendall Cashe Post Office Building""."
115,H.R. 4851,bill,signed,2018-04-04,Donald J. Trump (first term),R,115-163,unanimous consent,2018-03-22,-,-,-,-,-,-,-,-,-,-,-,-,-,unanimous consent,2018-03-22,-,-,-,-,-,-,-,-,-,-,-,-,-,-,-,-,-,-,-,-,-,-,-,Kennedy-King National Commemorative Site Act
115,H.R. 4854,bill,signed,2018-10-09,Donald J. Trump (first term),R,115-257,roll 182,2018-05-15,On Motion to Suspend the Rules and Pass,213,1,0,20,164,0,0,29,0,0,0,0,voice vote,2018-09-26,-,-,-,-,-,-,-,-,-,-,-,-,-,-,-,-,-,-,-,-,-,-,-,Justice Served Act of 2018
115,H.R. 4890,bill,signed,2018-12-06,Donald J. Trump (first term),R,115-287,voice vote,2018-07-16,-,-,-,-,-,-,-,-,-,-,-,-,-,unanimous consent,2018-11-15,-,-,-,-,-,-,-,-,-,-,-,-,-,-,-,-,-,-,-,-,-,-,-,"To designate the facility of the United States Postal Service located at 9801 Apollo Drive in Upper Marlboro, Maryland, as the ""Wayne K. Curry Post Office Building""."
115,H.R. 4910,bill,signed,2018-06-15,Donald J. Trump (first term),R,115-184,roll 167,2018-05-07,"On Motion to Suspend the Rules and Pass, as Amended",218,0,0,16,170,0,0,23,0,0,0,0,unanimous consent,2018-05-24,-,-,-,-,-,-,-,-,-,-,-,-,-,-,-,-,-,-,-,-,-,-,-,Veterans Cemetery Benefit Correction Act
115,H.R. 4913,bill,signed,2018-12-06,Donald J. Trump (first term),R,115-288,unanimous consent,2018-09-13,-,-,-,-,-,-,-,-,-,-,-,-,-,unanimous consent,2018-11-15,-,-,-,-,-,-,-,-,-,-,-,-,-,-,-,-,-,-,-,-,-,-,-,"To designate the facility of the United States Postal Service located at 816 East Salisbury Parkway in Salisbury, Maryland, as the ""Sgt. Maj. Wardell B. Turner Post Office Building""."
115,H.R. 4921,bill,signed,2018-10-16,Donald J. Trump (first term),R,115-269,voice vote,2018-04-10,-,-,-,-,-,-,-,-,-,-,-,-,-,unanimous consent,2018-10-01,-,-,-,-,-,-,-,-,-,-,-,-,-,-,-,-,-,-,-,-,-,-,-,STB Information Security Improvement Act
115,H.R. 4946,bill,signed,2018-12-06,Donald J. Trump (first term),R,115-289,roll 329,2018-07-16,On Motion to Suspend the Rules and Pass,211,0,0,24,157,0,0,36,0,0,0,0,unanimous consent,2018-11-15,-,-,-,-,-,-,-,-,-,-,-,-,-,-,-,-,-,-,-,-,-,-,-,"To designate the facility of the United States Postal Service located at 1075 North Tustin Street in Orange, California, as the ""Specialist Trevor A. Win'E Post Office""."
115,H.R. 4958,bill,signed,2018-10-09,Donald J. Trump (first term),R,115-258,voice vote,2018-05-21,-,-,-,-,-,-,-,-,-,-,-,-,-,unanimous consent,2018-09-25,-,-,-,-,-,-,-,-,-,-,-,-,-,-,-,-,-,-,-,-,-,-,-,Veterans' Compensation Cost-of-Living Adjustment Act of 2018
115,H.R. 4960,bill,signed,2018-12-06,Donald J. Trump (first term),R,115-290,roll 330,2018-07-16,On Motion to Suspend the Rules and Pass,212,0,0,23,156,0,0,37,0,0,0,0,unanimous consent,2018-11-15,-,-,-,-,-,-,-,-,-,-,-,-,-,-,-,-,-,-,-,-,-,-,-,"To designate the facility of the United States Postal Service located at 511 East Walnut Street in Columbia, Missouri, as the ""Spc. Sterling William Wyatt Post Office Building""."
115,H.R. 5075,bill,signed,2018-12-31,Donald J. Trump (first term),R,115-401,roll 450,2018-12-20,On Motion to Suspend the Rules and Concur in the Senate Amendment,211,2,0,22,175,0,0,22,0,0,0,0,unanimous consent,2018-12-06,-,-,-,-,-,-,-,-,-,-,-,-,-,-,-,-,-,-,-,-,-,-,-,Ashanti Alert Act of 2018
115,H.R. 5205,bill,signed,2018-12-21,Donald J. Trump (first term),R,115-354,unanimous consent,2018-12-11,-,-,-,-,-,-,-,-,-,-,-,-,-,unanimous consent,2018-12-19,-,-,-,-,-,-,-,-,-,-,-,-,-,-,-,-,-,-,-,-,-,-,-,"To designate the facility of the United States Postal Service located at 701 6th Street in Hawthorne, Nevada, as the ""Sergeant Kenneth Eric Bostic Post Office""."
115,H.R. 5238,bill,signed,2018-12-14,Donald J. Trump (first term),R,115-317,voice vote,2018-07-16,-,-,-,-,-,-,-,-,-,-,-,-,-,unanimous consent,2018-12-06,-,-,-,-,-,-,-,-,-,-,-,-,-,-,-,-,-,-,-,-,-,-,-,"To designate the facility of the United States Postal Service located at 1234 Saint Johns Place in Brooklyn, New York, as the ""Major Robert Odell Owens Post Office""."
115,H.R. 5317,bill,signed,2018-12-11,Donald J. Trump (first term),R,115-304,voice vote,2018-09-12,-,-,-,-,-,-,-,-,-,-,-,-,-,unanimous consent,2018-11-27,-,-,-,-,-,-,-,-,-,-,-,-,-,-,-,-,-,-,-,-,-,-,-,To repeal section 2141 of the Revised Statutes to remove the prohibition on certain alcohol manufacturing on Indian lands.
115,H.R. 5349,bill,signed,2018-12-06,Donald J. Trump (first term),R,115-291,unanimous consent,2018-09-13,-,-,-,-,-,-,-,-,-,-,-,-,-,unanimous consent,2018-11-15,-,-,-,-,-,-,-,-,-,-,-,-,-,-,-,-,-,-,-,-,-,-,-,"To designate the facility of the United States Postal Service located at 1325 Autumn Avenue in Memphis, Tennessee, as the ""Judge Russell B. Sugarmon Post Office Building""."
115,H.R. 5385,bill,signed,2018-09-18,Donald J. Trump (first term),R,115-241,voice vote,2018-07-23,-,-,-,-,-,-,-,-,-,-,-,-,-,unanimous consent,2018-09-04,-,-,-,-,-,-,-,-,-,-,-,-,-,-,-,-,-,-,-,-,-,-,-,Dr. Benjy Frances Brooks Children's Hospital GME Support Reauthorization Act of 2018
115,H.R. 5395,bill,signed,2018-12-21,Donald J. Trump (first term),R,115-355,unanimous consent,2018-11-29,-,-,-,-,-,-,-,-,-,-,-,-,-,unanimous consent,2018-12-12,-,-,-,-,-,-,-,-,-,-,-,-,-,-,-,-,-,-,-,-,-,-,-,"To designate the facility of the United States Postal Service located at 116 Main Street in Dansville, New York, as the ""Staff Sergeant Alexandria Gleason-Morrow Post Office Building""."
115,H.R. 5412,bill,signed,2018-12-21,Donald J. Trump (first term),R,115-356,unanimous consent,2018-11-29,-,-,-,-,-,-,-,-,-,-,-,-,-,unanimous consent,2018-12-12,-,-,-,-,-,-,-,-,-,-,-,-,-,-,-,-,-,-,-,-,-,-,-,"To designate the facility of the United States Postal Service located at 25 2nd Avenue in Brentwood, New York, as the ""Army Specialist Jose L. Ruiz Post Office Building""."
115,H.R. 5475,bill,signed,2018-12-21,Donald J. Trump (first term),R,115-357,unanimous consent,2018-12-11,-,-,-,-,-,-,-,-,-,-,-,-,-,unanimous consent,2018-12-19,-,-,-,-,-,-,-,-,-,-,-,-,-,-,-,-,-,-,-,-,-,-,-,"To designate the facility of the United States Postal Service located at 108 North Macon Street in Bevier, Missouri, as the ""SO2 Navy SEAL Adam Olin Smith Post Office""."
115,H.R. 5504,bill,signed,2018-12-06,Donald J. Trump (first term),R,115-292,voice vote,2018-07-16,-,-,-,-,-,-,-,-,-,-,-,-,-,unanimous consent,2018-11-15,-,-,-,-,-,-,-,-,-,-,-,-,-,-,-,-,-,-,-,-,-,-,-,"To designate the facility of the United States Postal Service located at 4801 West Van Giesen Street in West Richland, Washington, as the ""Sergeant Dietrich Schmieman Post Office Building""."
115,H.R. 5509,bill,signed,2018-12-31,Donald J. Trump (first term),R,115-402,roll 459,2018-12-20,On Motion to Suspend the Rules and Concur in the Senate Amendment,200,13,0,22,178,0,0,19,0,0,0,0,voice vote,2018-12-20,-,-,-,-,-,-,-,-,-,-,-,-,-,-,-,-,-,-,-,-,-,-,-,"Innovations in Mentoring, Training, and Apprenticeships Act"
115,H.R. 5515,bill,signed,2018-08-13,Donald J. Trump (first term),R,115-232,roll 379,2018-07-26,On Agreeing to the Conference Report,220,5,0,10,139,49,0,5,0,0,0,0,roll 181,2018-08-01,On the Conference Report,46,2,0,3,40,7,0,0,1,1,0,0,D:2,-,-,-,-,-,-,-,-,-,John S. McCain National Defense Authorization Act for Fiscal Year 2019
115,H.R. 5554,bill,signed,2018-08-14,Donald J. Trump (first term),R,115-234,voice vote,2018-07-16,-,-,-,-,-,-,-,-,-,-,-,-,-,voice vote,2018-07-31,-,-,-,-,-,-,-,-,-,-,-,-,-,-,-,-,-,-,-,-,-,-,-,Animal Drug and Animal Generic Drug User Fee Amendments of 2018
115,H.R. 5636,bill,signed,2019-01-10,Donald J. Trump (first term),R,115-430,voice vote,2018-11-13,-,-,-,-,-,-,-,-,-,-,-,-,-,voice vote,2018-12-22,-,-,-,-,-,-,-,-,-,-,-,-,-,-,-,-,-,-,-,-,-,-,-,Flatside Wilderness Enhancement Act
115,H.R. 5729,bill,signed,2018-08-02,Donald J. Trump (first term),R,115-230,voice vote,2018-07-10,-,-,-,-,-,-,-,-,-,-,-,-,-,unanimous consent,2018-07-26,-,-,-,-,-,-,-,-,-,-,-,-,-,-,-,-,-,-,-,-,-,-,-,Transportation Worker Identification Credential Accountability Act of 2018
115,H.R. 5737,bill,signed,2018-12-06,Donald J. Trump (first term),R,115-293,unanimous consent,2018-09-13,-,-,-,-,-,-,-,-,-,-,-,-,-,unanimous consent,2018-11-15,-,-,-,-,-,-,-,-,-,-,-,-,-,-,-,-,-,-,-,-,-,-,-,"To designate the facility of the United States Postal Service located at 108 West D Street in Alpha, Illinois, as the ""Captain Joshua E. Steele Post Office""."
115,H.R. 5759,bill,signed,2018-12-20,Donald J. Trump (first term),R,115-336,voice vote,2018-11-29,-,-,-,-,-,-,-,-,-,-,-,-,-,unanimous consent,2018-12-11,-,-,-,-,-,-,-,-,-,-,-,-,-,-,-,-,-,-,-,-,-,-,-,21st Century IDEA
115,H.R. 5772,bill,signed,2018-09-18,Donald J. Trump (first term),R,115-242,voice vote,2018-07-16,-,-,-,-,-,-,-,-,-,-,-,-,-,unanimous consent,2018-09-04,-,-,-,-,-,-,-,-,-,-,-,-,-,-,-,-,-,-,-,-,-,-,-,"To designate the J. Marvin Jones Federal Building and Courthouse in Amarillo, Texas, as the ""J. Marvin Jones Federal Building and Mary Lou Robinson United States Courthouse""."
115,H.R. 5784,bill,signed,2018-12-06,Donald J. Trump (first term),R,115-294,unanimous consent,2018-09-13,-,-,-,-,-,-,-,-,-,-,-,-,-,unanimous consent,2018-11-15,-,-,-,-,-,-,-,-,-,-,-,-,-,-,-,-,-,-,-,-,-,-,-,"To designate the facility of the United States Postal Service located at 2650 North Doctor Martin Luther King Jr. Drive in Milwaukee, Wisconsin, shall be known and designated as the ""Vel R. Phillips Post Office Building""."
115,H.R. 5787,bill,signed,2018-12-21,Donald J. Trump (first term),R,115-358,roll 419,2018-11-16,"On Motion to Suspend the Rules and Pass, as Amended",198,1,0,36,177,0,0,18,0,0,0,0,unanimous consent,2018-12-20,-,-,-,-,-,-,-,-,-,-,-,-,-,-,-,-,-,-,-,-,-,-,-,Strengthening Coastal Communities Act of 2018
115,H.R. 5791,bill,signed,2018-12-21,Donald J. Trump (first term),R,115-359,unanimous consent,2018-09-28,-,-,-,-,-,-,-,-,-,-,-,-,-,unanimous consent,2018-12-12,-,-,-,-,-,-,-,-,-,-,-,-,-,-,-,-,-,-,-,-,-,-,-,"To designate the facility of the United States Postal Service located at 9609 South University Boulevard in Highlands Ranch, Colorado, as the ""Deputy Sheriff Zackari Spurlock Parrish, III, Post Office Building""."
115,H.R. 5792,bill,signed,2018-12-21,Donald J. Trump (first term),R,115-360,unanimous consent,2018-09-28,-,-,-,-,-,-,-,-,-,-,-,-,-,unanimous consent,2018-12-12,-,-,-,-,-,-,-,-,-,-,-,-,-,-,-,-,-,-,-,-,-,-,-,"To designate the facility of the United States Postal Service located at 90 North 4th Avenue in Brighton, Colorado, as the ""Detective Heath McDonald Gumm Post Office""."
115,H.R. 5868,bill,signed,2018-12-06,Donald J. Trump (first term),R,115-295,unanimous consent,2018-09-13,-,-,-,-,-,-,-,-,-,-,-,-,-,unanimous consent,2018-11-15,-,-,-,-,-,-,-,-,-,-,-,-,-,-,-,-,-,-,-,-,-,-,-,"To designate the facility of the United States Postal Service located at 530 Claremont Avenue in Ashland, Ohio, as the ""Bill Harris Post Office""."
115,H.R. 5895,bill,signed,2018-09-21,Donald J. Trump (first term),R,115-244,roll 399,2018-09-13,On Agreeing to the Conference Report,202,18,0,15,175,2,0,16,0,0,0,0,roll 207,2018-09-12,On the Conference Report,47,2,0,2,43,3,0,1,2,0,0,0,D:2,-,-,-,-,-,-,-,-,-,"Energy and Water, Legislative Branch, and Military Construction and Veterans Affairs Appropriations Act, 2019"
115,H.R. 5923,bill,signed,2018-12-21,Donald J. Trump (first term),R,115-361,roll 394,2018-09-12,"On Motion to Suspend the Rules and Pass, as Amended",208,3,0,24,171,0,0,22,0,0,0,0,unanimous consent,2018-12-19,-,-,-,-,-,-,-,-,-,-,-,-,-,-,-,-,-,-,-,-,-,-,-,Walnut Grove Land Exchange Act
115,H.R. 5935,bill,signed,2018-12-06,Donald J. Trump (first term),R,115-296,unanimous consent,2018-09-13,-,-,-,-,-,-,-,-,-,-,-,-,-,unanimous consent,2018-11-15,-,-,-,-,-,-,-,-,-,-,-,-,-,-,-,-,-,-,-,-,-,-,-,"To designate the facility of the United States Postal Service located at 1355 North Meridian Road in Harristown, Illinois, as the ""Logan S. Palmer Post Office""."
115,H.R. 5956,bill,signed,2018-07-24,Donald J. Trump (first term),R,115-218,voice vote,2018-06-05,-,-,-,-,-,-,-,-,-,-,-,-,-,voice vote,2018-06-28,-,-,-,-,-,-,-,-,-,-,-,-,-,-,-,-,-,-,-,-,-,-,-,Northern Mariana Islands U.S. Workforce Act of 2018
115,H.R. 6020,bill,signed,2018-12-21,Donald J. Trump (first term),R,115-362,unanimous consent,2018-09-13,-,-,-,-,-,-,-,-,-,-,-,-,-,unanimous consent,2018-12-12,-,-,-,-,-,-,-,-,-,-,-,-,-,-,-,-,-,-,-,-,-,-,-,"To designate the facility of the United States Postal Service located at 325 South Michigan Avenue in Howell, Michigan, as the ""Sergeant Donald Burgett Post Office Building""."
115,H.R. 6042,bill,signed,2018-07-30,Donald J. Trump (first term),R,115-222,voice vote,2018-06-19,-,-,-,-,-,-,-,-,-,-,-,-,-,unanimous consent,2018-07-17,-,-,-,-,-,-,-,-,-,-,-,-,-,-,-,-,-,-,-,-,-,-,-,"To amend title XIX of the Social Security Act to delay the reduction in Federal medical assistance percentage for Medicaid personal care services furnished without an electronic visit verification system, and for other purposes."
115,H.R. 6059,bill,signed,2018-12-21,Donald J. Trump (first term),R,115-363,unanimous consent,2018-12-11,-,-,-,-,-,-,-,-,-,-,-,-,-,unanimous consent,2018-12-19,-,-,-,-,-,-,-,-,-,-,-,-,-,-,-,-,-,-,-,-,-,-,-,"To designate the facility of the United States Postal Service located at 51 Willow Street in Lynn, Massachusetts, as the ""Thomas P. Costin, Jr. Post Office Building""."
115,H.R. 6116,bill,signed,2018-12-06,Donald J. Trump (first term),R,115-297,unanimous consent,2018-09-13,-,-,-,-,-,-,-,-,-,-,-,-,-,unanimous consent,2018-11-15,-,-,-,-,-,-,-,-,-,-,-,-,-,-,-,-,-,-,-,-,-,-,-,"To designate the facility of the United States Postal Service located at 362 North Ross Street in Beaverton, Michigan, as the ""Colonel Alfred Asch Post Office""."
115,H.R. 6124,bill,signed,2018-09-20,Donald J. Trump (first term),R,115-243,voice vote,2018-07-24,-,-,-,-,-,-,-,-,-,-,-,-,-,unanimous consent,2018-09-06,-,-,-,-,-,-,-,-,-,-,-,-,-,-,-,-,-,-,-,-,-,-,-,Tribal Social Security Fairness Act of 2018
115,H.R. 6157,bill,signed,2018-09-28,Donald J. Trump (first term),R,115-245,roll 405,2018-09-26,On Agreeing to the Conference Report,176,56,0,3,185,5,0,3,0,0,0,0,roll 212,2018-09-18,On the Conference Report,45,6,0,0,47,0,0,0,1,1,0,0,D:2,-,-,-,-,-,-,-,-,-,"Department of Defense and Labor, Health and Human Services, and Education Appropriations Act, 2019 and Continuing Appropriations Act, 2019"
115,H.R. 6160,bill,signed,2018-12-21,Donald J. Trump (first term),R,115-364,unanimous consent,2018-06-28,-,-,-,-,-,-,-,-,-,-,-,-,-,unanimous consent,2018-12-13,-,-,-,-,-,-,-,-,-,-,-,-,-,-,-,-,-,-,-,-,-,-,-,"To amend title 5, United States Code, to clarify the sources of the authority to issue regulations regarding certifications and other criteria applicable to legislative branch employees under Wounded Warriors Federal Leave Act."
115,H.R. 6167,bill,signed,2018-12-21,Donald J. Trump (first term),R,115-365,unanimous consent,2018-12-11,-,-,-,-,-,-,-,-,-,-,-,-,-,unanimous consent,2018-12-19,-,-,-,-,-,-,-,-,-,-,-,-,-,-,-,-,-,-,-,-,-,-,-,"To designate the facility of the United States Postal Service located at 5707 South Cass Avenue in Westmont, Illinois, as the ""James William Robinson Jr. Memorial Post Office Building""."
115,H.R. 6216,bill,signed,2018-12-21,Donald J. Trump (first term),R,115-366,unanimous consent,2018-11-29,-,-,-,-,-,-,-,-,-,-,-,-,-,unanimous consent,2018-12-12,-,-,-,-,-,-,-,-,-,-,-,-,-,-,-,-,-,-,-,-,-,-,-,"To designate the facility of the United States Postal Service located at 3025 Woodgate Road in Montrose, Colorado, as the ""Sergeant David Kinterknecht Post Office""."
115,H.R. 6217,bill,signed,2018-12-21,Donald J. Trump (first term),R,115-367,unanimous consent,2018-11-29,-,-,-,-,-,-,-,-,-,-,-,-,-,unanimous consent,2018-12-12,-,-,-,-,-,-,-,-,-,-,-,-,-,-,-,-,-,-,-,-,-,-,-,"To designate the facility of the United States Postal Service located at 241 N 4th Street in Grand Junction, Colorado, as the ""Deputy Sheriff Derek Geer Post Office Building""."
115,H.R. 6227,bill,signed,2018-12-21,Donald J. Trump (first term),R,115-368,roll 442,2018-12-19,On Motion to Suspend the Rules and Concur in the Senate Amendment,185,11,0,39,163,0,0,34,0,0,0,0,unanimous consent,2018-12-13,-,-,-,-,-,-,-,-,-,-,-,-,-,-,-,-,-,-,-,-,-,-,-,National Quantum Initiative Act
115,H.R. 6287,bill,signed,2019-01-03,Donald J. Trump (first term),R,115-413,roll 495,2018-12-21,On Motion to Suspend the Rules and Concur in the Senate Amendment,198,3,0,34,173,0,0,24,0,0,0,0,unanimous consent,2018-12-20,-,-,-,-,-,-,-,-,-,-,-,-,-,-,-,-,-,-,-,-,-,-,-,9/11 Memorial Act
115,H.R. 6330,bill,signed,2018-12-17,Donald J. Trump (first term),R,115-324,voice vote,2018-09-25,-,-,-,-,-,-,-,-,-,-,-,-,-,voice vote,2018-12-06,-,-,-,-,-,-,-,-,-,-,-,-,-,-,-,-,-,-,-,-,-,-,-,Small Business Runway Extension Act of 2018
115,H.R. 6335,bill,signed,2018-12-21,Donald J. Trump (first term),R,115-369,unanimous consent,2018-12-11,-,-,-,-,-,-,-,-,-,-,-,-,-,unanimous consent,2018-12-19,-,-,-,-,-,-,-,-,-,-,-,-,-,-,-,-,-,-,-,-,-,-,-,"To designate the facility of the United States Postal Service located at 322 Main Street in Oakville, Connecticut, as the ""Oakville Veterans Memorial Post Office""."
115,H.R. 6347,bill,signed,2018-12-21,Donald J. Trump (first term),R,115-370,voice vote,2018-09-25,-,-,-,-,-,-,-,-,-,-,-,-,-,voice vote,2018-12-19,-,-,-,-,-,-,-,-,-,-,-,-,-,-,-,-,-,-,-,-,-,-,-,7(a) Real Estate Appraisal Harmonization Act
115,H.R. 6348,bill,signed,2018-12-21,Donald J. Trump (first term),R,115-371,voice vote,2018-09-25,-,-,-,-,-,-,-,-,-,-,-,-,-,voice vote,2018-12-19,-,-,-,-,-,-,-,-,-,-,-,-,-,-,-,-,-,-,-,-,-,-,-,Small Business ACE Act
115,H.R. 6400,bill,signed,2018-12-21,Donald J. Trump (first term),R,115-372,voice vote,2018-09-04,-,-,-,-,-,-,-,-,-,-,-,-,-,voice vote,2018-12-19,-,-,-,-,-,-,-,-,-,-,-,-,-,-,-,-,-,-,-,-,-,-,-,United States Ports of Entry Threat and Operational Review Act
115,H.R. 6405,bill,signed,2018-12-21,Donald J. Trump (first term),R,115-373,unanimous consent,2018-11-29,-,-,-,-,-,-,-,-,-,-,-,-,-,unanimous consent,2018-12-12,-,-,-,-,-,-,-,-,-,-,-,-,-,-,-,-,-,-,-,-,-,-,-,"To designate the facility of the United States Postal Service located at 2801 Mitchell Road in Ceres, California, as the ""Lance Corporal Juana Navarro Arellano Post Office Building""."
115,H.R. 6414,bill,signed,2018-08-14,Donald J. Trump (first term),R,115-235,voice vote,2018-07-25,-,-,-,-,-,-,-,-,-,-,-,-,-,unanimous consent,2018-08-01,-,-,-,-,-,-,-,-,-,-,-,-,-,-,-,-,-,-,-,-,-,-,-,"To amend title 23, United States Code, to extend the deadline for promulgation of regulations under the tribal transportation self-governance program."
115,H.R. 6428,bill,signed,2018-12-21,Donald J. Trump (first term),R,115-374,unanimous consent,2018-11-29,-,-,-,-,-,-,-,-,-,-,-,-,-,unanimous consent,2018-12-12,-,-,-,-,-,-,-,-,-,-,-,-,-,-,-,-,-,-,-,-,-,-,-,Frank Leone Post Office Act
115,H.R. 6513,bill,signed,2018-12-21,Donald J. Trump (first term),R,115-375,unanimous consent,2018-11-29,-,-,-,-,-,-,-,-,-,-,-,-,-,unanimous consent,2018-12-12,-,-,-,-,-,-,-,-,-,-,-,-,-,-,-,-,-,-,-,-,-,-,-,"To designate the facility of the United States Postal Service located at 1110 West Market Street in Athens, Alabama, as the ""Judge James E. Horton, Jr. Post Office Building""."
115,H.R. 6591,bill,signed,2018-12-21,Donald J. Trump (first term),R,115-376,unanimous consent,2018-09-28,-,-,-,-,-,-,-,-,-,-,-,-,-,unanimous consent,2018-12-12,-,-,-,-,-,-,-,-,-,-,-,-,-,-,-,-,-,-,-,-,-,-,-,"To designate the facility of the United States Postal Service located at 501 South Kirkman Road in Orlando, Florida, as the ""Napoleon 'Nap' Ford Post Office Building""."
115,H.R. 6602,bill,signed,2019-01-10,Donald J. Trump (first term),R,115-431,roll 473,2018-12-20,On Motion to Suspend the Rules and Pass,211,9,0,15,171,0,0,26,0,0,0,0,voice vote,2018-12-22,-,-,-,-,-,-,-,-,-,-,-,-,-,-,-,-,-,-,-,-,-,-,-,"To reauthorize the New Jersey Coastal Heritage Trail Route, and for other purposes."
115,H.R. 6615,bill,signed,2018-12-21,Donald J. Trump (first term),R,115-377,roll 437,2018-12-19,On Motion to Suspend the Rules and Concur in the Senate Amendment,185,6,0,44,167,0,0,30,0,0,0,0,unanimous consent,2018-12-18,-,-,-,-,-,-,-,-,-,-,-,-,-,-,-,-,-,-,-,-,-,-,-,Traumatic Brain Injury Program Reauthorization Act of 2018
115,H.R. 6621,bill,signed,2018-12-21,Donald J. Trump (first term),R,115-378,unanimous consent,2018-11-29,-,-,-,-,-,-,-,-,-,-,-,-,-,unanimous consent,2018-12-12,-,-,-,-,-,-,-,-,-,-,-,-,-,-,-,-,-,-,-,-,-,-,-,"To designate the facility of the United States Postal Service located at 530 East Main Street in Johnson City, Tennessee, as the ""Major Homer L. Pease Post Office""."
115,H.R. 6628,bill,signed,2018-12-21,Donald J. Trump (first term),R,115-379,unanimous consent,2018-11-29,-,-,-,-,-,-,-,-,-,-,-,-,-,unanimous consent,2018-12-12,-,-,-,-,-,-,-,-,-,-,-,-,-,-,-,-,-,-,-,-,-,-,-,"To designate the facility of the United States Postal Service located at 4301 Northeast 4th Street in Renton, Washington, as the ""James Marshall 'Jimi' Hendrix Post Office Building""."
115,H.R. 6651,bill,signed,2018-12-11,Donald J. Trump (first term),R,115-305,voice vote,2018-11-13,-,-,-,-,-,-,-,-,-,-,-,-,-,unanimous consent,2018-11-28,-,-,-,-,-,-,-,-,-,-,-,-,-,-,-,-,-,-,-,-,-,-,-,PEPFAR Extension Act of 2018
115,H.R. 6655,bill,signed,2018-12-21,Donald J. Trump (first term),R,115-380,unanimous consent,2018-11-29,-,-,-,-,-,-,-,-,-,-,-,-,-,unanimous consent,2018-12-12,-,-,-,-,-,-,-,-,-,-,-,-,-,-,-,-,-,-,-,-,-,-,-,"To designate the facility of the United States Postal Service located at 44160 State Highway 299 East Suite 1 in McArthur, California, as the ""Janet Lucille Oilar Post Office""."
115,H.R. 6758,bill,signed,2018-10-31,Donald J. Trump (first term),R,115-273,voice vote,2018-09-25,-,-,-,-,-,-,-,-,-,-,-,-,-,unanimous consent,2018-10-11,-,-,-,-,-,-,-,-,-,-,-,-,-,-,-,-,-,-,-,-,-,-,-,SUCCESS Act
115,H.R. 6780,bill,signed,2018-12-21,Donald J. Trump (first term),R,115-381,unanimous consent,2018-09-28,-,-,-,-,-,-,-,-,-,-,-,-,-,unanimous consent,2018-12-12,-,-,-,-,-,-,-,-,-,-,-,-,-,-,-,-,-,-,-,-,-,-,-,"To designate the facility of the United States Postal Service located at 7521 Paula Drive in Tampa, Florida, as the ""Major Andreas O'Keeffe Post Office Building""."
115,H.R. 6831,bill,signed,2018-12-21,Donald J. Trump (first term),R,115-382,unanimous consent,2018-11-29,-,-,-,-,-,-,-,-,-,-,-,-,-,unanimous consent,2018-12-12,-,-,-,-,-,-,-,-,-,-,-,-,-,-,-,-,-,-,-,-,-,-,-,"To designate the facility of the United States Postal Service located at 35 West Main Street in Frisco, Colorado, as the ""Patrick E. Mahany, Jr., Post Office Building""."
115,H.R. 6870,bill,signed,2018-11-03,Donald J. Trump (first term),R,115-277,unanimous consent,2018-09-28,-,-,-,-,-,-,-,-,-,-,-,-,-,unanimous consent,2018-10-11,-,-,-,-,-,-,-,-,-,-,-,-,-,-,-,-,-,-,-,-,-,-,-,To rename the Stop Trading on Congressional Knowledge Act of 2012 in honor of Representative Louise McIntosh Slaughter.
115,H.R. 6893,bill,signed,2018-12-21,Donald J. Trump (first term),R,115-383,voice vote,2018-12-10,-,-,-,-,-,-,-,-,-,-,-,-,-,unanimous consent,2018-12-19,-,-,-,-,-,-,-,-,-,-,-,-,-,-,-,-,-,-,-,-,-,-,-,Secret Service Overtime Pay Extension Act
115,H.R. 6896,bill,signed,2018-10-31,Donald J. Trump (first term),R,115-274,unanimous consent,2018-09-28,-,-,-,-,-,-,-,-,-,-,-,-,-,unanimous consent,2018-10-11,-,-,-,-,-,-,-,-,-,-,-,-,-,-,-,-,-,-,-,-,-,-,-,United States Parole Commission Extension Act of 2018
115,H.R. 6897,bill,signed,2018-09-29,Donald J. Trump (first term),R,115-250,unanimous consent,2018-09-26,-,-,-,-,-,-,-,-,-,-,-,-,-,unanimous consent,2018-09-28,-,-,-,-,-,-,-,-,-,-,-,-,-,-,-,-,-,-,-,-,-,-,-,"Airport and Airway Extension Act of 2018, Part II"
115,H.R. 6930,bill,signed,2018-12-21,Donald J. Trump (first term),R,115-384,unanimous consent,2018-12-11,-,-,-,-,-,-,-,-,-,-,-,-,-,unanimous consent,2018-12-19,-,-,-,-,-,-,-,-,-,-,-,-,-,-,-,-,-,-,-,-,-,-,-,"To designate the facility of the United States Postal Service located at 10 Miller Street in Plattsburgh, New York, as the ""Ross Bouyea Post Office Building""."
115,H.R. 6964,bill,signed,2018-12-21,Donald J. Trump (first term),R,115-385,unanimous consent,2018-12-13,-,-,-,-,-,-,-,-,-,-,-,-,-,voice vote,2018-12-11,-,-,-,-,-,-,-,-,-,-,-,-,-,-,-,-,-,-,-,-,-,-,-,Juvenile Justice Reform Act of 2018
115,H.R. 7120,bill,signed,2018-12-21,Donald J. Trump (first term),R,115-386,unanimous consent,2018-11-27,-,-,-,-,-,-,-,-,-,-,-,-,-,unanimous consent,2018-12-12,-,-,-,-,-,-,-,-,-,-,-,-,-,-,-,-,-,-,-,-,-,-,-,To amend the Federal Election Campaign Act of 1971 to extend through 2023 the authority of the Federal Election Commission to impose civil money penalties on the basis of a schedule of penalties established and published by the Commission.
115,H.R. 7187,bill,signed,2018-12-01,Donald J. Trump (first term),R,115-281,roll 424,2018-11-29,On Motion to Suspend the Rules and Pass,172,46,0,17,178,0,0,19,0,0,0,0,voice vote,2018-11-29,-,-,-,-,-,-,-,-,-,-,-,-,-,-,-,-,-,-,-,-,-,-,-,National Flood Insurance Program Further Extension Act of 2018
115,H.R. 7213,bill,signed,2018-12-21,Donald J. Trump (first term),R,115-387,unanimous consent,2018-12-10,-,-,-,-,-,-,-,-,-,-,-,-,-,voice vote,2018-12-18,-,-,-,-,-,-,-,-,-,-,-,-,-,-,-,-,-,-,-,-,-,-,-,Countering Weapons of Mass Destruction Act of 2018
115,H.R. 7230,bill,signed,2018-12-21,Donald J. Trump (first term),R,115-388,unanimous consent,2018-12-11,-,-,-,-,-,-,-,-,-,-,-,-,-,unanimous consent,2018-12-19,-,-,-,-,-,-,-,-,-,-,-,-,-,-,-,-,-,-,-,-,-,-,-,"To designate the facility of the United States Postal Service located at 226 West Main Street in Lake City, South Carolina, as the ""Postmaster Frazier B. Baker Post Office""."
115,H.R. 7243,bill,signed,2018-12-21,Donald J. Trump (first term),R,115-389,unanimous consent,2018-12-11,-,-,-,-,-,-,-,-,-,-,-,-,-,unanimous consent,2018-12-19,-,-,-,-,-,-,-,-,-,-,-,-,-,-,-,-,-,-,-,-,-,-,-,"To amend Public Law 115-217 to change the address of the postal facility designated by such Public Law in honor of Sergeant First Class Alwyn Crendall Cashe, and for other purposes."
115,H.R. 7279,bill,signed,2019-01-14,Donald J. Trump (first term),R,115-436,roll 441,2018-12-19,On Motion to Suspend the Rules and Pass,186,10,0,39,165,0,0,32,0,0,0,0,voice vote,2018-12-22,-,-,-,-,-,-,-,-,-,-,-,-,-,-,-,-,-,-,-,-,-,-,-,Water Infrastructure Improvement Act
115,H.R. 7318,bill,signed,2019-01-14,Donald J. Trump (first term),R,115-437,roll 475,2018-12-21,On Motion to Suspend the Rules and Pass,203,1,0,31,169,1,0,27,0,0,0,0,unanimous consent,2018-12-22,-,-,-,-,-,-,-,-,-,-,-,-,-,-,-,-,-,-,-,-,-,-,-,"To amend the Federal Assets Sale and Transfer Act of 2016 to ensure that the Public Buildings Reform Board has adequate time to carry out the responsibilities of the Board, and for other purposes."
115,H.R. 7319,bill,signed,2019-01-14,Donald J. Trump (first term),R,115-438,roll 476,2018-12-21,On Motion to Suspend the Rules and Pass,204,0,0,31,168,1,0,28,0,0,0,0,unanimous consent,2018-12-22,-,-,-,-,-,-,-,-,-,-,-,-,-,-,-,-,-,-,-,-,-,-,-,"To amend the Federal Assets Sale and Transfer Act of 2016 to provide flexibility with respect to the leaseback of certain Federal real property, and for other purposes."
115,H.R. 7327,bill,signed,2018-12-21,Donald J. Trump (first term),R,115-390,roll 440,2018-12-19,On Motion to Suspend the Rules and Pass,198,1,0,36,164,0,0,33,0,0,0,0,unanimous consent,2018-12-20,-,-,-,-,-,-,-,-,-,-,-,-,-,-,-,-,-,-,-,-,-,-,-,Strengthening and Enhancing Cyber-capabilities by Utilizing Risk Exposure Technology Act
115,S. 7,bill,signed,2018-12-31,Donald J. Trump (first term),R,115-403,roll 460,2018-12-20,On Motion to Suspend the Rules and Pass,212,0,0,23,178,0,0,19,0,0,0,0,unanimous consent,2018-12-06,-,-,-,-,-,-,-,-,-,-,-,-,-,-,-,-,-,-,-,-,-,-,-,NASA Enhanced Use Leasing Extension Act of 2018
115,S. 35,bill,signed,2018-05-25,Donald J. Trump (first term),R,115-175,roll 187,2018-05-16,On Motion to Suspend the Rules and Pass,223,0,0,11,184,0,0,9,0,0,0,0,voice vote,2017-12-21,-,-,-,-,-,-,-,-,-,-,-,-,-,-,-,-,-,-,-,-,-,-,-,Black Hills National Cemetery Boundary Expansion Act
115,S. 84,bill,signed,2017-01-20,Donald J. Trump (first term),R,115-2,roll 59,2017-01-13,On Passage,232,1,0,7,36,150,1,7,0,0,0,0,roll 27,2017-01-12,On Passage of the Bill,50,0,0,2,30,16,0,0,1,1,0,0,D:2,-,-,-,-,-,-,-,-,-,A bill to provide for an exception to a limitation against appointment of persons as Secretary of Defense within seven years of relief from active duty as a regular commissioned officer of the Armed Forces.
115,S. 96,bill,signed,2018-02-26,Donald J. Trump (first term),R,115-129,voice vote,2018-02-09,-,-,-,-,-,-,-,-,-,-,-,-,-,unanimous consent,2017-08-03,-,-,-,-,-,-,-,-,-,-,-,-,-,-,-,-,-,-,-,-,-,-,-,Improving Rural Call Quality and Reliability Act of 2017
115,S. 97,bill,signed,2018-09-28,Donald J. Trump (first term),R,115-248,voice vote,2018-09-13,-,-,-,-,-,-,-,-,-,-,-,-,-,voice vote,2018-03-07,-,-,-,-,-,-,-,-,-,-,-,-,-,-,-,-,-,-,-,-,-,-,-,Nuclear Energy Innovation Capabilities Act of 2017
115,S. 114,bill,signed,2017-08-12,Donald J. Trump (first term),R,115-46,roll 438,2017-07-28,On Passage,228,0,0,11,186,0,0,8,0,0,0,0,voice vote,2017-08-01,-,-,-,-,-,-,-,-,-,-,-,-,-,-,-,-,-,-,-,-,-,-,-,VA Choice and Quality Employment Act of 2017
115,S. 117,bill,signed,2018-01-31,Donald J. Trump (first term),R,115-122,roll 19,2018-01-16,On Motion to Suspend the Rules and Pass,219,3,0,15,181,0,0,12,0,0,0,0,unanimous consent,2017-12-20,-,-,-,-,-,-,-,-,-,-,-,-,-,-,-,-,-,-,-,-,-,-,-,Alex Diekmann Peak Designation Act of 2017
115,S. 139,bill,signed,2018-01-19,Donald J. Trump (first term),R,115-118,roll 16,2018-01-11,On Passage,191,45,0,3,65,119,0,9,0,0,0,0,roll 12,2018-01-18,On the Motion,43,7,0,1,21,26,0,0,1,1,0,0,D:2,-,-,-,-,-,-,-,-,-,FISA Amendments Reauthorization Act of 2017
115,S. 140,bill,signed,2018-12-04,Donald J. Trump (first term),R,115-282,voice vote,2018-11-27,-,-,-,-,-,-,-,-,-,-,-,-,-,roll 241,2018-11-14,On the Motion,51,0,0,0,42,5,0,0,1,1,0,0,D:2,-,-,-,-,-,-,-,-,-,Frank LoBiondo Coast Guard Authorization Act of 2018
115,S. 167,bill,signed,2018-04-30,Donald J. Trump (first term),R,115-169,roll 141,2018-04-16,On Motion to Suspend the Rules and Pass,216,1,0,19,168,0,0,25,0,0,0,0,voice vote,2017-12-21,-,-,-,-,-,-,-,-,-,-,-,-,-,-,-,-,-,-,-,-,-,-,-,National Memorial to Fallen Educators Act
115,S. 178,bill,signed,2017-10-18,Donald J. Trump (first term),R,115-70,voice vote,2017-10-03,-,-,-,-,-,-,-,-,-,-,-,-,-,voice vote,2017-08-01,-,-,-,-,-,-,-,-,-,-,-,-,-,-,-,-,-,-,-,-,-,-,-,Elder Abuse Prevention and Prosecution Act
115,S. 188,bill,signed,2018-03-27,Donald J. Trump (first term),R,115-158,voice vote,2018-03-06,-,-,-,-,-,-,-,-,-,-,-,-,-,unanimous consent,2018-03-14,-,-,-,-,-,-,-,-,-,-,-,-,-,-,-,-,-,-,-,-,-,-,-,EGO Act
115,S. 190,bill,signed,2017-11-02,Donald J. Trump (first term),R,115-78,voice vote,2017-10-11,-,-,-,-,-,-,-,-,-,-,-,-,-,unanimous consent,2017-08-01,-,-,-,-,-,-,-,-,-,-,-,-,-,-,-,-,-,-,-,-,-,-,-,Power And Security Systems (PASS) Act
115,S. 204,bill,signed,2018-05-30,Donald J. Trump (first term),R,115-176,roll 214,2018-05-22,On Passage,228,0,0,6,22,169,0,2,0,0,0,0,unanimous consent,2017-08-03,-,-,-,-,-,-,-,-,-,-,-,-,-,-,-,-,-,-,-,-,-,-,-,"Trickett Wendler, Frank Mongiello, Jordan McLinn, and Matthew Bellina Right to Try Act of 2017"
115,S. 245,bill,signed,2018-12-18,Donald J. Trump (first term),R,115-325,voice vote,2018-12-10,-,-,-,-,-,-,-,-,-,-,-,-,-,unanimous consent,2017-11-29,-,-,-,-,-,-,-,-,-,-,-,-,-,-,-,-,-,-,-,-,-,-,-,Indian Tribal Energy Development and Self-Determination Act Amendments of 2017
115,S. 292,bill,signed,2018-06-05,Donald J. Trump (first term),R,115-180,voice vote,2018-05-22,-,-,-,-,-,-,-,-,-,-,-,-,-,unanimous consent,2018-03-22,-,-,-,-,-,-,-,-,-,-,-,-,-,-,-,-,-,-,-,-,-,-,-,Childhood Cancer STAR Act
115,S. 305,bill,signed,2017-03-28,Donald J. Trump (first term),R,115-15,voice vote,2017-03-21,-,-,-,-,-,-,-,-,-,-,-,-,-,unanimous consent,2017-02-03,-,-,-,-,-,-,-,-,-,-,-,-,-,-,-,-,-,-,-,-,-,-,-,Vietnam War Veterans Recognition Act of 2017
115,S. 324,bill,signed,2018-03-27,Donald J. Trump (first term),R,115-159,voice vote,2018-03-13,-,-,-,-,-,-,-,-,-,-,-,-,-,unanimous consent,2017-11-09,-,-,-,-,-,-,-,-,-,-,-,-,-,-,-,-,-,-,-,-,-,-,-,State Veterans Home Adult Day Health Care Improvement Act of 2017
115,S. 327,bill,signed,2017-10-06,Donald J. Trump (first term),R,115-66,voice vote,2017-09-27,-,-,-,-,-,-,-,-,-,-,-,-,-,unanimous consent,2017-09-11,-,-,-,-,-,-,-,-,-,-,-,-,-,-,-,-,-,-,-,-,-,-,-,Fair Access to Investment Research Act of 2017
115,S. 371,bill,signed,2017-12-18,Donald J. Trump (first term),R,115-94,unanimous consent,2017-07-28,-,-,-,-,-,-,-,-,-,-,-,-,-,unanimous consent,2017-12-04,-,-,-,-,-,-,-,-,-,-,-,-,-,-,-,-,-,-,-,-,-,-,-,"Department of State Authorities Act, Fiscal Year 2017, Improvements Act"
115,S. 419,bill,signed,2017-06-02,Donald J. Trump (first term),R,115-36,voice vote,2017-05-17,-,-,-,-,-,-,-,-,-,-,-,-,-,unanimous consent,2017-05-16,-,-,-,-,-,-,-,-,-,-,-,-,-,-,-,-,-,-,-,-,-,-,-,Public Safety Officers' Benefits Improvement Act of 2017
115,S. 440,bill,signed,2018-12-11,Donald J. Trump (first term),R,115-306,voice vote,2018-11-13,-,-,-,-,-,-,-,-,-,-,-,-,-,unanimous consent,2018-11-27,-,-,-,-,-,-,-,-,-,-,-,-,-,-,-,-,-,-,-,-,-,-,-,A bill to establish a procedure for the conveyance of certain Federal property around the Dickinson Reservoir in the State of North Dakota.
115,S. 442,bill,signed,2017-03-21,Donald J. Trump (first term),R,115-10,voice vote,2017-03-07,-,-,-,-,-,-,-,-,-,-,-,-,-,unanimous consent,2017-02-17,-,-,-,-,-,-,-,-,-,-,-,-,-,-,-,-,-,-,-,-,-,-,-,National Aeronautics and Space Administration Transition Authorization Act of 2017
115,S. 447,bill,signed,2018-05-09,Donald J. Trump (first term),R,115-171,voice vote,2018-04-24,-,-,-,-,-,-,-,-,-,-,-,-,-,unanimous consent,2017-12-12,-,-,-,-,-,-,-,-,-,-,-,-,-,-,-,-,-,-,-,-,-,-,-,Justice for Uncompensated Survivors Today (JUST) Act of 2017
115,S. 490,bill,signed,2018-07-27,Donald J. Trump (first term),R,115-219,voice vote,2018-07-16,-,-,-,-,-,-,-,-,-,-,-,-,-,unanimous consent,2018-06-28,-,-,-,-,-,-,-,-,-,-,-,-,-,-,-,-,-,-,-,-,-,-,-,A bill to reinstate and extend the deadline for commencement of construction of a hydroelectric project involving the Gibson Dam.
115,S. 496,bill,signed,2017-05-12,Donald J. Trump (first term),R,115-33,roll 231,2017-04-27,On Motion to Suspend the Rules and Pass,229,0,0,8,188,3,0,2,0,0,0,0,unanimous consent,2017-03-08,-,-,-,-,-,-,-,-,-,-,-,-,-,-,-,-,-,-,-,-,-,-,-,"A bill to repeal the rule issued by the Federal Highway Administration and the Federal Transit Administration entitled ""Metropolitan Planning Organization Coordination and Planning Area Reform""."
115,S. 504,bill,signed,2017-11-02,Donald J. Trump (first term),R,115-79,roll 570,2017-10-23,On Motion to Suspend the Rules and Pass,220,2,0,16,181,0,0,13,0,0,0,0,unanimous consent,2017-09-26,-,-,-,-,-,-,-,-,-,-,-,-,-,-,-,-,-,-,-,-,-,-,-,Asia-Pacific Economic Cooperation Business Travel Cards Act of 2017
115,S. 512,bill,signed,2019-01-14,Donald J. Trump (first term),R,115-439,roll 493,2018-12-21,On Motion to Suspend the Rules and Pass,192,6,0,37,169,4,0,24,0,0,0,0,voice vote,2018-12-20,-,-,-,-,-,-,-,-,-,-,-,-,-,-,-,-,-,-,-,-,-,-,-,Nuclear Energy Innovation and Modernization Act
115,S. 534,bill,signed,2018-02-14,Donald J. Trump (first term),R,115-126,roll 45,2018-01-29,"On Motion to Suspend the Rules and Pass, as Amended",225,3,0,9,181,0,0,12,0,0,0,0,voice vote,2018-01-30,-,-,-,-,-,-,-,-,-,-,-,-,-,-,-,-,-,-,-,-,-,-,-,Protecting Young Victims from Sexual Abuse and Safe Sport Authorization Act of 2017
115,S. 544,bill,signed,2017-04-19,Donald J. Trump (first term),R,115-26,voice vote,2017-04-05,-,-,-,-,-,-,-,-,-,-,-,-,-,voice vote,2017-04-03,-,-,-,-,-,-,-,-,-,-,-,-,-,-,-,-,-,-,-,-,-,-,-,"A bill to amend the Veterans Access, Choice, and Accountability Act of 2014 to modify the termination date for the Veterans Choice Program, and for other purposes."
115,S. 583,bill,signed,2017-06-02,Donald J. Trump (first term),R,115-37,unanimous consent,2017-05-17,-,-,-,-,-,-,-,-,-,-,-,-,-,unanimous consent,2017-05-16,-,-,-,-,-,-,-,-,-,-,-,-,-,-,-,-,-,-,-,-,-,-,-,American Law Enforcement Heroes Act of 2017
115,S. 585,bill,signed,2017-10-26,Donald J. Trump (first term),R,115-73,roll 568,2017-10-12,On Passage,232,0,0,7,188,0,0,6,0,0,0,0,unanimous consent,2017-05-25,-,-,-,-,-,-,-,-,-,-,-,-,-,-,-,-,-,-,-,-,-,-,-,Dr. Chris Kirkpatrick Whistleblower Protection Act of 2017
115,S. 652,bill,signed,2017-10-18,Donald J. Trump (first term),R,115-71,voice vote,2017-10-03,-,-,-,-,-,-,-,-,-,-,-,-,-,unanimous consent,2017-09-06,-,-,-,-,-,-,-,-,-,-,-,-,-,-,-,-,-,-,-,-,-,-,-,Early Hearing Detection and Intervention Act of 2017
115,S. 717,bill,signed,2018-09-04,Donald J. Trump (first term),R,115-237,voice vote,2018-07-17,-,-,-,-,-,-,-,-,-,-,-,-,-,unanimous consent,2018-08-15,-,-,-,-,-,-,-,-,-,-,-,-,-,-,-,-,-,-,-,-,-,-,-,Pro bono Work to Empower and Represent Act of 2018
115,S. 756,bill,signed,2018-12-21,Donald J. Trump (first term),R,115-391,roll 448,2018-12-20,On Motion to Suspend the Rules and Concur in the Senate Amendment to House Amendment,182,36,0,17,176,0,0,21,0,0,0,0,roll 271,2018-12-18,On the Motion,38,12,0,1,47,0,0,0,2,0,0,0,D:2,-,-,-,-,-,-,-,-,-,First Step Act of 2018
115,S. 770,bill,signed,2018-08-14,Donald J. Trump (first term),R,115-236,unanimous consent,2018-07-25,-,-,-,-,-,-,-,-,-,-,-,-,-,unanimous consent,2018-08-01,-,-,-,-,-,-,-,-,-,-,-,-,-,-,-,-,-,-,-,-,-,-,-,NIST Small Business Cybersecurity Act
115,S. 772,bill,signed,2018-04-13,Donald J. Trump (first term),R,115-166,voice vote,2018-02-26,-,-,-,-,-,-,-,-,-,-,-,-,-,unanimous consent,2018-03-22,-,-,-,-,-,-,-,-,-,-,-,-,-,-,-,-,-,-,-,-,-,-,-,Ashlynne Mike AMBER Alert in Indian Country Act
115,S. 782,bill,signed,2017-11-02,Donald J. Trump (first term),R,115-82,roll 550,2017-10-03,"On Motion to Suspend the Rules and Pass, as Amended",231,2,0,6,186,1,0,7,0,0,0,0,unanimous consent,2017-10-26,-,-,-,-,-,-,-,-,-,-,-,-,-,-,-,-,-,-,-,-,-,-,-,PROTECT Our Children Act of 2017
115,S. 791,bill,signed,2018-10-09,Donald J. Trump (first term),R,115-259,voice vote,2018-09-25,-,-,-,-,-,-,-,-,-,-,-,-,-,voice vote,2018-07-18,-,-,-,-,-,-,-,-,-,-,-,-,-,-,-,-,-,-,-,-,-,-,-,Small Business Innovation Protection Act of 2017
115,S. 810,bill,signed,2017-10-06,Donald J. Trump (first term),R,115-67,voice vote,2017-09-25,-,-,-,-,-,-,-,-,-,-,-,-,-,unanimous consent,2017-08-03,-,-,-,-,-,-,-,-,-,-,-,-,-,-,-,-,-,-,-,-,-,-,-,"A bill to facilitate construction of a bridge on certain property in Christian County, Missouri, and for other purposes."
115,S. 825,bill,signed,2018-12-18,Donald J. Trump (first term),R,115-326,roll 430,2018-12-11,On Motion to Suspend the Rules and Pass,216,3,0,16,187,0,0,10,0,0,0,0,unanimous consent,2017-11-29,-,-,-,-,-,-,-,-,-,-,-,-,-,-,-,-,-,-,-,-,-,-,-,Southeast Alaska Regional Health Consortium Land Transfer Act of 2017
115,S. 831,bill,signed,2018-03-16,Donald J. Trump (first term),R,115-137,voice vote,2018-03-05,-,-,-,-,-,-,-,-,-,-,-,-,-,unanimous consent,2017-06-13,-,-,-,-,-,-,-,-,-,-,-,-,-,-,-,-,-,-,-,-,-,-,-,"A bill to designate the facility of the United States Postal Service located at 120 West Pike Street in Canonsburg, Pennsylvania, as the ""Police Officer Scott Bashioum Post Office Building""."
115,S. 899,bill,signed,2018-09-07,Donald J. Trump (first term),R,115-238,voice vote,2018-07-16,-,-,-,-,-,-,-,-,-,-,-,-,-,unanimous consent,2018-08-22,-,-,-,-,-,-,-,-,-,-,-,-,-,-,-,-,-,-,-,-,-,-,-,Veterans Providing Healthcare Transition Improvement Act
115,S. 920,bill,signed,2017-11-02,Donald J. Trump (first term),R,115-80,voice vote,2017-10-11,-,-,-,-,-,-,-,-,-,-,-,-,-,unanimous consent,2017-09-06,-,-,-,-,-,-,-,-,-,-,-,-,-,-,-,-,-,-,-,-,-,-,-,National Clinical Care Commission Act
115,S. 931,bill,signed,2018-07-27,Donald J. Trump (first term),R,115-220,voice vote,2018-07-16,-,-,-,-,-,-,-,-,-,-,-,-,-,voice vote,2018-03-07,-,-,-,-,-,-,-,-,-,-,-,-,-,-,-,-,-,-,-,-,-,-,-,"A bill to designate the facility of the United States Postal Service located at 4910 Brighton Boulevard in Denver, Colorado, as the ""George Sakato Post Office""."
115,S. 943,bill,signed,2018-12-31,Donald J. Trump (first term),R,115-404,voice vote,2018-12-11,-,-,-,-,-,-,-,-,-,-,-,-,-,voice vote,2018-12-19,-,-,-,-,-,-,-,-,-,-,-,-,-,-,-,-,-,-,-,-,-,-,-,Johnson-O'Malley Supplemental Indian Education Program Modernization Act
115,S. 994,bill,signed,2018-09-28,Donald J. Trump (first term),R,115-249,unanimous consent,2018-09-07,-,-,-,-,-,-,-,-,-,-,-,-,-,unanimous consent,2018-09-04,-,-,-,-,-,-,-,-,-,-,-,-,-,-,-,-,-,-,-,-,-,-,-,Protecting Religiously Affiliated Institutions Act of 2018
115,S. 1023,bill,signed,2019-01-14,Donald J. Trump (first term),R,115-440,roll 488,2018-12-21,On Motion to Suspend the Rules and Pass,157,43,0,35,175,0,0,22,0,0,0,0,voice vote,2018-12-20,-,-,-,-,-,-,-,-,-,-,-,-,-,-,-,-,-,-,-,-,-,-,-,Tropical Forest Conservation Reauthorization Act of 2018
115,S. 1050,bill,signed,2018-12-20,Donald J. Trump (first term),R,115-337,unanimous consent,2018-12-12,-,-,-,-,-,-,-,-,-,-,-,-,-,voice vote,2018-09-12,-,-,-,-,-,-,-,-,-,-,-,-,-,-,-,-,-,-,-,-,-,-,-,Chinese-American World War II Veteran Congressional Gold Medal Act
115,S. 1083,bill,signed,2017-06-27,Donald J. Trump (first term),R,115-42,unanimous consent,2017-05-25,-,-,-,-,-,-,-,-,-,-,-,-,-,unanimous consent,2017-06-14,-,-,-,-,-,-,-,-,-,-,-,-,-,-,-,-,-,-,-,-,-,-,-,"A bill to amend section 1214 of title 5, United States Code, to provide for stays during a period that the Merit Systems Protection Board lacks a quorum."
115,S. 1091,bill,signed,2018-07-07,Donald J. Trump (first term),R,115-196,voice vote,2018-06-13,-,-,-,-,-,-,-,-,-,-,-,-,-,unanimous consent,2018-06-21,-,-,-,-,-,-,-,-,-,-,-,-,-,-,-,-,-,-,-,-,-,-,-,Supporting Grandparents Raising Grandchildren Act
115,S. 1094,bill,signed,2017-06-23,Donald J. Trump (first term),R,115-41,roll 307,2017-06-13,On Passage,231,1,0,5,137,54,0,2,0,0,0,0,voice vote,2017-06-06,-,-,-,-,-,-,-,-,-,-,-,-,-,-,-,-,-,-,-,-,-,-,-,Department of Veterans Affairs Accountability and Whistleblower Protection Act of 2017
115,S. 1141,bill,signed,2017-10-06,Donald J. Trump (first term),R,115-68,voice vote,2017-09-25,-,-,-,-,-,-,-,-,-,-,-,-,-,voice vote,2017-08-03,-,-,-,-,-,-,-,-,-,-,-,-,-,-,-,-,-,-,-,-,-,-,-,"Women, Peace, and Security Act of 2017"
115,S. 1158,bill,signed,2019-01-14,Donald J. Trump (first term),R,115-441,roll 489,2018-12-21,On Motion to Suspend the Rules and Pass,194,4,0,37,173,0,0,24,0,0,0,0,unanimous consent,2018-12-12,-,-,-,-,-,-,-,-,-,-,-,-,-,-,-,-,-,-,-,-,-,-,-,Elie Wiesel Genocide and Atrocities Prevention Act of 2018
115,S. 1182,bill,signed,2018-07-31,Donald J. Trump (first term),R,115-225,roll 373,2018-07-25,"On Motion to Suspend the Rules and Pass, as Amended",179,51,0,5,187,1,0,5,0,0,0,0,roll 173,2018-07-31,On the Motion,37,12,0,2,47,0,0,0,2,0,0,0,D:2,-,-,-,-,-,-,-,-,-,National Flood Insurance Program Extension Act of 2018
115,S. 1266,bill,signed,2017-12-20,Donald J. Trump (first term),R,115-95,roll 661,2017-12-06,On Motion to Suspend the Rules and Pass,237,0,0,2,186,0,0,7,0,0,0,0,unanimous consent,2017-11-09,-,-,-,-,-,-,-,-,-,-,-,-,-,-,-,-,-,-,-,-,-,-,-,Enhancing Veteran Care Act
115,S. 1282,bill,signed,2018-06-05,Donald J. Trump (first term),R,115-181,voice vote,2018-05-21,-,-,-,-,-,-,-,-,-,-,-,-,-,unanimous consent,2017-08-02,-,-,-,-,-,-,-,-,-,-,-,-,-,-,-,-,-,-,-,-,-,-,-,A bill to redesignate certain clinics of the Department of Veterans Affairs located in Montana.
115,S. 1285,bill,signed,2018-06-01,Donald J. Trump (first term),R,115-179,voice vote,2018-05-15,-,-,-,-,-,-,-,-,-,-,-,-,-,unanimous consent,2017-11-29,-,-,-,-,-,-,-,-,-,-,-,-,-,-,-,-,-,-,-,-,-,-,-,Oregon Tribal Economic Development Act
115,S. 1311,bill,signed,2018-12-21,Donald J. Trump (first term),R,115-392,unanimous consent,2018-09-28,-,-,-,-,-,-,-,-,-,-,-,-,-,unanimous consent,2018-12-17,-,-,-,-,-,-,-,-,-,-,-,-,-,-,-,-,-,-,-,-,-,-,-,Abolish Human Trafficking Act of 2017
115,S. 1312,bill,signed,2018-12-21,Donald J. Trump (first term),R,115-393,unanimous consent,2018-09-28,-,-,-,-,-,-,-,-,-,-,-,-,-,unanimous consent,2018-12-17,-,-,-,-,-,-,-,-,-,-,-,-,-,-,-,-,-,-,-,-,-,-,-,Trafficking Victims Protection Act of 2017
115,S. 1393,bill,signed,2018-01-08,Donald J. Trump (first term),R,115-105,roll 706,2017-12-21,On Motion to Suspend the Rules and Pass,231,0,0,7,187,0,0,6,0,0,0,0,unanimous consent,2017-09-14,-,-,-,-,-,-,-,-,-,-,-,-,-,-,-,-,-,-,-,-,-,-,-,Jobs for Our Heroes Act
115,S. 1438,bill,signed,2018-02-22,Donald J. Trump (first term),R,115-128,voice vote,2018-02-07,-,-,-,-,-,-,-,-,-,-,-,-,-,voice vote,2017-12-21,-,-,-,-,-,-,-,-,-,-,-,-,-,-,-,-,-,-,-,-,-,-,-,Gateway Arch National Park Designation Act
115,S. 1520,bill,signed,2018-12-31,Donald J. Trump (first term),R,115-405,roll 444,2018-12-19,On Motion to Suspend the Rules and Pass,189,10,0,36,161,1,0,35,0,0,0,0,unanimous consent,2018-12-17,-,-,-,-,-,-,-,-,-,-,-,-,-,-,-,-,-,-,-,-,-,-,-,Modernizing Recreational Fisheries Management Act of 2018
115,S. 1532,bill,signed,2018-01-08,Donald J. Trump (first term),R,115-106,roll 710,2017-12-21,On Motion to Suspend the Rules and Pass,221,0,0,17,172,0,0,21,0,0,0,0,unanimous consent,2017-09-14,-,-,-,-,-,-,-,-,-,-,-,-,-,-,-,-,-,-,-,-,-,-,-,No Human Trafficking on Our Roads Act
115,S. 1536,bill,signed,2018-01-03,Donald J. Trump (first term),R,115-99,roll 695,2017-12-19,On Motion to Suspend the Rules and Pass,230,1,0,7,188,0,0,5,0,0,0,0,unanimous consent,2017-09-14,-,-,-,-,-,-,-,-,-,-,-,-,-,-,-,-,-,-,-,-,-,-,-,Combating Human Trafficking in Commercial Vehicles Act
115,S. 1580,bill,signed,2019-01-14,Donald J. Trump (first term),R,115-442,roll 490,2018-12-21,On Motion to Suspend the Rules and Pass,188,5,0,42,174,0,0,23,0,0,0,0,voice vote,2018-12-12,-,-,-,-,-,-,-,-,-,-,-,-,-,-,-,-,-,-,-,-,-,-,-,Protecting Girls' Access to Education in Vulnerable Settings Act
115,S. 1595,bill,signed,2018-10-25,Donald J. Trump (first term),R,115-272,voice vote,2018-09-25,-,-,-,-,-,-,-,-,-,-,-,-,-,unanimous consent,2018-10-11,-,-,-,-,-,-,-,-,-,-,-,-,-,-,-,-,-,-,-,-,-,-,-,Hizballah International Financing Prevention Amendments Act of 2018
115,S. 1616,bill,signed,2017-09-15,Donald J. Trump (first term),R,115-60,voice vote,2017-09-05,-,-,-,-,-,-,-,-,-,-,-,-,-,voice vote,2017-08-03,-,-,-,-,-,-,-,-,-,-,-,-,-,-,-,-,-,-,-,-,-,-,-,Bob Dole Congressional Gold Medal Act
115,S. 1617,bill,signed,2017-11-02,Donald J. Trump (first term),R,115-81,voice vote,2017-10-10,-,-,-,-,-,-,-,-,-,-,-,-,-,unanimous consent,2017-08-03,-,-,-,-,-,-,-,-,-,-,-,-,-,-,-,-,-,-,-,-,-,-,-,"Javier Vega, Jr. Memorial Act of 2017"
115,S. 1668,bill,signed,2018-10-09,Donald J. Trump (first term),R,115-260,unanimous consent,2018-09-26,-,-,-,-,-,-,-,-,-,-,-,-,-,unanimous consent,2018-08-01,-,-,-,-,-,-,-,-,-,-,-,-,-,-,-,-,-,-,-,-,-,-,-,"A bill to rename a waterway in the State of New York as the ""Joseph Sanford Jr. Channel""."
115,S. 1766,bill,signed,2018-01-08,Donald J. Trump (first term),R,115-107,voice vote,2017-12-21,-,-,-,-,-,-,-,-,-,-,-,-,-,unanimous consent,2017-10-23,-,-,-,-,-,-,-,-,-,-,-,-,-,-,-,-,-,-,-,-,-,-,-,SAFER Act of 2017
115,S. 1768,bill,signed,2018-12-11,Donald J. Trump (first term),R,115-307,voice vote,2018-11-27,-,-,-,-,-,-,-,-,-,-,-,-,-,unanimous consent,2018-09-27,-,-,-,-,-,-,-,-,-,-,-,-,-,-,-,-,-,-,-,-,-,-,-,National Earthquake Hazards Reduction Program Reauthorization Act of 2018
115,S. 1862,bill,signed,2019-01-09,Donald J. Trump (first term),R,115-427,roll 491,2018-12-21,On Motion to Suspend the Rules and Pass,197,0,0,38,173,0,0,24,0,0,0,0,voice vote,2018-12-17,-,-,-,-,-,-,-,-,-,-,-,-,-,-,-,-,-,-,-,-,-,-,-,Trafficking Victims Protection Reauthorization Act of 2017
115,S. 1866,bill,signed,2017-09-29,Donald J. Trump (first term),R,115-64,voice vote,2017-09-28,-,-,-,-,-,-,-,-,-,-,-,-,-,unanimous consent,2017-09-26,-,-,-,-,-,-,-,-,-,-,-,-,-,-,-,-,-,-,-,-,-,-,-,"Hurricanes Harvey, Irma, and Maria Education Relief Act of 2017"
115,S. 1869,bill,signed,2018-06-25,Donald J. Trump (first term),R,115-192,unanimous consent,2018-06-07,-,-,-,-,-,-,-,-,-,-,-,-,-,unanimous consent,2018-03-15,-,-,-,-,-,-,-,-,-,-,-,-,-,-,-,-,-,-,-,-,-,-,-,Whistleblower Protection Coordination Act
115,S. 2030,bill,signed,2018-04-03,Donald J. Trump (first term),R,115-161,voice vote,2018-03-19,-,-,-,-,-,-,-,-,-,-,-,-,-,unanimous consent,2017-12-21,-,-,-,-,-,-,-,-,-,-,-,-,-,-,-,-,-,-,-,-,-,-,-,Ceiling Fan Energy Conservation Harmonization Act
115,S. 2040,bill,signed,2018-04-03,Donald J. Trump (first term),R,115-162,unanimous consent,2018-03-20,-,-,-,-,-,-,-,-,-,-,-,-,-,voice vote,2018-03-07,-,-,-,-,-,-,-,-,-,-,-,-,-,-,-,-,-,-,-,-,-,-,-,"A bill to designate the facility of the United States Postal Service located at 621 Kansas Avenue in Atchison, Kansas, as the ""Amelia Earhart Post Office Building""."
115,S. 2074,bill,signed,2018-12-11,Donald J. Trump (first term),R,115-308,voice vote,2018-11-13,-,-,-,-,-,-,-,-,-,-,-,-,-,unanimous consent,2018-11-27,-,-,-,-,-,-,-,-,-,-,-,-,-,-,-,-,-,-,-,-,-,-,-,"A bill to establish a procedure for the conveyance of certain Federal property around the Jamestown Reservoir in the State of North Dakota, and for other purposes."
115,S. 2076,bill,signed,2018-12-31,Donald J. Trump (first term),R,115-406,roll 438,2018-12-19,On Motion to Suspend the Rules and Pass,195,3,0,37,166,0,0,31,0,0,0,0,voice vote,2018-12-12,-,-,-,-,-,-,-,-,-,-,-,-,-,-,-,-,-,-,-,-,-,-,-,BOLD Infrastructure for Alzheimer's Act
115,S. 2101,bill,signed,2018-12-20,Donald J. Trump (first term),R,115-338,unanimous consent,2018-12-12,-,-,-,-,-,-,-,-,-,-,-,-,-,unanimous consent,2018-08-01,-,-,-,-,-,-,-,-,-,-,-,-,-,-,-,-,-,-,-,-,-,-,-,USS Indianapolis Congressional Gold Medal Act
115,S. 2152,bill,signed,2018-12-07,Donald J. Trump (first term),R,115-299,unanimous consent,2018-09-28,-,-,-,-,-,-,-,-,-,-,-,-,-,unanimous consent,2018-11-15,-,-,-,-,-,-,-,-,-,-,-,-,-,-,-,-,-,-,-,-,-,-,-,"Amy, Vicky, and Andy Child Pornography Victim Assistance Act of 2018"
115,S. 2155,bill,signed,2018-05-24,Donald J. Trump (first term),R,115-174,roll 216,2018-05-22,On Passage,225,1,0,8,33,158,0,2,0,0,0,0,roll 54,2018-03-14,On Passage of the Bill,50,0,0,1,16,30,0,1,1,1,0,0,D:2,-,-,-,-,-,-,-,-,-,"Economic Growth, Regulatory Relief, and Consumer Protection Act"
115,S. 2200,bill,signed,2019-01-07,Donald J. Trump (first term),R,115-423,roll 461,2018-12-20,On Motion to Suspend the Rules and Pass,204,9,0,22,175,0,0,22,0,0,0,0,unanimous consent,2018-12-18,-,-,-,-,-,-,-,-,-,-,-,-,-,-,-,-,-,-,-,-,-,-,-,National Integrated Drought Information System Reauthorization Act of 2018
115,S. 2245,bill,signed,2018-08-01,Donald J. Trump (first term),R,115-226,voice vote,2018-07-23,-,-,-,-,-,-,-,-,-,-,-,-,-,unanimous consent,2018-06-28,-,-,-,-,-,-,-,-,-,-,-,-,-,-,-,-,-,-,-,-,-,-,-,KIWI Act
115,S. 2246,bill,signed,2018-06-25,Donald J. Trump (first term),R,115-193,unanimous consent,2018-06-07,-,-,-,-,-,-,-,-,-,-,-,-,-,unanimous consent,2018-02-14,-,-,-,-,-,-,-,-,-,-,-,-,-,-,-,-,-,-,-,-,-,-,-,"A bill to designate the health care center of the Department of Veterans Affairs in Tallahassee, Florida, as the Sergeant Ernest I. ""Boots"" Thomas VA Clinic, and for other purposes."
115,S. 2248,bill,signed,2018-12-31,Donald J. Trump (first term),R,115-407,voice vote,2018-12-10,-,-,-,-,-,-,-,-,-,-,-,-,-,unanimous consent,2018-12-19,-,-,-,-,-,-,-,-,-,-,-,-,-,-,-,-,-,-,-,-,-,-,-,Veterans Benefits and Transition Act of 2018
115,S. 2269,bill,signed,2018-10-11,Donald J. Trump (first term),R,115-266,unanimous consent,2018-09-28,-,-,-,-,-,-,-,-,-,-,-,-,-,voice vote,2018-06-19,-,-,-,-,-,-,-,-,-,-,-,-,-,-,-,-,-,-,-,-,-,-,-,Global Food Security Reauthorization Act of 2017
115,S. 2273,bill,signed,2018-01-03,Donald J. Trump (first term),R,115-100,unanimous consent,2017-12-22,-,-,-,-,-,-,-,-,-,-,-,-,-,unanimous consent,2017-12-21,-,-,-,-,-,-,-,-,-,-,-,-,-,-,-,-,-,-,-,-,-,-,-,A bill to extend the period during which vessels that are shorter than 79 feet in length and fishing vessels are not required to have a permit for discharges incidental to the normal operation of the vessel.
115,S. 2276,bill,signed,2019-01-03,Donald J. Trump (first term),R,115-414,roll 480,2018-12-21,On Motion to Suspend the Rules and Pass,208,2,0,25,174,0,0,23,0,0,0,0,unanimous consent,2018-12-06,-,-,-,-,-,-,-,-,-,-,-,-,-,-,-,-,-,-,-,-,-,-,-,GAO-IG Act
115,S. 2278,bill,signed,2018-12-31,Donald J. Trump (first term),R,115-408,roll 439,2018-12-19,On Motion to Suspend the Rules and Pass,191,4,0,40,166,0,0,31,0,0,0,0,unanimous consent,2018-07-24,-,-,-,-,-,-,-,-,-,-,-,-,-,-,-,-,-,-,-,-,-,-,-,State Offices of Rural Health Reauthorization Act of 2018
115,S. 2372,bill,signed,2018-06-06,Donald J. Trump (first term),R,115-182,roll 189,2018-05-16,On Passage,231,0,0,3,116,70,0,7,0,0,0,0,roll 106,2018-05-23,On the Motion,47,2,0,2,44,2,0,1,1,1,0,0,D:2,-,-,-,-,-,-,-,-,-,VA MISSION Act of 2018
115,S. 2377,bill,signed,2018-12-13,Donald J. Trump (first term),R,115-312,unanimous consent,2018-11-30,-,-,-,-,-,-,-,-,-,-,-,-,-,unanimous consent,2018-06-07,-,-,-,-,-,-,-,-,-,-,-,-,-,-,-,-,-,-,-,-,-,-,-,"A bill to designate the Federal building and United States courthouse located at 200 West 2nd Street in Dayton, Ohio, as the ""Walter H. Rice Federal Building and United States Courthouse""."
115,S. 2465,bill,signed,2018-12-18,Donald J. Trump (first term),R,115-327,voice vote,2018-12-11,-,-,-,-,-,-,-,-,-,-,-,-,-,voice vote,2018-10-11,-,-,-,-,-,-,-,-,-,-,-,-,-,-,-,-,-,-,-,-,-,-,-,"Sickle Cell Disease and Other Heritable Blood Disorders Research, Surveillance, Prevention, and Treatment Act of 2018"
115,S. 2511,bill,signed,2018-12-21,Donald J. Trump (first term),R,115-394,voice vote,2018-12-10,-,-,-,-,-,-,-,-,-,-,-,-,-,unanimous consent,2018-12-17,-,-,-,-,-,-,-,-,-,-,-,-,-,-,-,-,-,-,-,-,-,-,-,CENOTE Act of 2018
115,S. 2553,bill,signed,2018-10-10,Donald J. Trump (first term),R,115-262,voice vote,2018-09-25,-,-,-,-,-,-,-,-,-,-,-,-,-,unanimous consent,2018-09-04,-,-,-,-,-,-,-,-,-,-,-,-,-,-,-,-,-,-,-,-,-,-,-,Know the Lowest Price Act of 2018
115,S. 2554,bill,signed,2018-10-10,Donald J. Trump (first term),R,115-263,voice vote,2018-09-25,-,-,-,-,-,-,-,-,-,-,-,-,-,roll 209,2018-09-17,On Passage of the Bill,49,2,0,0,47,0,0,0,2,0,0,0,D:2,-,-,-,-,-,-,-,-,-,Patient Right to Know Drug Prices Act
115,S. 2559,bill,signed,2018-10-09,Donald J. Trump (first term),R,115-261,unanimous consent,2018-09-25,-,-,-,-,-,-,-,-,-,-,-,-,-,unanimous consent,2018-06-28,-,-,-,-,-,-,-,-,-,-,-,-,-,-,-,-,-,-,-,-,-,-,-,Marrakesh Treaty Implementation Act
115,S. 2652,bill,signed,2019-01-03,Donald J. Trump (first term),R,115-415,roll 457,2018-12-20,On Motion to Suspend the Rules and Pass,212,2,0,21,178,0,0,19,0,0,0,0,unanimous consent,2018-06-14,-,-,-,-,-,-,-,-,-,-,-,-,-,-,-,-,-,-,-,-,-,-,-,Stephen Michael Gleason Congressional Gold Medal Act
115,S. 2679,bill,signed,2019-01-03,Donald J. Trump (first term),R,115-416,roll 454,2018-12-20,On Motion to Suspend the Rules and Pass,213,1,0,21,176,0,0,21,0,0,0,0,voice vote,2018-12-06,-,-,-,-,-,-,-,-,-,-,-,-,-,-,-,-,-,-,-,-,-,-,-,Veterans Small Business Enhancement Act of 2018
115,S. 2692,bill,signed,2018-07-30,Donald J. Trump (first term),R,115-223,voice vote,2018-07-16,-,-,-,-,-,-,-,-,-,-,-,-,-,unanimous consent,2018-06-28,-,-,-,-,-,-,-,-,-,-,-,-,-,-,-,-,-,-,-,-,-,-,-,"A bill to designate the facility of the United States Postal Service located at 4558 Broadway in New York, New York, as the ""Stanley Michels Post Office Building""."
115,S. 2734,bill,signed,2018-07-27,Donald J. Trump (first term),R,115-221,voice vote,2018-07-16,-,-,-,-,-,-,-,-,-,-,-,-,-,unanimous consent,2018-06-07,-,-,-,-,-,-,-,-,-,-,-,-,-,-,-,-,-,-,-,-,-,-,-,"A bill to designate the Federal building and United States courthouse located at 1300 Victoria Street in Laredo, Texas, as the ""George P. Kazen Federal Building and United States Courthouse""."
115,S. 2736,bill,signed,2018-12-31,Donald J. Trump (first term),R,115-409,voice vote,2018-12-12,-,-,-,-,-,-,-,-,-,-,-,-,-,unanimous consent,2018-12-19,-,-,-,-,-,-,-,-,-,-,-,-,-,-,-,-,-,-,-,-,-,-,-,Asia Reassurance Initiative Act of 2018
115,S. 2765,bill,signed,2019-01-03,Donald J. Trump (first term),R,115-417,roll 458,2018-12-20,On Motion to Suspend the Rules and Pass,213,0,0,22,176,0,0,21,0,0,0,0,unanimous consent,2018-10-11,-,-,-,-,-,-,-,-,-,-,-,-,-,-,-,-,-,-,-,-,-,-,-,RBIC Advisers Relief Act of 2018
115,S. 2779,bill,signed,2018-08-08,Donald J. Trump (first term),R,115-231,unanimous consent,2018-07-25,-,-,-,-,-,-,-,-,-,-,-,-,-,voice vote,2018-07-25,-,-,-,-,-,-,-,-,-,-,-,-,-,-,-,-,-,-,-,-,-,-,-,Zimbabwe Democracy and Economic Recovery Amendment Act of 2018
115,S. 2850,bill,signed,2018-08-01,Donald J. Trump (first term),R,115-227,voice vote,2018-07-23,-,-,-,-,-,-,-,-,-,-,-,-,-,unanimous consent,2018-07-18,-,-,-,-,-,-,-,-,-,-,-,-,-,-,-,-,-,-,-,-,-,-,-,A bill to amend the White Mountain Apache Tribe Water Rights Quantification Act of 2010 to clarify the use of amounts in the WMAT Settlement Fund.
115,S. 2896,bill,signed,2019-01-03,Donald J. Trump (first term),R,115-418,roll 452,2018-12-20,On Motion to Suspend the Rules and Pass,216,0,0,19,175,0,0,22,0,0,0,0,unanimous consent,2018-08-23,-,-,-,-,-,-,-,-,-,-,-,-,-,-,-,-,-,-,-,-,-,-,-,Justice Against Corruption on K Street Act of 2018
115,S. 2946,bill,signed,2018-10-03,Donald J. Trump (first term),R,115-253,unanimous consent,2018-09-13,-,-,-,-,-,-,-,-,-,-,-,-,-,voice vote,2018-08-22,-,-,-,-,-,-,-,-,-,-,-,-,-,-,-,-,-,-,-,-,-,-,-,Anti-Terrorism Clarification Act of 2018
115,S. 2961,bill,signed,2019-01-07,Donald J. Trump (first term),R,115-424,roll 453,2018-12-20,On Motion to Suspend the Rules and Pass,213,2,0,20,175,0,0,22,0,0,0,0,unanimous consent,2018-12-11,-,-,-,-,-,-,-,-,-,-,-,-,-,-,-,-,-,-,-,-,-,-,-,Victims of Child Abuse Act Reauthorization Act of 2018
115,S. 3021,bill,signed,2018-10-23,Donald J. Trump (first term),R,115-270,voice vote,2018-09-13,-,-,-,-,-,-,-,-,-,-,-,-,-,roll 225,2018-10-10,On the Motion,50,1,0,0,47,0,0,0,2,0,0,0,D:2,-,-,-,-,-,-,-,-,-,America's Water Infrastructure Act of 2018
115,S. 3029,bill,signed,2018-12-18,Donald J. Trump (first term),R,115-328,roll 429,2018-12-11,On Motion to Suspend the Rules and Pass,218,3,0,14,188,0,0,9,0,0,0,0,unanimous consent,2018-09-12,-,-,-,-,-,-,-,-,-,-,-,-,-,-,-,-,-,-,-,-,-,-,-,PREEMIE Reauthorization Act of 2018
115,S. 3031,bill,signed,2019-01-03,Donald J. Trump (first term),R,115-419,roll 481,2018-12-21,On Motion to Suspend the Rules and Pass,208,1,0,26,175,0,0,22,0,0,0,0,unanimous consent,2018-12-12,-,-,-,-,-,-,-,-,-,-,-,-,-,-,-,-,-,-,-,-,-,-,-,Federal Personal Property Management Act of 2018
115,S. 3119,bill,signed,2018-12-18,Donald J. Trump (first term),R,115-329,unanimous consent,2018-12-11,-,-,-,-,-,-,-,-,-,-,-,-,-,unanimous consent,2018-12-06,-,-,-,-,-,-,-,-,-,-,-,-,-,-,-,-,-,-,-,-,-,-,-,Endangered Salmon Predation Prevention Act
115,S. 3170,bill,signed,2018-12-21,Donald J. Trump (first term),R,115-395,unanimous consent,2018-12-12,-,-,-,-,-,-,-,-,-,-,-,-,-,unanimous consent,2018-09-27,-,-,-,-,-,-,-,-,-,-,-,-,-,-,-,-,-,-,-,-,-,-,-,CyberTipline Modernization Act of 2018
115,S. 3191,bill,signed,2019-01-08,Donald J. Trump (first term),R,115-426,roll 482,2018-12-21,On Motion to Suspend the Rules and Pass,203,6,0,26,173,0,0,24,0,0,0,0,voice vote,2018-12-17,-,-,-,-,-,-,-,-,-,-,-,-,-,-,-,-,-,-,-,-,-,-,-,Civil Rights Cold Case Records Collection Act of 2018
115,S. 3209,bill,signed,2018-12-14,Donald J. Trump (first term),R,115-318,unanimous consent,2018-12-11,-,-,-,-,-,-,-,-,-,-,-,-,-,unanimous consent,2018-11-15,-,-,-,-,-,-,-,-,-,-,-,-,-,-,-,-,-,-,-,-,-,-,-,"A bill to designate the facility of the United States Postal Service located at 413 Washington Avenue in Belleville, New Jersey, as the ""Private Henry Svehla Post Office Building""."
115,S. 3237,bill,signed,2018-12-14,Donald J. Trump (first term),R,115-319,unanimous consent,2018-12-11,-,-,-,-,-,-,-,-,-,-,-,-,-,unanimous consent,2018-11-15,-,-,-,-,-,-,-,-,-,-,-,-,-,-,-,-,-,-,-,-,-,-,-,"A bill to designate the facility of the United States Postal Service located at 120 12th Street Lobby in Columbus, Georgia, as the ""Richard W. Williams, Jr., Chapter of the Triple Nickles (555th P.I.A.) Post Office""."
115,S. 3247,bill,signed,2019-01-09,Donald J. Trump (first term),R,115-428,roll 492,2018-12-21,On Motion to Suspend the Rules and Pass,178,18,0,39,174,0,0,23,0,0,0,0,voice vote,2018-12-19,-,-,-,-,-,-,-,-,-,-,-,-,-,-,-,-,-,-,-,-,-,-,-,Women's Entrepreneurship and Economic Empowerment Act of 2018
115,S. 3354,bill,signed,2018-10-11,Donald J. Trump (first term),R,115-267,unanimous consent,2018-09-28,-,-,-,-,-,-,-,-,-,-,-,-,-,unanimous consent,2018-09-27,-,-,-,-,-,-,-,-,-,-,-,-,-,-,-,-,-,-,-,-,-,-,-,Missing Children's Assistance Act of 2018
115,S. 3367,bill,signed,2019-01-03,Donald J. Trump (first term),R,115-420,roll 478,2018-12-21,On Motion to Suspend the Rules and Pass,207,1,0,27,174,1,0,22,0,0,0,0,unanimous consent,2018-12-18,-,-,-,-,-,-,-,-,-,-,-,-,-,-,-,-,-,-,-,-,-,-,-,Department of Transportation Reports Harmonization Act
115,S. 3389,bill,signed,2018-12-11,Donald J. Trump (first term),R,115-309,unanimous consent,2018-11-27,-,-,-,-,-,-,-,-,-,-,-,-,-,unanimous consent,2018-09-25,-,-,-,-,-,-,-,-,-,-,-,-,-,-,-,-,-,-,-,-,-,-,-,A bill to redesignate a facility of the National Aeronautics and Space Administration.
115,S. 3414,bill,signed,2018-12-13,Donald J. Trump (first term),R,115-313,unanimous consent,2018-11-29,-,-,-,-,-,-,-,-,-,-,-,-,-,unanimous consent,2018-11-15,-,-,-,-,-,-,-,-,-,-,-,-,-,-,-,-,-,-,-,-,-,-,-,"A bill to designate the facility of the United States Postal Service located at 20 Ferry Road in Saunderstown, Rhode Island, as the ""Captain Matthew J. August Post Office""."
115,S. 3442,bill,signed,2018-12-13,Donald J. Trump (first term),R,115-314,unanimous consent,2018-11-29,-,-,-,-,-,-,-,-,-,-,-,-,-,unanimous consent,2018-11-15,-,-,-,-,-,-,-,-,-,-,-,-,-,-,-,-,-,-,-,-,-,-,-,"A bill to designate the facility of the United States Postal Service located at 105 Duff Street in Macon, Missouri, as the ""Arla W. Harrell Post Office""."
115,S. 3444,bill,signed,2019-01-03,Donald J. Trump (first term),R,115-421,roll 465,2018-12-20,On Motion to Suspend the Rules and Pass,211,0,0,24,177,0,0,20,0,0,0,0,unanimous consent,2018-12-18,-,-,-,-,-,-,-,-,-,-,-,-,-,-,-,-,-,-,-,-,-,-,-,"A bill to designate the community-based outpatient clinic of the Department of Veterans Affairs in Lake Charles, Louisiana, as the ""Douglas Fournet Department of Veterans Affairs Clinic""."
115,S. 3456,bill,signed,2019-01-10,Donald J. Trump (first term),R,115-432,roll 496,2018-12-21,On Motion to Suspend the Rules and Pass,192,5,2,36,173,0,0,24,0,0,0,0,unanimous consent,2018-12-19,-,-,-,-,-,-,-,-,-,-,-,-,-,-,-,-,-,-,-,-,-,-,-,"A bill to redesignate Hobe Sound National Wildlife Refuge as the Nathaniel P. Reed Hobe Sound National Wildlife Refuge, and for other purposes."
115,S. 3479,bill,signed,2018-09-29,Donald J. Trump (first term),R,115-251,voice vote,2018-09-25,-,-,-,-,-,-,-,-,-,-,-,-,-,voice vote,2018-09-18,-,-,-,-,-,-,-,-,-,-,-,-,-,-,-,-,-,-,-,-,-,-,-,Department of Veterans Affairs Expiring Authorities Act of 2018
115,S. 3508,bill,signed,2018-10-11,Donald J. Trump (first term),R,115-265,unanimous consent,2018-09-27,-,-,-,-,-,-,-,-,-,-,-,-,-,unanimous consent,2018-09-26,-,-,-,-,-,-,-,-,-,-,-,-,-,-,-,-,-,-,-,-,-,-,-,Save Our Seas Act of 2018
115,S. 3509,bill,signed,2018-10-11,Donald J. Trump (first term),R,115-268,unanimous consent,2018-09-28,-,-,-,-,-,-,-,-,-,-,-,-,-,unanimous consent,2018-09-26,-,-,-,-,-,-,-,-,-,-,-,-,-,-,-,-,-,-,-,-,-,-,-,Congressional Award Program Reauthorization Act of 2018
115,S. 3530,bill,signed,2018-12-31,Donald J. Trump (first term),R,115-410,roll 445,2018-12-19,On Motion to Suspend the Rules and Pass,170,28,0,37,161,0,0,36,0,0,0,0,unanimous consent,2018-12-04,-,-,-,-,-,-,-,-,-,-,-,-,-,-,-,-,-,-,-,-,-,-,-,Museum and Library Services Act of 2018
115,S. 3554,bill,signed,2018-11-29,Donald J. Trump (first term),R,115-280,unanimous consent,2018-11-16,-,-,-,-,-,-,-,-,-,-,-,-,-,unanimous consent,2018-11-15,-,-,-,-,-,-,-,-,-,-,-,-,-,-,-,-,-,-,-,-,-,-,-,A bill to extend the effective date for the sunset for collateral requirements for Small Business Administration disaster loans.
115,S. 3628,bill,signed,2018-12-21,Donald J. Trump (first term),R,115-396,roll 500,2018-12-21,On Motion to Suspend the Rules and Pass,152,47,0,36,163,1,0,33,0,0,0,0,voice vote,2018-11-29,-,-,-,-,-,-,-,-,-,-,-,-,-,-,-,-,-,-,-,-,-,-,-,National Flood Insurance Program Extension Act
115,S. 3661,bill,signed,2019-01-10,Donald J. Trump (first term),R,115-433,roll 486,2018-12-21,"On Motion to Suspend the Rules and Pass, as Amended",201,0,0,34,169,0,0,28,0,0,0,0,unanimous consent,2018-12-22,-,-,-,-,-,-,-,-,-,-,-,-,-,-,-,-,-,-,-,-,-,-,-,75th Anniversary of World War II Commemoration Act
115,S. 3749,bill,signed,2018-12-21,Donald J. Trump (first term),R,115-397,unanimous consent,2018-12-13,-,-,-,-,-,-,-,-,-,-,-,-,-,unanimous consent,2018-12-13,-,-,-,-,-,-,-,-,-,-,-,-,-,-,-,-,-,-,-,-,-,-,-,Congressional Accountability Act of 1995 Reform Act
115,S. 3777,bill,signed,2019-01-03,Donald J. Trump (first term),R,115-422,roll 466,2018-12-20,On Motion to Suspend the Rules and Pass,212,0,0,23,177,0,0,20,0,0,0,0,unanimous consent,2018-12-18,-,-,-,-,-,-,-,-,-,-,-,-,-,-,-,-,-,-,-,-,-,-,-,Forever GI Bill Housing Payment Fulfillment Act of 2018
115,S.J.Res. 1,joint resolution,signed,2017-03-31,Donald J. Trump (first term),R,115-18,unanimous consent,2017-03-15,-,-,-,-,-,-,-,-,-,-,-,-,-,unanimous consent,2017-03-08,-,-,-,-,-,-,-,-,-,-,-,-,-,-,-,-,-,-,-,-,-,-,-,A joint resolution approving the location of a memorial to commemorate and honor the members of the Armed Forces who served on active duty in support of Operation Desert Storm or Operation Desert Shield.
115,S.J.Res. 30,joint resolution,signed,2017-04-19,Donald J. Trump (first term),R,115-27,unanimous consent,2017-04-06,-,-,-,-,-,-,-,-,-,-,-,-,-,unanimous consent,2017-03-27,-,-,-,-,-,-,-,-,-,-,-,-,-,-,-,-,-,-,-,-,-,-,-,A joint resolution providing for the reappointment of Steve Case as a citizen regent of the Board of Regents of the Smithsonian Institution.
115,S.J.Res. 34,CRA disapproval,signed,2017-04-03,Donald J. Trump (first term),R,115-22,roll 202,2017-03-28,On Passage,215,15,0,6,0,190,0,3,0,0,0,0,roll 94,2017-03-23,On the Joint Resolution,50,0,0,2,0,46,0,0,0,2,0,0,D:2,-,-,-,-,-,-,-,-,-,"A joint resolution providing for congressional disapproval under chapter 8 of title 5, United States Code, of the rule submitted by the Federal Communications Commission relating to ""Protecting the Privacy of Customers of Broadband and Other Telecommunications Services""."
115,S.J.Res. 35,joint resolution,signed,2017-04-19,Donald J. Trump (first term),R,115-28,unanimous consent,2017-04-06,-,-,-,-,-,-,-,-,-,-,-,-,-,unanimous consent,2017-03-27,-,-,-,-,-,-,-,-,-,-,-,-,-,-,-,-,-,-,-,-,-,-,-,A joint resolution providing for the appointment of Michael Govan as a citizen regent of the Board of Regents of the Smithsonian Institution.
115,S.J.Res. 36,joint resolution,signed,2017-04-19,Donald J. Trump (first term),R,115-29,unanimous consent,2017-04-06,-,-,-,-,-,-,-,-,-,-,-,-,-,unanimous consent,2017-03-27,-,-,-,-,-,-,-,-,-,-,-,-,-,-,-,-,-,-,-,-,-,-,-,A joint resolution providing for the appointment of Roger W. Ferguson as a citizen regent of the Board of Regents of the Smithsonian Institution.
115,S.J.Res. 49,joint resolution,signed,2017-09-14,Donald J. Trump (first term),R,115-58,unanimous consent,2017-09-12,-,-,-,-,-,-,-,-,-,-,-,-,-,unanimous consent,2017-09-11,-,-,-,-,-,-,-,-,-,-,-,-,-,-,-,-,-,-,-,-,-,-,-,"A joint resolution condemning the violence and domestic terrorist attack that took place during events between August 11 and August 12, 2017, in Charlottesville, Virginia, recognizing the first responders who lost their lives while monitoring the events, offering deepest condolences to the families and friends of those individuals who were killed and deepest sympathies and support to those individuals who were injured by the violence, expressing support for the Charlottesville community, rejecting White nationalists, White supremacists, the Ku Klux Klan, neo-Nazis, and other hate groups, and urging the President and the President's Cabinet to use all available resources to address the threats posed by those groups."
115,S.J.Res. 57,CRA disapproval,signed,2018-05-21,Donald J. Trump (first term),R,115-172,roll 171,2018-05-08,On Passage,223,1,1,10,11,174,0,8,0,0,0,0,roll 76,2018-04-18,On the Joint Resolution,50,0,0,1,1,45,0,1,0,2,0,0,D:2,-,-,-,-,-,-,-,-,-,"A joint resolution providing for congressional disapproval under chapter 8 of title 5, United States Code, of the rule submitted by Bureau of Consumer Financial Protection relating to ""Indirect Auto Lending and Compliance with the Equal Credit Opportunity Act""."
115,S.J.Res. 60,joint resolution,signed,2018-07-20,Donald J. Trump (first term),R,115-199,unanimous consent,2018-06-28,-,-,-,-,-,-,-,-,-,-,-,-,-,unanimous consent,2018-05-17,-,-,-,-,-,-,-,-,-,-,-,-,-,-,-,-,-,-,-,-,-,-,-,A joint resolution providing for the reappointment of Barbara M. Barrett as a citizen regent of the Board of Regents of the Smithsonian Institution.
116,H.J.Res. 28,joint resolution,signed,2019-01-25,Donald J. Trump (first term),R,116-5,unanimous consent,2019-01-25,-,-,-,-,-,-,-,-,-,-,-,-,-,voice vote,2019-01-25,-,-,-,-,-,-,-,-,-,-,-,-,-,-,-,-,-,-,-,-,-,-,-,"Further Additional Continuing Appropriations Act, 2019"
116,H.J.Res. 31,joint resolution,signed,2019-02-15,Donald J. Trump (first term),R,116-6,roll 87,2019-02-14,On Agreeing to the Conference Report,87,109,0,1,213,19,0,3,0,0,0,0,roll 26,2019-02-14,On the Conference Report,41,11,0,1,40,5,0,0,2,0,0,0,D:2,-,-,-,-,-,-,-,-,-,"Consolidated Appropriations Act, 2019"
116,H.J.Res. 46,national emergency,vetoed,2019-03-15,Donald J. Trump (first term),R,-,roll 94,2019-02-26,On Passage,13,182,0,2,232,0,0,3,0,0,0,0,roll 49,2019-03-14,On the Joint Resolution,12,41,0,0,45,0,0,0,2,0,0,0,D:2,roll 127,248,181,sustained,-,-,-,-,-,"Relating to a national emergency declared by the President on February 15, 2019."
116,H.J.Res. 60,joint resolution,signed,2019-07-05,Donald J. Trump (first term),R,116-28,unanimous consent,2019-06-10,-,-,-,-,-,-,-,-,-,-,-,-,-,unanimous consent,2019-06-18,-,-,-,-,-,-,-,-,-,-,-,-,-,-,-,-,-,-,-,-,-,-,-,"Requesting the Secretary of the Interior to authorize unique and one-time arrangements for displays on the National Mall and the Washington Monument during the period beginning on July 16, 2019 and ending on July 20, 2019."
116,H.J.Res. 76,CRA disapproval,vetoed,2020-05-29,Donald J. Trump (first term),R,-,roll 22,2020-01-16,On Passage,6,179,0,12,225,0,0,6,0,1,0,0,roll 70,2020-03-11,On the Joint Resolution,10,42,0,1,42,0,0,3,1,0,0,1,D:2,roll 120,238,173,sustained,-,-,-,-,-,"Providing for congressional disapproval under chapter 8 of title 5, United States Code, of the rule submitted by the Department of Education relating to Borrower Defense Institutional Accountability."
116,H.J.Res. 80,joint resolution,signed,2020-03-03,Donald J. Trump (first term),R,116-120,voice vote,2020-01-13,-,-,-,-,-,-,-,-,-,-,-,-,-,unanimous consent,2020-02-11,-,-,-,-,-,-,-,-,-,-,-,-,-,-,-,-,-,-,-,-,-,-,-,"Approving the request of the Secretary of Veterans Affairs for a waiver under section 1703E(f) of title 38, United States Code."
116,H.J.Res. 87,joint resolution,signed,2020-10-02,Donald J. Trump (first term),R,116-162,unanimous consent,2020-07-30,-,-,-,-,-,-,-,-,-,-,-,-,-,unanimous consent,2020-09-10,-,-,-,-,-,-,-,-,-,-,-,-,-,-,-,-,-,-,-,-,-,-,-,Providing for the reappointment of Michael M. Lynton as a citizen regent of the Board of Regents of the Smithsonian Institution.
116,H.J.Res. 88,joint resolution,signed,2020-10-02,Donald J. Trump (first term),R,116-163,unanimous consent,2020-08-22,-,-,-,-,-,-,-,-,-,-,-,-,-,unanimous consent,2020-09-10,-,-,-,-,-,-,-,-,-,-,-,-,-,-,-,-,-,-,-,-,-,-,-,Providing for the appointment of Franklin D. Raines as a citizen regent of the Board of Regents of the Smithsonian Institution.
116,H.J.Res. 107,joint resolution,signed,2020-12-18,Donald J. Trump (first term),R,116-225,roll 247,2020-12-18,On Motion to Suspend the Rules and Pass,94,59,0,42,226,0,0,6,0,1,0,1,voice vote,2020-12-18,-,-,-,-,-,-,-,-,-,-,-,-,-,-,-,-,-,-,-,-,-,-,-,"Further Additional Continuing Appropriations Act, 2021"
116,H.J.Res. 110,joint resolution,signed,2020-12-20,Donald J. Trump (first term),R,116-226,roll 248,2020-12-20,On Motion to Suspend the Rules and Pass,99,64,0,32,230,0,0,2,0,1,0,1,voice vote,2020-12-20,-,-,-,-,-,-,-,-,-,-,-,-,-,-,-,-,-,-,-,-,-,-,-,"Extension of Continuing Appropriations Act, 2021"
116,H.R. 133,bill,signed,2020-12-27,Donald J. Trump (first term),R,116-260,unanimous consent,2020-12-21,-,-,-,-,-,-,-,-,-,-,-,-,-,roll 289,2020-12-21,On the Motion,44,6,0,2,46,0,0,0,2,0,0,0,D:2,-,-,-,-,-,-,-,-,House,"Consolidated Appropriations Act, 2021"
116,H.R. 150,bill,signed,2019-12-30,Donald J. Trump (first term),R,116-103,voice vote,2019-12-16,-,-,-,-,-,-,-,-,-,-,-,-,-,unanimous consent,2019-10-21,-,-,-,-,-,-,-,-,-,-,-,-,-,-,-,-,-,-,-,-,-,-,-,Grant Reporting Efficiency and Agreements Transparency Act of 2019
116,H.R. 221,bill,signed,2021-01-13,Donald J. Trump (first term),R,116-326,unanimous consent,2020-12-31,-,-,-,-,-,-,-,-,-,-,-,-,-,unanimous consent,2020-12-16,-,-,-,-,-,-,-,-,-,-,-,-,-,-,-,-,-,-,-,-,-,-,-,Special Envoy to Monitor and Combat Anti-Semitism Act
116,H.R. 251,bill,signed,2019-01-18,Donald J. Trump (first term),R,116-2,voice vote,2019-01-17,-,-,-,-,-,-,-,-,-,-,-,-,-,unanimous consent,2019-01-16,-,-,-,-,-,-,-,-,-,-,-,-,-,-,-,-,-,-,-,-,-,-,-,Chemical Facility Anti-Terrorism Standards Program Extension Act
116,H.R. 259,bill,signed,2019-01-24,Donald J. Trump (first term),R,116-3,voice vote,2019-01-08,-,-,-,-,-,-,-,-,-,-,-,-,-,voice vote,2019-01-17,-,-,-,-,-,-,-,-,-,-,-,-,-,-,-,-,-,-,-,-,-,-,-,Medicaid Extenders Act of 2019
116,H.R. 263,bill,signed,2020-01-27,Donald J. Trump (first term),R,116-110,voice vote,2019-11-20,-,-,-,-,-,-,-,-,-,-,-,-,-,voice vote,2020-01-09,-,-,-,-,-,-,-,-,-,-,-,-,-,-,-,-,-,-,-,-,-,-,-,To rename the Oyster Bay National Wildlife Refuge as the Congressman Lester Wolff Oyster Bay National Wildlife Refuge.
116,H.R. 266,bill,signed,2020-04-24,Donald J. Trump (first term),R,116-139,roll 104,2020-04-23,On Motion to Suspend the Rules and Concur in the Senate Amendment,177,4,0,15,211,1,0,20,0,0,1,0,voice vote,2020-04-21,-,-,-,-,-,-,-,-,-,-,-,-,-,-,-,-,-,-,-,-,-,-,-,Paycheck Protection Program and Health Care Enhancement Act
116,H.R. 276,bill,signed,2019-04-12,Donald J. Trump (first term),R,116-13,roll 89,2019-02-25,On Motion to Suspend the Rules and Pass,170,19,0,8,217,0,0,17,0,0,0,0,unanimous consent,2019-03-28,-,-,-,-,-,-,-,-,-,-,-,-,-,-,-,-,-,-,-,-,-,-,-,Recognizing Achievement in Classified School Employees Act
116,H.R. 299,bill,signed,2019-06-25,Donald J. Trump (first term),R,116-23,roll 203,2019-05-14,"On Motion to Suspend the Rules and Pass, as Amended",185,0,0,12,225,0,0,9,0,0,0,0,voice vote,2019-06-12,-,-,-,-,-,-,-,-,-,-,-,-,-,-,-,-,-,-,-,-,-,-,-,Blue Water Navy Vietnam Veterans Act of 2019
116,H.R. 430,bill,signed,2019-01-24,Donald J. Trump (first term),R,116-4,voice vote,2019-01-14,-,-,-,-,-,-,-,-,-,-,-,-,-,voice vote,2019-01-22,-,-,-,-,-,-,-,-,-,-,-,-,-,-,-,-,-,-,-,-,-,-,-,TANF Extension Act of 2019
116,H.R. 434,bill,signed,2020-01-27,Donald J. Trump (first term),R,116-111,voice vote,2019-07-24,-,-,-,-,-,-,-,-,-,-,-,-,-,voice vote,2020-01-13,-,-,-,-,-,-,-,-,-,-,-,-,-,-,-,-,-,-,-,-,-,-,-,Emancipation National Historic Trail Study Act
116,H.R. 439,bill,signed,2019-02-21,Donald J. Trump (first term),R,116-7,voice vote,2019-01-22,-,-,-,-,-,-,-,-,-,-,-,-,-,voice vote,2019-02-05,-,-,-,-,-,-,-,-,-,-,-,-,-,-,-,-,-,-,-,-,-,-,-,National FFA Organization's Federal Charter Amendments Act
116,H.R. 473,bill,signed,2020-12-17,Donald J. Trump (first term),R,116-217,voice vote,2020-02-26,-,-,-,-,-,-,-,-,-,-,-,-,-,unanimous consent,2020-12-03,-,-,-,-,-,-,-,-,-,-,-,-,-,-,-,-,-,-,-,-,-,-,-,"To authorize the Every Word We Utter Monument to establish a commemorative work in the District of Columbia and its environs, and for other purposes."
116,H.R. 504,bill,signed,2020-03-02,Donald J. Trump (first term),R,116-116,voice vote,2020-02-10,-,-,-,-,-,-,-,-,-,-,-,-,-,unanimous consent,2019-07-25,-,-,-,-,-,-,-,-,-,-,-,-,-,-,-,-,-,-,-,-,-,-,-,DHS Field Engagement Accountability Act
116,H.R. 540,bill,signed,2019-08-21,Donald J. Trump (first term),R,116-42,roll 142,2019-04-02,On Motion to Suspend the Rules and Pass,183,7,0,7,231,0,0,4,0,0,0,0,unanimous consent,2019-07-30,-,-,-,-,-,-,-,-,-,-,-,-,-,-,-,-,-,-,-,-,-,-,-,"To designate the facility of the United States Postal Service located at 770 Ayrault Road in Fairport, New York, as the Louise and Bob Slaughter Post Office."
116,H.R. 559,bill,signed,2019-06-25,Donald J. Trump (first term),R,116-24,voice vote,2019-06-03,-,-,-,-,-,-,-,-,-,-,-,-,-,voice vote,2019-06-20,-,-,-,-,-,-,-,-,-,-,-,-,-,-,-,-,-,-,-,-,-,-,-,Northern Mariana Islands Long-Term Legal Residents Relief Act
116,H.R. 561,bill,signed,2020-10-30,Donald J. Trump (first term),R,116-183,voice vote,2020-02-25,-,-,-,-,-,-,-,-,-,-,-,-,-,unanimous consent,2020-09-30,-,-,-,-,-,-,-,-,-,-,-,-,-,-,-,-,-,-,-,-,-,-,-,Protecting Business Opportunities for Veterans Act of 2019
116,H.R. 583,bill,signed,2020-01-24,Donald J. Trump (first term),R,116-109,voice vote,2019-02-25,-,-,-,-,-,-,-,-,-,-,-,-,-,unanimous consent,2020-01-08,-,-,-,-,-,-,-,-,-,-,-,-,-,-,-,-,-,-,-,-,-,-,-,PIRATE Act
116,H.R. 639,bill,signed,2019-08-22,Donald J. Trump (first term),R,116-48,voice vote,2019-04-08,-,-,-,-,-,-,-,-,-,-,-,-,-,unanimous consent,2019-07-31,-,-,-,-,-,-,-,-,-,-,-,-,-,-,-,-,-,-,-,-,-,-,-,To amend section 327 of the Robert T. Stafford Disaster Relief and Emergency Assistance Act to clarify that National Urban Search and Rescue Response System task forces may include Federal employees.
116,H.R. 724,bill,signed,2019-11-25,Donald J. Trump (first term),R,116-72,voice vote,2019-10-22,-,-,-,-,-,-,-,-,-,-,-,-,-,unanimous consent,2019-11-05,-,-,-,-,-,-,-,-,-,-,-,-,-,-,-,-,-,-,-,-,-,-,-,PACT Act
116,H.R. 748,bill,signed,2020-03-27,Donald J. Trump (first term),R,116-136,voice vote,2020-03-27,-,-,-,-,-,-,-,-,-,-,-,-,-,roll 80,2020-03-25,On Passage of the Bill,49,0,0,4,45,0,0,0,2,0,0,0,D:2,-,-,-,-,-,-,-,-,-,CARES Act
116,H.R. 776,bill,signed,2019-08-22,Donald J. Trump (first term),R,116-49,voice vote,2019-07-24,-,-,-,-,-,-,-,-,-,-,-,-,-,voice vote,2019-07-31,-,-,-,-,-,-,-,-,-,-,-,-,-,-,-,-,-,-,-,-,-,-,-,Emergency Medical Services for Children Program Reauthorization Act of 2019
116,H.R. 777,bill,signed,2019-12-30,Donald J. Trump (first term),R,116-104,roll 584,2019-10-23,"On Motion to Suspend the Rules and Pass, as Amended",178,0,0,19,224,0,0,9,0,1,0,0,unanimous consent,2019-12-17,-,-,-,-,-,-,-,-,-,-,-,-,-,-,-,-,-,-,-,-,-,-,-,Debbie Smith Reauthorization Act of 2019
116,H.R. 828,bill,signed,2019-08-21,Donald J. Trump (first term),R,116-43,voice vote,2019-04-30,-,-,-,-,-,-,-,-,-,-,-,-,-,unanimous consent,2019-07-30,-,-,-,-,-,-,-,-,-,-,-,-,-,-,-,-,-,-,-,-,-,-,-,"To designate the facility of the United States Postal Service located at 25 Route 111 in Smithtown, New York, as the ""Congressman Bill Carney Post Office""."
116,H.R. 829,bill,signed,2019-08-21,Donald J. Trump (first term),R,116-44,roll 151,2019-04-04,On Motion to Suspend the Rules and Pass,192,0,0,5,231,0,0,3,0,0,0,0,unanimous consent,2019-07-30,-,-,-,-,-,-,-,-,-,-,-,-,-,-,-,-,-,-,-,-,-,-,-,"To designate the facility of the United States Postal Service located at 1450 Montauk Highway in Mastic, New York, as the Army Specialist Thomas J. Wilwerth Post Office Building."
116,H.R. 831,bill,signed,2019-09-22,Donald J. Trump (first term),R,116-57,roll 66,2019-02-06,On Motion to Suspend the Rules and Pass,176,19,0,3,228,0,0,6,0,0,0,0,voice vote,2019-09-09,-,-,-,-,-,-,-,-,-,-,-,-,-,-,-,-,-,-,-,-,-,-,-,Reviving America's Scenic Byways Act of 2019
116,H.R. 835,bill,signed,2020-12-04,Donald J. Trump (first term),R,116-206,voice vote,2019-10-22,-,-,-,-,-,-,-,-,-,-,-,-,-,unanimous consent,2020-11-16,-,-,-,-,-,-,-,-,-,-,-,-,-,-,-,-,-,-,-,-,-,-,-,Rodchenkov Anti-Doping Act of 2019
116,H.R. 866,bill,signed,2019-07-25,Donald J. Trump (first term),R,116-30,voice vote,2019-02-06,-,-,-,-,-,-,-,-,-,-,-,-,-,voice vote,2019-06-26,-,-,-,-,-,-,-,-,-,-,-,-,-,-,-,-,-,-,-,-,-,-,-,Fairness For Breastfeeding Mothers Act of 2019
116,H.R. 886,bill,signed,2020-08-08,Donald J. Trump (first term),R,116-153,unanimous consent,2020-07-20,-,-,-,-,-,-,-,-,-,-,-,-,-,unanimous consent,2020-01-16,-,-,-,-,-,-,-,-,-,-,-,-,-,-,-,-,-,-,-,-,-,-,-,Veteran Treatment Court Coordination Act of 2019
116,H.R. 887,bill,signed,2019-12-12,Donald J. Trump (first term),R,116-79,voice vote,2019-10-16,-,-,-,-,-,-,-,-,-,-,-,-,-,unanimous consent,2019-11-21,-,-,-,-,-,-,-,-,-,-,-,-,-,-,-,-,-,-,-,-,-,-,-,"To designate the facility of the United States Postal Service located at 877 East 1200 South in Orem, Utah, as the Jerry C. Washburn Post Office Building."
116,H.R. 943,bill,signed,2020-05-29,Donald J. Trump (first term),R,116-141,roll 23,2020-01-27,"On Motion to Suspend the Rules and Pass, as Amended",175,4,0,18,218,0,0,14,0,1,0,0,voice vote,2020-05-13,-,-,-,-,-,-,-,-,-,-,-,-,-,-,-,-,-,-,-,-,-,-,-,Never Again Education Act
116,H.R. 991,bill,signed,2020-10-10,Donald J. Trump (first term),R,116-164,voice vote,2020-09-22,-,-,-,-,-,-,-,-,-,-,-,-,-,unanimous consent,2020-09-30,-,-,-,-,-,-,-,-,-,-,-,-,-,-,-,-,-,-,-,-,-,-,-,Extension of the Caribbean Basin Economic Recovery Act
116,H.R. 1058,bill,signed,2019-09-30,Donald J. Trump (first term),R,116-60,voice vote,2019-07-24,-,-,-,-,-,-,-,-,-,-,-,-,-,voice vote,2019-09-19,-,-,-,-,-,-,-,-,-,-,-,-,-,-,-,-,-,-,-,-,-,-,-,"Autism Collaboration, Accountability, Research, Education, and Support Act of 2019"
116,H.R. 1079,bill,signed,2019-08-22,Donald J. Trump (first term),R,116-50,roll 77,2019-02-11,"On Motion to Suspend the Rules and Pass, as Amended",172,0,0,25,207,0,0,27,0,0,0,0,unanimous consent,2019-07-31,-,-,-,-,-,-,-,-,-,-,-,-,-,-,-,-,-,-,-,-,-,-,-,Creating Advanced Streamlined Electronic Services for Constituents Act of 2019
116,H.R. 1123,bill,signed,2019-11-26,Donald J. Trump (first term),R,116-73,voice vote,2019-10-22,-,-,-,-,-,-,-,-,-,-,-,-,-,unanimous consent,2019-11-07,-,-,-,-,-,-,-,-,-,-,-,-,-,-,-,-,-,-,-,-,-,-,-,Divisional Realignment for the Eastern District of Arkansas Act of 2019
116,H.R. 1138,bill,signed,2019-12-20,Donald J. Trump (first term),R,116-95,voice vote,2019-03-05,-,-,-,-,-,-,-,-,-,-,-,-,-,unanimous consent,2019-12-02,-,-,-,-,-,-,-,-,-,-,-,-,-,-,-,-,-,-,-,-,-,-,-,"To reauthorize the West Valley demonstration project, and for other purposes."
116,H.R. 1158,bill,signed,2019-12-20,Donald J. Trump (first term),R,116-93,roll 690,2019-12-17,On Motion to Concur in the Senate Amendment with an Amendment,130,62,0,5,150,75,0,7,0,1,0,0,roll 428,2019-12-19,On the Motion,46,4,0,3,34,7,0,4,1,0,0,1,D:2,-,-,-,-,-,-,-,-,-,"Consolidated Appropriations Act, 2020"
116,H.R. 1198,bill,signed,2019-08-21,Donald J. Trump (first term),R,116-45,voice vote,2019-04-30,-,-,-,-,-,-,-,-,-,-,-,-,-,unanimous consent,2019-07-30,-,-,-,-,-,-,-,-,-,-,-,-,-,-,-,-,-,-,-,-,-,-,-,"To designate the facility of the United States Postal Service located at 404 South Boulder Highway in Henderson, Nevada, as the Henderson Veterans Memorial Post Office Building."
116,H.R. 1200,bill,signed,2019-09-26,Donald J. Trump (first term),R,116-58,voice vote,2019-05-21,-,-,-,-,-,-,-,-,-,-,-,-,-,unanimous consent,2019-09-12,-,-,-,-,-,-,-,-,-,-,-,-,-,-,-,-,-,-,-,-,-,-,-,Veterans' Compensation Cost-of-Living Adjustment Act of 2019
116,H.R. 1222,bill,signed,2019-05-10,Donald J. Trump (first term),R,116-17,voice vote,2019-04-29,-,-,-,-,-,-,-,-,-,-,-,-,-,unanimous consent,2019-04-30,-,-,-,-,-,-,-,-,-,-,-,-,-,-,-,-,-,-,-,-,-,-,-,Target Practice and Marksmanship Training Support Act
116,H.R. 1240,bill,signed,2021-01-05,Donald J. Trump (first term),R,116-289,voice vote,2020-12-10,-,-,-,-,-,-,-,-,-,-,-,-,-,unanimous consent,2020-12-20,-,-,-,-,-,-,-,-,-,-,-,-,-,-,-,-,-,-,-,-,-,-,-,Young Fishermen's Development Act
116,H.R. 1250,bill,signed,2019-08-23,Donald J. Trump (first term),R,116-55,voice vote,2019-07-17,-,-,-,-,-,-,-,-,-,-,-,-,-,unanimous consent,2019-07-30,-,-,-,-,-,-,-,-,-,-,-,-,-,-,-,-,-,-,-,-,-,-,-,"To designate the facility of the United States Postal Service located at 11158 Highway 146 North in Hardin, Texas, as the ""Lucas Lowe Memorial Post Office""."
116,H.R. 1252,bill,signed,2019-12-12,Donald J. Trump (first term),R,116-80,voice vote,2019-10-16,-,-,-,-,-,-,-,-,-,-,-,-,-,unanimous consent,2019-11-21,-,-,-,-,-,-,-,-,-,-,-,-,-,-,-,-,-,-,-,-,-,-,-,"To designate the facility of the United States Postal Service located at 6531 Van Nuys Boulevard in Van Nuys, California, as the Marilyn Monroe Post Office."
116,H.R. 1253,bill,signed,2019-12-12,Donald J. Trump (first term),R,116-81,voice vote,2019-10-16,-,-,-,-,-,-,-,-,-,-,-,-,-,unanimous consent,2019-11-21,-,-,-,-,-,-,-,-,-,-,-,-,-,-,-,-,-,-,-,-,-,-,-,"To designate the facility of the United States Postal Service located at 13507 Van Nuys Boulevard in Pacoima, California, as the Ritchie Valens Post Office Building."
116,H.R. 1327,bill,signed,2019-07-29,Donald J. Trump (first term),R,116-34,roll 474,2019-07-12,"On Motion to Suspend the Rules and Pass, as Amended",176,11,0,10,226,0,0,9,0,1,0,0,roll 224,2019-07-23,On Passage of the Bill,50,2,0,1,45,0,0,0,2,0,0,0,D:2,-,-,-,-,-,-,-,-,-,"Never Forget the Heroes: James Zadroga, Ray Pfeifer, and Luis Alvarez Permanent Authorization of the September 11th Victim Compensation Fund Act"
116,H.R. 1365,bill,signed,2020-03-26,Donald J. Trump (first term),R,116-132,voice vote,2020-03-09,-,-,-,-,-,-,-,-,-,-,-,-,-,voice vote,2020-02-12,-,-,-,-,-,-,-,-,-,-,-,-,-,-,-,-,-,-,-,-,-,-,-,To make technical corrections to the Guam World War II Loyalty Recognition Act.
116,H.R. 1396,bill,signed,2019-11-08,Donald J. Trump (first term),R,116-68,voice vote,2019-09-19,-,-,-,-,-,-,-,-,-,-,-,-,-,unanimous consent,2019-10-17,-,-,-,-,-,-,-,-,-,-,-,-,-,-,-,-,-,-,-,-,-,-,-,Hidden Figures Congressional Gold Medal Act
116,H.R. 1418,bill,signed,2021-01-13,Donald J. Trump (first term),R,116-327,voice vote,2020-09-21,-,-,-,-,-,-,-,-,-,-,-,-,-,unanimous consent,2020-12-22,-,-,-,-,-,-,-,-,-,-,-,-,-,-,-,-,-,-,-,-,-,-,-,Competitive Health Insurance Reform Act of 2020
116,H.R. 1424,bill,signed,2020-01-07,Donald J. Trump (first term),R,116-106,voice vote,2019-11-12,-,-,-,-,-,-,-,-,-,-,-,-,-,unanimous consent,2019-12-19,-,-,-,-,-,-,-,-,-,-,-,-,-,-,-,-,-,-,-,-,-,-,-,Fallen Warrior Battlefield Cross Memorial Act
116,H.R. 1449,bill,signed,2019-08-21,Donald J. Trump (first term),R,116-46,voice vote,2019-04-30,-,-,-,-,-,-,-,-,-,-,-,-,-,unanimous consent,2019-07-30,-,-,-,-,-,-,-,-,-,-,-,-,-,-,-,-,-,-,-,-,-,-,-,"To designate the facility of the United States Postal Service located at 3033 203rd Street in Olympia Fields, Illinois, as the Captain Robert L. Martin Post Office."
116,H.R. 1472,bill,signed,2021-01-13,Donald J. Trump (first term),R,116-328,voice vote,2019-11-20,-,-,-,-,-,-,-,-,-,-,-,-,-,unanimous consent,2020-12-31,-,-,-,-,-,-,-,-,-,-,-,-,-,-,-,-,-,-,-,-,-,-,-,"To rename the Homestead National Monument of America near Beatrice, Nebraska, as the Homestead National Historical Park."
116,H.R. 1492,bill,signed,2021-01-13,Donald J. Trump (first term),R,116-329,voice vote,2020-02-26,-,-,-,-,-,-,-,-,-,-,-,-,-,voice vote,2020-12-22,-,-,-,-,-,-,-,-,-,-,-,-,-,-,-,-,-,-,-,-,-,-,-,Yucca House National Monument Expansion Act
116,H.R. 1503,bill,signed,2021-01-05,Donald J. Trump (first term),R,116-290,unanimous consent,2020-12-10,-,-,-,-,-,-,-,-,-,-,-,-,-,unanimous consent,2020-12-07,-,-,-,-,-,-,-,-,-,-,-,-,-,-,-,-,-,-,-,-,-,-,-,Orange Book Transparency Act of 2020
116,H.R. 1520,bill,signed,2020-12-22,Donald J. Trump (first term),R,116-246,no recorded vote,2020-12-21,-,-,-,-,-,-,-,-,-,-,-,-,-,voice vote,2020-12-21,-,-,-,-,-,-,-,-,-,-,-,-,-,-,-,-,-,-,-,-,-,-,-,"Further Extension of Continuing Appropriations Act, 2021"
116,H.R. 1526,bill,signed,2019-12-12,Donald J. Trump (first term),R,116-82,voice vote,2019-07-17,-,-,-,-,-,-,-,-,-,-,-,-,-,unanimous consent,2019-11-21,-,-,-,-,-,-,-,-,-,-,-,-,-,-,-,-,-,-,-,-,-,-,-,"To designate the facility of the United States Postal Service located at 200 Israel Road Southeast in Tumwater, Washington, as the Eva G. Hewitt Post Office."
116,H.R. 1569,bill,signed,2019-08-09,Donald J. Trump (first term),R,116-40,voice vote,2019-07-10,-,-,-,-,-,-,-,-,-,-,-,-,-,unanimous consent,2019-07-25,-,-,-,-,-,-,-,-,-,-,-,-,-,-,-,-,-,-,-,-,-,-,-,"To amend title 28, United States Code, to add Flagstaff and Yuma to the list of locations in which court shall be held in the judicial district for the State of Arizona."
116,H.R. 1590,bill,signed,2019-10-09,Donald J. Trump (first term),R,116-64,roll 138,2019-04-01,"On Motion to Suspend the Rules and Pass, as Amended",183,3,0,11,211,4,0,19,0,0,0,0,unanimous consent,2019-09-24,-,-,-,-,-,-,-,-,-,-,-,-,-,-,-,-,-,-,-,-,-,-,-,Terrorist and Foreign Fighter Travel Exercise Act of 2019
116,H.R. 1668,bill,signed,2020-12-04,Donald J. Trump (first term),R,116-207,voice vote,2020-09-14,-,-,-,-,-,-,-,-,-,-,-,-,-,unanimous consent,2020-11-17,-,-,-,-,-,-,-,-,-,-,-,-,-,-,-,-,-,-,-,-,-,-,-,IoT Cybersecurity Improvement Act of 2020
116,H.R. 1773,bill,signed,2020-12-03,Donald J. Trump (first term),R,116-195,voice vote,2019-11-13,-,-,-,-,-,-,-,-,-,-,-,-,-,unanimous consent,2020-11-12,-,-,-,-,-,-,-,-,-,-,-,-,-,-,-,-,-,-,-,-,-,-,-,Rosie the Riveter Congressional Gold Medal Act of 2019
116,H.R. 1812,bill,signed,2020-10-20,Donald J. Trump (first term),R,116-176,voice vote,2019-05-21,-,-,-,-,-,-,-,-,-,-,-,-,-,unanimous consent,2020-09-24,-,-,-,-,-,-,-,-,-,-,-,-,-,-,-,-,-,-,-,-,-,-,-,Vet Center Eligibility Expansion Act
116,H.R. 1830,bill,signed,2020-12-22,Donald J. Trump (first term),R,116-247,voice vote,2020-12-02,-,-,-,-,-,-,-,-,-,-,-,-,-,unanimous consent,2020-11-16,-,-,-,-,-,-,-,-,-,-,-,-,-,-,-,-,-,-,-,-,-,-,-,National Purple Heart Hall of Honor Commemorative Coin Act
116,H.R. 1833,bill,signed,2020-12-03,Donald J. Trump (first term),R,116-196,voice vote,2019-10-16,-,-,-,-,-,-,-,-,-,-,-,-,-,unanimous consent,2020-11-18,-,-,-,-,-,-,-,-,-,-,-,-,-,-,-,-,-,-,-,-,-,-,-,"To designate the facility of the United States Postal Service located at 35 Tulip Avenue in Floral Park, New York, as the Lieutenant Michael R. Davidson Post Office Building."
116,H.R. 1839,bill,signed,2019-04-18,Donald J. Trump (first term),R,116-16,voice vote,2019-03-25,-,-,-,-,-,-,-,-,-,-,-,-,-,voice vote,2019-04-02,-,-,-,-,-,-,-,-,-,-,-,-,-,-,-,-,-,-,-,-,-,-,-,Medicaid Services Investment and Accountability Act of 2019
116,H.R. 1844,bill,signed,2019-12-12,Donald J. Trump (first term),R,116-83,voice vote,2019-07-17,-,-,-,-,-,-,-,-,-,-,-,-,-,unanimous consent,2019-11-21,-,-,-,-,-,-,-,-,-,-,-,-,-,-,-,-,-,-,-,-,-,-,-,"To designate the facility of the United States Postal Service located at 66 Grove Court in Elgin, Illinois, as the Corporal Alex Martinez Memorial Post Office Building."
116,H.R. 1865,bill,signed,2019-12-20,Donald J. Trump (first term),R,116-94,roll 689,2019-12-17,On Motion to Concur in the Senate Amendment with an Amendment,79,112,0,6,218,7,0,7,0,1,0,0,roll 415,2019-12-19,On the Motion,31,21,0,1,39,2,0,4,1,0,0,1,D:2,-,-,-,-,-,-,-,-,-,"Further Consolidated Appropriations Act, 2020"
116,H.R. 1923,bill,signed,2021-01-13,Donald J. Trump (first term),R,116-330,unanimous consent,2020-12-31,-,-,-,-,-,-,-,-,-,-,-,-,-,unanimous consent,2020-12-17,-,-,-,-,-,-,-,-,-,-,-,-,-,-,-,-,-,-,-,-,-,-,-,Circulating Collectible Coin Redesign Act of 2020
116,H.R. 1925,bill,signed,2021-01-13,Donald J. Trump (first term),R,116-331,unanimous consent,2020-12-31,-,-,-,-,-,-,-,-,-,-,-,-,-,unanimous consent,2020-12-10,-,-,-,-,-,-,-,-,-,-,-,-,-,-,-,-,-,-,-,-,-,-,-,To designate the Manhattan Campus of the New York Harbor Health Care System of the Department of Veterans Affairs as the Margaret Cochran Corbin Campus of the New York Harbor Health Care System.
116,H.R. 1952,bill,signed,2020-10-30,Donald J. Trump (first term),R,116-184,roll 218,2019-05-20,"On Motion to Suspend the Rules and Pass, as Amended",182,0,0,15,215,0,0,19,0,0,0,0,unanimous consent,2020-09-30,-,-,-,-,-,-,-,-,-,-,-,-,-,-,-,-,-,-,-,-,-,-,-,Intercountry Adoption Information Act of 2019
116,H.R. 1957,bill,signed,2020-08-04,Donald J. Trump (first term),R,116-152,roll 155,2020-07-22,On Motion to Concur in the Senate Amendments,81,104,0,13,229,2,0,0,0,1,0,0,roll 121,2020-06-17,On Passage of the Bill,28,25,0,0,43,0,0,2,2,0,0,0,D:2,-,-,-,-,-,-,-,-,-,Great American Outdoors Act
116,H.R. 1966,bill,signed,2021-01-05,Donald J. Trump (first term),R,116-291,voice vote,2020-12-09,-,-,-,-,-,-,-,-,-,-,-,-,-,unanimous consent,2020-12-18,-,-,-,-,-,-,-,-,-,-,-,-,-,-,-,-,-,-,-,-,-,-,-,Henrietta Lacks Enhancing Cancer Research Act of 2019
116,H.R. 1972,bill,signed,2019-12-13,Donald J. Trump (first term),R,116-84,voice vote,2019-10-16,-,-,-,-,-,-,-,-,-,-,-,-,-,unanimous consent,2019-11-21,-,-,-,-,-,-,-,-,-,-,-,-,-,-,-,-,-,-,-,-,-,-,-,"To designate the facility of the United States Postal Service located at 1100 West Kent Avenue in Missoula, Montana, as the Jeannette Rankin Post Office Building."
116,H.R. 2030,bill,signed,2019-04-16,Donald J. Trump (first term),R,116-14,voice vote,2019-04-08,-,-,-,-,-,-,-,-,-,-,-,-,-,unanimous consent,2019-04-09,-,-,-,-,-,-,-,-,-,-,-,-,-,-,-,-,-,-,-,-,-,-,-,Colorado River Drought Contingency Plan Authorization Act
116,H.R. 2151,bill,signed,2019-12-13,Donald J. Trump (first term),R,116-85,voice vote,2019-10-16,-,-,-,-,-,-,-,-,-,-,-,-,-,unanimous consent,2019-11-21,-,-,-,-,-,-,-,-,-,-,-,-,-,-,-,-,-,-,-,-,-,-,-,"To designate the facility of the United States Postal Service located at 7722 South Main Street in Pine Plains, New York, as the Senior Chief Petty Officer Shannon M. Kent Post Office."
116,H.R. 2157,bill,signed,2019-06-06,Donald J. Trump (first term),R,116-20,roll 232,2019-06-03,On Motion to Suspend the Rules and Concur in the Senate Amendment,132,58,0,7,222,0,0,12,0,0,0,0,roll 129,2019-05-23,On Passage of the Bill,39,8,0,6,44,0,0,1,2,0,0,0,D:2,-,-,-,-,-,-,-,-,-,"Additional Supplemental Appropriations for Disaster Relief Act, 2019"
116,H.R. 2196,bill,signed,2019-07-31,Donald J. Trump (first term),R,116-36,voice vote,2019-06-24,-,-,-,-,-,-,-,-,-,-,-,-,-,voice vote,2019-07-25,-,-,-,-,-,-,-,-,-,-,-,-,-,-,-,-,-,-,-,-,-,-,-,"To amend title 38, United States Code, to reduce the credit hour requirement for the Edith Nourse Rogers STEM Scholarship program of the Department of Veterans Affairs."
116,H.R. 2246,bill,signed,2020-12-21,Donald J. Trump (first term),R,116-227,voice vote,2020-09-14,-,-,-,-,-,-,-,-,-,-,-,-,-,unanimous consent,2020-12-03,-,-,-,-,-,-,-,-,-,-,-,-,-,-,-,-,-,-,-,-,-,-,-,"To designate the facility of the United States Postal Service located at 201 West Cherokee Street in Brookhaven, Mississippi, as the Deputy Donald William Durr, Corporal Zach Moak, and Patrolman James White Memorial Post Office Building."
116,H.R. 2325,bill,signed,2019-12-13,Donald J. Trump (first term),R,116-86,voice vote,2019-07-17,-,-,-,-,-,-,-,-,-,-,-,-,-,unanimous consent,2019-11-21,-,-,-,-,-,-,-,-,-,-,-,-,-,-,-,-,-,-,-,-,-,-,-,"To designate the facility of the United States Postal Service located at 100 Calle Alondra in San Juan, Puerto Rico, as the 65th Infantry Regiment Post Office Building."
116,H.R. 2333,bill,signed,2019-12-20,Donald J. Trump (first term),R,116-96,voice vote,2019-05-21,-,-,-,-,-,-,-,-,-,-,-,-,-,roll 390,2019-12-11,On Passage of the Bill,52,0,0,1,42,0,0,3,1,0,0,1,D:2,-,-,-,-,-,-,-,-,-,Support for Suicide Prevention Coordinators Act
116,H.R. 2334,bill,signed,2019-12-13,Donald J. Trump (first term),R,116-87,voice vote,2019-10-15,-,-,-,-,-,-,-,-,-,-,-,-,-,unanimous consent,2019-11-21,-,-,-,-,-,-,-,-,-,-,-,-,-,-,-,-,-,-,-,-,-,-,-,"To designate the Department of Veterans Affairs community-based outpatient clinic in Odessa, Texas, as the Wilson and Young Medal of Honor VA Clinic."
116,H.R. 2336,bill,signed,2019-08-23,Donald J. Trump (first term),R,116-51,voice vote,2019-07-25,-,-,-,-,-,-,-,-,-,-,-,-,-,voice vote,2019-08-01,-,-,-,-,-,-,-,-,-,-,-,-,-,-,-,-,-,-,-,-,-,-,-,Family Farmer Relief Act of 2019
116,H.R. 2359,bill,signed,2020-10-30,Donald J. Trump (first term),R,116-185,voice vote,2019-05-21,-,-,-,-,-,-,-,-,-,-,-,-,-,voice vote,2020-10-01,-,-,-,-,-,-,-,-,-,-,-,-,-,-,-,-,-,-,-,-,-,-,-,Whole Veteran Act
116,H.R. 2372,bill,signed,2020-10-20,Donald J. Trump (first term),R,116-177,voice vote,2019-05-21,-,-,-,-,-,-,-,-,-,-,-,-,-,unanimous consent,2020-09-24,-,-,-,-,-,-,-,-,-,-,-,-,-,-,-,-,-,-,-,-,-,-,-,Veterans' Care Quality Transparency Act
116,H.R. 2379,bill,signed,2019-05-23,Donald J. Trump (first term),R,116-18,roll 204,2019-05-14,"On Motion to Suspend the Rules and Pass, as Amended",175,9,0,13,225,0,0,9,0,0,0,0,voice vote,2019-05-16,-,-,-,-,-,-,-,-,-,-,-,-,-,-,-,-,-,-,-,-,-,-,-,To reauthorize the Bulletproof Vest Partnership Grant Program.
116,H.R. 2385,bill,signed,2020-01-17,Donald J. Trump (first term),R,116-107,roll 556,2019-10-15,"On Motion to Suspend the Rules and Pass, as Amended",192,0,0,5,217,0,0,17,0,1,0,0,voice vote,2019-12-19,-,-,-,-,-,-,-,-,-,-,-,-,-,-,-,-,-,-,-,-,-,-,-,To permit the Secretary of Veterans Affairs to establish a grant program to conduct cemetery research and produce educational materials for the Veterans Legacy Program.
116,H.R. 2423,bill,signed,2019-11-25,Donald J. Trump (first term),R,116-71,voice vote,2019-10-28,-,-,-,-,-,-,-,-,-,-,-,-,-,unanimous consent,2019-10-31,-,-,-,-,-,-,-,-,-,-,-,-,-,-,-,-,-,-,-,-,-,-,-,Women's Suffrage Centennial Commemorative Coin Act
116,H.R. 2444,bill,signed,2021-01-13,Donald J. Trump (first term),R,116-332,voice vote,2020-03-09,-,-,-,-,-,-,-,-,-,-,-,-,-,unanimous consent,2021-01-01,-,-,-,-,-,-,-,-,-,-,-,-,-,-,-,-,-,-,-,-,-,-,-,Eastern European Security Act
116,H.R. 2451,bill,signed,2019-12-13,Donald J. Trump (first term),R,116-88,voice vote,2019-10-16,-,-,-,-,-,-,-,-,-,-,-,-,-,unanimous consent,2019-11-21,-,-,-,-,-,-,-,-,-,-,-,-,-,-,-,-,-,-,-,-,-,-,-,"To designate the facility of the United States Postal Service located at 575 Dexter Street in Central Falls, Rhode Island, as the Elizabeth Buffum Chace Post Office."
116,H.R. 2454,bill,signed,2020-12-21,Donald J. Trump (first term),R,116-228,unanimous consent,2020-09-30,-,-,-,-,-,-,-,-,-,-,-,-,-,unanimous consent,2020-12-03,-,-,-,-,-,-,-,-,-,-,-,-,-,-,-,-,-,-,-,-,-,-,-,"To designate the facility of the United States Postal Service located at 123 East Sharpfish Street in Rosebud, South Dakota, as the Ben Reifel Post Office Building."
116,H.R. 2468,bill,signed,2021-01-05,Donald J. Trump (first term),R,116-292,voice vote,2020-09-29,-,-,-,-,-,-,-,-,-,-,-,-,-,voice vote,2020-12-17,-,-,-,-,-,-,-,-,-,-,-,-,-,-,-,-,-,-,-,-,-,-,-,School-Based Allergies and Asthma Management Program Act
116,H.R. 2476,bill,signed,2020-01-24,Donald J. Trump (first term),R,116-108,voice vote,2019-06-10,-,-,-,-,-,-,-,-,-,-,-,-,-,unanimous consent,2019-12-19,-,-,-,-,-,-,-,-,-,-,-,-,-,-,-,-,-,-,-,-,-,-,-,Securing American Nonprofit Organizations Against Terrorism Act of 2019
116,H.R. 2502,bill,signed,2021-01-13,Donald J. Trump (first term),R,116-333,voice vote,2019-10-28,-,-,-,-,-,-,-,-,-,-,-,-,-,unanimous consent,2020-12-22,-,-,-,-,-,-,-,-,-,-,-,-,-,-,-,-,-,-,-,-,-,-,-,Transparency in Federal Buildings Projects Act of 2019
116,H.R. 2695,bill,signed,2019-08-09,Donald J. Trump (first term),R,116-41,unanimous consent,2019-06-10,-,-,-,-,-,-,-,-,-,-,-,-,-,unanimous consent,2019-07-29,-,-,-,-,-,-,-,-,-,-,-,-,-,-,-,-,-,-,-,-,-,-,-,"To rename the Success Dam in Tulare County, California, as the Richard L. Schafer Dam."
116,H.R. 2744,bill,signed,2021-01-13,Donald J. Trump (first term),R,116-334,unanimous consent,2020-12-31,-,-,-,-,-,-,-,-,-,-,-,-,-,unanimous consent,2020-02-13,-,-,-,-,-,-,-,-,-,-,-,-,-,-,-,-,-,-,-,-,-,-,-,USAID Branding Modernization Act
116,H.R. 2938,bill,signed,2019-08-23,Donald J. Trump (first term),R,116-52,voice vote,2019-07-23,-,-,-,-,-,-,-,-,-,-,-,-,-,voice vote,2019-08-01,-,-,-,-,-,-,-,-,-,-,-,-,-,-,-,-,-,-,-,-,-,-,-,Honoring American Veterans in Extreme Need Act of 2019
116,H.R. 2940,bill,signed,2019-07-05,Donald J. Trump (first term),R,116-27,roll 233,2019-06-03,On Motion to Suspend the Rules and Pass,134,55,0,8,223,0,0,11,0,0,0,0,voice vote,2019-06-27,-,-,-,-,-,-,-,-,-,-,-,-,-,-,-,-,-,-,-,-,-,-,-,"To extend the program of block grants to States for temporary assistance for needy families and related programs through September 30, 2019."
116,H.R. 2969,bill,signed,2020-12-21,Donald J. Trump (first term),R,116-229,voice vote,2020-09-14,-,-,-,-,-,-,-,-,-,-,-,-,-,unanimous consent,2020-12-03,-,-,-,-,-,-,-,-,-,-,-,-,-,-,-,-,-,-,-,-,-,-,-,"To designate the facility of the United States Postal Service located at 1401 1st Street North in Winter Haven, Florida, as the Althea Margaret Daily Mills Post Office Building."
116,H.R. 3005,bill,signed,2020-12-21,Donald J. Trump (first term),R,116-230,unanimous consent,2020-09-30,-,-,-,-,-,-,-,-,-,-,-,-,-,unanimous consent,2020-12-03,-,-,-,-,-,-,-,-,-,-,-,-,-,-,-,-,-,-,-,-,-,-,-,"To designate the facility of the United States Postal Service located at 13308 Midland Road in Poway, California, as the Ray Chavez Post Office Building."
116,H.R. 3055,bill,signed,2019-11-21,Donald J. Trump (first term),R,116-69,roll 631,2019-11-19,On Motion to Concur in the Senate Amendment with an Amendment,12,181,0,4,219,10,0,3,0,1,0,0,roll 365,2019-11-21,On the Motion,32,20,0,1,41,0,0,4,1,0,0,1,D:2,-,-,-,-,-,-,-,-,-,"Further Continuing Appropriations Act, 2020, and Further Health Extenders Act of 2019"
116,H.R. 3144,bill,signed,2019-12-13,Donald J. Trump (first term),R,116-89,voice vote,2019-10-16,-,-,-,-,-,-,-,-,-,-,-,-,-,unanimous consent,2019-11-21,-,-,-,-,-,-,-,-,-,-,-,-,-,-,-,-,-,-,-,-,-,-,-,"To designate the facility of the United States Postal Service located at 8520 Michigan Avenue in Whittier, California, as the Jose Ramos Post Office Building."
116,H.R. 3151,bill,signed,2019-07-01,Donald J. Trump (first term),R,116-25,voice vote,2019-06-10,-,-,-,-,-,-,-,-,-,-,-,-,-,voice vote,2019-06-13,-,-,-,-,-,-,-,-,-,-,-,-,-,-,-,-,-,-,-,-,-,-,-,Taxpayer First Act
116,H.R. 3153,bill,signed,2021-01-13,Donald J. Trump (first term),R,116-335,unanimous consent,2020-12-31,-,-,-,-,-,-,-,-,-,-,-,-,-,voice vote,2020-12-22,-,-,-,-,-,-,-,-,-,-,-,-,-,-,-,-,-,-,-,-,-,-,-,Expanding Findings for Federal Opioid Research and Treatment Act
116,H.R. 3196,bill,signed,2019-12-20,Donald J. Trump (first term),R,116-97,voice vote,2019-07-23,-,-,-,-,-,-,-,-,-,-,-,-,-,unanimous consent,2019-12-18,-,-,-,-,-,-,-,-,-,-,-,-,-,-,-,-,-,-,-,-,-,-,-,Vera C. Rubin Observatory Designation Act
116,H.R. 3207,bill,signed,2020-12-03,Donald J. Trump (first term),R,116-197,voice vote,2019-10-16,-,-,-,-,-,-,-,-,-,-,-,-,-,unanimous consent,2020-11-18,-,-,-,-,-,-,-,-,-,-,-,-,-,-,-,-,-,-,-,-,-,-,-,"To designate the facility of the United States Postal Service located at 114 Mill Street in Hookstown, Pennsylvania, as the ""Staff Sergeant Dylan Elchin Post Office Building""."
116,H.R. 3245,bill,signed,2019-08-23,Donald J. Trump (first term),R,116-56,voice vote,2019-07-24,-,-,-,-,-,-,-,-,-,-,-,-,-,unanimous consent,2019-07-31,-,-,-,-,-,-,-,-,-,-,-,-,-,-,-,-,-,-,-,-,-,-,-,Restore the Harmony Way Bridge Act
116,H.R. 3250,bill,signed,2021-01-13,Donald J. Trump (first term),R,116-336,roll 245,2020-12-17,"On Motion to Suspend the Rules and Pass, as Amended",158,4,0,33,229,0,0,3,0,1,0,1,voice vote,2020-12-21,-,-,-,-,-,-,-,-,-,-,-,-,-,-,-,-,-,-,-,-,-,-,-,Julius Rosenwald and the Rosenwald Schools Act of 2020
116,H.R. 3253,bill,signed,2019-08-06,Donald J. Trump (first term),R,116-39,unanimous consent,2019-07-30,-,-,-,-,-,-,-,-,-,-,-,-,-,voice vote,2019-07-25,-,-,-,-,-,-,-,-,-,-,-,-,-,-,-,-,-,-,-,-,-,-,-,Sustaining Excellence in Medicaid Act of 2019
116,H.R. 3275,bill,signed,2020-12-21,Donald J. Trump (first term),R,116-231,voice vote,2020-09-14,-,-,-,-,-,-,-,-,-,-,-,-,-,unanimous consent,2020-12-03,-,-,-,-,-,-,-,-,-,-,-,-,-,-,-,-,-,-,-,-,-,-,-,"To designate the facility of the United States Postal Service located at 340 Wetmore Avenue in Grand River, Ohio, as the Lance Corporal Andy Ace Nowacki Post Office."
116,H.R. 3304,bill,signed,2019-08-23,Donald J. Trump (first term),R,116-53,roll 499,2019-07-23,"On Motion to Suspend the Rules and Pass, as Amended",190,0,0,7,227,0,0,7,0,1,0,0,voice vote,2019-08-01,-,-,-,-,-,-,-,-,-,-,-,-,-,-,-,-,-,-,-,-,-,-,-,National Guard and Reservists Debt Relief Extension Act of 2019
116,H.R. 3305,bill,signed,2019-08-21,Donald J. Trump (first term),R,116-47,voice vote,2019-07-17,-,-,-,-,-,-,-,-,-,-,-,-,-,unanimous consent,2019-07-30,-,-,-,-,-,-,-,-,-,-,-,-,-,-,-,-,-,-,-,-,-,-,-,"To designate the facility of the United States Postal Service located at 2509 George Mason Drive in Virginia Beach, Virginia, as the Ryan Keith Cox Post Office Building."
116,H.R. 3311,bill,signed,2019-08-23,Donald J. Trump (first term),R,116-54,voice vote,2019-07-23,-,-,-,-,-,-,-,-,-,-,-,-,-,voice vote,2019-08-01,-,-,-,-,-,-,-,-,-,-,-,-,-,-,-,-,-,-,-,-,-,-,-,Small Business Reorganization Act of 2019
116,H.R. 3314,bill,signed,2019-12-13,Donald J. Trump (first term),R,116-90,voice vote,2019-10-16,-,-,-,-,-,-,-,-,-,-,-,-,-,unanimous consent,2019-11-21,-,-,-,-,-,-,-,-,-,-,-,-,-,-,-,-,-,-,-,-,-,-,-,"To designate the facility of the United States Postal Service located at 1750 McCulloch Boulevard North in Lake Havasu City, Arizona, as the Lake Havasu City Combat Veterans Memorial Post Office Building."
116,H.R. 3317,bill,signed,2020-12-03,Donald J. Trump (first term),R,116-198,voice vote,2020-02-05,-,-,-,-,-,-,-,-,-,-,-,-,-,unanimous consent,2020-11-18,-,-,-,-,-,-,-,-,-,-,-,-,-,-,-,-,-,-,-,-,-,-,-,"To permit the Scipio A. Jones Post Office in Little Rock, Arkansas, to accept and display a portrait of Scipio A. Jones, and for other purposes."
116,H.R. 3329,bill,signed,2020-12-03,Donald J. Trump (first term),R,116-199,voice vote,2019-10-16,-,-,-,-,-,-,-,-,-,-,-,-,-,unanimous consent,2020-11-18,-,-,-,-,-,-,-,-,-,-,-,-,-,-,-,-,-,-,-,-,-,-,-,"To designate the facility of the United States Postal Service located at 5186 Benito Street in Montclair, California, as the Paul Eaton Post Office Building."
116,H.R. 3349,bill,signed,2020-12-22,Donald J. Trump (first term),R,116-248,voice vote,2020-09-21,-,-,-,-,-,-,-,-,-,-,-,-,-,unanimous consent,2020-12-02,-,-,-,-,-,-,-,-,-,-,-,-,-,-,-,-,-,-,-,-,-,-,-,Republic of Texas Legation Memorial Act
116,H.R. 3399,bill,signed,2020-10-30,Donald J. Trump (first term),R,116-186,voice vote,2020-02-26,-,-,-,-,-,-,-,-,-,-,-,-,-,voice vote,2020-09-30,-,-,-,-,-,-,-,-,-,-,-,-,-,-,-,-,-,-,-,-,-,-,-,"To amend the Nutria Eradication and Control Act of 2003 to include California in the program, and for other purposes."
116,H.R. 3401,bill,signed,2019-07-01,Donald J. Trump (first term),R,116-26,roll 429,2019-06-27,On Motion to Concur in the Senate Amendment,176,7,0,15,129,95,0,10,0,0,0,0,roll 185,2019-06-26,On Passage of the Bill,50,2,0,1,33,6,0,6,1,0,0,1,D:2,-,-,-,-,-,-,-,-,-,"Emergency Supplemental Appropriations for Humanitarian Assistance and Security at the Southern Border Act, 2019"
116,H.R. 3465,bill,signed,2020-12-23,Donald J. Trump (first term),R,116-253,voice vote,2020-09-21,-,-,-,-,-,-,-,-,-,-,-,-,-,unanimous consent,2020-12-02,-,-,-,-,-,-,-,-,-,-,-,-,-,-,-,-,-,-,-,-,-,-,-,Fallen Journalists Memorial Act
116,H.R. 3504,bill,signed,2020-08-08,Donald J. Trump (first term),R,116-154,unanimous consent,2020-07-20,-,-,-,-,-,-,-,-,-,-,-,-,-,unanimous consent,2020-03-26,-,-,-,-,-,-,-,-,-,-,-,-,-,-,-,-,-,-,-,-,-,-,-,Ryan Kules and Paul Benne Specially Adaptive Housing Improvement Act of 2019
116,H.R. 3589,bill,signed,2020-12-04,Donald J. Trump (first term),R,116-208,voice vote,2019-09-19,-,-,-,-,-,-,-,-,-,-,-,-,-,unanimous consent,2020-11-16,-,-,-,-,-,-,-,-,-,-,-,-,-,-,-,-,-,-,-,-,-,-,-,Greg LeMond Congressional Gold Medal Act
116,H.R. 3680,bill,signed,2020-12-21,Donald J. Trump (first term),R,116-232,unanimous consent,2020-09-30,-,-,-,-,-,-,-,-,-,-,-,-,-,unanimous consent,2020-12-03,-,-,-,-,-,-,-,-,-,-,-,-,-,-,-,-,-,-,-,-,-,-,-,"To designate the facility of the United States Postal Service located at 415 North Main Street in Henning, Tennessee, as the ""Paula Croom Robinson and Judy Spray Memorial Post Office Building""."
116,H.R. 3847,bill,signed,2020-12-21,Donald J. Trump (first term),R,116-233,voice vote,2020-09-14,-,-,-,-,-,-,-,-,-,-,-,-,-,unanimous consent,2020-12-03,-,-,-,-,-,-,-,-,-,-,-,-,-,-,-,-,-,-,-,-,-,-,-,"To designate the facility of the United States Postal Service located at 117 West Poythress Street in Hopewell, Virginia, as the Reverend Curtis West Harris Post Office Building."
116,H.R. 3870,bill,signed,2020-12-21,Donald J. Trump (first term),R,116-234,voice vote,2020-09-14,-,-,-,-,-,-,-,-,-,-,-,-,-,unanimous consent,2020-12-03,-,-,-,-,-,-,-,-,-,-,-,-,-,-,-,-,-,-,-,-,-,-,-,"To designate the facility of the United States Postal Service located at 511 West 165th Street in New York, New York, as the Normandia Maldonado Post Office Building."
116,H.R. 3877,bill,signed,2019-08-02,Donald J. Trump (first term),R,116-37,roll 511,2019-07-25,On Passage,65,132,0,0,219,16,0,0,0,1,0,0,roll 262,2019-08-01,On Passage of the Bill,29,23,0,1,37,5,0,3,1,0,0,1,D:2,-,-,-,-,-,-,-,-,-,Bipartisan Budget Act of 2019
116,H.R. 3889,bill,signed,2019-11-27,Donald J. Trump (first term),R,116-74,voice vote,2019-10-16,-,-,-,-,-,-,-,-,-,-,-,-,-,unanimous consent,2019-11-14,-,-,-,-,-,-,-,-,-,-,-,-,-,-,-,-,-,-,-,-,-,-,-,ONDCP Technical Corrections Act of 2019
116,H.R. 3976,bill,signed,2021-01-05,Donald J. Trump (first term),R,116-293,voice vote,2020-02-05,-,-,-,-,-,-,-,-,-,-,-,-,-,unanimous consent,2020-12-17,-,-,-,-,-,-,-,-,-,-,-,-,-,-,-,-,-,-,-,-,-,-,-,"To designate the facility of the United States Postal Service located at 12711 East Jefferson Avenue in Detroit, Michigan, as the Aretha Franklin Post Office Building."
116,H.R. 4031,bill,signed,2021-01-05,Donald J. Trump (first term),R,116-294,roll 36,2020-02-05,On Motion to Suspend the Rules and Pass,149,44,0,4,224,0,0,7,0,1,0,0,unanimous consent,2020-12-20,-,-,-,-,-,-,-,-,-,-,-,-,-,-,-,-,-,-,-,-,-,-,-,GLRI Act of 2019
116,H.R. 4034,bill,signed,2020-12-21,Donald J. Trump (first term),R,116-235,voice vote,2020-09-14,-,-,-,-,-,-,-,-,-,-,-,-,-,unanimous consent,2020-12-03,-,-,-,-,-,-,-,-,-,-,-,-,-,-,-,-,-,-,-,-,-,-,-,"To designate the facility of the United States Postal Service located at 602 Pacific Avenue in Bremerton, Washington, as the John Henry Turpin Post Office Building."
116,H.R. 4044,bill,signed,2021-01-13,Donald J. Trump (first term),R,116-337,roll 35,2020-02-05,"On Motion to Suspend the Rules and Pass, as Amended",132,61,0,4,223,0,0,8,0,1,0,0,voice vote,2020-12-31,-,-,-,-,-,-,-,-,-,-,-,-,-,-,-,-,-,-,-,-,-,-,-,Protect and Restore America's Estuaries Act
116,H.R. 4104,bill,signed,2020-12-04,Donald J. Trump (first term),R,116-209,unanimous consent,2020-09-22,-,-,-,-,-,-,-,-,-,-,-,-,-,unanimous consent,2020-11-16,-,-,-,-,-,-,-,-,-,-,-,-,-,-,-,-,-,-,-,-,-,-,-,Negro Leagues Baseball Centennial Commemorative Coin Act
116,H.R. 4183,bill,signed,2020-10-30,Donald J. Trump (first term),R,116-187,roll 685,2019-12-17,"On Motion to Suspend the Rules and Pass, as Amended",187,1,0,9,220,0,0,12,1,0,0,0,unanimous consent,2020-10-01,-,-,-,-,-,-,-,-,-,-,-,-,-,-,-,-,-,-,-,-,-,-,-,Identifying Barriers and Best Practices Study Act
116,H.R. 4200,bill,signed,2020-12-21,Donald J. Trump (first term),R,116-236,voice vote,2020-09-14,-,-,-,-,-,-,-,-,-,-,-,-,-,unanimous consent,2020-12-03,-,-,-,-,-,-,-,-,-,-,-,-,-,-,-,-,-,-,-,-,-,-,-,"To designate the facility of the United States Postal Service located at 321 South 1st Street in Montrose, Colorado, as the Sergeant David Kinterknecht Post Office."
116,H.R. 4258,bill,signed,2019-11-27,Donald J. Trump (first term),R,116-75,voice vote,2019-11-13,-,-,-,-,-,-,-,-,-,-,-,-,-,unanimous consent,2019-11-19,-,-,-,-,-,-,-,-,-,-,-,-,-,-,-,-,-,-,-,-,-,-,-,Reauthorizing Security for Supreme Court Justices Act of 2019
116,H.R. 4279,bill,signed,2020-12-21,Donald J. Trump (first term),R,116-237,voice vote,2020-02-05,-,-,-,-,-,-,-,-,-,-,-,-,-,unanimous consent,2020-12-03,-,-,-,-,-,-,-,-,-,-,-,-,-,-,-,-,-,-,-,-,-,-,-,"To designate the facility of the United States Postal Service located at 445 Main Street in Laceyville, Pennsylvania, as the Melinda Gene Piccotti Post Office."
116,H.R. 4285,bill,signed,2019-09-30,Donald J. Trump (first term),R,116-61,roll 535,2019-09-18,On Motion to Suspend the Rules and Pass,190,1,0,8,226,0,0,8,1,0,0,0,unanimous consent,2019-09-23,-,-,-,-,-,-,-,-,-,-,-,-,-,-,-,-,-,-,-,-,-,-,-,Department of Veterans Affairs Expiring Authorities Act of 2019
116,H.R. 4334,bill,signed,2020-03-25,Donald J. Trump (first term),R,116-131,unanimous consent,2020-03-11,-,-,-,-,-,-,-,-,-,-,-,-,-,voice vote,2020-03-03,-,-,-,-,-,-,-,-,-,-,-,-,-,-,-,-,-,-,-,-,-,-,-,Supporting Older Americans Act of 2020
116,H.R. 4356,bill,signed,2021-01-05,Donald J. Trump (first term),R,116-285,voice vote,2019-11-12,-,-,-,-,-,-,-,-,-,-,-,-,-,unanimous consent,2020-12-15,-,-,-,-,-,-,-,-,-,-,-,-,-,-,-,-,-,-,-,-,-,-,-,Protecting Families of Fallen Servicemembers Act
116,H.R. 4378,bill,signed,2019-09-27,Donald J. Trump (first term),R,116-59,roll 538,2019-09-19,On Passage,76,119,0,4,225,3,0,6,0,1,0,0,roll 311,2019-09-26,On Passage of the Bill,37,16,0,0,43,0,0,2,1,0,0,1,D:2,-,-,-,-,-,-,-,-,-,"Continuing Appropriations Act, 2020, and Health Extenders Act of 2019"
116,H.R. 4508,bill,signed,2021-01-13,Donald J. Trump (first term),R,116-338,roll 82,2020-03-03,"On Motion to Suspend the Rules and Pass, as Amended",169,15,0,13,205,0,0,26,0,1,0,0,voice vote,2021-01-01,-,-,-,-,-,-,-,-,-,-,-,-,-,-,-,-,-,-,-,-,-,-,-,Malala Yousafzai Scholarship Act
116,H.R. 4566,bill,signed,2019-12-20,Donald J. Trump (first term),R,116-98,voice vote,2019-12-09,-,-,-,-,-,-,-,-,-,-,-,-,-,voice vote,2019-12-10,-,-,-,-,-,-,-,-,-,-,-,-,-,-,-,-,-,-,-,-,-,-,-,Virginia Beach Strong Act
116,H.R. 4672,bill,signed,2020-12-21,Donald J. Trump (first term),R,116-238,voice vote,2020-09-14,-,-,-,-,-,-,-,-,-,-,-,-,-,unanimous consent,2020-12-03,-,-,-,-,-,-,-,-,-,-,-,-,-,-,-,-,-,-,-,-,-,-,-,"To designate the facility of the United States Postal Service located at 21701 Stevens Creek Boulevard in Cupertino, California, as the Petty Officer 2nd Class (SEAL) Matthew G. Axelson Post Office Building."
116,H.R. 4704,bill,signed,2021-01-13,Donald J. Trump (first term),R,116-339,unanimous consent,2020-12-31,-,-,-,-,-,-,-,-,-,-,-,-,-,unanimous consent,2020-12-14,-,-,-,-,-,-,-,-,-,-,-,-,-,-,-,-,-,-,-,-,-,-,-,Advancing Research to Prevent Suicide Act
116,H.R. 4725,bill,signed,2020-12-21,Donald J. Trump (first term),R,116-239,unanimous consent,2020-09-30,-,-,-,-,-,-,-,-,-,-,-,-,-,unanimous consent,2020-12-03,-,-,-,-,-,-,-,-,-,-,-,-,-,-,-,-,-,-,-,-,-,-,-,"To designate the facility of the United States Postal Service located at 8585 Criterion Drive in Colorado Springs, Colorado, as the Chaplain (Capt.) Dale Goetz Memorial Post Office Building."
116,H.R. 4734,bill,signed,2020-12-03,Donald J. Trump (first term),R,116-200,voice vote,2020-09-14,-,-,-,-,-,-,-,-,-,-,-,-,-,unanimous consent,2020-11-18,-,-,-,-,-,-,-,-,-,-,-,-,-,-,-,-,-,-,-,-,-,-,-,"To designate the facility of the United States Postal Service located at 171 South Maple Street in Dana, Indiana, as the Ernest Ernie T. Pyle Post Office."
116,H.R. 4761,bill,signed,2020-12-23,Donald J. Trump (first term),R,116-254,roll 655,2019-12-09,On Motion to Suspend the Rules and Pass,179,0,0,18,214,0,0,18,0,1,0,0,unanimous consent,2020-12-07,-,-,-,-,-,-,-,-,-,-,-,-,-,-,-,-,-,-,-,-,-,-,-,DHS Opioid Detection Resilience Act of 2019
116,H.R. 4771,bill,signed,2020-04-10,Donald J. Trump (first term),R,116-137,voice vote,2019-11-12,-,-,-,-,-,-,-,-,-,-,-,-,-,unanimous consent,2020-03-26,-,-,-,-,-,-,-,-,-,-,-,-,-,-,-,-,-,-,-,-,-,-,-,VA Tele-Hearing Modernization Act
116,H.R. 4779,bill,signed,2020-10-20,Donald J. Trump (first term),R,116-173,voice vote,2019-12-16,-,-,-,-,-,-,-,-,-,-,-,-,-,voice vote,2020-09-24,-,-,-,-,-,-,-,-,-,-,-,-,-,-,-,-,-,-,-,-,-,-,-,"To extend the Undertaking Spam, Spyware, And Fraud Enforcement With Enforcers beyond Borders Act of 2006, and for other purposes."
116,H.R. 4785,bill,signed,2020-12-21,Donald J. Trump (first term),R,116-240,voice vote,2020-09-14,-,-,-,-,-,-,-,-,-,-,-,-,-,unanimous consent,2020-12-03,-,-,-,-,-,-,-,-,-,-,-,-,-,-,-,-,-,-,-,-,-,-,-,"To designate the facility of the United States Postal Service located at 1305 U.S. Highway 90 West in Castroville, Texas, as the Lance Corporal Rhonald Dain Rairdan Post Office."
116,H.R. 4794,bill,signed,2020-12-03,Donald J. Trump (first term),R,116-201,voice vote,2020-02-05,-,-,-,-,-,-,-,-,-,-,-,-,-,unanimous consent,2020-11-18,-,-,-,-,-,-,-,-,-,-,-,-,-,-,-,-,-,-,-,-,-,-,-,"To designate the facility of the United States Postal Service located at 8320 13th Avenue in Brooklyn, New York, as the Mother Frances Xavier Cabrini Post Office Building."
116,H.R. 4803,bill,signed,2020-03-26,Donald J. Trump (first term),R,116-133,voice vote,2019-12-03,-,-,-,-,-,-,-,-,-,-,-,-,-,unanimous consent,2020-03-05,-,-,-,-,-,-,-,-,-,-,-,-,-,-,-,-,-,-,-,-,-,-,-,Citizenship for Children of Military Members and Civil Servants Act
116,H.R. 4875,bill,signed,2020-12-21,Donald J. Trump (first term),R,116-241,unanimous consent,2020-09-30,-,-,-,-,-,-,-,-,-,-,-,-,-,unanimous consent,2020-12-03,-,-,-,-,-,-,-,-,-,-,-,-,-,-,-,-,-,-,-,-,-,-,-,"To designate the facility of the United States Postal Service located at 2201 E. Maple Street in North Canton, Ohio, as the Lance Cpl. Stacy Annie Dryden Post Office."
116,H.R. 4920,bill,signed,2020-08-08,Donald J. Trump (first term),R,116-155,unanimous consent,2020-07-20,-,-,-,-,-,-,-,-,-,-,-,-,-,unanimous consent,2020-03-12,-,-,-,-,-,-,-,-,-,-,-,-,-,-,-,-,-,-,-,-,-,-,-,Department of Veterans Affairs Contracting Preference Consistency Act of 2020
116,H.R. 4971,bill,signed,2020-12-21,Donald J. Trump (first term),R,116-242,unanimous consent,2020-09-30,-,-,-,-,-,-,-,-,-,-,-,-,-,unanimous consent,2020-12-03,-,-,-,-,-,-,-,-,-,-,-,-,-,-,-,-,-,-,-,-,-,-,-,"To designate the facility of the United States Postal Service located at 15 East Market Street in Leesburg, Virginia, as the Norman Duncan Post Office Building."
116,H.R. 4975,bill,signed,2020-12-17,Donald J. Trump (first term),R,116-218,voice vote,2020-09-14,-,-,-,-,-,-,-,-,-,-,-,-,-,unanimous consent,2020-12-03,-,-,-,-,-,-,-,-,-,-,-,-,-,-,-,-,-,-,-,-,-,-,-,"To designate the facility of the United States Postal Service located at 1201 Sycamore Square Drive in Midlothian, Virginia, as the Dorothy Braden Bruce Post Office Building."
116,H.R. 4981,bill,signed,2020-12-03,Donald J. Trump (first term),R,116-202,voice vote,2020-02-05,-,-,-,-,-,-,-,-,-,-,-,-,-,unanimous consent,2020-11-18,-,-,-,-,-,-,-,-,-,-,-,-,-,-,-,-,-,-,-,-,-,-,-,"To designate the facility of the United States Postal Service located at 2505 Derita Avenue in Charlotte, North Carolina, as the Julius L. Chambers Civil Rights Memorial Post Office."
116,H.R. 4983,bill,signed,2021-01-05,Donald J. Trump (first term),R,116-295,unanimous consent,2020-09-23,-,-,-,-,-,-,-,-,-,-,-,-,-,unanimous consent,2020-12-10,-,-,-,-,-,-,-,-,-,-,-,-,-,-,-,-,-,-,-,-,-,-,-,"To designate the Department of Veterans Affairs community-based outpatient clinic in Gilbert, Arizona, as the Staff Sergeant Alexander W. Conrad Veterans Affairs Health Care Clinic."
116,H.R. 4988,bill,signed,2021-01-05,Donald J. Trump (first term),R,116-296,unanimous consent,2020-12-10,-,-,-,-,-,-,-,-,-,-,-,-,-,unanimous consent,2020-12-17,-,-,-,-,-,-,-,-,-,-,-,-,-,-,-,-,-,-,-,-,-,-,-,"To designate the facility of the United States Postal Service located at 14 Walnut Street in Bordentown, New Jersey, as the Clara Barton Post Office Building."
116,H.R. 4998,bill,signed,2020-03-12,Donald J. Trump (first term),R,116-124,voice vote,2019-12-16,-,-,-,-,-,-,-,-,-,-,-,-,-,voice vote,2020-02-27,-,-,-,-,-,-,-,-,-,-,-,-,-,-,-,-,-,-,-,-,-,-,-,Secure and Trusted Communications Networks Act of 2019
116,H.R. 5023,bill,signed,2021-01-05,Donald J. Trump (first term),R,116-297,unanimous consent,2020-09-23,-,-,-,-,-,-,-,-,-,-,-,-,-,unanimous consent,2020-12-18,-,-,-,-,-,-,-,-,-,-,-,-,-,-,-,-,-,-,-,-,-,-,-,"To name the Department of Veterans Affairs community-based outpatient clinic in Youngstown, Ohio, as the Carl Nunziato VA Clinic."
116,H.R. 5037,bill,signed,2020-12-03,Donald J. Trump (first term),R,116-203,voice vote,2020-02-05,-,-,-,-,-,-,-,-,-,-,-,-,-,unanimous consent,2020-11-18,-,-,-,-,-,-,-,-,-,-,-,-,-,-,-,-,-,-,-,-,-,-,-,"To designate the facility of the United States Postal Service located at 3703 North Main Street in Farmville, North Carolina, as the Walter B. Jones, Jr. Post Office."
116,H.R. 5062,bill,signed,2020-12-17,Donald J. Trump (first term),R,116-219,voice vote,2020-09-14,-,-,-,-,-,-,-,-,-,-,-,-,-,unanimous consent,2020-12-03,-,-,-,-,-,-,-,-,-,-,-,-,-,-,-,-,-,-,-,-,-,-,-,"To designate the facility of the United States Postal Service located at 9930 Conroy Windermere Road in Windermere, Florida, as the Officer Robert German Post Office Building."
116,H.R. 5123,bill,signed,2021-01-05,Donald J. Trump (first term),R,116-298,unanimous consent,2020-12-10,-,-,-,-,-,-,-,-,-,-,-,-,-,unanimous consent,2020-12-17,-,-,-,-,-,-,-,-,-,-,-,-,-,-,-,-,-,-,-,-,-,-,-,"To designate the facility of the United States Postal Service located at 476 East Main Street in Galesburg, Illinois, as the Senior Airman Daniel Miller Post Office Building."
116,H.R. 5126,bill,signed,2021-01-13,Donald J. Trump (first term),R,116-340,voice vote,2020-10-01,-,-,-,-,-,-,-,-,-,-,-,-,-,voice vote,2020-12-21,-,-,-,-,-,-,-,-,-,-,-,-,-,-,-,-,-,-,-,-,-,-,-,DESCEND Act of 2020
116,H.R. 5214,bill,signed,2020-03-18,Donald J. Trump (first term),R,116-126,voice vote,2020-02-05,-,-,-,-,-,-,-,-,-,-,-,-,-,voice vote,2020-03-03,-,-,-,-,-,-,-,-,-,-,-,-,-,-,-,-,-,-,-,-,-,-,-,Representative Payee Fraud Prevention Act of 2019
116,H.R. 5273,bill,signed,2021-01-05,Donald J. Trump (first term),R,116-299,unanimous consent,2020-12-10,-,-,-,-,-,-,-,-,-,-,-,-,-,unanimous consent,2020-12-07,-,-,-,-,-,-,-,-,-,-,-,-,-,-,-,-,-,-,-,-,-,-,-,Securing America's Ports Act
116,H.R. 5277,bill,signed,2019-12-05,Donald J. Trump (first term),R,116-78,unanimous consent,2019-12-03,-,-,-,-,-,-,-,-,-,-,-,-,-,unanimous consent,2019-12-04,-,-,-,-,-,-,-,-,-,-,-,-,-,-,-,-,-,-,-,-,-,-,-,"To amend section 442 of title 18, United States Code, to exempt certain interests in mutual funds, unit investment trusts, employee benefit plans, and retirement plans from conflict of interest limitations for the Government Publishing Office."
116,H.R. 5307,bill,signed,2020-12-17,Donald J. Trump (first term),R,116-220,unanimous consent,2020-09-30,-,-,-,-,-,-,-,-,-,-,-,-,-,unanimous consent,2020-12-03,-,-,-,-,-,-,-,-,-,-,-,-,-,-,-,-,-,-,-,-,-,-,-,"To designate the facility of the United States Postal Service located at 115 Nicol Avenue in Thomasville, Alabama, as the ""Postmaster Robert Ingram Post Office""."
116,H.R. 5317,bill,signed,2020-12-21,Donald J. Trump (first term),R,116-243,voice vote,2020-09-14,-,-,-,-,-,-,-,-,-,-,-,-,-,unanimous consent,2020-12-03,-,-,-,-,-,-,-,-,-,-,-,-,-,-,-,-,-,-,-,-,-,-,-,"To designate the facility of the United States Postal Service located at 315 Addicks Howell Road in Houston, Texas, as the Deputy Sandeep Singh Dhaliwal Post Office Building."
116,H.R. 5363,bill,signed,2019-12-19,Donald J. Trump (first term),R,116-91,roll 659,2019-12-10,"On Motion to Suspend the Rules and Pass, as Amended",93,95,0,9,226,0,0,6,0,1,0,0,voice vote,2019-12-10,-,-,-,-,-,-,-,-,-,-,-,-,-,-,-,-,-,-,-,-,-,-,-,FUTURE Act
116,H.R. 5384,bill,signed,2020-12-03,Donald J. Trump (first term),R,116-204,voice vote,2020-09-14,-,-,-,-,-,-,-,-,-,-,-,-,-,unanimous consent,2020-11-18,-,-,-,-,-,-,-,-,-,-,-,-,-,-,-,-,-,-,-,-,-,-,-,"To designate the facility of the United States Postal Service located at 100 Crosby Street in Mansfield, Louisiana, as the Dr. C.O. Simpkins, Sr., Post Office."
116,H.R. 5430,bill,signed,2020-01-29,Donald J. Trump (first term),R,116-113,roll 701,2019-12-19,On Passage,192,2,0,3,193,38,0,2,0,1,0,0,roll 14,2020-01-16,On Passage of the Bill,51,1,0,1,37,8,0,0,1,1,0,0,D:2,-,-,-,-,-,-,-,-,-,United States-Mexico-Canada Agreement Implementation Act
116,H.R. 5451,bill,signed,2021-01-05,Donald J. Trump (first term),R,116-300,unanimous consent,2020-12-10,-,-,-,-,-,-,-,-,-,-,-,-,-,unanimous consent,2020-12-17,-,-,-,-,-,-,-,-,-,-,-,-,-,-,-,-,-,-,-,-,-,-,-,"To designate the facility of the United States Postal Service located at 599 East Genesse Street in Fayetteville, New York, as the George H. Bacel Post Office Building."
116,H.R. 5458,bill,signed,2021-01-05,Donald J. Trump (first term),R,116-301,voice vote,2020-12-10,-,-,-,-,-,-,-,-,-,-,-,-,-,voice vote,2020-12-20,-,-,-,-,-,-,-,-,-,-,-,-,-,-,-,-,-,-,-,-,-,-,-,Rocky Mountain National Park Boundary Modification Act
116,H.R. 5459,bill,signed,2021-01-05,Donald J. Trump (first term),R,116-302,voice vote,2020-12-10,-,-,-,-,-,-,-,-,-,-,-,-,-,voice vote,2020-12-19,-,-,-,-,-,-,-,-,-,-,-,-,-,-,-,-,-,-,-,-,-,-,-,Rocky Mountain National Park Ownership Correction Act
116,H.R. 5472,bill,signed,2021-01-13,Donald J. Trump (first term),R,116-341,voice vote,2020-12-17,-,-,-,-,-,-,-,-,-,-,-,-,-,unanimous consent,2020-12-21,-,-,-,-,-,-,-,-,-,-,-,-,-,-,-,-,-,-,-,-,-,-,-,Jimmy Carter National Historical Park Redesignation Act
116,H.R. 5597,bill,signed,2021-01-05,Donald J. Trump (first term),R,116-303,voice vote,2020-09-14,-,-,-,-,-,-,-,-,-,-,-,-,-,unanimous consent,2020-12-17,-,-,-,-,-,-,-,-,-,-,-,-,-,-,-,-,-,-,-,-,-,-,-,"To designate the facility of the United States Postal Service located at 305 Northwest 5th Street in Oklahoma City, Oklahoma, as the Clara Luper Post Office Building."
116,H.R. 5663,bill,signed,2021-01-05,Donald J. Trump (first term),R,116-304,unanimous consent,2020-12-10,-,-,-,-,-,-,-,-,-,-,-,-,-,unanimous consent,2020-12-08,-,-,-,-,-,-,-,-,-,-,-,-,-,-,-,-,-,-,-,-,-,-,-,Safeguarding Therapeutics Act
116,H.R. 5671,bill,signed,2020-03-13,Donald J. Trump (first term),R,116-125,voice vote,2020-01-27,-,-,-,-,-,-,-,-,-,-,-,-,-,unanimous consent,2020-03-02,-,-,-,-,-,-,-,-,-,-,-,-,-,-,-,-,-,-,-,-,-,-,-,Merchant Mariners of World War II Congressional Gold Medal Act of 2020
116,H.R. 5852,bill,signed,2021-01-05,Donald J. Trump (first term),R,116-305,voice vote,2020-12-17,-,-,-,-,-,-,-,-,-,-,-,-,-,voice vote,2020-12-20,-,-,-,-,-,-,-,-,-,-,-,-,-,-,-,-,-,-,-,-,-,-,-,Weir Farm National Historical Park Redesignation Act
116,H.R. 5901,bill,signed,2020-12-03,Donald J. Trump (first term),R,116-194,voice vote,2020-09-30,-,-,-,-,-,-,-,-,-,-,-,-,-,unanimous consent,2020-11-17,-,-,-,-,-,-,-,-,-,-,-,-,-,-,-,-,-,-,-,-,-,-,-,Information Technology Modernization Centers of Excellence Program Act
116,H.R. 5954,bill,signed,2020-12-21,Donald J. Trump (first term),R,116-244,unanimous consent,2020-09-30,-,-,-,-,-,-,-,-,-,-,-,-,-,unanimous consent,2020-12-03,-,-,-,-,-,-,-,-,-,-,-,-,-,-,-,-,-,-,-,-,-,-,-,"To designate the facility of the United States Postal Service located at 108 West Maple Street in Holly, Michigan, as the Holly Veterans Memorial Post Office."
116,H.R. 5972,bill,signed,2021-01-05,Donald J. Trump (first term),R,116-306,unanimous consent,2020-12-10,-,-,-,-,-,-,-,-,-,-,-,-,-,unanimous consent,2020-12-17,-,-,-,-,-,-,-,-,-,-,-,-,-,-,-,-,-,-,-,-,-,-,-,Mary Ann Shadd Cary Post Office Dedication Act
116,H.R. 5983,bill,signed,2021-01-05,Donald J. Trump (first term),R,116-307,unanimous consent,2020-12-10,-,-,-,-,-,-,-,-,-,-,-,-,-,unanimous consent,2020-12-17,-,-,-,-,-,-,-,-,-,-,-,-,-,-,-,-,-,-,-,-,-,-,-,"To designate the facility of the United States Postal Service located at 4150 Chicago Avenue in Riverside, California, as the Woodie Rucker-Hughes Post Office Building."
116,H.R. 6016,bill,signed,2021-01-05,Donald J. Trump (first term),R,116-308,unanimous consent,2020-12-10,-,-,-,-,-,-,-,-,-,-,-,-,-,unanimous consent,2020-12-17,-,-,-,-,-,-,-,-,-,-,-,-,-,-,-,-,-,-,-,-,-,-,-,"To designate the facility of the United States Postal Service located at 14955 West Bell Road in Surprise, Arizona, as the Marc Lee Memorial Post Office Building."
116,H.R. 6074,bill,signed,2020-03-06,Donald J. Trump (first term),R,116-123,roll 86,2020-03-04,On Motion to Suspend the Rules and Pass,192,2,0,3,222,0,0,10,1,0,0,0,roll 66,2020-03-05,On Passage of the Bill,51,1,0,1,44,0,0,1,1,0,0,1,D:2,-,-,-,-,-,-,-,-,-,"Coronavirus Preparedness and Response Supplemental Appropriations Act, 2020"
116,H.R. 6100,bill,signed,2021-01-05,Donald J. Trump (first term),R,116-309,voice vote,2020-09-21,-,-,-,-,-,-,-,-,-,-,-,-,-,unanimous consent,2020-12-15,-,-,-,-,-,-,-,-,-,-,-,-,-,-,-,-,-,-,-,-,-,-,-,Strengthening the Opposition to Female Genital Mutilation Act of 2020
116,H.R. 6161,bill,signed,2021-01-05,Donald J. Trump (first term),R,116-310,unanimous consent,2020-12-10,-,-,-,-,-,-,-,-,-,-,-,-,-,unanimous consent,2020-12-17,-,-,-,-,-,-,-,-,-,-,-,-,-,-,-,-,-,-,-,-,-,-,-,"To designate the facility of the United States Postal Service located at 1585 Yanceyville Street, Greensboro, North Carolina, as the J. Howard Coble Post Office Building."
116,H.R. 6168,bill,signed,2020-10-20,Donald J. Trump (first term),R,116-178,voice vote,2020-05-28,-,-,-,-,-,-,-,-,-,-,-,-,-,unanimous consent,2020-09-24,-,-,-,-,-,-,-,-,-,-,-,-,-,-,-,-,-,-,-,-,-,-,-,Veterans' Compensation Cost-of-Living Adjustment Act of 2020
116,H.R. 6192,bill,signed,2021-01-05,Donald J. Trump (first term),R,116-286,unanimous consent,2020-09-22,-,-,-,-,-,-,-,-,-,-,-,-,-,unanimous consent,2020-12-17,-,-,-,-,-,-,-,-,-,-,-,-,-,-,-,-,-,-,-,-,-,-,-,1921 Silver Dollar Coin Anniversary Act
116,H.R. 6201,bill,signed,2020-03-18,Donald J. Trump (first term),R,116-127,roll 102,2020-03-14,"On Motion to Suspend the Rules and Pass, as Amended",140,40,0,17,223,0,0,9,0,0,1,0,roll 76,2020-03-18,On Passage of the Bill,43,8,0,2,45,0,0,0,2,0,0,0,D:2,-,-,-,-,-,-,-,-,-,Families First Coronavirus Response Act
116,H.R. 6237,bill,signed,2021-01-05,Donald J. Trump (first term),R,116-311,voice vote,2020-11-16,-,-,-,-,-,-,-,-,-,-,-,-,-,voice vote,2020-12-18,-,-,-,-,-,-,-,-,-,-,-,-,-,-,-,-,-,-,-,-,-,-,-,PRC for Native Veterans Act
116,H.R. 6322,bill,signed,2020-04-28,Donald J. Trump (first term),R,116-140,unanimous consent,2020-03-31,-,-,-,-,-,-,-,-,-,-,-,-,-,unanimous consent,2020-04-21,-,-,-,-,-,-,-,-,-,-,-,-,-,-,-,-,-,-,-,-,-,-,-,Student Veteran Coronavirus Response Act of 2020
116,H.R. 6395,bill,"vetoed, overridden",2020-12-23,Donald J. Trump (first term),R,116-283,roll 238,2020-12-08,On Agreeing to the Conference Report,140,40,0,16,195,37,1,0,0,1,0,0,roll 264,2020-12-11,On the Conference Report,43,7,0,2,40,5,0,1,1,1,0,0,D:2,roll 253,322,87,overridden,roll 292,81,13,overridden,-,William M. (Mac) Thornberry National Defense Authorization Act for Fiscal Year 2021
116,H.R. 6418,bill,signed,2021-01-05,Donald J. Trump (first term),R,116-312,unanimous consent,2020-12-10,-,-,-,-,-,-,-,-,-,-,-,-,-,unanimous consent,2020-12-17,-,-,-,-,-,-,-,-,-,-,-,-,-,-,-,-,-,-,-,-,-,-,-,"To designate the facility of the United States Postal Service located at 509 Fairhope Avenue in Fairhope, Alabama, as the William Jack Jackson Edwards III Post Office Building."
116,H.R. 6435,bill,signed,2021-01-05,Donald J. Trump (first term),R,116-287,voice vote,2020-11-17,-,-,-,-,-,-,-,-,-,-,-,-,-,unanimous consent,2020-12-17,-,-,-,-,-,-,-,-,-,-,-,-,-,-,-,-,-,-,-,-,-,-,-,Combating Pandemic Scams Act of 2020
116,H.R. 6535,bill,signed,2021-01-05,Donald J. Trump (first term),R,116-313,voice vote,2020-12-17,-,-,-,-,-,-,-,-,-,-,-,-,-,voice vote,2020-12-20,-,-,-,-,-,-,-,-,-,-,-,-,-,-,-,-,-,-,-,-,-,-,-,"To deem an urban Indian organization and employees thereof to be a part of the Public Health Service for the purposes of certain claims for personal injury, and for other purposes."
116,H.R. 7010,bill,signed,2020-06-05,Donald J. Trump (first term),R,116-142,roll 114,2020-05-28,"On Motion to Suspend the Rules and Pass, as Amended",183,1,0,13,233,0,0,0,1,0,0,0,voice vote,2020-06-03,-,-,-,-,-,-,-,-,-,-,-,-,-,-,-,-,-,-,-,-,-,-,-,Paycheck Protection Program Flexibility Act of 2020
116,H.R. 7088,bill,signed,2021-01-05,Donald J. Trump (first term),R,116-314,unanimous consent,2020-12-10,-,-,-,-,-,-,-,-,-,-,-,-,-,unanimous consent,2020-12-17,-,-,-,-,-,-,-,-,-,-,-,-,-,-,-,-,-,-,-,-,-,-,-,"To designate the facility of the United States Postal Service located at 111 James Street in Reidsville, Georgia, as the Senator Jack Hill Post Office Building."
116,H.R. 7105,bill,signed,2021-01-05,Donald J. Trump (first term),R,116-315,voice vote,2020-12-16,-,-,-,-,-,-,-,-,-,-,-,-,-,unanimous consent,2020-12-09,-,-,-,-,-,-,-,-,-,-,-,-,-,-,-,-,-,-,-,-,-,-,-,"Johnny Isakson and David P. Roe, M.D. Veterans Health Care and Benefits Improvement Act of 2020"
116,H.R. 7259,bill,signed,2021-01-05,Donald J. Trump (first term),R,116-316,voice vote,2020-06-25,-,-,-,-,-,-,-,-,-,-,-,-,-,unanimous consent,2020-12-15,-,-,-,-,-,-,-,-,-,-,-,-,-,-,-,-,-,-,-,-,-,-,-,Patents for Humanity Program Improvement Act
116,H.R. 7347,bill,signed,2021-01-05,Donald J. Trump (first term),R,116-317,unanimous consent,2020-09-23,-,-,-,-,-,-,-,-,-,-,-,-,-,unanimous consent,2020-12-10,-,-,-,-,-,-,-,-,-,-,-,-,-,-,-,-,-,-,-,-,-,-,-,"To designate the medical center of the Department of Veterans Affairs in Ann Arbor, Michigan, as the Lieutenant Colonel Charles S. Kettles Department of Veterans Affairs Medical Center."
116,H.R. 7440,bill,signed,2020-07-14,Donald J. Trump (first term),R,116-149,unanimous consent,2020-07-01,-,-,-,-,-,-,-,-,-,-,-,-,-,unanimous consent,2020-07-02,-,-,-,-,-,-,-,-,-,-,-,-,-,-,-,-,-,-,-,-,-,-,-,Hong Kong Autonomy Act
116,H.R. 7460,bill,signed,2021-01-05,Donald J. Trump (first term),R,116-318,voice vote,2020-12-17,-,-,-,-,-,-,-,-,-,-,-,-,-,voice vote,2020-12-20,-,-,-,-,-,-,-,-,-,-,-,-,-,-,-,-,-,-,-,-,-,-,-,Peace Corps Commemorative Work Extension Act
116,H.R. 7502,bill,signed,2021-01-05,Donald J. Trump (first term),R,116-319,unanimous consent,2020-12-10,-,-,-,-,-,-,-,-,-,-,-,-,-,unanimous consent,2020-12-17,-,-,-,-,-,-,-,-,-,-,-,-,-,-,-,-,-,-,-,-,-,-,-,"To designate the facility of the United States Postal Service located at 101 South 16th Street in Clarinda, Iowa, as the Jessie Field Shambaugh Post Office Building."
116,H.R. 7810,bill,signed,2021-01-05,Donald J. Trump (first term),R,116-320,unanimous consent,2020-12-10,-,-,-,-,-,-,-,-,-,-,-,-,-,unanimous consent,2020-12-17,-,-,-,-,-,-,-,-,-,-,-,-,-,-,-,-,-,-,-,-,-,-,-,"To designate the facility of the United States Postal Service located at 3519 East Walnut Street in Pearland, Texas, as the Tom Reid Post Office Building."
116,H.R. 7898,bill,signed,2021-01-05,Donald J. Trump (first term),R,116-321,voice vote,2020-12-09,-,-,-,-,-,-,-,-,-,-,-,-,-,unanimous consent,2020-12-19,-,-,-,-,-,-,-,-,-,-,-,-,-,-,-,-,-,-,-,-,-,-,-,"To amend the Health Information Technology for Economic and Clinical Health Act to require the Secretary of Health and Human Services to consider certain recognized security practices of covered entities and business associates when making certain determinations, and for other purposes."
116,H.R. 8247,bill,signed,2020-12-05,Donald J. Trump (first term),R,116-214,voice vote,2020-09-23,-,-,-,-,-,-,-,-,-,-,-,-,-,unanimous consent,2020-11-10,-,-,-,-,-,-,-,-,-,-,-,-,-,-,-,-,-,-,-,-,-,-,-,Veterans COMPACT Act of 2020
116,H.R. 8276,bill,signed,2020-12-04,Donald J. Trump (first term),R,116-210,unanimous consent,2020-09-22,-,-,-,-,-,-,-,-,-,-,-,-,-,unanimous consent,2020-11-10,-,-,-,-,-,-,-,-,-,-,-,-,-,-,-,-,-,-,-,-,-,-,-,To authorize the President to posthumously award the Medal of Honor to Alwyn C. Cashe for acts of valor during Operation Iraqi Freedom.
116,H.R. 8337,bill,signed,2020-10-01,Donald J. Trump (first term),R,116-159,roll 198,2020-09-22,On Motion to Suspend the Rules and Pass,129,56,0,13,230,0,1,1,0,1,0,0,roll 197,2020-09-30,On Passage of the Bill,40,10,0,3,43,0,0,2,1,0,0,1,D:2,-,-,-,-,-,-,-,-,-,"Continuing Appropriations Act, 2021 and Other Extensions Act"
116,H.R. 8354,bill,signed,2021-01-05,Donald J. Trump (first term),R,116-288,roll 239,2020-12-08,"On Motion to Suspend the Rules and Pass, as Amended",171,0,0,25,229,0,0,3,0,1,0,0,unanimous consent,2020-12-15,-,-,-,-,-,-,-,-,-,-,-,-,-,-,-,-,-,-,-,-,-,-,-,Servicemembers and Veterans Initiative Act of 2020
116,H.R. 8472,bill,signed,2020-12-04,Donald J. Trump (first term),R,116-211,unanimous consent,2020-10-02,-,-,-,-,-,-,-,-,-,-,-,-,-,unanimous consent,2020-11-12,-,-,-,-,-,-,-,-,-,-,-,-,-,-,-,-,-,-,-,-,-,-,-,Impact Aid Coronavirus Relief Act
116,H.R. 8611,bill,signed,2021-01-05,Donald J. Trump (first term),R,116-322,unanimous consent,2020-12-10,-,-,-,-,-,-,-,-,-,-,-,-,-,unanimous consent,2020-12-17,-,-,-,-,-,-,-,-,-,-,-,-,-,-,-,-,-,-,-,-,-,-,-,"To designate the facility of the United States Postal Service located at 4755 Southeast Dixie Highway in Port Salerno, Florida, as the Joseph Bullock Post Office Building."
116,H.R. 8810,bill,signed,2021-01-05,Donald J. Trump (first term),R,116-323,voice vote,2020-12-03,-,-,-,-,-,-,-,-,-,-,-,-,-,unanimous consent,2020-12-16,-,-,-,-,-,-,-,-,-,-,-,-,-,-,-,-,-,-,-,-,-,-,-,National Landslide Preparedness Act
116,H.R. 8900,bill,signed,2020-12-11,Donald J. Trump (first term),R,116-215,roll 240,2020-12-09,On Motion to Suspend the Rules and Pass,111,66,0,19,232,0,0,0,0,1,0,0,voice vote,2020-12-11,-,-,-,-,-,-,-,-,-,-,-,-,-,-,-,-,-,-,-,-,-,-,-,"Further Continuing Appropriations Act, 2021, and Other Extensions Act"
116,H.R. 8906,bill,signed,2021-01-05,Donald J. Trump (first term),R,116-324,unanimous consent,2020-12-10,-,-,-,-,-,-,-,-,-,-,-,-,-,voice vote,2020-12-18,-,-,-,-,-,-,-,-,-,-,-,-,-,-,-,-,-,-,-,-,-,-,-,Lifespan Respite Care Reauthorization Act of 2020
116,S. 24,bill,signed,2019-01-16,Donald J. Trump (first term),R,116-1,roll 28,2019-01-11,On Motion to Suspend the Rules and Pass,180,7,0,12,231,0,0,4,0,0,0,0,voice vote,2019-01-10,-,-,-,-,-,-,-,-,-,-,-,-,-,-,-,-,-,-,-,-,-,-,-,Government Employee Fair Treatment Act of 2019
116,S. 47,bill,signed,2019-03-12,Donald J. Trump (first term),R,116-9,roll 95,2019-02-26,On Motion to Suspend the Rules and Pass,133,62,0,2,230,0,0,4,0,0,0,0,roll 22,2019-02-12,On Passage of the Bill,45,8,0,0,45,0,0,0,2,0,0,0,D:2,-,-,-,-,-,-,-,-,-,"John D. Dingell, Jr. Conservation, Management, and Recreation Act"
116,S. 49,bill,signed,2019-03-21,Donald J. Trump (first term),R,116-10,roll 105,2019-03-05,On Motion to Suspend the Rules and Pass,188,0,0,9,229,0,0,5,0,0,0,0,unanimous consent,2019-02-05,-,-,-,-,-,-,-,-,-,-,-,-,-,-,-,-,-,-,-,-,-,-,-,"A bill to designate the outstation of the Department of Veterans Affairs in North Ogden, Utah, as the Major Brent Taylor Vet Center Outstation."
116,S. 50,bill,signed,2019-12-20,Donald J. Trump (first term),R,116-99,voice vote,2019-12-16,-,-,-,-,-,-,-,-,-,-,-,-,-,voice vote,2019-06-27,-,-,-,-,-,-,-,-,-,-,-,-,-,-,-,-,-,-,-,-,-,-,-,Columbia River In-Lieu and Treaty Fishing Access Sites Improvement Act
116,S. 134,bill,signed,2020-12-22,Donald J. Trump (first term),R,116-249,voice vote,2020-12-08,-,-,-,-,-,-,-,-,-,-,-,-,-,unanimous consent,2019-10-28,-,-,-,-,-,-,-,-,-,-,-,-,-,-,-,-,-,-,-,-,-,-,-,Combat Online Predators Act
116,S. 151,bill,signed,2019-12-30,Donald J. Trump (first term),R,116-105,roll 647,2019-12-04,"On Motion to Suspend the Rules and Pass, as Amended",193,2,0,2,224,0,0,8,0,1,0,0,voice vote,2019-12-19,-,-,-,-,-,-,-,-,-,-,-,-,-,-,-,-,-,-,-,-,-,-,-,Pallone-Thune Telephone Robocall Abuse Criminal Enforcement and Deterrence Act
116,S. 153,bill,signed,2020-02-11,Donald J. Trump (first term),R,116-115,voice vote,2020-01-27,-,-,-,-,-,-,-,-,-,-,-,-,-,unanimous consent,2019-12-18,-,-,-,-,-,-,-,-,-,-,-,-,-,-,-,-,-,-,-,-,-,-,-,Supporting Veterans in STEM Careers Act
116,S. 163,bill,signed,2019-10-04,Donald J. Trump (first term),R,116-62,unanimous consent,2019-09-17,-,-,-,-,-,-,-,-,-,-,-,-,-,unanimous consent,2019-05-20,-,-,-,-,-,-,-,-,-,-,-,-,-,-,-,-,-,-,-,-,-,-,-,Alaska Remote Generator Reliability and Protection Act
116,S. 199,bill,signed,2020-12-23,Donald J. Trump (first term),R,116-255,voice vote,2020-12-03,-,-,-,-,-,-,-,-,-,-,-,-,-,voice vote,2019-06-27,-,-,-,-,-,-,-,-,-,-,-,-,-,-,-,-,-,-,-,-,-,-,-,Leech Lake Band of Ojibwe Reservation Restoration Act
116,S. 209,bill,signed,2020-10-21,Donald J. Trump (first term),R,116-180,voice vote,2020-09-21,-,-,-,-,-,-,-,-,-,-,-,-,-,voice vote,2019-06-27,-,-,-,-,-,-,-,-,-,-,-,-,-,-,-,-,-,-,-,-,-,-,-,PROGRESS for Indian Tribes Act
116,S. 212,bill,signed,2020-12-30,Donald J. Trump (first term),R,116-261,voice vote,2020-12-03,-,-,-,-,-,-,-,-,-,-,-,-,-,voice vote,2020-12-17,-,-,-,-,-,-,-,-,-,-,-,-,-,-,-,-,-,-,-,-,-,-,-,Indian Community Economic Enhancement Act of 2020
116,S. 216,bill,signed,2019-12-20,Donald J. Trump (first term),R,116-100,voice vote,2019-12-16,-,-,-,-,-,-,-,-,-,-,-,-,-,voice vote,2019-06-27,-,-,-,-,-,-,-,-,-,-,-,-,-,-,-,-,-,-,-,-,-,-,-,Spokane Tribe of Indians of the Spokane Reservation Equitable Compensation Act
116,S. 227,bill,signed,2020-10-10,Donald J. Trump (first term),R,116-165,voice vote,2020-09-21,-,-,-,-,-,-,-,-,-,-,-,-,-,unanimous consent,2020-03-11,-,-,-,-,-,-,-,-,-,-,-,-,-,-,-,-,-,-,-,-,-,-,-,Savanna's Act
116,S. 239,bill,signed,2019-10-09,Donald J. Trump (first term),R,116-65,voice vote,2019-09-19,-,-,-,-,-,-,-,-,-,-,-,-,-,voice vote,2019-07-09,-,-,-,-,-,-,-,-,-,-,-,-,-,-,-,-,-,-,-,-,-,-,-,Christa McAuliffe Commemorative Coin Act of 2019
116,S. 252,bill,signed,2019-04-06,Donald J. Trump (first term),R,116-11,unanimous consent,2019-03-26,-,-,-,-,-,-,-,-,-,-,-,-,-,unanimous consent,2019-03-04,-,-,-,-,-,-,-,-,-,-,-,-,-,-,-,-,-,-,-,-,-,-,-,A bill to authorize the honorary appointment of Robert J. Dole to the grade of colonel in the regular Army.
116,S. 256,bill,signed,2019-12-20,Donald J. Trump (first term),R,116-101,voice vote,2019-12-09,-,-,-,-,-,-,-,-,-,-,-,-,-,voice vote,2019-06-27,-,-,-,-,-,-,-,-,-,-,-,-,-,-,-,-,-,-,-,-,-,-,-,Esther Martinez Native American Languages Programs Reauthorization Act
116,S. 294,bill,signed,2020-10-20,Donald J. Trump (first term),R,116-174,voice vote,2020-09-21,-,-,-,-,-,-,-,-,-,-,-,-,-,voice vote,2019-06-27,-,-,-,-,-,-,-,-,-,-,-,-,-,-,-,-,-,-,-,-,-,-,-,Native American Business Incubators Program Act
116,S. 327,bill,signed,2020-12-03,Donald J. Trump (first term),R,116-205,roll 219,2020-11-16,On Motion to Suspend the Rules and Pass,171,0,0,26,229,0,0,2,1,0,0,0,unanimous consent,2020-06-22,-,-,-,-,-,-,-,-,-,-,-,-,-,-,-,-,-,-,-,-,-,-,-,Wounded Veterans Recreation Act
116,S. 371,bill,signed,2021-01-13,Donald J. Trump (first term),R,116-342,unanimous consent,2020-12-31,-,-,-,-,-,-,-,-,-,-,-,-,-,unanimous consent,2020-12-21,-,-,-,-,-,-,-,-,-,-,-,-,-,-,-,-,-,-,-,-,-,-,-,Building Up Independent Lives and Dreams Act
116,S. 375,bill,signed,2020-03-02,Donald J. Trump (first term),R,116-117,voice vote,2020-02-05,-,-,-,-,-,-,-,-,-,-,-,-,-,unanimous consent,2019-07-16,-,-,-,-,-,-,-,-,-,-,-,-,-,-,-,-,-,-,-,-,-,-,-,Payment Integrity Information Act of 2019
116,S. 394,bill,signed,2020-03-03,Donald J. Trump (first term),R,116-121,voice vote,2020-02-05,-,-,-,-,-,-,-,-,-,-,-,-,-,unanimous consent,2019-08-01,-,-,-,-,-,-,-,-,-,-,-,-,-,-,-,-,-,-,-,-,-,-,-,Presidential Transition Enhancement Act of 2019
116,S. 457,bill,signed,2020-01-27,Donald J. Trump (first term),R,116-112,voice vote,2020-01-13,-,-,-,-,-,-,-,-,-,-,-,-,-,unanimous consent,2019-12-16,-,-,-,-,-,-,-,-,-,-,-,-,-,-,-,-,-,-,-,-,-,-,-,President George H.W. Bush and First Spouse Barbara Bush Coin Act
116,S. 461,bill,signed,2020-12-31,Donald J. Trump (first term),R,116-270,roll 237,2020-12-07,"On Motion to Suspend the Rules and Pass, as Amended",160,5,0,31,228,0,0,4,0,1,0,0,voice vote,2020-12-11,-,-,-,-,-,-,-,-,-,-,-,-,-,-,-,-,-,-,-,-,-,-,-,HBCU PARTNERS Act
116,S. 483,bill,signed,2019-03-08,Donald J. Trump (first term),R,116-8,unanimous consent,2019-02-25,-,-,-,-,-,-,-,-,-,-,-,-,-,voice vote,2019-02-28,-,-,-,-,-,-,-,-,-,-,-,-,-,-,-,-,-,-,-,-,-,-,-,Pesticide Registration Improvement Extension Act of 2018
116,S. 490,bill,signed,2020-10-13,Donald J. Trump (first term),R,116-167,voice vote,2020-09-21,-,-,-,-,-,-,-,-,-,-,-,-,-,unanimous consent,2020-02-12,-,-,-,-,-,-,-,-,-,-,-,-,-,-,-,-,-,-,-,-,-,-,-,B-47 Ridge Designation Act
116,S. 504,bill,signed,2019-07-30,Donald J. Trump (first term),R,116-35,voice vote,2019-07-23,-,-,-,-,-,-,-,-,-,-,-,-,-,unanimous consent,2019-06-11,-,-,-,-,-,-,-,-,-,-,-,-,-,-,-,-,-,-,-,-,-,-,-,Let Everyone Get Involved in Opportunities for National Service Act
116,S. 578,bill,signed,2020-12-22,Donald J. Trump (first term),R,116-250,voice vote,2020-12-08,-,-,-,-,-,-,-,-,-,-,-,-,-,roll 250,2020-12-02,On Passage of the Bill,50,1,0,1,45,0,0,1,1,0,0,1,D:2,-,-,-,-,-,-,-,-,-,ALS Disability Insurance Access Act of 2019
116,S. 693,bill,signed,2019-11-07,Donald J. Trump (first term),R,116-67,voice vote,2019-10-22,-,-,-,-,-,-,-,-,-,-,-,-,-,unanimous consent,2019-05-02,-,-,-,-,-,-,-,-,-,-,-,-,-,-,-,-,-,-,-,-,-,-,-,National POW/MIA Flag Act
116,S. 725,bill,signed,2019-04-16,Donald J. Trump (first term),R,116-15,voice vote,2019-04-02,-,-,-,-,-,-,-,-,-,-,-,-,-,unanimous consent,2019-03-07,-,-,-,-,-,-,-,-,-,-,-,-,-,-,-,-,-,-,-,-,-,-,-,A bill to change the address of the postal facility designated in honor of Captain Humayun Khan.
116,S. 737,bill,signed,2019-12-24,Donald J. Trump (first term),R,116-102,voice vote,2019-12-09,-,-,-,-,-,-,-,-,-,-,-,-,-,voice vote,2019-09-26,-,-,-,-,-,-,-,-,-,-,-,-,-,-,-,-,-,-,-,-,-,-,-,Building Blocks of STEM Act
116,S. 743,bill,signed,2020-10-17,Donald J. Trump (first term),R,116-170,unanimous consent,2020-09-22,-,-,-,-,-,-,-,-,-,-,-,-,-,unanimous consent,2019-12-05,-,-,-,-,-,-,-,-,-,-,-,-,-,-,-,-,-,-,-,-,-,-,-,Merrill's Marauders Congressional Gold Medal Act
116,S. 744,bill,signed,2019-07-25,Donald J. Trump (first term),R,116-31,voice vote,2019-07-10,-,-,-,-,-,-,-,-,-,-,-,-,-,unanimous consent,2019-05-16,-,-,-,-,-,-,-,-,-,-,-,-,-,-,-,-,-,-,-,-,-,-,-,Effective Prosecution of Possession of Biological Toxins and Agents Act of 2019
116,S. 760,bill,signed,2020-03-26,Donald J. Trump (first term),R,116-134,roll 97,2020-03-11,On Motion to Suspend the Rules and Pass,186,0,0,11,225,0,0,6,1,0,0,0,voice vote,2019-12-04,-,-,-,-,-,-,-,-,-,-,-,-,-,-,-,-,-,-,-,-,-,-,-,Support for Veterans in Effective Apprenticeships Act of 2019
116,S. 785,bill,signed,2020-10-17,Donald J. Trump (first term),R,116-171,voice vote,2020-09-23,-,-,-,-,-,-,-,-,-,-,-,-,-,voice vote,2020-08-05,-,-,-,-,-,-,-,-,-,-,-,-,-,-,-,-,-,-,-,-,-,-,-,Commander John Scott Hannon Veterans Mental Health Care Improvement Act of 2019
116,S. 832,bill,signed,2020-10-20,Donald J. Trump (first term),R,116-175,voice vote,2020-09-21,-,-,-,-,-,-,-,-,-,-,-,-,-,voice vote,2019-06-27,-,-,-,-,-,-,-,-,-,-,-,-,-,-,-,-,-,-,-,-,-,-,-,"A bill to nullify the Supplemental Treaty Between the United States of America and the Confederated Tribes and Bands of Indians of Middle Oregon, concluded on November 15, 1865."
116,S. 862,bill,signed,2019-11-22,Donald J. Trump (first term),R,116-70,unanimous consent,2019-11-20,-,-,-,-,-,-,-,-,-,-,-,-,-,voice vote,2019-08-01,-,-,-,-,-,-,-,-,-,-,-,-,-,-,-,-,-,-,-,-,-,-,-,Rebuilding Small Businesses After Disasters Act
116,S. 863,bill,signed,2019-04-08,Donald J. Trump (first term),R,116-12,unanimous consent,2019-03-28,-,-,-,-,-,-,-,-,-,-,-,-,-,unanimous consent,2019-03-25,-,-,-,-,-,-,-,-,-,-,-,-,-,-,-,-,-,-,-,-,-,-,-,"A bill to amend title 38, United States Code, to clarify the grade and pay of podiatrists of the Department of Veterans Affairs."
116,S. 881,bill,signed,2020-10-21,Donald J. Trump (first term),R,116-181,voice vote,2020-09-16,-,-,-,-,-,-,-,-,-,-,-,-,-,unanimous consent,2020-07-27,-,-,-,-,-,-,-,-,-,-,-,-,-,-,-,-,-,-,-,-,-,-,-,PROSWIFT Act
116,S. 893,bill,signed,2020-03-23,Donald J. Trump (first term),R,116-129,unanimous consent,2020-03-11,-,-,-,-,-,-,-,-,-,-,-,-,-,unanimous consent,2020-03-04,-,-,-,-,-,-,-,-,-,-,-,-,-,-,-,-,-,-,-,-,-,-,-,Secure 5G and Beyond Act of 2020
116,S. 900,bill,signed,2020-12-30,Donald J. Trump (first term),R,116-262,voice vote,2020-11-16,-,-,-,-,-,-,-,-,-,-,-,-,-,unanimous consent,2020-12-10,-,-,-,-,-,-,-,-,-,-,-,-,-,-,-,-,-,-,-,-,-,-,-,"A bill to designate the community-based outpatient clinic of the Department of Veterans Affairs in Bozeman, Montana, as the ""Travis W. Atkins Department of Veterans Affairs Clinic""."
116,S. 906,bill,vetoed,2021-01-01,Donald J. Trump (first term),R,-,roll 242,2020-12-10,On Motion to Suspend the Rules and Pass,56,105,0,35,226,0,0,6,1,0,0,0,voice vote,2020-07-22,-,-,-,-,-,-,-,-,-,-,-,-,-,-,-,-,-,-,-,-,-,-,-,Driftnet Modernization and Bycatch Reduction Act
116,S. 910,bill,signed,2020-12-18,Donald J. Trump (first term),R,116-221,voice vote,2020-11-16,-,-,-,-,-,-,-,-,-,-,-,-,-,voice vote,2020-12-02,-,-,-,-,-,-,-,-,-,-,-,-,-,-,-,-,-,-,-,-,-,-,-,National Sea Grant College Program Amendments Act of 2020
116,S. 914,bill,signed,2020-12-31,Donald J. Trump (first term),R,116-271,voice vote,2020-12-03,-,-,-,-,-,-,-,-,-,-,-,-,-,unanimous consent,2020-12-16,-,-,-,-,-,-,-,-,-,-,-,-,-,-,-,-,-,-,-,-,-,-,-,Coordinated Ocean Observations and Research Act of 2020
116,S. 945,bill,signed,2020-12-18,Donald J. Trump (first term),R,116-222,voice vote,2020-12-02,-,-,-,-,-,-,-,-,-,-,-,-,-,unanimous consent,2020-05-20,-,-,-,-,-,-,-,-,-,-,-,-,-,-,-,-,-,-,-,-,-,-,-,Holding Foreign Companies Accountable Act
116,S. 979,bill,signed,2020-12-31,Donald J. Trump (first term),R,116-272,roll 246,2020-12-18,On Motion to Suspend the Rules and Pass,155,1,0,39,230,0,0,2,1,0,0,1,unanimous consent,2019-11-07,-,-,-,-,-,-,-,-,-,-,-,-,-,-,-,-,-,-,-,-,-,-,-,FACE Act
116,S. 982,bill,signed,2020-10-10,Donald J. Trump (first term),R,116-166,voice vote,2020-09-21,-,-,-,-,-,-,-,-,-,-,-,-,-,voice vote,2020-03-11,-,-,-,-,-,-,-,-,-,-,-,-,-,-,-,-,-,-,-,-,-,-,-,Not Invisible Act of 2019
116,S. 998,bill,signed,2019-07-25,Donald J. Trump (first term),R,116-32,voice vote,2019-07-10,-,-,-,-,-,-,-,-,-,-,-,-,-,unanimous consent,2019-05-16,-,-,-,-,-,-,-,-,-,-,-,-,-,-,-,-,-,-,-,-,-,-,-,Supporting and Treating Officers In Crisis Act of 2019
116,S. 1014,bill,signed,2020-12-23,Donald J. Trump (first term),R,116-256,voice vote,2020-12-08,-,-,-,-,-,-,-,-,-,-,-,-,-,unanimous consent,2020-08-10,-,-,-,-,-,-,-,-,-,-,-,-,-,-,-,-,-,-,-,-,-,-,-,Route 66 Centennial Commission Act
116,S. 1069,bill,signed,2020-12-18,Donald J. Trump (first term),R,116-223,voice vote,2020-11-16,-,-,-,-,-,-,-,-,-,-,-,-,-,unanimous consent,2020-12-02,-,-,-,-,-,-,-,-,-,-,-,-,-,-,-,-,-,-,-,-,-,-,-,Digital Coast Act
116,S. 1130,bill,signed,2020-12-31,Donald J. Trump (first term),R,116-273,unanimous consent,2020-12-10,-,-,-,-,-,-,-,-,-,-,-,-,-,voice vote,2020-12-16,-,-,-,-,-,-,-,-,-,-,-,-,-,-,-,-,-,-,-,-,-,-,-,Scarlett's Sunshine on Sudden Unexpected Death Act
116,S. 1153,bill,signed,2020-12-22,Donald J. Trump (first term),R,116-251,voice vote,2020-12-07,-,-,-,-,-,-,-,-,-,-,-,-,-,unanimous consent,2020-12-01,-,-,-,-,-,-,-,-,-,-,-,-,-,-,-,-,-,-,-,-,-,-,-,Stop Student Debt Relief Scams Act of 2019
116,S. 1196,bill,signed,2019-10-31,Donald J. Trump (first term),R,116-66,voice vote,2019-10-16,-,-,-,-,-,-,-,-,-,-,-,-,-,unanimous consent,2019-07-30,-,-,-,-,-,-,-,-,-,-,-,-,-,-,-,-,-,-,-,-,-,-,-,"A bill to designate the facility of the United States Postal Service located at 1715 Linnerud Drive in Sun Prairie, Wisconsin, as the ""Fire Captain Cory Barr Post Office Building""."
116,S. 1310,bill,signed,2021-01-13,Donald J. Trump (first term),R,116-343,unanimous consent,2020-12-31,-,-,-,-,-,-,-,-,-,-,-,-,-,voice vote,2020-12-10,-,-,-,-,-,-,-,-,-,-,-,-,-,-,-,-,-,-,-,-,-,-,-,Organization of American States Legislative Engagement Act of 2020
116,S. 1321,bill,signed,2020-10-20,Donald J. Trump (first term),R,116-179,voice vote,2020-09-21,-,-,-,-,-,-,-,-,-,-,-,-,-,unanimous consent,2019-07-17,-,-,-,-,-,-,-,-,-,-,-,-,-,-,-,-,-,-,-,-,-,-,-,Defending the Integrity of Voting Systems Act
116,S. 1342,bill,signed,2020-12-31,Donald J. Trump (first term),R,116-274,voice vote,2020-12-03,-,-,-,-,-,-,-,-,-,-,-,-,-,unanimous consent,2020-12-10,-,-,-,-,-,-,-,-,-,-,-,-,-,-,-,-,-,-,-,-,-,-,-,Great Lakes Environmental Sensitivity Index Act of 2020
116,S. 1379,bill,signed,2019-06-24,Donald J. Trump (first term),R,116-22,voice vote,2019-06-04,-,-,-,-,-,-,-,-,-,-,-,-,-,voice vote,2019-05-16,-,-,-,-,-,-,-,-,-,-,-,-,-,-,-,-,-,-,-,-,-,-,-,Pandemic and All-Hazards Preparedness and Advancing Innovation Act of 2019
116,S. 1380,bill,signed,2020-10-21,Donald J. Trump (first term),R,116-182,voice vote,2020-09-21,-,-,-,-,-,-,-,-,-,-,-,-,-,unanimous consent,2020-05-20,-,-,-,-,-,-,-,-,-,-,-,-,-,-,-,-,-,-,-,-,-,-,-,Due Process Protections Act
116,S. 1436,bill,signed,2019-06-12,Donald J. Trump (first term),R,116-21,unanimous consent,2019-05-16,-,-,-,-,-,-,-,-,-,-,-,-,-,unanimous consent,2019-05-13,-,-,-,-,-,-,-,-,-,-,-,-,-,-,-,-,-,-,-,-,-,-,-,A bill to make technical corrections to the computation of average pay under Public Law 110-279.
116,S. 1646,bill,signed,2020-10-13,Donald J. Trump (first term),R,116-168,unanimous consent,2020-09-23,-,-,-,-,-,-,-,-,-,-,-,-,-,unanimous consent,2020-09-17,-,-,-,-,-,-,-,-,-,-,-,-,-,-,-,-,-,-,-,-,-,-,-,"A bill to designate the community-based outpatient clinic of the Department of Veterans Affairs in St. Augustine, Florida, as the ""Leo C. Chase Jr. Department of Veterans Affairs Clinic""."
116,S. 1678,bill,signed,2020-03-26,Donald J. Trump (first term),R,116-135,roll 85,2020-03-04,"On Motion to Suspend the Rules and Pass, as Amended",194,0,0,3,220,0,0,11,1,0,0,0,unanimous consent,2020-03-11,-,-,-,-,-,-,-,-,-,-,-,-,-,-,-,-,-,-,-,-,-,-,-,Taiwan Allies International Protection and Enhancement Initiative (TAIPEI) Act of 2019
116,S. 1689,bill,signed,2019-10-04,Donald J. Trump (first term),R,116-63,unanimous consent,2019-09-17,-,-,-,-,-,-,-,-,-,-,-,-,-,voice vote,2019-09-09,-,-,-,-,-,-,-,-,-,-,-,-,-,-,-,-,-,-,-,-,-,-,-,"A bill to permit States to transfer certain funds from the clean water revolving fund of a State to the drinking water revolving fund of the State in certain circumstances, and for other purposes."
116,S. 1693,bill,signed,2019-05-31,Donald J. Trump (first term),R,116-19,unanimous consent,2019-05-30,-,-,-,-,-,-,-,-,-,-,-,-,-,voice vote,2019-05-23,-,-,-,-,-,-,-,-,-,-,-,-,-,-,-,-,-,-,-,-,-,-,-,National Flood Insurance Program Extension Act of 2019
116,S. 1694,bill,signed,2020-12-31,Donald J. Trump (first term),R,116-275,voice vote,2020-12-16,-,-,-,-,-,-,-,-,-,-,-,-,-,voice vote,2020-12-19,-,-,-,-,-,-,-,-,-,-,-,-,-,-,-,-,-,-,-,-,-,-,-,One Small Step to Protect Human Heritage in Space Act
116,S. 1749,bill,signed,2019-07-25,Donald J. Trump (first term),R,116-33,unanimous consent,2019-07-09,-,-,-,-,-,-,-,-,-,-,-,-,-,voice vote,2019-06-05,-,-,-,-,-,-,-,-,-,-,-,-,-,-,-,-,-,-,-,-,-,-,-,Protecting Affordable Mortgages for Veterans Act of 2019
116,S. 1790,bill,signed,2019-12-20,Donald J. Trump (first term),R,116-92,roll 672,2019-12-11,On Agreeing to the Conference Report,189,6,0,2,188,41,0,3,0,1,0,0,roll 400,2019-12-17,On the Conference Report,48,4,0,1,37,4,0,4,1,0,0,1,D:2,-,-,-,-,-,-,-,-,-,National Defense Authorization Act for Fiscal Year 2020
116,S. 1822,bill,signed,2020-03-23,Donald J. Trump (first term),R,116-130,unanimous consent,2020-03-03,-,-,-,-,-,-,-,-,-,-,-,-,-,unanimous consent,2020-03-10,-,-,-,-,-,-,-,-,-,-,-,-,-,-,-,-,-,-,-,-,-,-,-,Broadband DATA Act
116,S. 1838,bill,signed,2019-11-27,Donald J. Trump (first term),R,116-76,roll 635,2019-11-20,On Motion to Suspend the Rules and Pass,192,1,0,4,224,0,0,9,1,0,0,0,unanimous consent,2019-11-19,-,-,-,-,-,-,-,-,-,-,-,-,-,-,-,-,-,-,-,-,-,-,-,Hong Kong Human Rights and Democracy Act of 2019
116,S. 1869,bill,signed,2020-12-31,Donald J. Trump (first term),R,116-276,voice vote,2020-11-17,-,-,-,-,-,-,-,-,-,-,-,-,-,unanimous consent,2020-12-08,-,-,-,-,-,-,-,-,-,-,-,-,-,-,-,-,-,-,-,-,-,-,-,Secure Federal LEASEs Act
116,S. 1982,bill,signed,2020-12-18,Donald J. Trump (first term),R,116-224,voice vote,2020-10-01,-,-,-,-,-,-,-,-,-,-,-,-,-,unanimous consent,2020-12-01,-,-,-,-,-,-,-,-,-,-,-,-,-,-,-,-,-,-,-,-,-,-,-,Save Our Seas 2.0 Act
116,S. 2047,bill,signed,2019-07-05,Donald J. Trump (first term),R,116-29,unanimous consent,2019-06-28,-,-,-,-,-,-,-,-,-,-,-,-,-,unanimous consent,2019-06-27,-,-,-,-,-,-,-,-,-,-,-,-,-,-,-,-,-,-,-,-,-,-,-,"A bill to provide for a 2-week extension of the Medicaid community mental health services demonstration program, and for other purposes."
116,S. 2107,bill,signed,2020-03-03,Donald J. Trump (first term),R,116-122,voice vote,2020-02-10,-,-,-,-,-,-,-,-,-,-,-,-,-,unanimous consent,2019-10-24,-,-,-,-,-,-,-,-,-,-,-,-,-,-,-,-,-,-,-,-,-,-,-,Protecting America's Food and Agriculture Act of 2019
116,S. 2163,bill,signed,2020-08-14,Donald J. Trump (first term),R,116-156,roll 167,2020-07-27,On Motion to Suspend the Rules and Pass,139,1,0,58,228,0,0,3,1,0,0,0,voice vote,2020-06-25,-,-,-,-,-,-,-,-,-,-,-,-,-,-,-,-,-,-,-,-,-,-,-,Commission on the Social Status of Black Men and Boys Act
116,S. 2174,bill,signed,2020-12-31,Donald J. Trump (first term),R,116-277,voice vote,2020-12-16,-,-,-,-,-,-,-,-,-,-,-,-,-,unanimous consent,2020-12-18,-,-,-,-,-,-,-,-,-,-,-,-,-,-,-,-,-,-,-,-,-,-,-,Missing Persons and Unidentified Remains Act of 2019
116,S. 2193,bill,signed,2020-10-01,Donald J. Trump (first term),R,116-160,roll 184,2020-09-14,On Motion to Suspend the Rules and Pass,179,2,0,17,223,0,0,8,1,0,0,0,unanimous consent,2019-11-21,-,-,-,-,-,-,-,-,-,-,-,-,-,-,-,-,-,-,-,-,-,-,-,CHARGE Act
116,S. 2216,bill,signed,2020-12-31,Donald J. Trump (first term),R,116-278,roll 244,2020-12-16,On Motion to Suspend the Rules and Pass,151,0,0,44,228,0,0,4,1,0,0,1,unanimous consent,2020-11-17,-,-,-,-,-,-,-,-,-,-,-,-,-,-,-,-,-,-,-,-,-,-,-,TEAM Veteran Caregivers Act
116,S. 2249,bill,signed,2019-08-02,Donald J. Trump (first term),R,116-38,unanimous consent,2019-07-25,-,-,-,-,-,-,-,-,-,-,-,-,-,unanimous consent,2019-07-24,-,-,-,-,-,-,-,-,-,-,-,-,-,-,-,-,-,-,-,-,-,-,-,A bill to allow the Deputy Administrator of the Federal Aviation Administration on the date of enactment of this Act to continue to serve as such Deputy Administrator.
116,S. 2258,bill,signed,2020-12-23,Donald J. Trump (first term),R,116-257,voice vote,2020-12-08,-,-,-,-,-,-,-,-,-,-,-,-,-,unanimous consent,2019-10-17,-,-,-,-,-,-,-,-,-,-,-,-,-,-,-,-,-,-,-,-,-,-,-,Criminal Antitrust Anti-Retaliation Act of 2019
116,S. 2330,bill,signed,2020-10-30,Donald J. Trump (first term),R,116-189,voice vote,2020-10-01,-,-,-,-,-,-,-,-,-,-,-,-,-,unanimous consent,2020-08-04,-,-,-,-,-,-,-,-,-,-,-,-,-,-,-,-,-,-,-,-,-,-,-,"Empowering Olympic, Paralympic, and Amateur Athletes Act of 2020"
116,S. 2472,bill,signed,2020-12-30,Donald J. Trump (first term),R,116-263,voice vote,2020-12-16,-,-,-,-,-,-,-,-,-,-,-,-,-,unanimous consent,2020-06-24,-,-,-,-,-,-,-,-,-,-,-,-,-,-,-,-,-,-,-,-,-,-,-,Neil A. Armstrong Test Facility Act
116,S. 2638,bill,signed,2020-10-30,Donald J. Trump (first term),R,116-190,voice vote,2020-10-01,-,-,-,-,-,-,-,-,-,-,-,-,-,unanimous consent,2020-07-29,-,-,-,-,-,-,-,-,-,-,-,-,-,-,-,-,-,-,-,-,-,-,-,Friendly Airports for Mothers Improvement Act
116,S. 2661,bill,signed,2020-10-17,Donald J. Trump (first term),R,116-172,voice vote,2020-09-21,-,-,-,-,-,-,-,-,-,-,-,-,-,voice vote,2020-05-13,-,-,-,-,-,-,-,-,-,-,-,-,-,-,-,-,-,-,-,-,-,-,-,National Suicide Hotline Designation Act of 2020
116,S. 2683,bill,signed,2020-12-31,Donald J. Trump (first term),R,116-279,voice vote,2020-09-16,-,-,-,-,-,-,-,-,-,-,-,-,-,voice vote,2020-12-19,-,-,-,-,-,-,-,-,-,-,-,-,-,-,-,-,-,-,-,-,-,-,-,Child Care Protection Improvement Act of 2020
116,S. 2710,bill,signed,2019-11-27,Donald J. Trump (first term),R,116-77,roll 636,2019-11-20,On Motion to Suspend the Rules and Pass,192,0,0,5,224,0,0,9,1,0,0,0,unanimous consent,2019-11-19,-,-,-,-,-,-,-,-,-,-,-,-,-,-,-,-,-,-,-,-,-,-,-,A bill to prohibit the commercial export of covered munitions items to the Hong Kong Police Force.
116,S. 2730,bill,signed,2020-12-31,Donald J. Trump (first term),R,116-280,voice vote,2020-12-18,-,-,-,-,-,-,-,-,-,-,-,-,-,unanimous consent,2020-12-10,-,-,-,-,-,-,-,-,-,-,-,-,-,-,-,-,-,-,-,-,-,-,-,Drone Advisory Committee for the 21st Century Act
116,S. 2746,bill,signed,2020-06-16,Donald J. Trump (first term),R,116-143,voice vote,2020-05-27,-,-,-,-,-,-,-,-,-,-,-,-,-,unanimous consent,2020-05-14,-,-,-,-,-,-,-,-,-,-,-,-,-,-,-,-,-,-,-,-,-,-,-,Law Enforcement Suicide Data Collection Act
116,S. 2904,bill,signed,2020-12-23,Donald J. Trump (first term),R,116-258,unanimous consent,2020-12-08,-,-,-,-,-,-,-,-,-,-,-,-,-,unanimous consent,2020-11-18,-,-,-,-,-,-,-,-,-,-,-,-,-,-,-,-,-,-,-,-,-,-,-,IOGAN Act
116,S. 2981,bill,signed,2020-12-23,Donald J. Trump (first term),R,116-259,roll 233,2020-12-04,On Motion to Suspend the Rules and Pass,38,123,0,36,227,0,0,5,0,1,0,0,unanimous consent,2020-11-16,-,-,-,-,-,-,-,-,-,-,-,-,-,-,-,-,-,-,-,-,-,-,-,National Oceanic and Atmospheric Administration Commissioned Officer Corps Amendments Act of 2020
116,S. 3051,bill,signed,2020-10-30,Donald J. Trump (first term),R,116-188,voice vote,2020-10-01,-,-,-,-,-,-,-,-,-,-,-,-,-,voice vote,2020-09-16,-,-,-,-,-,-,-,-,-,-,-,-,-,-,-,-,-,-,-,-,-,-,-,America's Conservation Enhancement Act
116,S. 3084,bill,signed,2020-07-02,Donald J. Trump (first term),R,116-146,voice vote,2020-05-28,-,-,-,-,-,-,-,-,-,-,-,-,-,unanimous consent,2020-06-08,-,-,-,-,-,-,-,-,-,-,-,-,-,-,-,-,-,-,-,-,-,-,-,"A bill to amend title 38, United States Code, to modify the limitation on pay for certain high-level employees and officers of the Department of Veterans Affairs."
116,S. 3105,bill,signed,2020-10-01,Donald J. Trump (first term),R,116-161,voice vote,2020-09-14,-,-,-,-,-,-,-,-,-,-,-,-,-,unanimous consent,2019-12-18,-,-,-,-,-,-,-,-,-,-,-,-,-,-,-,-,-,-,-,-,-,-,-,"A bill to designate the facility of the United States Postal Service located at 456 North Meridian Street in Indianapolis, Indiana, as the ""Richard G. Lugar Post Office""."
116,S. 3147,bill,signed,2020-12-04,Donald J. Trump (first term),R,116-212,roll 220,2020-11-16,On Motion to Suspend the Rules and Pass,167,0,0,30,226,0,0,5,1,0,0,0,unanimous consent,2019-12-19,-,-,-,-,-,-,-,-,-,-,-,-,-,-,-,-,-,-,-,-,-,-,-,Improving Safety and Security for Veterans Act of 2019
116,S. 3201,bill,signed,2020-02-06,Donald J. Trump (first term),R,116-114,roll 32,2020-01-29,On Motion to Suspend the Rules and Pass,183,1,0,13,137,86,0,8,0,1,0,0,unanimous consent,2020-01-16,-,-,-,-,-,-,-,-,-,-,-,-,-,-,-,-,-,-,-,-,-,-,-,Temporary Reauthorization and Study of the Emergency Scheduling of Fentanyl Analogues Act
116,S. 3257,bill,signed,2020-12-30,Donald J. Trump (first term),R,116-264,unanimous consent,2020-12-10,-,-,-,-,-,-,-,-,-,-,-,-,-,unanimous consent,2020-11-18,-,-,-,-,-,-,-,-,-,-,-,-,-,-,-,-,-,-,-,-,-,-,-,"A bill to designate the facility of the United States Postal Service located at 311 West Wisconsin Avenue in Tomahawk, Wisconsin, as the ""Einar 'Sarge' H. Ingman, Jr. Post Office Building""."
116,S. 3312,bill,signed,2020-12-31,Donald J. Trump (first term),R,116-281,voice vote,2020-12-16,-,-,-,-,-,-,-,-,-,-,-,-,-,unanimous consent,2020-11-16,-,-,-,-,-,-,-,-,-,-,-,-,-,-,-,-,-,-,-,-,-,-,-,Crisis Stabilization and Community Reentry Act of 2020
116,S. 3414,bill,signed,2020-06-16,Donald J. Trump (first term),R,116-144,voice vote,2020-05-28,-,-,-,-,-,-,-,-,-,-,-,-,-,unanimous consent,2020-03-05,-,-,-,-,-,-,-,-,-,-,-,-,-,-,-,-,-,-,-,-,-,-,-,Major Medical Facility Authorization Act of 2020
116,S. 3418,bill,signed,2021-01-01,Donald J. Trump (first term),R,116-284,voice vote,2020-12-18,-,-,-,-,-,-,-,-,-,-,-,-,-,unanimous consent,2020-12-09,-,-,-,-,-,-,-,-,-,-,-,-,-,-,-,-,-,-,-,-,-,-,-,STORM Act
116,S. 3461,bill,signed,2020-12-30,Donald J. Trump (first term),R,116-265,unanimous consent,2020-12-10,-,-,-,-,-,-,-,-,-,-,-,-,-,unanimous consent,2020-11-18,-,-,-,-,-,-,-,-,-,-,-,-,-,-,-,-,-,-,-,-,-,-,-,"A bill to designate the facility of the United States Postal Service located at 2600 Wesley Street in Greenville, Texas, as the ""Audie Murphy Post Office Building""."
116,S. 3462,bill,signed,2020-12-30,Donald J. Trump (first term),R,116-266,unanimous consent,2020-12-10,-,-,-,-,-,-,-,-,-,-,-,-,-,unanimous consent,2020-11-18,-,-,-,-,-,-,-,-,-,-,-,-,-,-,-,-,-,-,-,-,-,-,-,"A bill to designate the facility of the United States Postal Service located at 909 West Holiday Drive in Fate, Texas, as the ""Ralph Hall Post Office""."
116,S. 3503,bill,signed,2020-03-21,Donald J. Trump (first term),R,116-128,unanimous consent,2020-03-19,-,-,-,-,-,-,-,-,-,-,-,-,-,voice vote,2020-03-16,-,-,-,-,-,-,-,-,-,-,-,-,-,-,-,-,-,-,-,-,-,-,-,"A bill to authorize the Secretary of Veterans Affairs to treat certain programs of education converted to distance learning by reason of emergencies and health-related situations in the same manner as programs of education pursued at educational institutions, and for other purposes."
116,S. 3587,bill,signed,2020-12-04,Donald J. Trump (first term),R,116-213,voice vote,2020-11-16,-,-,-,-,-,-,-,-,-,-,-,-,-,unanimous consent,2020-03-26,-,-,-,-,-,-,-,-,-,-,-,-,-,-,-,-,-,-,-,-,-,-,-,Department of Veterans Affairs Website Accessibility Act of 2019
116,S. 3607,bill,signed,2020-08-14,Donald J. Trump (first term),R,116-157,unanimous consent,2020-07-20,-,-,-,-,-,-,-,-,-,-,-,-,-,voice vote,2020-05-14,-,-,-,-,-,-,-,-,-,-,-,-,-,-,-,-,-,-,-,-,-,-,-,Safeguarding America's First Responders Act of 2020
116,S. 3637,bill,signed,2020-08-14,Donald J. Trump (first term),R,116-158,unanimous consent,2020-07-20,-,-,-,-,-,-,-,-,-,-,-,-,-,unanimous consent,2020-06-10,-,-,-,-,-,-,-,-,-,-,-,-,-,-,-,-,-,-,-,-,-,-,-,"A bill to amend the Servicemembers Civil Relief Act to extend lease protections for servicemembers under stop movement orders in response to a local, national, or global emergency, and for other purposes."
116,S. 3703,bill,signed,2020-12-22,Donald J. Trump (first term),R,116-252,unanimous consent,2020-12-08,-,-,-,-,-,-,-,-,-,-,-,-,-,unanimous consent,2020-08-06,-,-,-,-,-,-,-,-,-,-,-,-,-,-,-,-,-,-,-,-,-,-,-,Promoting Alzheimer's Awareness to Prevent Elder Abuse Act
116,S. 3744,bill,signed,2020-06-17,Donald J. Trump (first term),R,116-145,roll 110,2020-05-27,On Motion to Suspend the Rules and Pass,181,1,0,15,231,0,0,2,1,0,0,0,unanimous consent,2020-05-14,-,-,-,-,-,-,-,-,-,-,-,-,-,-,-,-,-,-,-,-,-,-,-,Uyghur Human Rights Policy Act of 2020
116,S. 3758,bill,signed,2020-10-30,Donald J. Trump (first term),R,116-191,voice vote,2020-10-01,-,-,-,-,-,-,-,-,-,-,-,-,-,voice vote,2020-06-30,-,-,-,-,-,-,-,-,-,-,-,-,-,-,-,-,-,-,-,-,-,-,-,A bill to amend the Klamath Basin Water Supply Enhancement Act of 2000 to make certain technical corrections.
116,S. 3989,bill,signed,2020-12-31,Donald J. Trump (first term),R,116-282,voice vote,2020-12-17,-,-,-,-,-,-,-,-,-,-,-,-,-,unanimous consent,2020-12-19,-,-,-,-,-,-,-,-,-,-,-,-,-,-,-,-,-,-,-,-,-,-,-,United States Semiquincentennial Commission Amendments Act of 2020
116,S. 4054,bill,signed,2020-12-11,Donald J. Trump (first term),R,116-216,voice vote,2020-12-02,-,-,-,-,-,-,-,-,-,-,-,-,-,voice vote,2020-11-16,-,-,-,-,-,-,-,-,-,-,-,-,-,-,-,-,-,-,-,-,-,-,-,United States Grain Standards Reauthorization Act of 2020
116,S. 4072,bill,signed,2020-10-13,Donald J. Trump (first term),R,116-169,unanimous consent,2020-09-23,-,-,-,-,-,-,-,-,-,-,-,-,-,unanimous consent,2020-09-17,-,-,-,-,-,-,-,-,-,-,-,-,-,-,-,-,-,-,-,-,-,-,-,"A bill to designate the clinic of the Department of Veterans Affairs in Bend, Oregon, as the ""Robert D. Maxwell Department of Veterans Affairs Clinic""."
116,S. 4075,bill,signed,2020-10-30,Donald J. Trump (first term),R,116-192,voice vote,2020-10-01,-,-,-,-,-,-,-,-,-,-,-,-,-,unanimous consent,2020-08-06,-,-,-,-,-,-,-,-,-,-,-,-,-,-,-,-,-,-,-,-,-,-,-,RLF Act
116,S. 4091,bill,signed,2020-07-13,Donald J. Trump (first term),R,116-148,unanimous consent,2020-06-29,-,-,-,-,-,-,-,-,-,-,-,-,-,voice vote,2020-06-29,-,-,-,-,-,-,-,-,-,-,-,-,-,-,-,-,-,-,-,-,-,-,-,Emergency Aid for Returning Americans Affected by Coronavirus Act
116,S. 4116,bill,signed,2020-07-04,Donald J. Trump (first term),R,116-147,unanimous consent,2020-07-01,-,-,-,-,-,-,-,-,-,-,-,-,-,unanimous consent,2020-06-30,-,-,-,-,-,-,-,-,-,-,-,-,-,-,-,-,-,-,-,-,-,-,-,"A bill to extend the authority for commitments for the paycheck protection program and separate amounts authorized for other loans under section 7(a) of the Small Business Act, and for other purposes."
116,S. 4126,bill,signed,2020-12-30,Donald J. Trump (first term),R,116-267,unanimous consent,2020-12-10,-,-,-,-,-,-,-,-,-,-,-,-,-,unanimous consent,2020-11-18,-,-,-,-,-,-,-,-,-,-,-,-,-,-,-,-,-,-,-,-,-,-,-,"A bill to designate the facility of the United States Postal Service located at 104 East Main Street in Port Washington, Wisconsin, as the ""Joseph G. Demler Post Office""."
116,S. 4148,bill,signed,2020-07-22,Donald J. Trump (first term),R,116-150,unanimous consent,2020-07-20,-,-,-,-,-,-,-,-,-,-,-,-,-,unanimous consent,2020-07-01,-,-,-,-,-,-,-,-,-,-,-,-,-,-,-,-,-,-,-,-,-,-,-,"A bill to extend the Chemical Facility Anti-Terrorism Standards Program of the Department of Homeland Security, and for other purposes."
116,S. 4209,bill,signed,2020-08-03,Donald J. Trump (first term),R,116-151,unanimous consent,2020-07-09,-,-,-,-,-,-,-,-,-,-,-,-,-,unanimous consent,2020-07-02,-,-,-,-,-,-,-,-,-,-,-,-,-,-,-,-,-,-,-,-,-,-,-,Protecting Nonprofits from Catastrophic Cash Flow Strain Act of 2020
116,S. 4684,bill,signed,2020-12-30,Donald J. Trump (first term),R,116-268,unanimous consent,2020-12-10,-,-,-,-,-,-,-,-,-,-,-,-,-,unanimous consent,2020-12-03,-,-,-,-,-,-,-,-,-,-,-,-,-,-,-,-,-,-,-,-,-,-,-,"A bill to designate the facility of the United States Postal Service located at 440 Arapahoe Street in Thermopolis, Wyoming, as the ""Robert L. Brown Post Office""."
116,S. 4762,bill,signed,2020-10-30,Donald J. Trump (first term),R,116-193,unanimous consent,2020-10-01,-,-,-,-,-,-,-,-,-,-,-,-,-,unanimous consent,2020-09-30,-,-,-,-,-,-,-,-,-,-,-,-,-,-,-,-,-,-,-,-,-,-,-,"A bill to designate the airport traffic control tower located at Piedmont Triad International Airport in Greensboro, North Carolina, as the ""Senator Kay Hagan Airport Traffic Control Tower""."
116,S. 4902,bill,signed,2020-12-21,Donald J. Trump (first term),R,116-245,voice vote,2020-12-08,-,-,-,-,-,-,-,-,-,-,-,-,-,unanimous consent,2020-11-17,-,-,-,-,-,-,-,-,-,-,-,-,-,-,-,-,-,-,-,-,-,-,-,"A bill to designate the United States courthouse located at 351 South West Temple in Salt Lake City, Utah, as the ""Orrin G. Hatch United States Courthouse""."
116,S. 4996,bill,signed,2021-01-12,Donald J. Trump (first term),R,116-325,unanimous consent,2020-12-21,-,-,-,-,-,-,-,-,-,-,-,-,-,unanimous consent,2020-12-09,-,-,-,-,-,-,-,-,-,-,-,-,-,-,-,-,-,-,-,-,-,-,-,Bankruptcy Administration Improvement Act of 2020
116,S. 5036,bill,signed,2020-12-30,Donald J. Trump (first term),R,116-269,unanimous consent,2020-12-18,-,-,-,-,-,-,-,-,-,-,-,-,-,unanimous consent,2020-12-16,-,-,-,-,-,-,-,-,-,-,-,-,-,-,-,-,-,-,-,-,-,-,-,Secret Service Overtime Pay Extension Act
116,S. 5076,bill,signed,2021-01-13,Donald J. Trump (first term),R,116-344,unanimous consent,2020-12-31,-,-,-,-,-,-,-,-,-,-,-,-,-,unanimous consent,2020-12-20,-,-,-,-,-,-,-,-,-,-,-,-,-,-,-,-,-,-,-,-,-,-,-,A bill to authorize the Sergeant at Arms and Doorkeeper of the Senate to delegate authority to approve payroll and personnel actions.
116,S.J.Res. 7,War Powers,vetoed,2019-04-16,Donald J. Trump (first term),R,-,roll 153,2019-04-04,On Passage,16,175,1,5,231,0,0,4,0,0,0,0,roll 48,2019-03-13,On the Joint Resolution,7,46,0,0,45,0,0,0,2,0,0,0,D:2,-,-,-,-,roll 94,53,45,sustained,-,A joint resolution to direct the removal of United States Armed Forces from hostilities in the Republic of Yemen that have not been authorized by Congress.
116,S.J.Res. 36,arms-sale disapproval,vetoed,2019-07-24,Donald J. Trump (first term),R,-,roll 486,2019-07-17,On Passage,4,190,0,3,233,0,0,1,1,0,0,0,roll 177,2019-06-20,On the Joint Resolution,7,45,0,1,44,0,0,1,2,0,0,0,D:2,-,-,-,-,roll 231,45,40,sustained,-,"A joint resolution providing for congressional disapproval of the proposed transfer to the Kingdom of Saudi Arabia, the United Kingdom of Great Britain and Northern Ireland, the Kingdom of Spain, and the Italian Republic of certain defense articles and services."
116,S.J.Res. 37,arms-sale disapproval,vetoed,2019-07-24,Donald J. Trump (first term),R,-,roll 487,2019-07-17,On Passage,4,190,0,3,233,0,0,1,1,0,0,0,roll 179,2019-06-20,On the Joint Resolution,5,45,0,3,44,0,0,1,2,0,0,0,D:2,-,-,-,-,roll 232,45,39,sustained,-,"A joint resolution providing for congressional disapproval of the proposed export to the United Arab Emirates, the United Kingdom of Great Britain and Northern Ireland, and the Republic of France of certain defense articles and services."
116,S.J.Res. 38,arms-sale disapproval,vetoed,2019-07-24,Donald J. Trump (first term),R,-,roll 488,2019-07-17,On Passage,4,190,0,3,232,0,0,2,1,0,0,0,roll 178,2019-06-20,On the Joint Resolution,7,45,0,1,44,0,0,1,2,0,0,0,D:2,-,-,-,-,roll 233,46,41,sustained,-,A joint resolution providing for congressional disapproval of the proposed export to the Kingdom of Saudi Arabia and the United Kingdom of Great Britain and Northern Ireland of certain defense articles and services.
116,S.J.Res. 54,national emergency,vetoed,2019-10-15,Donald J. Trump (first term),R,-,roll 553,2019-09-27,On Passage,11,174,0,13,224,0,0,10,1,0,0,0,roll 302,2019-09-25,On the Joint Resolution,11,41,0,1,42,0,0,3,1,0,0,1,D:2,-,-,-,-,roll 325,53,36,sustained,-,"A joint resolution relating to a national emergency declared by the President on February 15, 2019."
116,S.J.Res. 65,joint resolution,signed,2020-03-02,Donald J. Trump (first term),R,116-118,unanimous consent,2020-02-05,-,-,-,-,-,-,-,-,-,-,-,-,-,unanimous consent,2020-01-09,-,-,-,-,-,-,-,-,-,-,-,-,-,-,-,-,-,-,-,-,-,-,-,A joint resolution providing for the reappointment of John Fahey as a citizen regent of the Board of Regents of the Smithsonian Institution.
116,S.J.Res. 66,joint resolution,signed,2020-04-10,Donald J. Trump (first term),R,116-138,unanimous consent,2020-03-31,-,-,-,-,-,-,-,-,-,-,-,-,-,unanimous consent,2020-01-09,-,-,-,-,-,-,-,-,-,-,-,-,-,-,-,-,-,-,-,-,-,-,-,A joint resolution providing for the appointment of Denise O'Leary as a citizen regent of the Board of Regents of the Smithsonian Institution.
116,S.J.Res. 67,joint resolution,signed,2020-03-02,Donald J. Trump (first term),R,116-119,unanimous consent,2020-02-05,-,-,-,-,-,-,-,-,-,-,-,-,-,unanimous consent,2020-01-09,-,-,-,-,-,-,-,-,-,-,-,-,-,-,-,-,-,-,-,-,-,-,-,A joint resolution providing for the reappointment of Risa Lavizzo-Mourey as a citizen regent of the Board of Regents of the Smithsonian Institution.
116,S.J.Res. 68,War Powers,vetoed,2020-05-06,Donald J. Trump (first term),R,-,roll 101,2020-03-11,On Passage,6,180,0,11,220,6,0,5,1,0,0,0,roll 52,2020-02-13,On the Joint Resolution,8,45,0,0,45,0,0,0,2,0,0,0,D:2,-,-,-,-,roll 84,49,44,sustained,-,A joint resolution to direct the removal of United States Armed Forces from hostilities against the Islamic Republic of Iran that have not been authorized by Congress.
117,H.J.Res. 27,joint resolution,signed,2021-06-23,Joseph R. Biden Jr.,D,117-19,unanimous consent,2021-05-20,-,-,-,-,-,-,-,-,-,-,-,-,-,unanimous consent,2021-06-10,-,-,-,-,-,-,-,-,-,-,-,-,-,-,-,-,-,-,-,-,-,-,-,Providing for the appointment of Barbara Barrett as a citizen regent of the Board of Regents of the Smithsonian Institution.
117,H.J.Res. 75,joint resolution,signed,2022-03-11,Joseph R. Biden Jr.,D,117-95,voice vote,2022-03-09,-,-,-,-,-,-,-,-,-,-,-,-,-,voice vote,2022-03-10,-,-,-,-,-,-,-,-,-,-,-,-,-,-,-,-,-,-,-,-,-,-,-,"Extension of Continuing Appropriations Act, 2022"
117,H.J.Res. 100,joint resolution,signed,2022-12-02,Joseph R. Biden Jr.,D,117-216,roll 490,2022-11-30,On Passage,79,129,0,5,211,8,0,0,0,0,0,0,roll 372,2022-12-01,On the Resolution,37,10,1,2,42,4,0,2,1,1,0,0,D:2,-,-,-,-,-,-,-,-,-,To provide for a resolution with respect to the unresolved disputes between certain railroads represented by the National Carriers' Conference Committee of the National Railway Labor Conference and certain of their employees.
117,H.R. 26,bill,signed,2021-07-26,Joseph R. Biden Jr.,D,117-28,voice vote,2021-01-05,-,-,-,-,-,-,-,-,-,-,-,-,-,unanimous consent,2021-07-13,-,-,-,-,-,-,-,-,-,-,-,-,-,-,-,-,-,-,-,-,-,-,-,Construction Consensus Procurement Improvement Act of 2021
117,H.R. 49,bill,signed,2021-06-25,Joseph R. Biden Jr.,D,117-20,voice vote,2021-05-12,-,-,-,-,-,-,-,-,-,-,-,-,-,unanimous consent,2021-06-09,-,-,-,-,-,-,-,-,-,-,-,-,-,-,-,-,-,-,-,-,-,-,-,"To designate the National Pulse Memorial located at 1912 South Orange Avenue, Orlando, Florida, 32806, and for other purposes."
117,H.R. 55,bill,signed,2022-03-29,Joseph R. Biden Jr.,D,117-107,roll 47,2022-02-28,"On Motion to Suspend the Rules and Pass, as Amended",201,3,0,7,221,0,0,1,0,0,0,0,unanimous consent,2022-03-07,-,-,-,-,-,-,-,-,-,-,-,-,-,-,-,-,-,-,-,-,-,-,-,Emmett Till Antilynching Act
117,H.R. 91,bill,signed,2022-10-11,Joseph R. Biden Jr.,D,117-193,roll 173,2022-05-12,On Motion to Suspend the Rules and Pass,200,0,2,6,212,3,0,5,0,0,0,0,unanimous consent,2022-09-20,-,-,-,-,-,-,-,-,-,-,-,-,-,-,-,-,-,-,-,-,-,-,-,"To designate the facility of the United States Postal Service located at 810 South Pendleton Street in Easley, South Carolina, as the ""Private First Class Barrett Lyle Austin Post Office Building""."
117,H.R. 92,bill,signed,2022-10-11,Joseph R. Biden Jr.,D,117-194,roll 174,2022-05-12,On Motion to Suspend the Rules and Pass,198,0,2,8,207,3,0,10,0,0,0,0,unanimous consent,2022-09-20,-,-,-,-,-,-,-,-,-,-,-,-,-,-,-,-,-,-,-,-,-,-,-,"To designate the facility of the United States Postal Service located at 110 Johnson Street in Pickens, South Carolina, as the ""Specialist Four Charles Johnson Post Office""."
117,H.R. 189,bill,signed,2022-03-18,Joseph R. Biden Jr.,D,117-104,voice vote,2021-04-14,-,-,-,-,-,-,-,-,-,-,-,-,-,voice vote,2022-02-17,-,-,-,-,-,-,-,-,-,-,-,-,-,-,-,-,-,-,-,-,-,-,-,John Lewis NIMHD Research Endowment Revitalization Act of 2021
117,H.R. 203,bill,signed,2022-12-27,Joseph R. Biden Jr.,D,117-265,roll 357,2022-07-14,On Motion to Suspend the Rules and Pass,169,35,4,3,217,0,0,2,0,0,0,0,unanimous consent,2022-12-19,-,-,-,-,-,-,-,-,-,-,-,-,-,-,-,-,-,-,-,-,-,-,-,"To designate the facility of the United States Postal Service located at 4020 Broadway Street in Houston, Texas, as the Benny C. Martinez Post Office Building."
117,H.R. 208,bill,signed,2021-08-06,Joseph R. Biden Jr.,D,117-33,roll 32,2021-02-23,On Motion to Suspend the Rules and Pass,203,0,0,8,203,15,0,2,0,0,0,0,unanimous consent,2021-07-27,-,-,-,-,-,-,-,-,-,-,-,-,-,-,-,-,-,-,-,-,-,-,-,"To designate the facility of the United States Postal Service located at 500 West Main Street, Suite 102 in Tupelo, Mississippi, as the Colonel Carlyle Smitty Harris Post Office."
117,H.R. 228,bill,signed,2022-12-19,Joseph R. Biden Jr.,D,117-230,voice vote,2022-07-12,-,-,-,-,-,-,-,-,-,-,-,-,-,unanimous consent,2022-12-06,-,-,-,-,-,-,-,-,-,-,-,-,-,-,-,-,-,-,-,-,-,-,-,"To designate the facility of the United States Postal Service located at 2141 Ferry Street in Anderson, California, as the ""Norma Comnick Post Office Building""."
117,H.R. 263,bill,signed,2022-12-20,Joseph R. Biden Jr.,D,117-243,roll 415,2022-07-29,On Passage,63,134,0,14,215,0,0,4,0,0,0,0,voice vote,2022-12-06,-,-,-,-,-,-,-,-,-,-,-,-,-,-,-,-,-,-,-,-,-,-,-,Big Cat Public Safety Act
117,H.R. 264,bill,signed,2021-08-06,Joseph R. Biden Jr.,D,117-34,voice vote,2021-02-23,-,-,-,-,-,-,-,-,-,-,-,-,-,unanimous consent,2021-07-27,-,-,-,-,-,-,-,-,-,-,-,-,-,-,-,-,-,-,-,-,-,-,-,"To designate the facility of the United States Postal Service located at 1101 Charlotte Street in Georgetown, South Carolina, as the ""Joseph Hayne Rainey Memorial Post Office Building""."
117,H.R. 310,bill,signed,2022-12-21,Joseph R. Biden Jr.,D,117-256,voice vote,2022-07-26,-,-,-,-,-,-,-,-,-,-,-,-,-,unanimous consent,2022-12-08,-,-,-,-,-,-,-,-,-,-,-,-,-,-,-,-,-,-,-,-,-,-,-,"To posthumously award the Congressional Gold Medal, collectively, to Glen Doherty, Tyrone Woods, J. Christopher Stevens, and Sean Smith, in recognition of their contributions to the Nation."
117,H.R. 335,bill,signed,2021-01-22,Joseph R. Biden Jr.,D,117-1,roll 18,2021-01-21,On Passage,121,63,0,27,205,15,0,0,0,0,0,0,roll 4,2021-01-21,On Passage of the Bill,33,13,0,4,34,14,0,0,2,0,0,0,D:2,-,-,-,-,-,-,-,-,-,To provide for an exception to a limitation against appointment of persons as Secretary of Defense within seven years of relief from active duty as a regular commissioned officer of the Armed Forces.
117,H.R. 390,bill,signed,2021-12-21,Joseph R. Biden Jr.,D,117-74,roll 364,2021-11-04,On Motion to Suspend the Rules and Pass,205,2,1,5,217,0,0,3,0,0,0,0,unanimous consent,2021-12-09,-,-,-,-,-,-,-,-,-,-,-,-,-,-,-,-,-,-,-,-,-,-,-,"To redesignate the Federal building located at 167 North Main Street in Memphis, Tennessee as the ""Odell Horton Federal Building""."
117,H.R. 441,bill,signed,2022-12-27,Joseph R. Biden Jr.,D,117-266,voice vote,2022-04-26,-,-,-,-,-,-,-,-,-,-,-,-,-,unanimous consent,2022-12-19,-,-,-,-,-,-,-,-,-,-,-,-,-,-,-,-,-,-,-,-,-,-,-,Don Young Alaska Native Health Care Land Transfers Act of 2022
117,H.R. 468,bill,signed,2022-10-10,Joseph R. Biden Jr.,D,117-186,voice vote,2021-06-15,-,-,-,-,-,-,-,-,-,-,-,-,-,unanimous consent,2022-09-27,-,-,-,-,-,-,-,-,-,-,-,-,-,-,-,-,-,-,-,-,-,-,-,Expedited Delivery of Airport Infrastructure Act of 2021
117,H.R. 478,bill,signed,2022-12-27,Joseph R. Biden Jr.,D,117-267,no recorded vote,2021-05-12,-,-,-,-,-,-,-,-,-,-,-,-,-,voice vote,2022-12-19,-,-,-,-,-,-,-,-,-,-,-,-,-,-,-,-,-,-,-,-,-,-,-,Blackwater Trading Post Land Transfer Act
117,H.R. 521,bill,signed,2022-12-09,Joseph R. Biden Jr.,D,117-225,roll 301,2022-07-12,"On Motion to Suspend the Rules and Pass, as Amended",204,0,0,7,213,0,0,6,0,0,0,0,unanimous consent,2022-11-17,-,-,-,-,-,-,-,-,-,-,-,-,-,-,-,-,-,-,-,-,-,-,-,First Responder Fair RETIRE Act
117,H.R. 700,bill,signed,2022-12-19,Joseph R. Biden Jr.,D,117-231,roll 165,2022-05-11,On Motion to Suspend the Rules and Pass,172,25,1,10,208,1,0,11,0,0,0,0,unanimous consent,2022-12-06,-,-,-,-,-,-,-,-,-,-,-,-,-,-,-,-,-,-,-,-,-,-,-,"To designate the facility of the United States Postal Service located at 303 East Mississippi Avenue in Elwood, Illinois, as the ""Lawrence M. 'Larry' Walsh Sr. Post Office""."
117,H.R. 711,bill,signed,2021-06-23,Joseph R. Biden Jr.,D,117-18,unanimous consent,2021-06-15,-,-,-,-,-,-,-,-,-,-,-,-,-,unanimous consent,2021-05-28,-,-,-,-,-,-,-,-,-,-,-,-,-,-,-,-,-,-,-,-,-,-,-,West Los Angeles VA Campus Improvement Act of 2021
117,H.R. 735,bill,signed,2022-06-24,Joseph R. Biden Jr.,D,117-155,roll 41,2022-02-08,"On Motion to Suspend the Rules and Pass, as Amended",203,4,1,4,219,0,0,2,0,0,0,0,unanimous consent,2022-05-25,-,-,-,-,-,-,-,-,-,-,-,-,-,-,-,-,-,-,-,-,-,-,-,"To designate the facility of the United States Postal Service located at 502 East Cotati Avenue in Cotati, California, as the ""Arturo L. Ibleto Post Office Building""."
117,H.R. 767,bill,signed,2022-06-24,Joseph R. Biden Jr.,D,117-156,voice vote,2021-10-20,-,-,-,-,-,-,-,-,-,-,-,-,-,unanimous consent,2022-05-25,-,-,-,-,-,-,-,-,-,-,-,-,-,-,-,-,-,-,-,-,-,-,-,"To designate the facility of the United States Postal Service located at 40 Fulton Street in Middletown, New York, as the ""Benjamin A. Gilman Post Office Building""."
117,H.R. 772,bill,signed,2021-08-06,Joseph R. Biden Jr.,D,117-35,voice vote,2021-02-23,-,-,-,-,-,-,-,-,-,-,-,-,-,unanimous consent,2021-07-27,-,-,-,-,-,-,-,-,-,-,-,-,-,-,-,-,-,-,-,-,-,-,-,"To designate the facility of the United States Postal Service located at 229 Minnetonka Avenue South in Wayzata, Minnesota, as the Jim Ramstad Post Office."
117,H.R. 897,bill,signed,2023-01-05,Joseph R. Biden Jr.,D,117-329,roll 426,2021-12-08,"On Motion to Suspend the Rules and Pass, as Amended",180,30,0,3,215,0,0,5,0,0,0,0,unanimous consent,2022-12-21,-,-,-,-,-,-,-,-,-,-,-,-,-,-,-,-,-,-,-,-,-,-,-,Agua Caliente Land Exchange Fee to Trust Confirmation Act
117,H.R. 941,bill,signed,2021-05-26,Joseph R. Biden Jr.,D,117-15,roll 109,2021-04-15,On Motion to Suspend the Rules and Pass,200,2,0,10,215,0,0,2,0,0,0,0,voice vote,2021-05-17,-,-,-,-,-,-,-,-,-,-,-,-,-,-,-,-,-,-,-,-,-,-,-,TRANSPLANT Act of 2021
117,H.R. 960,bill,signed,2022-03-11,Joseph R. Biden Jr.,D,117-93,voice vote,2021-10-20,-,-,-,-,-,-,-,-,-,-,-,-,-,unanimous consent,2022-02-15,-,-,-,-,-,-,-,-,-,-,-,-,-,-,-,-,-,-,-,-,-,-,-,"To designate the facility of the United States Postal Service located at 3493 Burnet Avenue in Cincinnati, Ohio, as the John H. Leahr and Herbert M. Heilbrun Post Office."
117,H.R. 1002,bill,signed,2021-08-06,Joseph R. Biden Jr.,D,117-36,roll 112,2021-04-15,"On Motion to Suspend the Rules and Pass, as Amended",201,5,0,6,210,0,0,7,0,0,0,0,unanimous consent,2021-07-27,-,-,-,-,-,-,-,-,-,-,-,-,-,-,-,-,-,-,-,-,-,-,-,DEBAR Act of 2021
117,H.R. 1057,bill,signed,2022-08-03,Joseph R. Biden Jr.,D,117-162,voice vote,2022-07-26,-,-,-,-,-,-,-,-,-,-,-,-,-,voice vote,2022-07-27,-,-,-,-,-,-,-,-,-,-,-,-,-,-,-,-,-,-,-,-,-,-,-,Greatest Generation Commemorative Coin Act
117,H.R. 1082,bill,signed,2023-01-05,Joseph R. Biden Jr.,D,117-330,no recorded vote,2022-12-23,-,-,-,-,-,-,-,-,-,-,-,-,-,unanimous consent,2022-12-22,-,-,-,-,-,-,-,-,-,-,-,-,-,-,-,-,-,-,-,-,-,-,-,Sami's Law
117,H.R. 1095,bill,signed,2022-12-27,Joseph R. Biden Jr.,D,117-268,voice vote,2022-07-12,-,-,-,-,-,-,-,-,-,-,-,-,-,unanimous consent,2022-12-19,-,-,-,-,-,-,-,-,-,-,-,-,-,-,-,-,-,-,-,-,-,-,-,"To designate the facility of the United States Postal Service located at 101 South Willowbrook Avenue in Compton, California, as the ""PFC James Anderson, Jr., Post Office Building""."
117,H.R. 1154,bill,signed,2023-01-05,Joseph R. Biden Jr.,D,117-331,roll 303,2021-09-28,On Motion to Suspend the Rules and Pass,173,36,0,3,218,0,0,1,0,0,0,0,unanimous consent,2022-12-21,-,-,-,-,-,-,-,-,-,-,-,-,-,-,-,-,-,-,-,-,-,-,-,Great Dismal Swamp National Heritage Area Act
117,H.R. 1170,bill,signed,2022-06-23,Joseph R. Biden Jr.,D,117-152,voice vote,2021-10-20,-,-,-,-,-,-,-,-,-,-,-,-,-,unanimous consent,2022-05-25,-,-,-,-,-,-,-,-,-,-,-,-,-,-,-,-,-,-,-,-,-,-,-,"To designate the facility of the United States Postal Service located at 1 League in Irvine, California, as the ""Tuskegee Airman Lieutenant Colonel Robert J. Friend Memorial Post Office Building""."
117,H.R. 1192,bill,signed,2022-01-20,Joseph R. Biden Jr.,D,117-82,voice vote,2022-01-19,-,-,-,-,-,-,-,-,-,-,-,-,-,unanimous consent,2021-12-18,-,-,-,-,-,-,-,-,-,-,-,-,-,-,-,-,-,-,-,-,-,-,-,PRRADA
117,H.R. 1193,bill,signed,2022-12-20,Joseph R. Biden Jr.,D,117-244,voice vote,2022-12-05,-,-,-,-,-,-,-,-,-,-,-,-,-,unanimous consent,2022-12-01,-,-,-,-,-,-,-,-,-,-,-,-,-,-,-,-,-,-,-,-,-,-,-,Cardiovascular Advances in Research and Opportunities Legacy Act
117,H.R. 1276,bill,signed,2021-03-24,Joseph R. Biden Jr.,D,117-4,unanimous consent,2021-03-19,-,-,-,-,-,-,-,-,-,-,-,-,-,voice vote,2021-03-17,-,-,-,-,-,-,-,-,-,-,-,-,-,-,-,-,-,-,-,-,-,-,-,Strengthening and Amplifying Vaccination Efforts to Locally Immunize All Veterans and Every Spouse Act
117,H.R. 1281,bill,signed,2022-02-23,Joseph R. Biden Jr.,D,117-89,voice vote,2021-09-20,-,-,-,-,-,-,-,-,-,-,-,-,-,unanimous consent,2022-02-03,-,-,-,-,-,-,-,-,-,-,-,-,-,-,-,-,-,-,-,-,-,-,-,"To name the Department of Veterans Affairs community-based outpatient clinic in Gaylord, Michigan, as the Navy Corpsman Steve Andrews Department of Veterans Affairs Health Care Clinic."
117,H.R. 1298,bill,signed,2022-06-16,Joseph R. Biden Jr.,D,117-143,voice vote,2022-02-01,-,-,-,-,-,-,-,-,-,-,-,-,-,unanimous consent,2022-05-25,-,-,-,-,-,-,-,-,-,-,-,-,-,-,-,-,-,-,-,-,-,-,-,"To designate the facility of the United States Postal Service located at 1233 North Cedar Street in Owasso, Oklahoma, as the ""Technical Sergeant Marshal Roberts Post Office Building""."
117,H.R. 1318,bill,signed,2021-05-24,Joseph R. Biden Jr.,D,117-14,unanimous consent,2021-05-20,-,-,-,-,-,-,-,-,-,-,-,-,-,unanimous consent,2021-05-20,-,-,-,-,-,-,-,-,-,-,-,-,-,-,-,-,-,-,-,-,-,-,-,Alaska Tourism Restoration Act
117,H.R. 1319,bill,signed,2021-03-11,Joseph R. Biden Jr.,D,117-2,roll 72,2021-03-10,On Motion to Concur in the Senate Amendment,0,210,0,1,220,1,0,0,0,0,0,0,roll 110,2021-03-06,On Passage of the Bill,0,49,0,1,48,0,0,0,2,0,0,0,D:2,-,-,-,-,-,-,-,-,-,American Rescue Plan Act of 2021
117,H.R. 1437,bill,signed,2022-12-16,Joseph R. Biden Jr.,D,117-229,roll 523,2022-12-14,On Motion to Concur in the Senate Amendment with an Amendment,9,201,0,3,215,0,0,2,0,0,0,0,roll 399,2022-12-15,On the Motion,22,19,0,9,47,0,0,1,2,0,0,0,D:2,-,-,-,-,-,-,-,-,-,"Further Continuing Appropriations and Extensions Act, 2023"
117,H.R. 1444,bill,signed,2022-06-24,Joseph R. Biden Jr.,D,117-157,voice vote,2021-10-20,-,-,-,-,-,-,-,-,-,-,-,-,-,unanimous consent,2022-05-25,-,-,-,-,-,-,-,-,-,-,-,-,-,-,-,-,-,-,-,-,-,-,-,"To designate the facility of the United States Postal Service located at 132 North Loudoun Street, Suite 1 in Winchester, Virginia, as the Patsy Cline Post Office."
117,H.R. 1448,bill,signed,2021-08-25,Joseph R. Biden Jr.,D,117-37,no recorded vote,2021-05-12,-,-,-,-,-,-,-,-,-,-,-,-,-,voice vote,2021-08-06,-,-,-,-,-,-,-,-,-,-,-,-,-,-,-,-,-,-,-,-,-,-,-,PAWS for Veterans Therapy Act
117,H.R. 1510,bill,signed,2021-11-23,Joseph R. Biden Jr.,D,117-64,no recorded vote,2021-05-18,-,-,-,-,-,-,-,-,-,-,-,-,-,unanimous consent,2021-11-02,-,-,-,-,-,-,-,-,-,-,-,-,-,-,-,-,-,-,-,-,-,-,-,To direct the Secretary of Veterans Affairs to submit to Congress a report on the use of cameras in medical facilities of the Department of Veterans Affairs.
117,H.R. 1651,bill,signed,2021-03-27,Joseph R. Biden Jr.,D,117-5,unanimous consent,2021-03-26,-,-,-,-,-,-,-,-,-,-,-,-,-,unanimous consent,2021-03-24,-,-,-,-,-,-,-,-,-,-,-,-,-,-,-,-,-,-,-,-,-,-,-,COVID-19 Bankruptcy Relief Extension Act of 2021
117,H.R. 1652,bill,signed,2021-07-22,Joseph R. Biden Jr.,D,117-27,roll 89,2021-03-17,"On Motion to Suspend the Rules and Pass, as Amended",168,38,0,5,216,0,0,2,0,0,0,0,roll 272,2021-07-20,On Passage of the Bill,50,0,0,0,48,0,0,0,2,0,0,0,D:2,-,-,-,-,-,-,-,-,-,VOCA Fix to Sustain the Crime Victims Fund Act of 2021
117,H.R. 1664,bill,signed,2021-12-27,Joseph R. Biden Jr.,D,117-80,roll 220,2021-07-26,"On Motion to Suspend the Rules and Pass, as Amended",199,0,0,12,217,0,0,2,0,0,0,0,unanimous consent,2021-12-18,-,-,-,-,-,-,-,-,-,-,-,-,-,-,-,-,-,-,-,-,-,-,-,"To authorize the National Medal of Honor Museum Foundation to establish a commemorative work in the District of Columbia and its environs, and for other purposes."
117,H.R. 1667,bill,signed,2022-03-18,Joseph R. Biden Jr.,D,117-105,roll 419,2021-12-08,"On Motion to Suspend the Rules and Pass, as Amended",175,36,0,2,217,0,0,3,0,0,0,0,voice vote,2022-02-17,-,-,-,-,-,-,-,-,-,-,-,-,-,-,-,-,-,-,-,-,-,-,-,Dr. Lorna Breen Health Care Provider Protection Act
117,H.R. 1766,bill,signed,2022-10-10,Joseph R. Biden Jr.,D,117-187,voice vote,2021-04-14,-,-,-,-,-,-,-,-,-,-,-,-,-,unanimous consent,2022-09-29,-,-,-,-,-,-,-,-,-,-,-,-,-,-,-,-,-,-,-,-,-,-,-,FTC Collaboration Act of 2021
117,H.R. 1799,bill,signed,2021-03-30,Joseph R. Biden Jr.,D,117-6,roll 80,2021-03-16,"On Motion to Suspend the Rules and Pass, as Amended",199,3,0,9,216,0,0,2,0,0,0,0,roll 140,2021-03-25,On Passage of the Bill,42,7,0,1,48,0,0,0,2,0,0,0,D:2,-,-,-,-,-,-,-,-,-,PPP Extension Act of 2021
117,H.R. 1842,bill,signed,2022-08-03,Joseph R. Biden Jr.,D,117-163,voice vote,2022-07-26,-,-,-,-,-,-,-,-,-,-,-,-,-,voice vote,2022-07-27,-,-,-,-,-,-,-,-,-,-,-,-,-,-,-,-,-,-,-,-,-,-,-,Harriet Tubman Bicentennial Commemorative Coin Act
117,H.R. 1868,bill,signed,2021-04-14,Joseph R. Biden Jr.,D,117-7,roll 98,2021-04-13,On Motion to Suspend the Rules and Concur in the Senate Amendment,167,38,0,6,217,0,0,0,0,0,0,0,roll 142,2021-03-25,On Passage of the Bill,40,2,0,8,48,0,0,0,2,0,0,0,D:2,-,-,-,-,-,-,-,-,-,"To prevent across-the-board direct spending cuts, and for other purposes."
117,H.R. 1899,bill,signed,2021-11-10,Joseph R. Biden Jr.,D,117-53,roll 113,2021-04-15,On Motion to Suspend the Rules and Pass,206,1,0,5,206,4,0,7,0,0,0,0,unanimous consent,2021-10-26,-,-,-,-,-,-,-,-,-,-,-,-,-,-,-,-,-,-,-,-,-,-,-,Ensuring Compliance Against Drug Diversion Act of 2021
117,H.R. 1917,bill,signed,2023-01-05,Joseph R. Biden Jr.,D,117-332,roll 536,2022-12-21,On Motion to Suspend the Rules and Concur in the Senate Amendment,178,19,0,16,215,0,0,2,0,0,0,0,unanimous consent,2022-12-14,-,-,-,-,-,-,-,-,-,-,-,-,-,-,-,-,-,-,-,-,-,-,-,Hazard Eligibility and Local Projects Act
117,H.R. 2044,bill,signed,2022-03-10,Joseph R. Biden Jr.,D,117-91,voice vote,2021-10-20,-,-,-,-,-,-,-,-,-,-,-,-,-,unanimous consent,2022-02-15,-,-,-,-,-,-,-,-,-,-,-,-,-,-,-,-,-,-,-,-,-,-,-,"To designate the facility of the United States Postal Service located at 17 East Main Street in Herington, Kansas, as the Captain Emil J. Kapaun Post Office Building."
117,H.R. 2093,bill,signed,2021-11-22,Joseph R. Biden Jr.,D,117-62,voice vote,2021-06-15,-,-,-,-,-,-,-,-,-,-,-,-,-,voice vote,2021-11-02,-,-,-,-,-,-,-,-,-,-,-,-,-,-,-,-,-,-,-,-,-,-,-,Veterans and Family Information Act
117,H.R. 2142,bill,signed,2022-10-11,Joseph R. Biden Jr.,D,117-195,voice vote,2022-02-28,-,-,-,-,-,-,-,-,-,-,-,-,-,unanimous consent,2022-09-20,-,-,-,-,-,-,-,-,-,-,-,-,-,-,-,-,-,-,-,-,-,-,-,"To designate the facility of the United States Postal Service located at 170 Manhattan Avenue in Buffalo, New York, as the ""Indiana Hunt-Martin Post Office Building""."
117,H.R. 2220,bill,signed,2022-12-21,Joseph R. Biden Jr.,D,117-257,roll 363,2021-11-04,On Motion to Suspend the Rules and Pass,209,0,0,4,207,4,0,9,0,0,0,0,unanimous consent,2022-11-30,-,-,-,-,-,-,-,-,-,-,-,-,-,-,-,-,-,-,-,-,-,-,-,"To amend title 40, United States Code, to modify the treatment of certain bargain-price options to purchase at less than fair market value, and for other purposes."
117,H.R. 2278,bill,signed,2021-10-13,Joseph R. Biden Jr.,D,117-48,roll 251,2021-07-29,"On Motion to Suspend the Rules and Pass, as Amended",208,0,0,3,215,0,0,4,0,0,0,0,unanimous consent,2021-10-01,-,-,-,-,-,-,-,-,-,-,-,-,-,-,-,-,-,-,-,-,-,-,-,"To designate the September 11th National Memorial Trail Route, and for other purposes."
117,H.R. 2324,bill,signed,2022-06-23,Joseph R. Biden Jr.,D,117-153,roll 40,2022-02-08,On Motion to Suspend the Rules and Pass,208,1,1,2,220,0,0,1,0,0,0,0,unanimous consent,2022-05-25,-,-,-,-,-,-,-,-,-,-,-,-,-,-,-,-,-,-,-,-,-,-,-,"To designate the facility of the United States Postal Service located at 2800 South Adams Street in Tallahassee, Florida, as the ""D. Edwina Stephens Post Office""."
117,H.R. 2441,bill,signed,2021-06-30,Joseph R. Biden Jr.,D,117-21,no recorded vote,2021-05-18,-,-,-,-,-,-,-,-,-,-,-,-,-,unanimous consent,2021-06-24,-,-,-,-,-,-,-,-,-,-,-,-,-,-,-,-,-,-,-,-,-,-,-,Sgt. Ketchum Rural Veterans Mental Health Act of 2021
117,H.R. 2471,bill,signed,2022-03-15,Joseph R. Biden Jr.,D,117-103,voice vote,2022-03-09,-,-,-,-,-,-,-,-,-,-,-,-,-,roll 78,2022-03-10,On the Motion,18,31,0,1,48,0,0,0,2,0,0,0,D:2,-,-,-,-,-,-,-,-,House,"Consolidated Appropriations Act, 2022"
117,H.R. 2472,bill,signed,2022-12-27,Joseph R. Biden Jr.,D,117-269,voice vote,2022-07-12,-,-,-,-,-,-,-,-,-,-,-,-,-,unanimous consent,2022-12-19,-,-,-,-,-,-,-,-,-,-,-,-,-,-,-,-,-,-,-,-,-,-,-,"To designate the facility of the United States Postal Service located at 82422 Cadiz Jewett Road in Cadiz, Ohio, as the John Armor Bingham Post Office."
117,H.R. 2473,bill,signed,2022-12-27,Joseph R. Biden Jr.,D,117-270,voice vote,2022-11-14,-,-,-,-,-,-,-,-,-,-,-,-,-,unanimous consent,2022-12-19,-,-,-,-,-,-,-,-,-,-,-,-,-,-,-,-,-,-,-,-,-,-,-,"To designate the facility of the United States Postal Service located at 275 Penn Avenue in Salem, Ohio, as the ""Howard Arthur Tibbs Post Office""."
117,H.R. 2497,bill,signed,2022-03-18,Joseph R. Biden Jr.,D,117-106,unanimous consent,2022-02-18,-,-,-,-,-,-,-,-,-,-,-,-,-,unanimous consent,2022-02-14,-,-,-,-,-,-,-,-,-,-,-,-,-,-,-,-,-,-,-,-,-,-,-,Amache National Historic Site Act
117,H.R. 2523,bill,signed,2021-06-08,Joseph R. Biden Jr.,D,117-16,no recorded vote,2021-04-20,-,-,-,-,-,-,-,-,-,-,-,-,-,voice vote,2021-05-28,-,-,-,-,-,-,-,-,-,-,-,-,-,-,-,-,-,-,-,-,-,-,-,THRIVE Act
117,H.R. 2545,bill,signed,2022-03-14,Joseph R. Biden Jr.,D,117-96,no recorded vote,2021-06-15,-,-,-,-,-,-,-,-,-,-,-,-,-,unanimous consent,2022-03-07,-,-,-,-,-,-,-,-,-,-,-,-,-,-,-,-,-,-,-,-,-,-,-,"To amend title 38, United States Code, to clarify the role of doctors of podiatric medicine in the Department of Veterans Affairs, and for other purposes."
117,H.R. 2617,bill,signed,2022-12-29,Joseph R. Biden Jr.,D,117-328,roll 549,2022-12-23,On Motion to Concur in the Senate Adt to the House Adt to the Senate Adt,9,200,0,4,216,1,1,0,0,0,0,0,roll 421,2022-12-22,On the Motion,18,29,0,3,48,0,0,0,2,0,0,0,D:2,-,-,-,-,-,-,-,-,-,"Consolidated Appropriations Act, 2023"
117,H.R. 2630,bill,signed,2021-05-04,Joseph R. Biden Jr.,D,117-12,voice vote,2021-04-21,-,-,-,-,-,-,-,-,-,-,-,-,-,voice vote,2021-04-29,-,-,-,-,-,-,-,-,-,-,-,-,-,-,-,-,-,-,-,-,-,-,-,Extending Temporary Emergency Scheduling of Fentanyl Analogues Act
117,H.R. 2724,bill,signed,2022-12-27,Joseph R. Biden Jr.,D,117-271,roll 224,2022-05-18,"On Motion to Suspend the Rules and Pass, as Amended",202,0,0,6,218,0,0,2,0,0,0,0,unanimous consent,2022-12-15,-,-,-,-,-,-,-,-,-,-,-,-,-,-,-,-,-,-,-,-,-,-,-,VA Peer Support Enhancement for MST Survivors Act
117,H.R. 2911,bill,signed,2021-11-22,Joseph R. Biden Jr.,D,117-63,roll 144,2021-05-17,On Motion to Suspend the Rules and Pass,206,0,0,5,205,4,0,9,0,0,0,0,unanimous consent,2021-10-28,-,-,-,-,-,-,-,-,-,-,-,-,-,-,-,-,-,-,-,-,-,-,-,VA Transparency & Trust Act of 2021
117,H.R. 2930,bill,signed,2022-12-21,Joseph R. Biden Jr.,D,117-258,roll 401,2021-12-02,"On Motion to Suspend the Rules and Pass, as Amended",150,55,0,8,214,2,0,4,0,0,0,0,unanimous consent,2022-11-29,-,-,-,-,-,-,-,-,-,-,-,-,-,-,-,-,-,-,-,-,-,-,-,Safeguard Tribal Objects of Patrimony Act of 2021
117,H.R. 2992,bill,signed,2022-08-16,Joseph R. Biden Jr.,D,117-170,roll 222,2022-05-18,"On Motion to Suspend the Rules and Pass, as Amended",181,21,0,6,219,0,0,1,0,0,0,0,unanimous consent,2022-08-01,-,-,-,-,-,-,-,-,-,-,-,-,-,-,-,-,-,-,-,-,-,-,-,Traumatic Brain Injury and Post-Traumatic Stress Disorder Law Enforcement Training Act
117,H.R. 3076,bill,signed,2022-04-06,Joseph R. Biden Jr.,D,117-108,roll 38,2022-02-08,On Passage,120,92,0,0,222,0,0,0,0,0,0,0,roll 71,2022-03-08,On Passage of the Bill,29,19,0,2,48,0,0,0,2,0,0,0,D:2,-,-,-,-,-,-,-,-,-,Postal Service Reform Act of 2022
117,H.R. 3113,bill,signed,2022-04-29,Joseph R. Biden Jr.,D,117-114,roll 71,2022-03-15,"On Motion to Suspend the Rules and Pass, as Amended",197,9,0,5,217,0,0,4,0,0,0,0,unanimous consent,2022-04-06,-,-,-,-,-,-,-,-,-,-,-,-,-,-,-,-,-,-,-,-,-,-,-,Modernizing Access to Our Public Land Act
117,H.R. 3175,bill,signed,2022-12-19,Joseph R. Biden Jr.,D,117-232,voice vote,2021-10-20,-,-,-,-,-,-,-,-,-,-,-,-,-,unanimous consent,2022-12-06,-,-,-,-,-,-,-,-,-,-,-,-,-,-,-,-,-,-,-,-,-,-,-,"To designate the facility of the United States Postal Service located at 135 Main Street in Biloxi, Mississippi, as the Robert S. McKeithen Post Office Building."
117,H.R. 3182,bill,signed,2022-05-16,Joseph R. Biden Jr.,D,117-126,no recorded vote,2021-06-23,-,-,-,-,-,-,-,-,-,-,-,-,-,voice vote,2022-05-03,-,-,-,-,-,-,-,-,-,-,-,-,-,-,-,-,-,-,-,-,-,-,-,Safe Sleep for Babies Act of 2021
117,H.R. 3197,bill,signed,2022-04-19,Joseph R. Biden Jr.,D,117-112,roll 75,2022-03-16,On Motion to Suspend the Rules and Pass,206,0,0,5,216,4,0,1,0,0,0,0,unanimous consent,2022-03-31,-,-,-,-,-,-,-,-,-,-,-,-,-,-,-,-,-,-,-,-,-,-,-,Save the Liberty Theatre Act of 2021
117,H.R. 3210,bill,signed,2022-03-10,Joseph R. Biden Jr.,D,117-92,voice vote,2021-10-20,-,-,-,-,-,-,-,-,-,-,-,-,-,unanimous consent,2022-02-15,-,-,-,-,-,-,-,-,-,-,-,-,-,-,-,-,-,-,-,-,-,-,-,"To designate the facility of the United States Postal Service located at 1905 15th Street in Boulder, Colorado, as the ""Officer Eric H. Talley Post Office Building""."
117,H.R. 3237,bill,signed,2021-07-30,Joseph R. Biden Jr.,D,117-31,roll 250,2021-07-29,On Motion to Suspend the Rules and Concur in the Senate Amendment,203,5,0,3,213,6,0,1,0,0,0,0,roll 287,2021-07-29,On Passage of the Bill,48,0,0,2,48,0,0,0,2,0,0,0,D:2,-,-,-,-,-,-,-,-,-,"Emergency Security Supplemental Appropriations Act, 2021"
117,H.R. 3285,bill,signed,2022-12-27,Joseph R. Biden Jr.,D,117-272,voice vote,2022-06-21,-,-,-,-,-,-,-,-,-,-,-,-,-,unanimous consent,2022-12-20,-,-,-,-,-,-,-,-,-,-,-,-,-,-,-,-,-,-,-,-,-,-,-,21st Century President Act
117,H.R. 3325,bill,signed,2021-08-05,Joseph R. Biden Jr.,D,117-32,roll 161,2021-06-15,"On Motion to Suspend the Rules and Pass, as Amended",188,21,0,2,218,0,0,2,0,0,0,0,unanimous consent,2021-08-03,-,-,-,-,-,-,-,-,-,-,-,-,-,-,-,-,-,-,-,-,-,-,-,"To award four congressional gold medals to the United States Capitol Police and those who protected the U.S. Capitol on January 6, 2021."
117,H.R. 3359,bill,signed,2022-08-03,Joseph R. Biden Jr.,D,117-164,roll 88,2022-03-29,"On Motion to Suspend the Rules and Pass, as Amended",187,20,0,3,219,0,0,2,0,0,0,0,unanimous consent,2022-07-25,-,-,-,-,-,-,-,-,-,-,-,-,-,-,-,-,-,-,-,-,-,-,-,Homicide Victims' Families' Rights Act of 2021
117,H.R. 3419,bill,signed,2022-03-11,Joseph R. Biden Jr.,D,117-94,voice vote,2021-10-20,-,-,-,-,-,-,-,-,-,-,-,-,-,unanimous consent,2022-02-15,-,-,-,-,-,-,-,-,-,-,-,-,-,-,-,-,-,-,-,-,-,-,-,"To designate the facility of the United States Postal Service located at 66 Meserole Avenue in Brooklyn, New York, as the Joseph R. Lentol Post Office."
117,H.R. 3462,bill,signed,2022-12-21,Joseph R. Biden Jr.,D,117-259,roll 506,2022-12-06,On the Motion to Suspend the Rules and Concur in the Senate Amendment,208,0,0,5,209,0,0,9,0,0,0,0,unanimous consent,2022-09-28,-,-,-,-,-,-,-,-,-,-,-,-,-,-,-,-,-,-,-,-,-,-,-,SBA Cyber Awareness Act
117,H.R. 3475,bill,signed,2021-11-12,Joseph R. Biden Jr.,D,117-56,voice vote,2021-09-20,-,-,-,-,-,-,-,-,-,-,-,-,-,unanimous consent,2021-10-28,-,-,-,-,-,-,-,-,-,-,-,-,-,-,-,-,-,-,-,-,-,-,-,"To name the Department of Veterans Affairs community-based outpatient clinic in Columbus, Georgia, as the Robert S. Poydasheff VA Clinic."
117,H.R. 3508,bill,signed,2022-10-11,Joseph R. Biden Jr.,D,117-196,roll 177,2022-05-12,On Motion to Suspend the Rules and Pass,196,0,2,10,212,3,0,5,0,0,0,0,unanimous consent,2022-09-20,-,-,-,-,-,-,-,-,-,-,-,-,-,-,-,-,-,-,-,-,-,-,-,"To designate the facility of the United States Postal Service located at 39 West Main Street, in Honeoye Falls, New York, as the ""CW4 Christian J. Koch Memorial Post Office""."
117,H.R. 3525,bill,signed,2022-06-13,Joseph R. Biden Jr.,D,117-140,voice vote,2022-04-26,-,-,-,-,-,-,-,-,-,-,-,-,-,unanimous consent,2022-05-19,-,-,-,-,-,-,-,-,-,-,-,-,-,-,-,-,-,-,-,-,-,-,-,Commission To Study the Potential Creation of a National Museum of Asian Pacific American History and Culture Act
117,H.R. 3537,bill,signed,2021-12-23,Joseph R. Biden Jr.,D,117-79,roll 415,2021-12-08,"On Motion to Suspend the Rules and Pass, as Amended",206,3,0,4,217,0,0,3,0,0,0,0,voice vote,2021-12-16,-,-,-,-,-,-,-,-,-,-,-,-,-,-,-,-,-,-,-,-,-,-,-,Accelerating Access to Critical Therapies for ALS Act
117,H.R. 3539,bill,signed,2022-10-11,Joseph R. Biden Jr.,D,117-197,roll 44,2022-02-09,On Motion to Suspend the Rules and Pass,200,1,2,9,217,0,0,4,0,0,0,0,unanimous consent,2022-09-20,-,-,-,-,-,-,-,-,-,-,-,-,-,-,-,-,-,-,-,-,-,-,-,"To designate the facility of the United States Postal Service located at 223 West Chalan Santo Papa in Hagatna, Guam, as the ""Atanasio Taitano Perez Post Office""."
117,H.R. 3579,bill,signed,2022-06-15,Joseph R. Biden Jr.,D,117-141,voice vote,2022-02-01,-,-,-,-,-,-,-,-,-,-,-,-,-,unanimous consent,2022-05-25,-,-,-,-,-,-,-,-,-,-,-,-,-,-,-,-,-,-,-,-,-,-,-,"To designate the facility of the United States Postal Service located at 200 East Main Street in Maroa, Illinois, as the ""Jeremy L. Ridlen Post Office""."
117,H.R. 3613,bill,signed,2022-06-16,Joseph R. Biden Jr.,D,117-147,voice vote,2022-02-01,-,-,-,-,-,-,-,-,-,-,-,-,-,unanimous consent,2022-05-25,-,-,-,-,-,-,-,-,-,-,-,-,-,-,-,-,-,-,-,-,-,-,-,"To designate the facility of the United States Postal Service located at 202 Trumbull Street in Saint Clair, Michigan, as the ""Corporal Jeffrey Robert Standfest Post Office Building""."
117,H.R. 3642,bill,signed,2021-08-25,Joseph R. Biden Jr.,D,117-38,no recorded vote,2021-06-15,-,-,-,-,-,-,-,-,-,-,-,-,-,unanimous consent,2021-08-09,-,-,-,-,-,-,-,-,-,-,-,-,-,-,-,-,-,-,-,-,-,-,-,Harlem Hellfighters Congressional Gold Medal Act
117,H.R. 3665,bill,signed,2022-03-14,Joseph R. Biden Jr.,D,117-98,voice vote,2021-11-15,-,-,-,-,-,-,-,-,-,-,-,-,-,unanimous consent,2022-03-03,-,-,-,-,-,-,-,-,-,-,-,-,-,-,-,-,-,-,-,-,-,-,-,"To designate the medical center of the Department of Veterans Affairs in San Diego, California, as the Jennifer Moreno Department of Veterans Affairs Medical Center, and to support the designation of a component of such medical center in honor of Kathleen Bruyere."
117,H.R. 3684,bill,signed,2021-11-15,Joseph R. Biden Jr.,D,117-58,roll 369,2021-11-05,On Motion to Concur in the Senate Amendment,13,200,0,0,215,6,0,0,0,0,0,0,roll 314,2021-08-10,On Passage of the Bill,19,30,0,1,48,0,0,0,2,0,0,0,D:2,-,-,-,-,-,-,-,-,Senate,Infrastructure Investment and Jobs Act
117,H.R. 3919,bill,signed,2021-11-11,Joseph R. Biden Jr.,D,117-55,roll 323,2021-10-20,"On Motion to Suspend the Rules and Pass, as Amended",208,1,0,3,212,3,0,4,0,0,0,0,unanimous consent,2021-10-28,-,-,-,-,-,-,-,-,-,-,-,-,-,-,-,-,-,-,-,-,-,-,-,Secure Equipment Act of 2021
117,H.R. 4168,bill,signed,2022-06-15,Joseph R. Biden Jr.,D,117-142,voice vote,2022-02-01,-,-,-,-,-,-,-,-,-,-,-,-,-,unanimous consent,2022-05-25,-,-,-,-,-,-,-,-,-,-,-,-,-,-,-,-,-,-,-,-,-,-,-,"To designate the facility of the United States Postal Service located at 6223 Maple Street, in Omaha, Nebraska, as the ""Petty Officer 1st Class Charles Jackson French Post Office""."
117,H.R. 4172,bill,signed,2021-11-12,Joseph R. Biden Jr.,D,117-57,voice vote,2021-09-20,-,-,-,-,-,-,-,-,-,-,-,-,-,unanimous consent,2021-10-28,-,-,-,-,-,-,-,-,-,-,-,-,-,-,-,-,-,-,-,-,-,-,-,"To name the Department of Veterans Affairs community-based outpatient clinic in Aurora, Colorado, as the Lieutenant Colonel John W. Mosley VA Clinic."
117,H.R. 4250,bill,signed,2022-12-27,Joseph R. Biden Jr.,D,117-273,roll 299,2021-09-28,On Motion to Suspend the Rules and Pass,198,6,0,8,214,3,0,2,0,0,0,0,unanimous consent,2022-12-15,-,-,-,-,-,-,-,-,-,-,-,-,-,-,-,-,-,-,-,-,-,-,-,War Crimes Rewards Expansion Act
117,H.R. 4346,bill,signed,2022-08-09,Joseph R. Biden Jr.,D,117-167,roll 404,2022-07-28,On Motion to Concur in the Senate Adt to the House Adt to the Senate Adt,24,187,0,0,219,0,1,0,0,0,0,0,roll 271,2022-07-27,On the Motion,17,32,0,1,46,0,0,2,1,1,0,0,D:2,-,-,-,-,-,-,-,-,-,Chips and Science Act
117,H.R. 4373,bill,signed,2022-12-23,Joseph R. Biden Jr.,D,117-264,no recorded vote,2022-12-23,-,-,-,-,-,-,-,-,-,-,-,-,-,voice vote,2022-12-22,-,-,-,-,-,-,-,-,-,-,-,-,-,-,-,-,-,-,-,-,-,-,-,"Further Additional Continuing Appropriations and Extensions Act, 2023"
117,H.R. 4426,bill,signed,2022-06-06,Joseph R. Biden Jr.,D,117-130,voice vote,2021-09-29,-,-,-,-,-,-,-,-,-,-,-,-,-,unanimous consent,2022-05-16,-,-,-,-,-,-,-,-,-,-,-,-,-,-,-,-,-,-,-,-,-,-,-,Homeland Security for Children Act
117,H.R. 4445,bill,signed,2022-03-03,Joseph R. Biden Jr.,D,117-90,roll 33,2022-02-07,On Passage,113,97,0,2,222,0,0,0,0,0,0,0,voice vote,2022-02-10,-,-,-,-,-,-,-,-,-,-,-,-,-,-,-,-,-,-,-,-,-,-,-,Ending Forced Arbitration of Sexual Assault and Sexual Harassment Act of 2021
117,H.R. 4591,bill,signed,2022-06-23,Joseph R. Biden Jr.,D,117-154,voice vote,2021-11-16,-,-,-,-,-,-,-,-,-,-,-,-,-,voice vote,2022-05-26,-,-,-,-,-,-,-,-,-,-,-,-,-,-,-,-,-,-,-,-,-,-,-,VA Electronic Health Record Transparency Act of 2021
117,H.R. 4622,bill,signed,2022-12-27,Joseph R. Biden Jr.,D,117-274,voice vote,2022-07-12,-,-,-,-,-,-,-,-,-,-,-,-,-,unanimous consent,2022-12-19,-,-,-,-,-,-,-,-,-,-,-,-,-,-,-,-,-,-,-,-,-,-,-,"To designate the facility of the United States Postal Service located at 226 North Main Street in Roseville, Ohio, as the Ronald E. Rosser Post Office."
117,H.R. 4660,bill,signed,2021-12-21,Joseph R. Biden Jr.,D,117-75,roll 366,2021-11-04,On Motion to Suspend the Rules and Pass,201,4,1,7,215,0,0,5,0,0,0,0,unanimous consent,2021-12-09,-,-,-,-,-,-,-,-,-,-,-,-,-,-,-,-,-,-,-,-,-,-,-,"To designate the Federal Building and United States Courthouse located at 1125 Chapline Street in Wheeling, West Virginia, as the ""Frederick P. Stamp, Jr. Federal Building and United States Courthouse""."
117,H.R. 4693,bill,signed,2022-10-19,Joseph R. Biden Jr.,D,117-214,roll 137,2022-04-27,On Motion to Suspend the Rules and Pass,164,44,0,1,220,0,0,0,0,0,0,0,voice vote,2022-09-20,-,-,-,-,-,-,-,-,-,-,-,-,-,-,-,-,-,-,-,-,-,-,-,Global Malnutrition Prevention and Treatment Act of 2021
117,H.R. 4877,bill,signed,2022-10-10,Joseph R. Biden Jr.,D,117-188,voice vote,2022-04-26,-,-,-,-,-,-,-,-,-,-,-,-,-,voice vote,2022-09-28,-,-,-,-,-,-,-,-,-,-,-,-,-,-,-,-,-,-,-,-,-,-,-,One Stop Shop for Small Business Compliance Act of 2021
117,H.R. 4881,bill,signed,2022-12-27,Joseph R. Biden Jr.,D,117-275,roll 346,2021-11-02,On Motion to Suspend the Rules and Pass,159,45,0,8,216,0,1,2,0,0,0,0,unanimous consent,2022-12-19,-,-,-,-,-,-,-,-,-,-,-,-,-,-,-,-,-,-,-,-,-,-,-,Old Pascua Community Land Acquisition Act
117,H.R. 4899,bill,signed,2022-12-27,Joseph R. Biden Jr.,D,117-276,no recorded vote,2022-12-01,-,-,-,-,-,-,-,-,-,-,-,-,-,unanimous consent,2022-12-19,-,-,-,-,-,-,-,-,-,-,-,-,-,-,-,-,-,-,-,-,-,-,-,"To designate the facility of the United States Postal Service located at 10 Broadway Street West, in Akeley, Minnesota, as the ""Neal Kenneth Todd Post Office""."
117,H.R. 4981,bill,signed,2021-10-19,Joseph R. Biden Jr.,D,117-51,roll 298,2021-09-28,On Motion to Suspend the Rules and Pass,193,14,0,5,217,0,0,2,0,0,0,0,unanimous consent,2021-10-07,-,-,-,-,-,-,-,-,-,-,-,-,-,-,-,-,-,-,-,-,-,-,-,"To amend the Fentanyl Sanctions Act, to modify certain deadlines relating to the Commission on Combating Synthetic Opioid Trafficking."
117,H.R. 5085,bill,signed,2021-08-31,Joseph R. Biden Jr.,D,117-39,unanimous consent,2021-08-24,-,-,-,-,-,-,-,-,-,-,-,-,-,unanimous consent,2021-08-31,-,-,-,-,-,-,-,-,-,-,-,-,-,-,-,-,-,-,-,-,-,-,-,Emergency Repatriation Assistance for Returning Americans Act
117,H.R. 5142,bill,signed,2021-12-16,Joseph R. Biden Jr.,D,117-72,voice vote,2021-10-25,-,-,-,-,-,-,-,-,-,-,-,-,-,unanimous consent,2021-11-17,-,-,-,-,-,-,-,-,-,-,-,-,-,-,-,-,-,-,-,-,-,-,-,"To award posthumously a Congressional Gold Medal, in commemoration to the servicemembers who perished in Afghanistan on August 26, 2021, during the evacuation of citizens of the United States and Afghan allies at Hamid Karzai International Airport, and for other purposes."
117,H.R. 5271,bill,signed,2022-12-27,Joseph R. Biden Jr.,D,117-277,roll 302,2022-07-12,On Motion to Suspend the Rules and Pass,118,81,3,9,212,0,0,7,0,0,0,0,unanimous consent,2022-12-19,-,-,-,-,-,-,-,-,-,-,-,-,-,-,-,-,-,-,-,-,-,-,-,"To designate the facility of the United States Postal Service located at 2245 Rosa L Parks Boulevard in Nashville, Tennessee, as the ""Thelma Harper Post Office Building""."
117,H.R. 5293,bill,signed,2021-09-30,Joseph R. Biden Jr.,D,117-42,roll 261,2021-09-20,On Motion to Suspend the Rules and Pass,204,0,0,8,219,0,0,0,0,0,0,0,unanimous consent,2021-09-23,-,-,-,-,-,-,-,-,-,-,-,-,-,-,-,-,-,-,-,-,-,-,-,Department of Veterans Affairs Expiring Authorities Act of 2021
117,H.R. 5305,bill,signed,2021-09-30,Joseph R. Biden Jr.,D,117-43,roll 311,2021-09-30,On Motion to Concur in the Senate Amendment,34,175,0,3,220,0,0,0,0,0,0,0,roll 397,2021-09-30,On Passage of the Bill,15,35,0,0,48,0,0,0,2,0,0,0,D:2,-,-,-,-,-,-,-,-,-,Extending Government Funding and Delivering Emergency Assistance Act
117,H.R. 5313,bill,signed,2022-08-16,Joseph R. Biden Jr.,D,117-171,no recorded vote,2022-07-27,-,-,-,-,-,-,-,-,-,-,-,-,-,unanimous consent,2022-08-02,-,-,-,-,-,-,-,-,-,-,-,-,-,-,-,-,-,-,-,-,-,-,-,Reese's Law
117,H.R. 5349,bill,signed,2022-12-27,Joseph R. Biden Jr.,D,117-278,no recorded vote,2022-12-14,-,-,-,-,-,-,-,-,-,-,-,-,-,unanimous consent,2022-12-19,-,-,-,-,-,-,-,-,-,-,-,-,-,-,-,-,-,-,-,-,-,-,-,"To designate the facility of the United States Postal Service located at 1550 State Road S-38-211 in Orangeburg, South Carolina, as the ""J.I. Washington Post Office Building""."
117,H.R. 5376,bill,signed,2022-08-16,Joseph R. Biden Jr.,D,117-169,roll 420,2022-08-12,On Motion to Concur in the Senate Amendment,0,207,0,4,220,0,0,0,0,0,0,0,roll 325,2022-08-07,On Passage of the Bill,0,50,0,0,48,0,0,0,2,0,0,0,D:2,-,-,-,-,-,-,-,-,-,Inflation Reduction Act of 2022
117,H.R. 5434,bill,signed,2021-10-02,Joseph R. Biden Jr.,D,117-44,roll 313,2021-10-01,On Motion to Suspend the Rules and Pass,149,51,0,12,216,0,0,3,0,0,0,0,unanimous consent,2021-10-02,-,-,-,-,-,-,-,-,-,-,-,-,-,-,-,-,-,-,-,-,-,-,-,Surface Transportation Extension Act of 2021
117,H.R. 5481,bill,signed,2022-12-19,Joseph R. Biden Jr.,D,117-233,voice vote,2022-11-14,-,-,-,-,-,-,-,-,-,-,-,-,-,unanimous consent,2022-12-06,-,-,-,-,-,-,-,-,-,-,-,-,-,-,-,-,-,-,-,-,-,-,-,"To name the Department of Veterans Affairs community-based outpatient clinic in Forest City, North Carolina, as the ""Master Sergeant Jerry K. Crump VA Clinic""."
117,H.R. 5545,bill,signed,2021-12-21,Joseph R. Biden Jr.,D,117-76,voice vote,2021-12-08,-,-,-,-,-,-,-,-,-,-,-,-,-,voice vote,2021-12-15,-,-,-,-,-,-,-,-,-,-,-,-,-,-,-,-,-,-,-,-,-,-,-,REMOTE Act
117,H.R. 5577,bill,signed,2022-10-04,Joseph R. Biden Jr.,D,117-184,roll 15,2022-02-01,On Motion to Suspend the Rules and Pass,203,0,1,8,218,0,0,4,0,0,0,0,unanimous consent,2022-09-20,-,-,-,-,-,-,-,-,-,-,-,-,-,-,-,-,-,-,-,-,-,-,-,"To designate the facility of the United States Postal Service located at 3900 Crown Road Southwest in Atlanta, Georgia, as the ""John R. Lewis Post Office Building""."
117,H.R. 5641,bill,signed,2022-10-10,Joseph R. Biden Jr.,D,117-189,no recorded vote,2022-09-29,-,-,-,-,-,-,-,-,-,-,-,-,-,unanimous consent,2022-09-20,-,-,-,-,-,-,-,-,-,-,-,-,-,-,-,-,-,-,-,-,-,-,-,Small Project Efficient and Effective Disaster Recovery Act
117,H.R. 5650,bill,signed,2022-12-27,Joseph R. Biden Jr.,D,117-279,voice vote,2022-09-13,-,-,-,-,-,-,-,-,-,-,-,-,-,unanimous consent,2022-12-19,-,-,-,-,-,-,-,-,-,-,-,-,-,-,-,-,-,-,-,-,-,-,-,"To designate the facility of the United States Postal Service located at 16605 East Avenue of the Fountains in Fountain Hills, Arizona, as the ""Dr. C.T. Wright Post Office Building""."
117,H.R. 5659,bill,signed,2022-12-27,Joseph R. Biden Jr.,D,117-280,roll 358,2022-07-14,On Motion to Suspend the Rules and Pass,134,63,5,9,214,0,0,5,0,0,0,0,unanimous consent,2022-12-19,-,-,-,-,-,-,-,-,-,-,-,-,-,-,-,-,-,-,-,-,-,-,-,"To designate the facility of the United States Postal Service located at 1961 North C Street in Oxnard, California, as the ""John R. Hatcher III Post Office Building""."
117,H.R. 5681,bill,signed,2022-04-19,Joseph R. Biden Jr.,D,117-113,roll 60,2022-03-08,On Motion to Suspend the Rules and Pass,173,27,0,11,214,6,0,1,0,0,0,0,unanimous consent,2022-04-05,-,-,-,-,-,-,-,-,-,-,-,-,-,-,-,-,-,-,-,-,-,-,-,Shadow Wolves Enhancement Act
117,H.R. 5754,bill,signed,2022-09-16,Joseph R. Biden Jr.,D,117-175,roll 202,2022-05-17,On Motion to Suspend the Rules and Pass,197,0,0,11,214,1,0,5,0,0,0,0,unanimous consent,2022-09-08,-,-,-,-,-,-,-,-,-,-,-,-,-,-,-,-,-,-,-,-,-,-,-,Patient Advocate Tracker Act
117,H.R. 5763,bill,signed,2021-10-31,Joseph R. Biden Jr.,D,117-52,roll 339,2021-10-28,On Motion to Suspend the Rules and Pass,145,55,0,12,213,4,0,2,0,0,0,0,unanimous consent,2021-10-28,-,-,-,-,-,-,-,-,-,-,-,-,-,-,-,-,-,-,-,-,-,-,-,Further Surface Transportation Extension Act of 2021
117,H.R. 5794,bill,signed,2022-12-27,Joseph R. Biden Jr.,D,117-281,voice vote,2022-07-12,-,-,-,-,-,-,-,-,-,-,-,-,-,unanimous consent,2022-12-19,-,-,-,-,-,-,-,-,-,-,-,-,-,-,-,-,-,-,-,-,-,-,-,"To designate the facility of the United States Postal Service located at 850 Walnut Street in McKeesport, Pennsylvania, as the First Sergeant Leonard A. Funk, Jr. Post Office Building."
117,H.R. 5796,bill,signed,2022-12-20,Joseph R. Biden Jr.,D,117-245,roll 511,2022-12-06,On the Motion to Suspend the Rules and Concur in the Senate Amendment,180,24,0,9,216,0,0,2,0,0,0,0,unanimous consent,2022-11-28,-,-,-,-,-,-,-,-,-,-,-,-,-,-,-,-,-,-,-,-,-,-,-,Patents for Humanity Act of 2022
117,H.R. 5809,bill,signed,2022-10-11,Joseph R. Biden Jr.,D,117-198,voice vote,2022-07-12,-,-,-,-,-,-,-,-,-,-,-,-,-,unanimous consent,2022-09-20,-,-,-,-,-,-,-,-,-,-,-,-,-,-,-,-,-,-,-,-,-,-,-,"To designate the facility of the United States Postal Service located at 1801 Town and Country Drive in Norco, California, as the ""Lance Corporal Kareem Nikoui Memorial Post Office Building""."
117,H.R. 5865,bill,signed,2022-12-27,Joseph R. Biden Jr.,D,117-282,no recorded vote,2022-09-14,-,-,-,-,-,-,-,-,-,-,-,-,-,unanimous consent,2022-12-19,-,-,-,-,-,-,-,-,-,-,-,-,-,-,-,-,-,-,-,-,-,-,-,"To designate the facility of the United States Postal Service located at 4110 Bluebonnet Drive in Stafford, Texas, as the ""Leonard Scarcella Post Office Building""."
117,H.R. 5900,bill,signed,2022-12-27,Joseph R. Biden Jr.,D,117-283,roll 166,2022-05-11,On Motion to Suspend the Rules and Pass,196,0,1,11,205,1,0,14,0,0,0,0,unanimous consent,2022-12-19,-,-,-,-,-,-,-,-,-,-,-,-,-,-,-,-,-,-,-,-,-,-,-,"To designate the facility of the United States Postal Service located at 2016 East 1st Street in Los Angeles, California, as the ""Marine Corps Reserve PVT Jacob Cruz Post Office""."
117,H.R. 5943,bill,signed,2022-12-27,Joseph R. Biden Jr.,D,117-284,no recorded vote,2022-12-01,-,-,-,-,-,-,-,-,-,-,-,-,-,unanimous consent,2022-12-14,-,-,-,-,-,-,-,-,-,-,-,-,-,-,-,-,-,-,-,-,-,-,-,"To designate the outpatient clinic of the Department of Veterans Affairs in Greenville, South Carolina, as the ""Lance Corporal Dana Cornell Darnell VA Clinic""."
117,H.R. 5952,bill,signed,2022-12-27,Joseph R. Biden Jr.,D,117-285,voice vote,2022-09-13,-,-,-,-,-,-,-,-,-,-,-,-,-,unanimous consent,2022-12-19,-,-,-,-,-,-,-,-,-,-,-,-,-,-,-,-,-,-,-,-,-,-,-,"To designate the facility of the United States Postal Service located at 123 East Main Street, in Vergas, Minnesota, as the ""Jon Glawe Post Office""."
117,H.R. 5961,bill,signed,2022-12-27,Joseph R. Biden Jr.,D,117-286,roll 434,2021-12-08,On Motion to Suspend the Rules and Pass,200,3,0,10,213,0,0,7,0,0,0,0,unanimous consent,2022-12-20,-,-,-,-,-,-,-,-,-,-,-,-,-,-,-,-,-,-,-,-,-,-,-,"To make revisions in title 5, United States Code, as necessary to keep the title current, and to make technical amendments to improve the United States Code."
117,H.R. 5973,bill,signed,2022-12-27,Joseph R. Biden Jr.,D,117-287,voice vote,2022-04-26,-,-,-,-,-,-,-,-,-,-,-,-,-,unanimous consent,2022-12-14,-,-,-,-,-,-,-,-,-,-,-,-,-,-,-,-,-,-,-,-,-,-,-,Great Lakes Fish and Wildlife Restoration Reauthorization Act of 2022
117,H.R. 6023,bill,signed,2022-05-16,Joseph R. Biden Jr.,D,117-127,voice vote,2022-04-26,-,-,-,-,-,-,-,-,-,-,-,-,-,voice vote,2022-05-03,-,-,-,-,-,-,-,-,-,-,-,-,-,-,-,-,-,-,-,-,-,-,-,Multinational Species Conservation Funds Semipostal Stamp Reauthorization Act of 2021
117,H.R. 6042,bill,signed,2022-12-27,Joseph R. Biden Jr.,D,117-288,voice vote,2022-12-12,-,-,-,-,-,-,-,-,-,-,-,-,-,unanimous consent,2022-12-19,-,-,-,-,-,-,-,-,-,-,-,-,-,-,-,-,-,-,-,-,-,-,-,"To designate the facility of the United States Postal Service located at 213 William Hilton Parkway in Hilton Head Island, South Carolina, as the ""Caesar H. Wright Jr. Post Office Building""."
117,H.R. 6064,bill,signed,2022-12-27,Joseph R. Biden Jr.,D,117-289,roll 217,2022-05-18,On Motion to Suspend the Rules and Pass,199,1,0,8,215,1,0,4,0,0,0,0,unanimous consent,2022-12-19,-,-,-,-,-,-,-,-,-,-,-,-,-,-,-,-,-,-,-,-,-,-,-,"To direct the Secretary of Veterans Affairs to seek to enter into an agreement with the National Academies of Sciences, Engineering, and Medicine for a review of examinations, furnished by the Secretary, to individuals who submit claims to the Secretary for compensation under chapter 11 of title 38, United States Code, for mental and physical conditions linked to military sexual trauma."
117,H.R. 6080,bill,signed,2022-12-27,Joseph R. Biden Jr.,D,117-290,voice vote,2022-09-28,-,-,-,-,-,-,-,-,-,-,-,-,-,unanimous consent,2022-12-19,-,-,-,-,-,-,-,-,-,-,-,-,-,-,-,-,-,-,-,-,-,-,-,"To designate the facility of the United States Postal Service located at 5420 Kavanaugh Boulevard in Little Rock, Arkansas, as the ""Ronald A. Robinson Post Office""."
117,H.R. 6119,bill,signed,2021-12-03,Joseph R. Biden Jr.,D,117-70,roll 399,2021-12-02,On Passage,1,212,0,0,220,0,0,0,0,0,0,0,roll 477,2021-12-02,On Passage of the Bill,19,28,0,3,48,0,0,0,2,0,0,0,D:2,-,-,-,-,-,-,-,-,-,Further Extending Government Funding Act
117,H.R. 6218,bill,signed,2022-12-27,Joseph R. Biden Jr.,D,117-291,no recorded vote,2022-12-14,-,-,-,-,-,-,-,-,-,-,-,-,-,unanimous consent,2022-12-19,-,-,-,-,-,-,-,-,-,-,-,-,-,-,-,-,-,-,-,-,-,-,-,"To designate the facility of the United States Postal Service located at 317 Blattner Drive in Avon, Minnesota, as the ""W.O.C. Kort Miller Plantenberg Post Office""."
117,H.R. 6220,bill,signed,2022-12-27,Joseph R. Biden Jr.,D,117-292,no recorded vote,2022-12-14,-,-,-,-,-,-,-,-,-,-,-,-,-,unanimous consent,2022-12-19,-,-,-,-,-,-,-,-,-,-,-,-,-,-,-,-,-,-,-,-,-,-,-,"To designate the facility of the United States Postal Service located at 100 3rd Avenue Northwest in Perham, Minnesota, as the ""Charles P. Nord Post Office""."
117,H.R. 6221,bill,signed,2022-12-27,Joseph R. Biden Jr.,D,117-293,no recorded vote,2022-12-14,-,-,-,-,-,-,-,-,-,-,-,-,-,unanimous consent,2022-12-19,-,-,-,-,-,-,-,-,-,-,-,-,-,-,-,-,-,-,-,-,-,-,-,"To designate the facility of the United States Postal Service located at 155 Main Avenue West in Winsted, Minnesota, as the ""James A. Rogers Jr. Post Office""."
117,H.R. 6256,bill,signed,2021-12-23,Joseph R. Biden Jr.,D,117-78,voice vote,2021-12-14,-,-,-,-,-,-,-,-,-,-,-,-,-,unanimous consent,2021-12-16,-,-,-,-,-,-,-,-,-,-,-,-,-,-,-,-,-,-,-,-,-,-,-,"To ensure that goods made with forced labor in the Xinjiang Uyghur Autonomous Region of the Peopleâs Republic of China do not enter the United States market, and for other purposes."
117,H.R. 6267,bill,signed,2022-12-27,Joseph R. Biden Jr.,D,117-294,voice vote,2022-09-28,-,-,-,-,-,-,-,-,-,-,-,-,-,unanimous consent,2022-12-19,-,-,-,-,-,-,-,-,-,-,-,-,-,-,-,-,-,-,-,-,-,-,-,"To designate the facility of the United States Postal Service located at 15 Chestnut Street in Suffern, New York, as the ""Sergeant Gerald T. 'Jerry' Donnellan Post Office""."
117,H.R. 6386,bill,signed,2022-12-27,Joseph R. Biden Jr.,D,117-295,roll 167,2022-05-11,On Motion to Suspend the Rules and Pass,195,0,1,12,209,0,0,11,0,0,0,0,unanimous consent,2022-12-19,-,-,-,-,-,-,-,-,-,-,-,-,-,-,-,-,-,-,-,-,-,-,-,"To designate the facility of the United States Postal Service located at 450 West Schaumburg Road in Schaumburg, Illinois, as the ""Veterans of Iraq and Afghanistan Memorial Post Office Building""."
117,H.R. 6427,bill,signed,2022-12-27,Joseph R. Biden Jr.,D,117-296,voice vote,2022-12-12,-,-,-,-,-,-,-,-,-,-,-,-,-,unanimous consent,2022-12-19,-,-,-,-,-,-,-,-,-,-,-,-,-,-,-,-,-,-,-,-,-,-,-,Red River National Wildlife Refuge Boundary Modification Act
117,H.R. 6604,bill,signed,2022-12-27,Joseph R. Biden Jr.,D,117-297,roll 203,2022-05-17,"On Motion to Suspend the Rules and Pass, as Amended",198,1,0,9,214,0,0,6,0,0,0,0,unanimous consent,2022-12-19,-,-,-,-,-,-,-,-,-,-,-,-,-,-,-,-,-,-,-,-,-,-,-,Veterans Eligible to Transfer School (VETS) Credit Act
117,H.R. 6614,bill,signed,2022-12-19,Joseph R. Biden Jr.,D,117-234,voice vote,2022-05-10,-,-,-,-,-,-,-,-,-,-,-,-,-,unanimous consent,2022-12-06,-,-,-,-,-,-,-,-,-,-,-,-,-,-,-,-,-,-,-,-,-,-,-,"To designate the facility of the United States Postal Service located at 4744 Grand River Avenue in Detroit, Michigan, as the ""Rosa Louise McCauley Parks Post Office Building""."
117,H.R. 6617,bill,signed,2022-02-18,Joseph R. Biden Jr.,D,117-86,roll 39,2022-02-08,On Passage,51,161,0,0,221,1,0,0,0,0,0,0,roll 64,2022-02-17,On Passage of the Bill,19,27,0,4,44,0,0,4,2,0,0,0,D:2,-,-,-,-,-,-,-,-,-,Further Additional Extending Government Funding Act
117,H.R. 6630,bill,signed,2022-12-27,Joseph R. Biden Jr.,D,117-298,no recorded vote,2022-12-14,-,-,-,-,-,-,-,-,-,-,-,-,-,unanimous consent,2022-12-19,-,-,-,-,-,-,-,-,-,-,-,-,-,-,-,-,-,-,-,-,-,-,-,"To designate the facility of the United States Postal Service located at 1400 N Kraemer Blvd. in Placentia, California, as the ""PFC Jang Ho Kim Post Office Building""."
117,H.R. 6722,bill,signed,2022-12-20,Joseph R. Biden Jr.,D,117-235,voice vote,2022-11-14,-,-,-,-,-,-,-,-,-,-,-,-,-,unanimous consent,2022-12-06,-,-,-,-,-,-,-,-,-,-,-,-,-,-,-,-,-,-,-,-,-,-,-,"To designate the Department of Veterans Affairs community-based outpatient clinic in French Camp, California, as the ""Richard A. Pittman VA Clinic""."
117,H.R. 6833,bill,signed,2022-09-30,Joseph R. Biden Jr.,D,117-180,roll 476,2022-09-30,On Motion to Concur in the Senate Amendment,10,201,0,1,220,0,0,1,0,0,0,0,roll 351,2022-09-29,On Passage of the Bill,22,25,0,3,48,0,0,0,2,0,0,0,D:2,-,-,-,-,-,-,-,-,-,"Continuing Appropriations and Ukraine Supplemental Appropriations Act, 2023"
117,H.R. 6863,bill,signed,2022-12-20,Joseph R. Biden Jr.,D,117-236,voice vote,2022-11-14,-,-,-,-,-,-,-,-,-,-,-,-,-,unanimous consent,2022-12-06,-,-,-,-,-,-,-,-,-,-,-,-,-,-,-,-,-,-,-,-,-,-,-,"To designate the medical center of the Department of Veterans Affairs in Memphis, Tennessee, as the ""Lt. Col. Luke Weathers, Jr. VA Medical Center""."
117,H.R. 6899,bill,signed,2022-10-04,Joseph R. Biden Jr.,D,117-185,roll 162,2022-05-11,"On Motion to Suspend the Rules and Pass, as Amended",202,2,0,4,215,0,0,5,0,0,0,0,unanimous consent,2022-09-21,-,-,-,-,-,-,-,-,-,-,-,-,-,-,-,-,-,-,-,-,-,-,-,Russia and Belarus SDR Exchange Prohibition Act of 2022
117,H.R. 6917,bill,signed,2022-12-27,Joseph R. Biden Jr.,D,117-299,voice vote,2022-11-14,-,-,-,-,-,-,-,-,-,-,-,-,-,unanimous consent,2022-12-19,-,-,-,-,-,-,-,-,-,-,-,-,-,-,-,-,-,-,-,-,-,-,-,"To designate the facility of the United States Postal Service located at 301 East Congress Parkway in Crystal Lake, Illinois, as the ""Ryan J. Cummings Post Office Building""."
117,H.R. 6943,bill,signed,2022-08-16,Joseph R. Biden Jr.,D,117-172,roll 223,2022-05-18,"On Motion to Suspend the Rules and Pass, as Amended",184,17,0,7,218,0,0,2,0,0,0,0,unanimous consent,2022-08-01,-,-,-,-,-,-,-,-,-,-,-,-,-,-,-,-,-,-,-,-,-,-,-,Public Safety Officer Support Act of 2022
117,H.R. 6961,bill,signed,2022-12-27,Joseph R. Biden Jr.,D,117-300,roll 216,2022-05-18,"On Motion to Suspend the Rules and Pass, as Amended",187,12,0,9,218,0,0,2,0,0,0,0,unanimous consent,2022-12-19,-,-,-,-,-,-,-,-,-,-,-,-,-,-,-,-,-,-,-,-,-,-,-,Dignity for MST Survivors Act
117,H.R. 6968,bill,signed,2022-04-08,Joseph R. Biden Jr.,D,117-109,roll 125,2022-04-07,On Motion to Suspend the Rules and Concur in the Senate Amendment,194,7,0,8,219,2,0,0,0,0,0,0,roll 132,2022-04-07,On Passage of the Bill,50,0,0,0,48,0,0,0,2,0,0,0,D:2,-,-,-,-,-,-,-,-,-,Ending Importation of Russian Oil Act
117,H.R. 7077,bill,signed,2022-12-20,Joseph R. Biden Jr.,D,117-246,no recorded vote,2022-12-14,-,-,-,-,-,-,-,-,-,-,-,-,-,unanimous consent,2022-12-06,-,-,-,-,-,-,-,-,-,-,-,-,-,-,-,-,-,-,-,-,-,-,-,Empowering the U.S. Fire Administration Act
117,H.R. 7108,bill,signed,2022-04-08,Joseph R. Biden Jr.,D,117-110,roll 124,2022-04-07,On Motion to Suspend the Rules and Concur in the Senate Amendment,199,3,0,7,221,0,0,0,0,0,0,0,roll 131,2022-04-07,On Passage of the Bill,50,0,0,0,48,0,0,0,2,0,0,0,D:2,-,-,-,-,-,-,-,-,-,Suspending Normal Trade Relations with Russia and Belarus Act
117,H.R. 7132,bill,signed,2022-12-07,Joseph R. Biden Jr.,D,117-223,no recorded vote,2022-07-27,-,-,-,-,-,-,-,-,-,-,-,-,-,unanimous consent,2022-11-17,-,-,-,-,-,-,-,-,-,-,-,-,-,-,-,-,-,-,-,-,-,-,-,Safe Connections Act of 2022
117,H.R. 7181,bill,signed,2022-12-27,Joseph R. Biden Jr.,D,117-301,voice vote,2022-09-19,-,-,-,-,-,-,-,-,-,-,-,-,-,unanimous consent,2022-12-15,-,-,-,-,-,-,-,-,-,-,-,-,-,-,-,-,-,-,-,-,-,-,-,Human Trafficking Prevention Act of 2022
117,H.R. 7299,bill,signed,2022-12-27,Joseph R. Biden Jr.,D,117-302,no recorded vote,2022-11-17,-,-,-,-,-,-,-,-,-,-,-,-,-,unanimous consent,2022-12-19,-,-,-,-,-,-,-,-,-,-,-,-,-,-,-,-,-,-,-,-,-,-,-,SVAC Act of 2022
117,H.R. 7334,bill,signed,2022-08-05,Joseph R. Biden Jr.,D,117-165,roll 247,2022-06-08,On Motion to Suspend the Rules and Pass,203,0,0,5,213,3,0,3,0,0,0,0,voice vote,2022-07-28,-,-,-,-,-,-,-,-,-,-,-,-,-,-,-,-,-,-,-,-,-,-,-,COVID-19 EIDL Fraud Statute of Limitations Act of 2022
117,H.R. 7335,bill,signed,2022-12-27,Joseph R. Biden Jr.,D,117-303,roll 215,2022-05-18,On Motion to Suspend the Rules and Pass,199,0,0,9,218,0,0,2,0,0,0,0,unanimous consent,2022-12-19,-,-,-,-,-,-,-,-,-,-,-,-,-,-,-,-,-,-,-,-,-,-,-,MST Claims Coordination Act
117,H.R. 7352,bill,signed,2022-08-05,Joseph R. Biden Jr.,D,117-166,roll 246,2022-06-08,On Motion to Suspend the Rules and Pass,205,0,0,3,216,0,0,3,0,0,0,0,voice vote,2022-07-28,-,-,-,-,-,-,-,-,-,-,-,-,-,-,-,-,-,-,-,-,-,-,-,PPP and Bank Fraud Enforcement Harmonization Act of 2022
117,H.R. 7500,bill,signed,2022-10-10,Joseph R. Biden Jr.,D,117-190,roll 201,2022-05-17,On Motion to Suspend the Rules and Pass,191,2,0,15,211,0,0,9,0,0,0,0,voice vote,2022-09-14,-,-,-,-,-,-,-,-,-,-,-,-,-,-,-,-,-,-,-,-,-,-,-,Fiscal Year 2022 Veterans Affairs Major Medical Facility Authorization Act
117,H.R. 7514,bill,signed,2022-12-27,Joseph R. Biden Jr.,D,117-304,voice vote,2022-12-12,-,-,-,-,-,-,-,-,-,-,-,-,-,unanimous consent,2022-12-19,-,-,-,-,-,-,-,-,-,-,-,-,-,-,-,-,-,-,-,-,-,-,-,"To designate the facility of the United States Postal Service located at 345 South Main Street in Butler, Pennsylvania, as the ""Andrew Gomer Williams Post Office Building""."
117,H.R. 7518,bill,signed,2022-12-27,Joseph R. Biden Jr.,D,117-305,voice vote,2022-11-14,-,-,-,-,-,-,-,-,-,-,-,-,-,unanimous consent,2022-12-19,-,-,-,-,-,-,-,-,-,-,-,-,-,-,-,-,-,-,-,-,-,-,-,"To designate the facility of the United States Postal Service located at 23200 John R Road in Hazel Park, Michigan, as the ""Roy E. Dickens Post Office""."
117,H.R. 7519,bill,signed,2022-12-27,Joseph R. Biden Jr.,D,117-306,voice vote,2022-12-12,-,-,-,-,-,-,-,-,-,-,-,-,-,unanimous consent,2022-12-19,-,-,-,-,-,-,-,-,-,-,-,-,-,-,-,-,-,-,-,-,-,-,-,"To designate the facility of the United States Postal Service located at 2050 South Boulevard in Bloomfield Township, Michigan, as the ""Dr. Ezra S. Parke Post Office Building""."
117,H.R. 7535,bill,signed,2022-12-21,Joseph R. Biden Jr.,D,117-260,roll 519,2022-12-13,On Motion to Suspend the Rules and Concur in the Senate Amendment,204,3,0,6,216,0,0,1,0,0,0,0,unanimous consent,2022-12-08,-,-,-,-,-,-,-,-,-,-,-,-,-,-,-,-,-,-,-,-,-,-,-,Quantum Computing Cybersecurity Preparedness Act
117,H.R. 7638,bill,signed,2022-12-27,Joseph R. Biden Jr.,D,117-307,voice vote,2022-12-12,-,-,-,-,-,-,-,-,-,-,-,-,-,unanimous consent,2022-12-19,-,-,-,-,-,-,-,-,-,-,-,-,-,-,-,-,-,-,-,-,-,-,-,"To designate the facility of the United States Postal Service located at 6000 South Florida Avenue in Lakeland, Florida, as the ""U.S. Marine Corporal Ronald R. Payne Jr. Post Office""."
117,H.R. 7691,bill,signed,2022-05-21,Joseph R. Biden Jr.,D,117-128,roll 145,2022-05-10,On Passage,149,57,0,3,219,0,0,2,0,0,0,0,roll 191,2022-05-19,On Passage of the Bill,39,11,0,0,45,0,0,3,2,0,0,0,D:2,-,-,-,-,-,-,-,-,-,"Additional Ukraine Supplemental Appropriations Act, 2022"
117,H.R. 7698,bill,signed,2022-10-11,Joseph R. Biden Jr.,D,117-199,voice vote,2022-09-19,-,-,-,-,-,-,-,-,-,-,-,-,-,unanimous consent,2022-09-28,-,-,-,-,-,-,-,-,-,-,-,-,-,-,-,-,-,-,-,-,-,-,-,"To designate the outpatient clinic of the Department of Veterans Affairs in Ventura, California, as the ""Captain Rosemary Bryant Mariner Outpatient Clinic""."
117,H.R. 7735,bill,signed,2022-12-27,Joseph R. Biden Jr.,D,117-308,no recorded vote,2022-09-14,-,-,-,-,-,-,-,-,-,-,-,-,-,unanimous consent,2022-12-19,-,-,-,-,-,-,-,-,-,-,-,-,-,-,-,-,-,-,-,-,-,-,-,Improving Access to the VA Home Loan Benefit Act of 2022
117,H.R. 7776,bill,signed,2022-12-23,Joseph R. Biden Jr.,D,117-263,no recorded vote,2022-12-08,-,-,-,-,-,-,-,-,-,-,-,-,-,roll 396,2022-12-15,On the Motion,39,5,0,6,43,5,0,0,1,1,0,0,D:2,-,-,-,-,-,-,-,-,-,James M. Inhofe National Defense Authorization Act for Fiscal Year 2023
117,H.R. 7791,bill,signed,2022-05-21,Joseph R. Biden Jr.,D,117-129,roll 218,2022-05-18,On Motion to Suspend the Rules and Pass,194,9,0,5,220,0,0,1,0,0,0,0,unanimous consent,2022-05-19,-,-,-,-,-,-,-,-,-,-,-,-,-,-,-,-,-,-,-,-,-,-,-,Access to Baby Formula Act of 2022
117,H.R. 7846,bill,signed,2022-10-10,Joseph R. Biden Jr.,D,117-191,no recorded vote,2022-09-14,-,-,-,-,-,-,-,-,-,-,-,-,-,voice vote,2022-09-22,-,-,-,-,-,-,-,-,-,-,-,-,-,-,-,-,-,-,-,-,-,-,-,Veterans' Compensation Cost-of-Living Adjustment Act of 2022
117,H.R. 7903,bill,signed,2022-12-20,Joseph R. Biden Jr.,D,117-237,voice vote,2022-11-14,-,-,-,-,-,-,-,-,-,-,-,-,-,unanimous consent,2022-12-06,-,-,-,-,-,-,-,-,-,-,-,-,-,-,-,-,-,-,-,-,-,-,-,"To designate the Department of Veterans Affairs community-based outpatient clinic located in Canton, Michigan, as the ""Major General Oliver W. Dillard VA Clinic""."
117,H.R. 7925,bill,signed,2022-12-20,Joseph R. Biden Jr.,D,117-238,voice vote,2022-11-14,-,-,-,-,-,-,-,-,-,-,-,-,-,unanimous consent,2022-12-06,-,-,-,-,-,-,-,-,-,-,-,-,-,-,-,-,-,-,-,-,-,-,-,"To designate the Department of Veterans Affairs community-based outpatient clinic located in Palm Desert, California, as the ""Sy Kaplan VA Clinic""."
117,H.R. 7939,bill,signed,2023-01-05,Joseph R. Biden Jr.,D,117-333,roll 546,2022-12-22,On Motion to Suspend the Rules and Concur in the Senate Amendment,167,35,0,11,213,0,0,4,0,0,0,0,unanimous consent,2022-12-20,-,-,-,-,-,-,-,-,-,-,-,-,-,-,-,-,-,-,-,-,-,-,-,Veterans Auto and Education Improvement Act of 2022
117,H.R. 8025,bill,signed,2022-12-27,Joseph R. Biden Jr.,D,117-309,voice vote,2022-11-29,-,-,-,-,-,-,-,-,-,-,-,-,-,unanimous consent,2022-12-19,-,-,-,-,-,-,-,-,-,-,-,-,-,-,-,-,-,-,-,-,-,-,-,"To designate the facility of the United States Postal Service located at 100 South 1st Street in Minneapolis, Minnesota, as the ""Martin Olav Sabo Post Office""."
117,H.R. 8026,bill,signed,2022-12-27,Joseph R. Biden Jr.,D,117-310,voice vote,2022-12-12,-,-,-,-,-,-,-,-,-,-,-,-,-,unanimous consent,2022-12-19,-,-,-,-,-,-,-,-,-,-,-,-,-,-,-,-,-,-,-,-,-,-,-,"To designate the facility of the United States Postal Service located at 825 West 65th Street in Minneapolis, Minnesota, as the ""Charles W. Lindberg Post Office""."
117,H.R. 8203,bill,signed,2022-12-27,Joseph R. Biden Jr.,D,117-311,no recorded vote,2022-12-01,-,-,-,-,-,-,-,-,-,-,-,-,-,unanimous consent,2022-12-19,-,-,-,-,-,-,-,-,-,-,-,-,-,-,-,-,-,-,-,-,-,-,-,"To designate the facility of the United States Postal Service located at 651 Business Interstate Highway 35 North Suite 420 in New Braunfels, Texas, as the ""Bob Krueger Post Office""."
117,H.R. 8226,bill,signed,2022-12-27,Joseph R. Biden Jr.,D,117-312,voice vote,2022-12-12,-,-,-,-,-,-,-,-,-,-,-,-,-,unanimous consent,2022-12-19,-,-,-,-,-,-,-,-,-,-,-,-,-,-,-,-,-,-,-,-,-,-,-,"To designate the facility of the United States Postal Service located at 236 Concord Exchange North in South Saint Paul, Minnesota, as the ""Officer Leo Pavlak Post Office Building""."
117,H.R. 8260,bill,signed,2022-12-27,Joseph R. Biden Jr.,D,117-313,no recorded vote,2022-09-14,-,-,-,-,-,-,-,-,-,-,-,-,-,unanimous consent,2022-12-19,-,-,-,-,-,-,-,-,-,-,-,-,-,-,-,-,-,-,-,-,-,-,-,Faster Payments to Veterans' Survivors Act of 2022
117,H.R. 8351,bill,signed,2022-07-21,Joseph R. Biden Jr.,D,117-160,roll 363,2022-07-15,On Motion to Suspend the Rules and Pass,203,2,0,6,218,0,0,1,0,0,0,0,voice vote,2022-07-21,-,-,-,-,-,-,-,-,-,-,-,-,-,-,-,-,-,-,-,-,-,-,-,Formula Act
117,H.R. 8404,bill,signed,2022-12-13,Joseph R. Biden Jr.,D,117-228,roll 513,2022-12-08,On Motion to Concur in the Senate Amendment,39,169,1,4,219,0,0,0,0,0,0,0,roll 362,2022-11-29,On Passage of the Bill,12,36,0,2,47,0,0,1,2,0,0,0,D:2,-,-,-,-,-,-,-,-,-,Respect for Marriage Act
117,H.R. 8454,bill,signed,2022-12-02,Joseph R. Biden Jr.,D,117-215,roll 392,2022-07-26,"On Motion to Suspend the Rules and Pass, as Amended",109,95,0,7,216,0,0,3,0,0,0,0,voice vote,2022-11-16,-,-,-,-,-,-,-,-,-,-,-,-,-,-,-,-,-,-,-,-,-,-,-,Medical Marijuana and Cannabidiol Research Expansion Act
117,H.R. 8656,bill,signed,2022-09-30,Joseph R. Biden Jr.,D,117-179,unanimous consent,2022-08-12,-,-,-,-,-,-,-,-,-,-,-,-,-,unanimous consent,2022-09-08,-,-,-,-,-,-,-,-,-,-,-,-,-,-,-,-,-,-,-,-,-,-,-,"To designate the clinic of the Department of Veterans Affairs in Mishawaka, Indiana, as the ""Jackie Walorski VA Clinic""."
117,H.R. 8982,bill,signed,2022-10-10,Joseph R. Biden Jr.,D,117-192,voice vote,2022-09-29,-,-,-,-,-,-,-,-,-,-,-,-,-,voice vote,2022-09-29,-,-,-,-,-,-,-,-,-,-,-,-,-,-,-,-,-,-,-,-,-,-,-,Bulk Infant Formula to Retail Shelves Act
117,H.R. 9308,bill,signed,2022-12-27,Joseph R. Biden Jr.,D,117-314,no recorded vote,2022-12-01,-,-,-,-,-,-,-,-,-,-,-,-,-,unanimous consent,2022-12-19,-,-,-,-,-,-,-,-,-,-,-,-,-,-,-,-,-,-,-,-,-,-,-,"To designate the facility of the United States Postal Service located at 6401 El Cajon Boulevard in San Diego, California, as the ""Susan A. Davis Post Office""."
117,S. 7,bill,signed,2022-12-27,Joseph R. Biden Jr.,D,117-315,voice vote,2022-12-14,-,-,-,-,-,-,-,-,-,-,-,-,-,unanimous consent,2022-11-17,-,-,-,-,-,-,-,-,-,-,-,-,-,-,-,-,-,-,-,-,-,-,-,VAWA Technical Amendment Act of 2022
117,S. 66,bill,signed,2022-06-16,Joseph R. Biden Jr.,D,117-144,roll 152,2022-05-11,On Motion to Suspend the Rules and Pass,198,4,0,6,214,3,0,3,0,0,0,0,unanimous consent,2022-03-08,-,-,-,-,-,-,-,-,-,-,-,-,-,-,-,-,-,-,-,-,-,-,-,South Florida Clean Coastal Waters Act of 2021
117,S. 108,bill,signed,2021-11-23,Joseph R. Biden Jr.,D,117-65,roll 345,2021-11-02,On Motion to Suspend the Rules and Pass,207,2,0,3,218,0,0,1,0,0,0,0,unanimous consent,2021-05-26,-,-,-,-,-,-,-,-,-,-,-,-,-,-,-,-,-,-,-,-,-,-,-,"A bill to authorize the Seminole Tribe of Florida to lease or transfer certain land, and for other purposes."
117,S. 144,bill,signed,2022-07-29,Joseph R. Biden Jr.,D,117-161,roll 375,2022-07-19,On Motion to Suspend the Rules and Pass,164,41,0,6,215,0,0,4,0,0,0,0,voice vote,2021-05-26,-,-,-,-,-,-,-,-,-,-,-,-,-,-,-,-,-,-,-,-,-,-,-,Desert Sage Youth Wellness Center Access Improvement Act
117,S. 164,bill,signed,2021-04-23,Joseph R. Biden Jr.,D,117-8,roll 101,2021-04-14,On Motion to Suspend the Rules and Pass,198,8,0,6,214,0,0,3,0,0,0,0,unanimous consent,2021-03-03,-,-,-,-,-,-,-,-,-,-,-,-,-,-,-,-,-,-,-,-,-,-,-,Advancing Education on Biosimilars Act of 2021
117,S. 169,bill,signed,2022-10-17,Joseph R. Biden Jr.,D,117-201,voice vote,2022-09-19,-,-,-,-,-,-,-,-,-,-,-,-,-,unanimous consent,2021-07-13,-,-,-,-,-,-,-,-,-,-,-,-,-,-,-,-,-,-,-,-,-,-,-,ARTS Act
117,S. 189,bill,signed,2021-10-08,Joseph R. Biden Jr.,D,117-45,roll 262,2021-09-20,On Motion to Suspend the Rules and Pass,207,0,0,5,216,0,0,3,0,0,0,0,unanimous consent,2021-07-21,-,-,-,-,-,-,-,-,-,-,-,-,-,-,-,-,-,-,-,-,-,-,-,Veterans' Compensation Cost-of-Living Adjustment Act of 2021
117,S. 198,bill,signed,2022-12-20,Joseph R. Biden Jr.,D,117-247,no recorded vote,2022-12-06,-,-,-,-,-,-,-,-,-,-,-,-,-,unanimous consent,2022-12-13,-,-,-,-,-,-,-,-,-,-,-,-,-,-,-,-,-,-,-,-,-,-,-,Data Mapping to Save Moms' Lives Act
117,S. 231,bill,signed,2022-12-20,Joseph R. Biden Jr.,D,117-248,roll 498,2022-12-01,On Motion to Suspend the Rules and Pass,186,22,0,5,214,0,0,4,0,0,0,0,unanimous consent,2021-07-29,-,-,-,-,-,-,-,-,-,-,-,-,-,-,-,-,-,-,-,-,-,-,-,PFAS Act
117,S. 233,bill,signed,2022-05-05,Joseph R. Biden Jr.,D,117-115,voice vote,2022-03-30,-,-,-,-,-,-,-,-,-,-,-,-,-,unanimous consent,2021-10-07,-,-,-,-,-,-,-,-,-,-,-,-,-,-,-,-,-,-,-,-,-,-,-,Donna M. Doss Memorial Act of 2021
117,S. 270,bill,signed,2022-05-12,Joseph R. Biden Jr.,D,117-123,voice vote,2022-04-26,-,-,-,-,-,-,-,-,-,-,-,-,-,voice vote,2022-04-06,-,-,-,-,-,-,-,-,-,-,-,-,-,-,-,-,-,-,-,-,-,-,-,Brown v. Board of Education National Historical Park Expansion and Redesignation Act
117,S. 272,bill,signed,2021-09-24,Joseph R. Biden Jr.,D,117-40,roll 256,2021-08-23,On Motion to Suspend the Rules and Pass,207,1,0,4,216,0,0,3,0,0,0,0,unanimous consent,2021-06-24,-,-,-,-,-,-,-,-,-,-,-,-,-,-,-,-,-,-,-,-,-,-,-,Congressional Budget Justification Transparency Act of 2021
117,S. 314,bill,signed,2022-12-21,Joseph R. Biden Jr.,D,117-261,voice vote,2022-12-12,-,-,-,-,-,-,-,-,-,-,-,-,-,unanimous consent,2021-05-26,-,-,-,-,-,-,-,-,-,-,-,-,-,-,-,-,-,-,-,-,-,-,-,Klamath Tribe Judgment Fund Repeal Act
117,S. 321,bill,signed,2022-03-14,Joseph R. Biden Jr.,D,117-97,roll 46,2022-02-28,On Motion to Suspend the Rules and Pass,202,0,0,9,220,0,0,2,0,0,0,0,unanimous consent,2021-04-29,-,-,-,-,-,-,-,-,-,-,-,-,-,-,-,-,-,-,-,-,-,-,-,"""Six Triple Eight"" Congressional Gold Medal Act of 2021"
117,S. 325,bill,signed,2021-09-24,Joseph R. Biden Jr.,D,117-41,roll 255,2021-08-23,On Motion to Suspend the Rules and Pass,201,7,0,4,217,0,0,2,0,0,0,0,voice vote,2021-05-26,-,-,-,-,-,-,-,-,-,-,-,-,-,-,-,-,-,-,-,-,-,-,-,"A bill to amend the Alyce Spotted Bear and Walter Soboleff Commission on Native Children Act to extend the deadline for a report by the Alyce Spotted Bear and Walter Soboleff Commission on Native Children, and for other purposes."
117,S. 400,bill,signed,2022-05-06,Joseph R. Biden Jr.,D,117-117,roll 91,2022-03-30,"On Motion to Suspend the Rules and Pass, as Amended",197,4,1,8,220,0,0,1,0,0,0,0,unanimous consent,2022-04-06,-,-,-,-,-,-,-,-,-,-,-,-,-,-,-,-,-,-,-,-,-,-,-,"William T. Coleman, Jr. and Norman Y. Mineta Department of Transportation Headquarters Act"
117,S. 409,bill,signed,2021-07-06,Joseph R. Biden Jr.,D,117-25,no recorded vote,2021-06-23,-,-,-,-,-,-,-,-,-,-,-,-,-,unanimous consent,2021-05-28,-,-,-,-,-,-,-,-,-,-,-,-,-,-,-,-,-,-,-,-,-,-,-,"A bill to provide for the availability of amounts for customer education initiatives and non-awards expenses of the Commodity Futures Trading Commission Whistleblower Program, and for other purposes."
117,S. 415,bill,signed,2021-04-23,Joseph R. Biden Jr.,D,117-9,voice vote,2021-04-14,-,-,-,-,-,-,-,-,-,-,-,-,-,unanimous consent,2021-03-10,-,-,-,-,-,-,-,-,-,-,-,-,-,-,-,-,-,-,-,-,-,-,-,"A bill to amend the Federal Food, Drug, and Cosmetic Act with respect to the scope of new chemical exclusivity."
117,S. 422,bill,signed,2021-04-23,Joseph R. Biden Jr.,D,117-10,unanimous consent,2021-04-16,-,-,-,-,-,-,-,-,-,-,-,-,-,unanimous consent,2021-02-24,-,-,-,-,-,-,-,-,-,-,-,-,-,-,-,-,-,-,-,-,-,-,-,Senate Shared Employee Act
117,S. 442,bill,signed,2022-10-17,Joseph R. Biden Jr.,D,117-202,roll 430,2022-09-14,On Motion to Suspend the Rules and Pass,130,78,0,4,217,0,0,3,0,0,0,0,unanimous consent,2022-03-30,-,-,-,-,-,-,-,-,-,-,-,-,-,-,-,-,-,-,-,-,-,-,-,BRIGHT Act
117,S. 450,bill,signed,2023-01-05,Joseph R. Biden Jr.,D,117-334,voice vote,2022-12-21,-,-,-,-,-,-,-,-,-,-,-,-,-,unanimous consent,2022-01-10,-,-,-,-,-,-,-,-,-,-,-,-,-,-,-,-,-,-,-,-,-,-,-,Emmett Till and Mamie Till-Mobley Congressional Gold Medal Act of 2021
117,S. 452,bill,signed,2022-01-31,Joseph R. Biden Jr.,D,117-84,roll 11,2022-01-19,On Motion to Suspend the Rules and Pass,205,0,0,7,221,0,0,0,0,0,0,0,unanimous consent,2021-07-27,-,-,-,-,-,-,-,-,-,-,-,-,-,-,-,-,-,-,-,-,-,-,-,Willie O'Ree Congressional Gold Medal Act
117,S. 475,bill,signed,2021-06-17,Joseph R. Biden Jr.,D,117-17,roll 170,2021-06-16,On Passage,195,14,0,2,220,0,0,0,0,0,0,0,unanimous consent,2021-06-15,-,-,-,-,-,-,-,-,-,-,-,-,-,-,-,-,-,-,-,-,-,-,-,Juneteenth National Independence Day Act
117,S. 497,bill,signed,2022-05-12,Joseph R. Biden Jr.,D,117-121,roll 126,2022-04-26,On Motion to Suspend the Rules and Pass,192,11,0,6,212,0,0,8,0,0,0,0,unanimous consent,2022-03-10,-,-,-,-,-,-,-,-,-,-,-,-,-,-,-,-,-,-,-,-,-,-,-,American Fisheries Advisory Committee Act
117,S. 516,bill,signed,2022-10-17,Joseph R. Biden Jr.,D,117-203,roll 268,2022-06-14,"On Motion to Suspend the Rules and Pass, as Amended",169,29,0,10,211,1,0,7,0,0,0,0,unanimous consent,2022-09-21,-,-,-,-,-,-,-,-,-,-,-,-,-,-,-,-,-,-,-,-,-,-,-,Advanced Air Mobility Coordination and Leadership Act
117,S. 558,bill,signed,2022-12-27,Joseph R. Biden Jr.,D,117-316,no recorded vote,2022-12-14,-,-,-,-,-,-,-,-,-,-,-,-,-,unanimous consent,2021-09-30,-,-,-,-,-,-,-,-,-,-,-,-,-,-,-,-,-,-,-,-,-,-,-,FLOODS Act
117,S. 566,bill,signed,2022-02-22,Joseph R. Biden Jr.,D,117-87,roll 37,2022-02-08,On Motion to Suspend the Rules and Pass,211,0,1,0,221,0,0,0,0,0,0,0,unanimous consent,2021-07-27,-,-,-,-,-,-,-,-,-,-,-,-,-,-,-,-,-,-,-,-,-,-,-,"A bill to designate the facility of the United States Postal Service located at 42 Main Street in Slatersville, Rhode Island, as the ""Specialist Matthew R. Turcotte Post Office""."
117,S. 578,bill,signed,2021-04-23,Joseph R. Biden Jr.,D,117-11,roll 100,2021-04-14,On Motion to Suspend the Rules and Pass,198,11,0,3,217,0,0,0,0,0,0,0,unanimous consent,2021-03-03,-,-,-,-,-,-,-,-,-,-,-,-,-,-,-,-,-,-,-,-,-,-,-,FASTER Act of 2021
117,S. 579,bill,signed,2021-03-23,Joseph R. Biden Jr.,D,117-3,unanimous consent,2021-03-11,-,-,-,-,-,-,-,-,-,-,-,-,-,unanimous consent,2021-03-03,-,-,-,-,-,-,-,-,-,-,-,-,-,-,-,-,-,-,-,-,-,-,-,A bill to make a technical correction to the ALS Disability Insurance Access Act of 2019.
117,S. 583,bill,signed,2022-02-22,Joseph R. Biden Jr.,D,117-88,roll 34,2022-02-07,On Motion to Suspend the Rules and Pass,205,5,0,2,221,0,0,0,0,0,0,0,unanimous consent,2021-07-29,-,-,-,-,-,-,-,-,-,-,-,-,-,-,-,-,-,-,-,-,-,-,-,PRICE Act of 2021
117,S. 610,bill,signed,2021-12-10,Joseph R. Biden Jr.,D,117-71,roll 404,2021-12-07,On Passage,1,212,0,0,221,0,0,0,0,0,0,0,roll 491,2021-12-09,On the Motion,10,35,0,5,48,0,0,0,1,0,0,1,D:2,-,-,-,-,-,-,-,-,-,Protecting Medicare and American Farmers from Sequester Cuts Act
117,S. 658,bill,signed,2022-05-12,Joseph R. Biden Jr.,D,117-122,roll 59,2022-03-07,"On Motion to Suspend the Rules and Pass, as Amended",184,19,0,8,219,0,0,2,0,0,0,0,unanimous consent,2022-04-07,-,-,-,-,-,-,-,-,-,-,-,-,-,-,-,-,-,-,-,-,-,-,-,National Cybersecurity Preparedness Consortium Act of 2021
117,S. 789,bill,signed,2022-12-27,Joseph R. Biden Jr.,D,117-317,no recorded vote,2022-12-14,-,-,-,-,-,-,-,-,-,-,-,-,-,voice vote,2021-05-27,-,-,-,-,-,-,-,-,-,-,-,-,-,-,-,-,-,-,-,-,-,-,-,RESPECT Act
117,S. 796,bill,signed,2021-11-30,Joseph R. Biden Jr.,D,117-69,roll 374,2021-11-16,On Motion to Suspend the Rules and Pass,199,9,0,5,215,0,0,5,0,0,0,0,unanimous consent,2021-10-07,-,-,-,-,-,-,-,-,-,-,-,-,-,-,-,-,-,-,-,-,-,-,-,Protecting Moms Who Served Act of 2021
117,S. 812,bill,signed,2022-05-13,Joseph R. Biden Jr.,D,117-124,roll 138,2022-04-27,On Motion to Suspend the Rules and Pass,206,0,0,3,219,0,0,1,0,0,0,0,unanimous consent,2021-08-06,-,-,-,-,-,-,-,-,-,-,-,-,-,-,-,-,-,-,-,-,-,-,-,"A bill to direct the Secretary of State to develop a strategy to regain observer status for Taiwan in the World Health Organization, and for other purposes."
117,S. 848,bill,signed,2021-10-13,Joseph R. Biden Jr.,D,117-49,roll 302,2021-09-28,On Motion to Suspend the Rules and Pass,190,16,0,6,216,0,0,3,0,0,0,0,unanimous consent,2021-04-27,-,-,-,-,-,-,-,-,-,-,-,-,-,-,-,-,-,-,-,-,-,-,-,Consider Teachers Act of 2021
117,S. 854,bill,signed,2022-03-14,Joseph R. Biden Jr.,D,117-99,voice vote,2022-02-28,-,-,-,-,-,-,-,-,-,-,-,-,-,voice vote,2021-12-13,-,-,-,-,-,-,-,-,-,-,-,-,-,-,-,-,-,-,-,-,-,-,-,Methamphetamine Response Act of 2021
117,S. 894,bill,signed,2021-11-30,Joseph R. Biden Jr.,D,117-67,voice vote,2021-11-15,-,-,-,-,-,-,-,-,-,-,-,-,-,unanimous consent,2021-07-21,-,-,-,-,-,-,-,-,-,-,-,-,-,-,-,-,-,-,-,-,-,-,-,Hire Veteran Health Heroes Act of 2021
117,S. 921,bill,signed,2021-11-18,Joseph R. Biden Jr.,D,117-59,voice vote,2021-10-27,-,-,-,-,-,-,-,-,-,-,-,-,-,unanimous consent,2021-05-28,-,-,-,-,-,-,-,-,-,-,-,-,-,-,-,-,-,-,-,-,-,-,-,Jaime Zapata and Victor Avila Federal Officers and Employees Protection Act
117,S. 937,bill,signed,2021-05-20,Joseph R. Biden Jr.,D,117-13,roll 145,2021-05-18,On Motion to Suspend the Rules and Pass,147,62,0,2,217,0,0,1,0,0,0,0,roll 165,2021-04-22,On Passage of the Bill,46,1,0,3,46,0,0,2,2,0,0,0,D:2,-,-,-,-,-,-,-,-,-,COVID-19 Hate Crimes Act
117,S. 957,bill,signed,2021-07-29,Joseph R. Biden Jr.,D,117-29,roll 224,2021-07-27,On Motion to Suspend the Rules and Pass,205,0,0,6,219,0,0,0,0,0,0,0,unanimous consent,2021-04-22,-,-,-,-,-,-,-,-,-,-,-,-,-,-,-,-,-,-,-,-,-,-,-,DUMP Opioids Act
117,S. 958,bill,signed,2022-10-17,Joseph R. Biden Jr.,D,117-204,roll 465,2022-09-29,On Motion to Suspend the Rules and Pass,197,7,0,8,217,0,0,3,0,0,0,0,unanimous consent,2022-09-06,-,-,-,-,-,-,-,-,-,-,-,-,-,-,-,-,-,-,-,-,-,-,-,Maximizing Outcomes through Better Investments in Lifesaving Equipment for (MOBILE) Health Care Act
117,S. 989,bill,signed,2023-01-05,Joseph R. Biden Jr.,D,117-335,roll 544,2022-12-22,On Motion to Suspend the Rules and Pass,129,71,0,13,213,0,0,4,0,0,0,0,voice vote,2022-12-19,-,-,-,-,-,-,-,-,-,-,-,-,-,-,-,-,-,-,-,-,-,-,-,Native American Language Resource Center Act of 2022
117,S. 1031,bill,signed,2021-11-30,Joseph R. Biden Jr.,D,117-66,voice vote,2021-11-15,-,-,-,-,-,-,-,-,-,-,-,-,-,unanimous consent,2021-08-06,-,-,-,-,-,-,-,-,-,-,-,-,-,-,-,-,-,-,-,-,-,-,-,"A bill to require the Comptroller General of the United States to conduct a study on disparities associated with race and ethnicity with respect to certain benefits administered by the Secretary of Veterans Affairs, and for other purposes."
117,S. 1064,bill,signed,2021-11-10,Joseph R. Biden Jr.,D,117-54,roll 354,2021-11-03,On Motion to Suspend the Rules and Pass,202,6,1,3,185,29,3,2,0,0,0,0,voice vote,2021-11-01,-,-,-,-,-,-,-,-,-,-,-,-,-,-,-,-,-,-,-,-,-,-,-,RENACER Act
117,S. 1095,bill,signed,2021-11-30,Joseph R. Biden Jr.,D,117-68,roll 373,2021-11-15,On Motion to Suspend the Rules and Pass,207,0,0,6,217,0,0,3,0,0,0,0,voice vote,2021-06-24,-,-,-,-,-,-,-,-,-,-,-,-,-,-,-,-,-,-,-,-,-,-,-,Colonel John M. McHugh Tuition Fairness for Survivors Act of 2021
117,S. 1097,bill,signed,2022-06-21,Joseph R. Biden Jr.,D,117-149,voice vote,2022-05-10,-,-,-,-,-,-,-,-,-,-,-,-,-,unanimous consent,2021-12-14,-,-,-,-,-,-,-,-,-,-,-,-,-,-,-,-,-,-,-,-,-,-,-,Federal Rotational Cyber Workforce Program Act of 2021
117,S. 1098,bill,signed,2022-10-11,Joseph R. Biden Jr.,D,117-200,roll 448,2022-09-21,On Passage,14,193,0,5,218,0,0,2,0,0,0,0,unanimous consent,2022-06-15,-,-,-,-,-,-,-,-,-,-,-,-,-,-,-,-,-,-,-,-,-,-,-,Joint Consolidation Loan Separation Act
117,S. 1198,bill,signed,2022-10-17,Joseph R. Biden Jr.,D,117-205,no recorded vote,2022-09-29,-,-,-,-,-,-,-,-,-,-,-,-,-,unanimous consent,2022-09-19,-,-,-,-,-,-,-,-,-,-,-,-,-,-,-,-,-,-,-,-,-,-,-,Solid Start Act of 2022
117,S. 1226,bill,signed,2022-05-10,Joseph R. Biden Jr.,D,117-119,roll 96,2022-03-30,On Motion to Suspend the Rules and Pass,144,61,1,4,220,0,0,1,0,0,0,0,unanimous consent,2021-10-07,-,-,-,-,-,-,-,-,-,-,-,-,-,-,-,-,-,-,-,-,-,-,-,"A bill to designate the United States courthouse located at 1501 North 6th Street in Harrisburg, Pennsylvania, as the ""Sylvia H. Rambo United States Courthouse"", and for other purposes."
117,S. 1294,bill,signed,2023-01-05,Joseph R. Biden Jr.,D,117-336,voice vote,2022-12-22,-,-,-,-,-,-,-,-,-,-,-,-,-,voice vote,2022-12-20,-,-,-,-,-,-,-,-,-,-,-,-,-,-,-,-,-,-,-,-,-,-,-,Protecting American Intellectual Property Act of 2022
117,S. 1301,bill,signed,2021-10-14,Joseph R. Biden Jr.,D,117-50,no recorded vote,2021-10-12,-,-,-,-,-,-,-,-,-,-,-,-,-,roll 412,2021-10-07,On the Motion,0,48,0,2,48,0,0,0,2,0,0,0,D:2,-,-,-,-,-,-,-,-,-,Promoting Physical Activity for Americans Act
117,S. 1340,bill,signed,2021-07-06,Joseph R. Biden Jr.,D,117-26,no recorded vote,2021-06-23,-,-,-,-,-,-,-,-,-,-,-,-,-,unanimous consent,2021-06-17,-,-,-,-,-,-,-,-,-,-,-,-,-,-,-,-,-,-,-,-,-,-,-,"A bill to amend title 28, United States Code, to redefine the eastern and middle judicial districts of North Carolina."
117,S. 1402,bill,signed,2023-01-05,Joseph R. Biden Jr.,D,117-337,roll 545,2022-12-22,On Motion to Suspend the Rules and Pass,122,79,0,12,215,0,0,2,0,0,0,0,voice vote,2022-12-19,-,-,-,-,-,-,-,-,-,-,-,-,-,-,-,-,-,-,-,-,-,-,-,Durbin Feeling Native American Languages Act of 2022
117,S. 1404,bill,signed,2022-02-01,Joseph R. Biden Jr.,D,117-85,voice vote,2022-01-19,-,-,-,-,-,-,-,-,-,-,-,-,-,unanimous consent,2021-12-15,-,-,-,-,-,-,-,-,-,-,-,-,-,-,-,-,-,-,-,-,-,-,-,Ghost Army Congressional Gold Medal Act
117,S. 1466,bill,signed,2022-12-27,Joseph R. Biden Jr.,D,117-318,roll 518,2022-12-12,"On Motion to Suspend the Rules and Pass, as Amended",149,56,0,8,207,0,0,10,0,0,0,0,unanimous consent,2022-12-19,-,-,-,-,-,-,-,-,-,-,-,-,-,-,-,-,-,-,-,-,-,-,-,Saline Lake Ecosystems in the Great Basin States Program Act of 2022
117,S. 1502,bill,signed,2021-11-18,Joseph R. Biden Jr.,D,117-60,roll 337,2021-10-27,On Motion to Suspend the Rules and Pass,209,0,0,3,215,3,0,1,0,0,0,0,unanimous consent,2021-06-07,-,-,-,-,-,-,-,-,-,-,-,-,-,-,-,-,-,-,-,-,-,-,-,COPS Counseling Act
117,S. 1511,bill,signed,2021-11-18,Joseph R. Biden Jr.,D,117-61,roll 338,2021-10-27,"On Motion to Suspend the Rules and Pass, as Amended",203,3,0,6,217,0,0,2,0,0,0,0,unanimous consent,2021-11-04,-,-,-,-,-,-,-,-,-,-,-,-,-,-,-,-,-,-,-,-,-,-,-,Protecting America's First Responders Act of 2021
117,S. 1541,bill,signed,2023-01-05,Joseph R. Biden Jr.,D,117-338,voice vote,2022-12-22,-,-,-,-,-,-,-,-,-,-,-,-,-,unanimous consent,2022-12-21,-,-,-,-,-,-,-,-,-,-,-,-,-,-,-,-,-,-,-,-,-,-,-,Martha Wright-Reed Just and Reasonable Communications Act of 2022
117,S. 1543,bill,signed,2022-03-15,Joseph R. Biden Jr.,D,117-100,voice vote,2022-02-28,-,-,-,-,-,-,-,-,-,-,-,-,-,voice vote,2021-12-14,-,-,-,-,-,-,-,-,-,-,-,-,-,-,-,-,-,-,-,-,-,-,-,STANDUP Act of 2021
117,S. 1605,bill,signed,2021-12-27,Joseph R. Biden Jr.,D,117-81,roll 405,2021-12-07,On Passage,194,19,0,0,169,51,0,0,0,0,0,0,roll 499,2021-12-15,On the Motion,46,3,0,1,41,7,0,0,1,1,0,0,D:2,-,-,-,-,-,-,-,-,-,National Defense Authorization Act for Fiscal Year 2022
117,S. 1617,bill,signed,2022-12-20,Joseph R. Biden Jr.,D,117-249,roll 517,2022-12-08,On Motion to Suspend the Rules and Pass,197,8,0,8,209,0,0,9,0,0,0,0,voice vote,2022-09-28,-,-,-,-,-,-,-,-,-,-,-,-,-,-,-,-,-,-,-,-,-,-,-,Disaster Assistance for Rural Communities Act
117,S. 1662,bill,signed,2022-03-15,Joseph R. Biden Jr.,D,117-101,voice vote,2022-02-28,-,-,-,-,-,-,-,-,-,-,-,-,-,voice vote,2021-06-24,-,-,-,-,-,-,-,-,-,-,-,-,-,-,-,-,-,-,-,-,-,-,-,Supporting the Foundation for the National Institutes of Health and the Reagan-Udall Foundation for the Food and Drug Administration Act
117,S. 1687,bill,signed,2022-12-27,Joseph R. Biden Jr.,D,117-319,no recorded vote,2022-12-06,-,-,-,-,-,-,-,-,-,-,-,-,-,unanimous consent,2022-12-14,-,-,-,-,-,-,-,-,-,-,-,-,-,-,-,-,-,-,-,-,-,-,-,Small Business Cyber Training Act of 2022
117,S. 1760,bill,signed,2022-06-07,Joseph R. Biden Jr.,D,117-131,roll 199,2022-05-17,On Motion to Suspend the Rules and Pass,169,22,4,13,215,0,0,5,0,0,0,0,unanimous consent,2021-12-18,-,-,-,-,-,-,-,-,-,-,-,-,-,-,-,-,-,-,-,-,-,-,-,"A bill to designate the community-based outpatient clinic of the Department of Veterans Affairs planned to be built in Oahu, Hawaii, as the ""Daniel Kahikina Akaka Department of Veterans Affairs Community-Based Outpatient Clinic""."
117,S. 1828,bill,signed,2021-10-08,Joseph R. Biden Jr.,D,117-46,roll 265,2021-09-21,On Motion to Suspend the Rules and Pass,210,0,0,2,217,0,0,2,0,0,0,0,unanimous consent,2021-06-07,-,-,-,-,-,-,-,-,-,-,-,-,-,-,-,-,-,-,-,-,-,-,-,HAVANA Act of 2021
117,S. 1872,bill,signed,2022-06-07,Joseph R. Biden Jr.,D,117-132,roll 155,2022-05-11,On Motion to Suspend the Rules and Pass,202,0,0,6,216,0,0,4,0,0,0,0,unanimous consent,2021-10-26,-,-,-,-,-,-,-,-,-,-,-,-,-,-,-,-,-,-,-,-,-,-,-,United States Army Rangers Veterans of World War II Congressional Gold Medal Act
117,S. 1910,bill,signed,2021-07-29,Joseph R. Biden Jr.,D,117-30,roll 225,2021-07-27,On Motion to Suspend the Rules and Pass,198,6,0,7,215,1,0,3,0,0,0,0,unanimous consent,2021-07-21,-,-,-,-,-,-,-,-,-,-,-,-,-,-,-,-,-,-,-,-,-,-,-,Major Medical Facility Authorization Act of 2021
117,S. 1917,bill,signed,2021-10-08,Joseph R. Biden Jr.,D,117-47,voice vote,2021-09-29,-,-,-,-,-,-,-,-,-,-,-,-,-,unanimous consent,2021-08-09,-,-,-,-,-,-,-,-,-,-,-,-,-,-,-,-,-,-,-,-,-,-,-,K-12 Cybersecurity Act of 2021
117,S. 1941,bill,signed,2022-12-05,Joseph R. Biden Jr.,D,117-219,voice vote,2022-11-14,-,-,-,-,-,-,-,-,-,-,-,-,-,unanimous consent,2022-05-26,-,-,-,-,-,-,-,-,-,-,-,-,-,-,-,-,-,-,-,-,-,-,-,MAPS Act of 2021
117,S. 1942,bill,signed,2023-01-05,Joseph R. Biden Jr.,D,117-339,roll 540,2022-12-22,On Passage,109,95,0,9,217,0,0,0,0,0,0,0,unanimous consent,2022-12-20,-,-,-,-,-,-,-,-,-,-,-,-,-,-,-,-,-,-,-,-,-,-,-,National Heritage Area Act
117,S. 2089,bill,signed,2022-06-25,Joseph R. Biden Jr.,D,117-158,voice vote,2022-06-24,-,-,-,-,-,-,-,-,-,-,-,-,-,unanimous consent,2022-06-23,-,-,-,-,-,-,-,-,-,-,-,-,-,-,-,-,-,-,-,-,-,-,-,Keep Kids Fed Act of 2022
117,S. 2102,bill,signed,2022-06-07,Joseph R. Biden Jr.,D,117-133,roll 228,2022-05-18,On Motion to Suspend the Rules and Pass,200,0,0,8,218,0,0,2,0,0,0,0,voice vote,2022-03-24,-,-,-,-,-,-,-,-,-,-,-,-,-,-,-,-,-,-,-,-,-,-,-,Dr. Kate Hendricks Thomas SERVICE Act
117,S. 2126,bill,signed,2022-05-10,Joseph R. Biden Jr.,D,117-120,roll 97,2022-03-30,On Motion to Suspend the Rules and Pass,199,1,1,9,213,0,0,8,0,0,0,0,unanimous consent,2021-10-07,-,-,-,-,-,-,-,-,-,-,-,-,-,-,-,-,-,-,-,-,-,-,-,"A bill to designate the Federal Office Building located at 308 W. 21st Street in Cheyenne, Wyoming, as the ""Louisa Swain Federal Office Building"", and for other purposes."
117,S. 2159,bill,signed,2022-12-05,Joseph R. Biden Jr.,D,117-220,voice vote,2022-11-14,-,-,-,-,-,-,-,-,-,-,-,-,-,unanimous consent,2022-02-03,-,-,-,-,-,-,-,-,-,-,-,-,-,-,-,-,-,-,-,-,-,-,-,"A bill to designate the community-based outpatient clinic of the Department of Veterans Affairs located at 400 College Drive, Middleburg, Florida, as the ""Andrew K. Baker Department of Veterans Affairs Clinic"", and for other purposes."
117,S. 2201,bill,signed,2022-06-16,Joseph R. Biden Jr.,D,117-145,voice vote,2022-05-10,-,-,-,-,-,-,-,-,-,-,-,-,-,unanimous consent,2022-01-11,-,-,-,-,-,-,-,-,-,-,-,-,-,-,-,-,-,-,-,-,-,-,-,Supply Chain Security Training Act of 2021
117,S. 2293,bill,signed,2022-09-29,Joseph R. Biden Jr.,D,117-178,roll 429,2022-09-14,On Motion to Suspend the Rules and Pass,168,38,0,6,219,0,0,1,0,0,0,0,unanimous consent,2021-12-08,-,-,-,-,-,-,-,-,-,-,-,-,-,-,-,-,-,-,-,-,-,-,-,CREW Act
117,S. 2333,bill,signed,2023-01-05,Joseph R. Biden Jr.,D,117-340,roll 532,2022-12-21,On Motion to Suspend the Rules and Pass,134,59,0,20,216,0,0,1,0,0,0,0,voice vote,2022-12-08,-,-,-,-,-,-,-,-,-,-,-,-,-,-,-,-,-,-,-,-,-,-,-,Equal Pay for Team USA Act of 2022
117,S. 2490,bill,signed,2022-10-17,Joseph R. Biden Jr.,D,117-206,roll 444,2022-09-20,On Motion to Suspend the Rules and Pass,197,12,0,3,217,0,0,3,0,0,0,0,unanimous consent,2022-05-19,-,-,-,-,-,-,-,-,-,-,-,-,-,-,-,-,-,-,-,-,-,-,-,Blackwell School National Historic Site Act
117,S. 2514,bill,signed,2022-06-07,Joseph R. Biden Jr.,D,117-134,roll 200,2022-05-17,On Motion to Suspend the Rules and Pass,194,0,2,12,216,1,0,3,0,0,0,0,unanimous consent,2021-12-18,-,-,-,-,-,-,-,-,-,-,-,-,-,-,-,-,-,-,-,-,-,-,-,"A bill to rename the Provo Veterans Center in Orem, Utah, as the ""Col. Gail S. Halvorsen 'Candy Bomber' Veterans Center""."
117,S. 2520,bill,signed,2022-06-21,Joseph R. Biden Jr.,D,117-150,roll 194,2022-05-17,On Motion to Suspend the Rules and Pass,187,14,0,7,217,0,0,3,0,0,0,0,unanimous consent,2022-01-11,-,-,-,-,-,-,-,-,-,-,-,-,-,-,-,-,-,-,-,-,-,-,-,State and Local Government Cybersecurity Act of 2021
117,S. 2533,bill,signed,2022-06-07,Joseph R. Biden Jr.,D,117-135,roll 227,2022-05-18,On Motion to Suspend the Rules and Pass,201,0,0,7,218,0,0,2,0,0,0,0,voice vote,2022-03-23,-,-,-,-,-,-,-,-,-,-,-,-,-,-,-,-,-,-,-,-,-,-,-,Making Advances in Mammography and Medical Options for Veterans Act
117,S. 2551,bill,signed,2022-10-17,Joseph R. Biden Jr.,D,117-207,roll 464,2022-09-29,On Motion to Suspend the Rules and Pass,177,29,0,6,216,0,0,4,0,0,0,0,unanimous consent,2021-12-18,-,-,-,-,-,-,-,-,-,-,-,-,-,-,-,-,-,-,-,-,-,-,-,AI Training Act
117,S. 2607,bill,signed,2022-12-27,Joseph R. Biden Jr.,D,117-320,voice vote,2022-12-14,-,-,-,-,-,-,-,-,-,-,-,-,-,unanimous consent,2022-12-06,-,-,-,-,-,-,-,-,-,-,-,-,-,-,-,-,-,-,-,-,-,-,-,Iran Hostages Congressional Gold Medal Act
117,S. 2629,bill,signed,2022-05-05,Joseph R. Biden Jr.,D,117-116,roll 87,2022-03-29,On Motion to Suspend the Rules and Pass,159,48,0,3,218,0,0,3,0,0,0,0,unanimous consent,2021-12-07,-,-,-,-,-,-,-,-,-,-,-,-,-,-,-,-,-,-,-,-,-,-,-,Better Cybercrime Metrics Act
117,S. 2687,bill,signed,2022-06-07,Joseph R. Biden Jr.,D,117-136,roll 204,2022-05-17,On Motion to Suspend the Rules and Pass,192,6,0,10,212,0,0,8,0,0,0,0,voice vote,2022-04-07,-,-,-,-,-,-,-,-,-,-,-,-,-,-,-,-,-,-,-,-,-,-,-,Strengthening Oversight for Veterans Act of 2021
117,S. 2771,bill,signed,2022-10-17,Joseph R. Biden Jr.,D,117-208,voice vote,2022-09-19,-,-,-,-,-,-,-,-,-,-,-,-,-,unanimous consent,2022-03-03,-,-,-,-,-,-,-,-,-,-,-,-,-,-,-,-,-,-,-,-,-,-,-,"A bill to designate the community-based outpatient clinic of the Department of Veterans Affairs in San Angelo, Texas, as the ""Colonel Charles and JoAnne Powell Department of Veterans Affairs Clinic""."
117,S. 2794,bill,signed,2022-10-17,Joseph R. Biden Jr.,D,117-209,roll 470,2022-09-29,On Motion to Suspend the Rules and Pass,207,0,0,5,218,0,0,2,0,0,0,0,voice vote,2022-03-23,-,-,-,-,-,-,-,-,-,-,-,-,-,-,-,-,-,-,-,-,-,-,-,Supporting Families of the Fallen Act
117,S. 2796,bill,signed,2022-12-20,Joseph R. Biden Jr.,D,117-250,roll 509,2022-12-06,On Motion to Suspend the Rules and Pass,194,11,0,8,214,0,0,4,0,0,0,0,unanimous consent,2021-12-08,-,-,-,-,-,-,-,-,-,-,-,-,-,-,-,-,-,-,-,-,-,-,-,Rural Opioid Abuse Prevention Act
117,S. 2834,bill,signed,2023-01-05,Joseph R. Biden Jr.,D,117-341,roll 535,2022-12-21,On Motion to Suspend the Rules and Pass,178,19,0,16,215,0,0,2,0,0,0,0,voice vote,2022-12-08,-,-,-,-,-,-,-,-,-,-,-,-,-,-,-,-,-,-,-,-,-,-,-,Dr. Joanne Smith Memorial Rehabilitation Innovation Centers Act of 2022
117,S. 2899,bill,signed,2022-12-27,Joseph R. Biden Jr.,D,117-321,voice vote,2022-12-14,-,-,-,-,-,-,-,-,-,-,-,-,-,unanimous consent,2021-10-20,-,-,-,-,-,-,-,-,-,-,-,-,-,-,-,-,-,-,-,-,-,-,-,Prison Camera Reform Act of 2021
117,S. 2938,bill,signed,2022-06-25,Joseph R. Biden Jr.,D,117-159,roll 299,2022-06-24,On Concurring in the Senate Amendments to the House Amendment,14,193,0,3,220,0,0,0,0,0,0,0,roll 242,2022-06-23,On the Motion,15,33,0,2,48,0,0,0,2,0,0,0,D:2,-,-,-,-,-,-,-,-,-,Bipartisan Safer Communities Act
117,S. 2959,bill,signed,2022-01-21,Joseph R. Biden Jr.,D,117-83,roll 10,2022-01-18,On Motion to Suspend the Rules and Pass,195,6,0,11,219,0,0,2,0,0,0,0,unanimous consent,2021-12-13,-,-,-,-,-,-,-,-,-,-,-,-,-,-,-,-,-,-,-,-,-,-,-,Supplemental Impact Aid Flexibility Act
117,S. 2991,bill,signed,2022-12-27,Joseph R. Biden Jr.,D,117-322,voice vote,2022-12-14,-,-,-,-,-,-,-,-,-,-,-,-,-,unanimous consent,2022-04-06,-,-,-,-,-,-,-,-,-,-,-,-,-,-,-,-,-,-,-,-,-,-,-,Countering Human Trafficking Act of 2021
117,S. 3059,bill,signed,2022-05-13,Joseph R. Biden Jr.,D,117-125,voice vote,2022-04-27,-,-,-,-,-,-,-,-,-,-,-,-,-,voice vote,2022-02-17,-,-,-,-,-,-,-,-,-,-,-,-,-,-,-,-,-,-,-,-,-,-,-,Courthouse Ethics and Transparency Act
117,S. 3092,bill,signed,2022-12-20,Joseph R. Biden Jr.,D,117-251,voice vote,2022-11-17,-,-,-,-,-,-,-,-,-,-,-,-,-,unanimous consent,2022-12-07,-,-,-,-,-,-,-,-,-,-,-,-,-,-,-,-,-,-,-,-,-,-,-,FIRE Act
117,S. 3103,bill,signed,2022-09-16,Joseph R. Biden Jr.,D,117-176,voice vote,2022-09-13,-,-,-,-,-,-,-,-,-,-,-,-,-,unanimous consent,2022-03-02,-,-,-,-,-,-,-,-,-,-,-,-,-,-,-,-,-,-,-,-,-,-,-,Eliminating Limits to Justice for Child Sex Abuse Victims Act of 2022
117,S. 3115,bill,signed,2022-12-20,Joseph R. Biden Jr.,D,117-252,roll 499,2022-12-01,On Motion to Suspend the Rules and Pass,193,14,0,6,213,0,0,5,0,0,0,0,unanimous consent,2022-08-06,-,-,-,-,-,-,-,-,-,-,-,-,-,-,-,-,-,-,-,-,-,-,-,POWER 2.0 Act
117,S. 3157,bill,signed,2022-10-17,Joseph R. Biden Jr.,D,117-210,roll 439,2022-09-19,On Motion to Suspend the Rules and Pass,153,52,0,7,210,0,0,10,0,0,0,0,unanimous consent,2022-06-23,-,-,-,-,-,-,-,-,-,-,-,-,-,-,-,-,-,-,-,-,-,-,-,Bridging the Gap for New Americans Act
117,S. 3168,bill,signed,2023-01-05,Joseph R. Biden Jr.,D,117-342,roll 537,2022-12-21,On Motion to Suspend the Rules and Pass,163,33,0,17,215,0,0,2,0,0,0,0,unanimous consent,2022-12-19,-,-,-,-,-,-,-,-,-,-,-,-,-,-,-,-,-,-,-,-,-,-,-,"A bill to amend the White Mountain Apache Tribe Water Rights Quantification Act of 2010 to modify the enforceability date for certain provisions, and for other purposes."
117,S. 3294,bill,signed,2022-04-13,Joseph R. Biden Jr.,D,117-111,roll 84,2022-03-28,On Motion to Suspend the Rules and Pass,136,63,0,11,213,0,0,8,0,0,0,0,unanimous consent,2021-12-09,-,-,-,-,-,-,-,-,-,-,-,-,-,-,-,-,-,-,-,-,-,-,-,A bill to obtain and direct the placement in the Capitol or on the Capitol Grounds of a statue to honor Associate Justice of the Supreme Court of the United States Sandra Day O'Connor and a statue to honor Associate Justice of the Supreme Court of the United States Ruth Bader Ginsburg.
117,S. 3308,bill,signed,2023-01-05,Joseph R. Biden Jr.,D,117-343,roll 538,2022-12-21,On Motion to Suspend the Rules and Pass,185,11,0,17,212,1,0,4,0,0,0,0,unanimous consent,2022-12-19,-,-,-,-,-,-,-,-,-,-,-,-,-,-,-,-,-,-,-,-,-,-,-,Colorado River Indian Tribes Water Resiliency Act of 2022
117,S. 3369,bill,signed,2022-12-09,Joseph R. Biden Jr.,D,117-226,roll 482,2022-11-17,On Motion to Suspend the Rules and Pass,142,62,2,7,217,0,0,2,0,0,0,0,unanimous consent,2022-07-28,-,-,-,-,-,-,-,-,-,-,-,-,-,-,-,-,-,-,-,-,-,-,-,Max Cleland VA Medical Center Act
117,S. 3373,bill,signed,2022-08-10,Joseph R. Biden Jr.,D,117-168,roll 309,2022-07-13,On Passage,123,88,0,0,219,0,0,1,0,0,0,0,roll 280,2022-08-02,On the Motion,38,11,0,1,46,0,0,2,2,0,0,0,D:2,-,-,-,-,-,-,-,-,-,Sergeant First Class Heath Robinson Honoring our Promise to Address Comprehensive Toxics Act of 2022
117,S. 3377,bill,signed,2021-12-22,Joseph R. Biden Jr.,D,117-77,unanimous consent,2021-12-14,-,-,-,-,-,-,-,-,-,-,-,-,-,unanimous consent,2021-12-13,-,-,-,-,-,-,-,-,-,-,-,-,-,-,-,-,-,-,-,-,-,-,-,Capitol Police Emergency Assistance Act of 2021
117,S. 3405,bill,signed,2023-01-05,Joseph R. Biden Jr.,D,117-344,voice vote,2022-12-22,-,-,-,-,-,-,-,-,-,-,-,-,-,unanimous consent,2022-12-21,-,-,-,-,-,-,-,-,-,-,-,-,-,-,-,-,-,-,-,-,-,-,-,Low Power Protection Act
117,S. 3451,bill,signed,2022-08-16,Joseph R. Biden Jr.,D,117-173,roll 417,2022-07-29,On Motion to Suspend the Rules and Pass,182,0,0,29,121,89,0,9,0,0,0,0,unanimous consent,2022-01-10,-,-,-,-,-,-,-,-,-,-,-,-,-,-,-,-,-,-,-,-,-,-,-,"A bill to include certain computer-related projects in the Federal permitting program under title XLI of the FAST Act, and for other purposes."
117,S. 3470,bill,signed,2022-10-17,Joseph R. Biden Jr.,D,117-211,roll 463,2022-09-29,On Motion to Suspend the Rules and Pass,207,0,0,5,216,0,0,4,0,0,0,0,unanimous consent,2022-07-13,-,-,-,-,-,-,-,-,-,-,-,-,-,-,-,-,-,-,-,-,-,-,-,End Human Trafficking in Government Contracts Act of 2022
117,S. 3499,bill,signed,2022-12-20,Joseph R. Biden Jr.,D,117-253,roll 508,2022-12-06,On Motion to Suspend the Rules and Pass,209,1,0,3,215,0,0,3,0,0,0,0,unanimous consent,2022-06-07,-,-,-,-,-,-,-,-,-,-,-,-,-,-,-,-,-,-,-,-,-,-,-,"A bill to amend the Post-Katrina Emergency Management Reform Act of 2006 to repeal certain obsolete requirements, and for other purposes."
117,S. 3510,bill,signed,2022-12-05,Joseph R. Biden Jr.,D,117-221,voice vote,2022-11-14,-,-,-,-,-,-,-,-,-,-,-,-,-,unanimous consent,2022-06-22,-,-,-,-,-,-,-,-,-,-,-,-,-,-,-,-,-,-,-,-,-,-,-,Disaster Resiliency Planning Act
117,S. 3519,bill,signed,2023-01-05,Joseph R. Biden Jr.,D,117-345,voice vote,2022-12-22,-,-,-,-,-,-,-,-,-,-,-,-,-,unanimous consent,2022-12-20,-,-,-,-,-,-,-,-,-,-,-,-,-,-,-,-,-,-,-,-,-,-,-,Butterfield Overland National Historic Trail Designation Act
117,S. 3522,bill,signed,2022-05-09,Joseph R. Biden Jr.,D,117-118,roll 141,2022-04-28,On Passage,196,10,0,3,221,0,0,0,0,0,0,0,voice vote,2022-04-06,-,-,-,-,-,-,-,-,-,-,-,-,-,-,-,-,-,-,-,-,-,-,-,Ukraine Democracy Defense Lend-Lease Act of 2022
117,S. 3527,bill,signed,2022-06-07,Joseph R. Biden Jr.,D,117-137,roll 198,2022-05-17,On Motion to Suspend the Rules and Pass,195,2,0,11,217,0,0,3,0,0,0,0,unanimous consent,2022-02-03,-,-,-,-,-,-,-,-,-,-,-,-,-,-,-,-,-,-,-,-,-,-,-,"A bill to amend title 38, United States Code, to authorize the Secretary of Veterans Affairs to transfer the name of property of the Department of Veterans Affairs designated by law to other property of the Department."
117,S. 3580,bill,signed,2022-06-16,Joseph R. Biden Jr.,D,117-146,roll 256,2022-06-13,On Motion to Suspend the Rules and Pass,156,42,0,10,213,0,0,6,0,0,0,0,voice vote,2022-03-31,-,-,-,-,-,-,-,-,-,-,-,-,-,-,-,-,-,-,-,-,-,-,-,Ocean Shipping Reform Act of 2022
117,S. 3655,bill,signed,2022-12-05,Joseph R. Biden Jr.,D,117-222,voice vote,2022-11-14,-,-,-,-,-,-,-,-,-,-,-,-,-,unanimous consent,2022-09-28,-,-,-,-,-,-,-,-,-,-,-,-,-,-,-,-,-,-,-,-,-,-,-,Civil Rights Cold Case Investigations Support Act of 2022
117,S. 3662,bill,signed,2022-12-20,Joseph R. Biden Jr.,D,117-254,roll 468,2022-09-29,"On Motion to Suspend the Rules and Pass, as Amended",165,42,0,5,216,0,0,4,0,0,0,0,unanimous consent,2022-12-01,-,-,-,-,-,-,-,-,-,-,-,-,-,-,-,-,-,-,-,-,-,-,-,Preventing PFAS Runoff at Airports Act
117,S. 3706,bill,signed,2022-03-15,Joseph R. Biden Jr.,D,117-102,voice vote,2022-02-28,-,-,-,-,-,-,-,-,-,-,-,-,-,unanimous consent,2022-02-17,-,-,-,-,-,-,-,-,-,-,-,-,-,-,-,-,-,-,-,-,-,-,-,A bill to provide for the application of certain provisions of the Secure Rural Schools and Community Self-Determination Act of 2000 for fiscal year 2021.
117,S. 3773,bill,signed,2023-01-05,Joseph R. Biden Jr.,D,117-346,roll 541,2022-12-22,On Motion to Suspend the Rules and Pass,161,42,0,10,216,0,0,1,0,0,0,0,unanimous consent,2022-12-20,-,-,-,-,-,-,-,-,-,-,-,-,-,-,-,-,-,-,-,-,-,-,-,A bill to authorize leases of up to 99 years for land held in trust for the Confederated Tribes of the Chehalis Reservation.
117,S. 3823,bill,signed,2022-06-21,Joseph R. Biden Jr.,D,117-151,roll 234,2022-06-07,On Motion to Suspend the Rules and Pass,177,21,0,10,215,0,0,4,0,0,0,0,unanimous consent,2022-04-07,-,-,-,-,-,-,-,-,-,-,-,-,-,-,-,-,-,-,-,-,-,-,-,Bankruptcy Threshold Adjustment and Technical Corrections Act
117,S. 3825,bill,signed,2022-12-20,Joseph R. Biden Jr.,D,117-239,no recorded vote,2022-12-01,-,-,-,-,-,-,-,-,-,-,-,-,-,unanimous consent,2022-05-25,-,-,-,-,-,-,-,-,-,-,-,-,-,-,-,-,-,-,-,-,-,-,-,"A bill to designate the facility of the United States Postal Service located at 3903 Melear Drive in Arlington, Texas, as the ""Ron Wright Post Office Building""."
117,S. 3826,bill,signed,2022-12-02,Joseph R. Biden Jr.,D,117-217,voice vote,2022-11-14,-,-,-,-,-,-,-,-,-,-,-,-,-,unanimous consent,2022-05-25,-,-,-,-,-,-,-,-,-,-,-,-,-,-,-,-,-,-,-,-,-,-,-,"A bill to designate the facility of the United States Postal Service located at 1304 4th Avenue in Canyon, Texas, as the ""Gary James Fletcher Post Office Building""."
117,S. 3846,bill,signed,2022-12-27,Joseph R. Biden Jr.,D,117-323,roll 487,2022-11-29,"On Motion to Suspend the Rules and Pass, as Amended",176,22,0,15,213,0,0,5,0,0,0,0,unanimous consent,2022-12-14,-,-,-,-,-,-,-,-,-,-,-,-,-,-,-,-,-,-,-,-,-,-,-,Justice and Mental Health Collaboration Reauthorization Act of 2022
117,S. 3875,bill,signed,2022-12-20,Joseph R. Biden Jr.,D,117-255,roll 507,2022-12-06,On Motion to Suspend the Rules and Pass,118,92,0,3,215,0,0,3,0,0,0,0,unanimous consent,2022-09-28,-,-,-,-,-,-,-,-,-,-,-,-,-,-,-,-,-,-,-,-,-,-,-,Community Disaster Resilience Zones Act of 2022
117,S. 3884,bill,signed,2022-12-02,Joseph R. Biden Jr.,D,117-218,voice vote,2022-11-14,-,-,-,-,-,-,-,-,-,-,-,-,-,unanimous consent,2022-09-20,-,-,-,-,-,-,-,-,-,-,-,-,-,-,-,-,-,-,-,-,-,-,-,"A bill to designate the facility of the United States Postal Service located at 404 U.S. Highway 41 North in Baraga, Michigan, as the ""Cora Reynolds Anderson Post Office""."
117,S. 3895,bill,signed,2022-09-30,Joseph R. Biden Jr.,D,117-181,roll 438,2022-09-19,On Motion to Suspend the Rules and Pass,195,4,0,13,207,0,0,13,0,0,0,0,unanimous consent,2022-07-20,-,-,-,-,-,-,-,-,-,-,-,-,-,-,-,-,-,-,-,-,-,-,-,United States Commission on International Religious Freedom Reauthorization Act of 2022
117,S. 3905,bill,signed,2022-12-27,Joseph R. Biden Jr.,D,117-324,roll 524,2022-12-14,On Passage,3,205,0,5,216,0,0,1,0,0,0,0,unanimous consent,2022-08-01,-,-,-,-,-,-,-,-,-,-,-,-,-,-,-,-,-,-,-,-,-,-,-,Preventing Organizational Conflicts of Interest in Federal Acquisition Act
117,S. 3946,bill,signed,2023-01-05,Joseph R. Biden Jr.,D,117-347,voice vote,2022-12-22,-,-,-,-,-,-,-,-,-,-,-,-,-,unanimous consent,2022-12-20,-,-,-,-,-,-,-,-,-,-,-,-,-,-,-,-,-,-,-,-,-,-,-,Abolish Trafficking Reauthorization Act of 2022
117,S. 3949,bill,signed,2023-01-05,Joseph R. Biden Jr.,D,117-348,voice vote,2022-12-22,-,-,-,-,-,-,-,-,-,-,-,-,-,unanimous consent,2022-12-20,-,-,-,-,-,-,-,-,-,-,-,-,-,-,-,-,-,-,-,-,-,-,-,Trafficking Victims Prevention and Protection Reauthorization Act of 2022
117,S. 3969,bill,signed,2022-09-30,Joseph R. Biden Jr.,D,117-182,voice vote,2022-09-29,-,-,-,-,-,-,-,-,-,-,-,-,-,unanimous consent,2022-03-30,-,-,-,-,-,-,-,-,-,-,-,-,-,-,-,-,-,-,-,-,-,-,-,Protection and Advocacy for Voting Access Program Inclusion Act
117,S. 4003,bill,signed,2022-12-27,Joseph R. Biden Jr.,D,117-325,roll 525,2022-12-14,On Passage,50,159,0,4,214,3,0,0,0,0,0,0,unanimous consent,2022-08-01,-,-,-,-,-,-,-,-,-,-,-,-,-,-,-,-,-,-,-,-,-,-,-,Law Enforcement De-Escalation Training Act of 2022
117,S. 4017,bill,signed,2022-12-20,Joseph R. Biden Jr.,D,117-240,voice vote,2022-12-13,-,-,-,-,-,-,-,-,-,-,-,-,-,unanimous consent,2022-11-30,-,-,-,-,-,-,-,-,-,-,-,-,-,-,-,-,-,-,-,-,-,-,-,"A bill to designate the United States courthouse located at 111 South Highland Avenue in Jackson, Tennessee, as the ""James D. Todd United States Courthouse"", and for other purposes."
117,S. 4052,bill,signed,2022-12-20,Joseph R. Biden Jr.,D,117-241,roll 505,2022-12-06,On Motion to Suspend the Rules and Pass,191,17,0,5,217,0,0,1,0,0,0,0,voice vote,2022-12-01,-,-,-,-,-,-,-,-,-,-,-,-,-,-,-,-,-,-,-,-,-,-,-,Early Hearing Detection and Intervention Act of 2022
117,S. 4089,bill,signed,2022-06-07,Joseph R. Biden Jr.,D,117-138,roll 225,2022-05-18,On Motion to Suspend the Rules and Pass,183,17,0,8,218,0,0,2,0,0,0,0,voice vote,2022-04-26,-,-,-,-,-,-,-,-,-,-,-,-,-,-,-,-,-,-,-,-,-,-,-,Veterans Rapid Retraining Assistance Program Restoration and Recovery Act of 2022
117,S. 4104,bill,signed,2023-01-05,Joseph R. Biden Jr.,D,117-349,roll 542,2022-12-22,On Motion to Suspend the Rules and Pass,148,53,0,12,212,2,0,3,0,0,0,0,unanimous consent,2022-12-19,-,-,-,-,-,-,-,-,-,-,-,-,-,-,-,-,-,-,-,-,-,-,-,Hualapai Tribe Water Rights Settlement Act of 2022
117,S. 4119,bill,signed,2022-06-07,Joseph R. Biden Jr.,D,117-139,voice vote,2022-05-11,-,-,-,-,-,-,-,-,-,-,-,-,-,unanimous consent,2022-04-28,-,-,-,-,-,-,-,-,-,-,-,-,-,-,-,-,-,-,-,-,-,-,-,RECA Extension Act of 2022
117,S. 4120,bill,signed,2023-01-05,Joseph R. Biden Jr.,D,117-350,voice vote,2022-12-22,-,-,-,-,-,-,-,-,-,-,-,-,-,unanimous consent,2022-12-20,-,-,-,-,-,-,-,-,-,-,-,-,-,-,-,-,-,-,-,-,-,-,-,Childhood Cancer STAR Reauthorization Act
117,S. 4160,bill,signed,2022-06-16,Joseph R. Biden Jr.,D,117-148,roll 261,2022-06-14,On Motion to Suspend the Rules and Pass,205,0,0,3,191,27,0,1,0,0,0,0,unanimous consent,2022-05-09,-,-,-,-,-,-,-,-,-,-,-,-,-,-,-,-,-,-,-,-,-,-,-,Supreme Court Police Parity Act of 2022
117,S. 4205,bill,signed,2022-10-17,Joseph R. Biden Jr.,D,117-212,no recorded vote,2022-09-14,-,-,-,-,-,-,-,-,-,-,-,-,-,unanimous consent,2022-08-06,-,-,-,-,-,-,-,-,-,-,-,-,-,-,-,-,-,-,-,-,-,-,-,PAW Act
117,S. 4240,bill,signed,2023-01-05,Joseph R. Biden Jr.,D,117-351,voice vote,2022-12-22,-,-,-,-,-,-,-,-,-,-,-,-,-,unanimous consent,2022-12-21,-,-,-,-,-,-,-,-,-,-,-,-,-,-,-,-,-,-,-,-,-,-,-,Justice for Victims of War Crimes Act
117,S. 4359,bill,signed,2022-12-09,Joseph R. Biden Jr.,D,117-227,roll 483,2022-11-17,On Motion to Suspend the Rules and Pass,201,2,2,8,217,0,0,2,0,0,0,0,unanimous consent,2022-07-27,-,-,-,-,-,-,-,-,-,-,-,-,-,-,-,-,-,-,-,-,-,-,-,Senator Johnny Isakson VA Regional Office Act of 2022
117,S. 4411,bill,signed,2023-01-05,Joseph R. Biden Jr.,D,117-352,voice vote,2022-12-21,-,-,-,-,-,-,-,-,-,-,-,-,-,unanimous consent,2022-12-19,-,-,-,-,-,-,-,-,-,-,-,-,-,-,-,-,-,-,-,-,-,-,-,"A bill to designate the facility of the United States Postal Service located at 5302 Galveston Road in Houston, Texas, as the ""Vanessa Guillen Post Office Building""."
117,S. 4439,bill,signed,2023-01-05,Joseph R. Biden Jr.,D,117-353,voice vote,2022-12-22,-,-,-,-,-,-,-,-,-,-,-,-,-,unanimous consent,2022-12-21,-,-,-,-,-,-,-,-,-,-,-,-,-,-,-,-,-,-,-,-,-,-,-,KatimiÃ®n and AmeekyÃ¡araam Sacred Lands Act
117,S. 4458,bill,signed,2022-08-26,Joseph R. Biden Jr.,D,117-174,unanimous consent,2022-08-12,-,-,-,-,-,-,-,-,-,-,-,-,-,voice vote,2022-08-04,-,-,-,-,-,-,-,-,-,-,-,-,-,-,-,-,-,-,-,-,-,-,-,Ensuring the Best Schools for Veterans Act of 2022
117,S. 4524,bill,signed,2022-12-07,Joseph R. Biden Jr.,D,117-224,roll 480,2022-11-16,On Passage,100,109,0,4,215,0,0,4,0,0,0,0,unanimous consent,2022-09-29,-,-,-,-,-,-,-,-,-,-,-,-,-,-,-,-,-,-,-,-,-,-,-,Speak Out Act
117,S. 4785,bill,signed,2022-09-16,Joseph R. Biden Jr.,D,117-177,roll 421,2022-09-13,On Motion to Suspend the Rules and Pass,204,0,0,8,211,0,0,9,0,0,0,0,unanimous consent,2022-08-06,-,-,-,-,-,-,-,-,-,-,-,-,-,-,-,-,-,-,-,-,-,-,-,A bill to extend by 19 days the authorization for the special assessment for the Domestic Trafficking Victims' Fund.
117,S. 4791,bill,signed,2022-10-17,Joseph R. Biden Jr.,D,117-213,voice vote,2022-09-29,-,-,-,-,-,-,-,-,-,-,-,-,-,unanimous consent,2022-09-06,-,-,-,-,-,-,-,-,-,-,-,-,-,-,-,-,-,-,-,-,-,-,-,"A bill to amend section 301 of title 44, United States Code, to establish a term for the appointment of the Director of the Government Publishing Office."
117,S. 4834,bill,signed,2022-12-21,Joseph R. Biden Jr.,D,117-262,roll 510,2022-12-06,On Motion to Suspend the Rules and Pass,208,1,0,4,213,0,0,5,0,0,0,0,unanimous consent,2022-11-15,-,-,-,-,-,-,-,-,-,-,-,-,-,-,-,-,-,-,-,-,-,-,-,PROTECT Our Children Act of 2022
117,S. 4900,bill,signed,2022-09-30,Joseph R. Biden Jr.,D,117-183,roll 461,2022-09-29,On Motion to Suspend the Rules and Pass,196,9,0,7,219,0,0,1,0,0,0,0,unanimous consent,2022-09-20,-,-,-,-,-,-,-,-,-,-,-,-,-,-,-,-,-,-,-,-,-,-,-,SBIR and STTR Extension Act of 2022
117,S. 4926,bill,signed,2023-01-05,Joseph R. Biden Jr.,D,117-354,roll 534,2022-12-21,On Motion to Suspend the Rules and Pass,170,28,0,15,215,0,0,2,0,0,0,0,unanimous consent,2022-12-13,-,-,-,-,-,-,-,-,-,-,-,-,-,-,-,-,-,-,-,-,-,-,-,Respect for Child Survivors Act
117,S. 4949,bill,signed,2023-01-05,Joseph R. Biden Jr.,D,117-355,voice vote,2022-12-22,-,-,-,-,-,-,-,-,-,-,-,-,-,unanimous consent,2022-12-19,-,-,-,-,-,-,-,-,-,-,-,-,-,-,-,-,-,-,-,-,-,-,-,National Cemeteries Preservation and Protection Act of 2022
117,S. 4978,bill,signed,2023-01-05,Joseph R. Biden Jr.,D,117-356,voice vote,2022-12-22,-,-,-,-,-,-,-,-,-,-,-,-,-,unanimous consent,2022-12-19,-,-,-,-,-,-,-,-,-,-,-,-,-,-,-,-,-,-,-,-,-,-,-,State Offices of Rural Health Program Reauthorization Act of 2022
117,S. 5016,bill,signed,2023-01-05,Joseph R. Biden Jr.,D,117-357,voice vote,2022-12-21,-,-,-,-,-,-,-,-,-,-,-,-,-,unanimous consent,2022-12-06,-,-,-,-,-,-,-,-,-,-,-,-,-,-,-,-,-,-,-,-,-,-,-,Colonel Mary Louise Rasmuson Campus of the Alaska VA Healthcare System Act of 2022
117,S. 5060,bill,signed,2022-12-20,Joseph R. Biden Jr.,D,117-242,voice vote,2022-12-13,-,-,-,-,-,-,-,-,-,-,-,-,-,unanimous consent,2022-11-30,-,-,-,-,-,-,-,-,-,-,-,-,-,-,-,-,-,-,-,-,-,-,-,Paul D. Wellstone Building Act of 2022
117,S. 5066,bill,signed,2023-01-05,Joseph R. Biden Jr.,D,117-358,voice vote,2022-12-21,-,-,-,-,-,-,-,-,-,-,-,-,-,unanimous consent,2022-12-12,-,-,-,-,-,-,-,-,-,-,-,-,-,-,-,-,-,-,-,-,-,-,-,Don Young Recognition Act
117,S. 5087,bill,signed,2023-01-05,Joseph R. Biden Jr.,D,117-359,roll 543,2022-12-22,On Motion to Suspend the Rules and Pass,158,44,0,11,216,0,0,1,0,0,0,0,unanimous consent,2022-12-20,-,-,-,-,-,-,-,-,-,-,-,-,-,-,-,-,-,-,-,-,-,-,-,"A bill to amend the Not Invisible Act of 2019 to extend, and provide additional support for, the activities of the Department of the Interior and the Department of Justice Joint Commission on Reducing Violent Crime Against Indians, and for other purposes."
117,S. 5168,bill,signed,2023-01-05,Joseph R. Biden Jr.,D,117-360,roll 533,2022-12-21,On Motion to Suspend the Rules and Pass,179,19,0,15,215,0,0,2,0,0,0,0,unanimous consent,2022-12-15,-,-,-,-,-,-,-,-,-,-,-,-,-,-,-,-,-,-,-,-,-,-,-,Energy Security and Lightering Independence Act of 2022
117,S. 5229,bill,signed,2022-12-27,Joseph R. Biden Jr.,D,117-326,voice vote,2022-12-14,-,-,-,-,-,-,-,-,-,-,-,-,-,unanimous consent,2022-12-08,-,-,-,-,-,-,-,-,-,-,-,-,-,-,-,-,-,-,-,-,-,-,-,"A bill to direct the Joint Committee of Congress on the Library to remove the bust of Roger Brooke Taney in the Old Supreme Court Chamber of the Capitol and to obtain a bust of Thurgood Marshall for installation in the Capitol or on the Capitol Grounds, and for other purposes."
117,S. 5230,bill,signed,2022-12-27,Joseph R. Biden Jr.,D,117-327,roll 526,2022-12-14,On Motion to Suspend the Rules and Pass,205,4,0,4,217,0,0,0,0,0,0,0,unanimous consent,2022-12-08,-,-,-,-,-,-,-,-,-,-,-,-,-,-,-,-,-,-,-,-,-,-,-,Billy's Law
117,S. 5328,bill,signed,2023-01-05,Joseph R. Biden Jr.,D,117-361,voice vote,2022-12-22,-,-,-,-,-,-,-,-,-,-,-,-,-,unanimous consent,2022-12-20,-,-,-,-,-,-,-,-,-,-,-,-,-,-,-,-,-,-,-,-,-,-,-,A bill to amend the Farm Security and Rural Investment Act of 2002 to extend terminal lakes assistance.
117,S. 5329,bill,signed,2023-01-05,Joseph R. Biden Jr.,D,117-362,voice vote,2022-12-21,-,-,-,-,-,-,-,-,-,-,-,-,-,unanimous consent,2022-12-20,-,-,-,-,-,-,-,-,-,-,-,-,-,-,-,-,-,-,-,-,-,-,-,"A bill to amend the Bill Emerson Good Samaritan Food Donation Act to improve the program, and for other purposes."
117,S.J.Res. 13,CRA disapproval,signed,2021-06-30,Joseph R. Biden Jr.,D,117-22,roll 183,2021-06-24,On Passage,0,210,0,1,219,0,0,0,0,0,0,0,roll 195,2021-05-19,On the Joint Resolution,0,48,0,2,48,0,0,0,2,0,0,0,D:2,-,-,-,-,-,-,-,-,-,"A joint resolution providing for congressional disapproval under chapter 8 of title 5, United States Code, of the rule submitted by the Equal Employment Opportunity Commission relating to ""Update of Commission's Conciliation Procedures""."
117,S.J.Res. 14,CRA disapproval,signed,2021-06-30,Joseph R. Biden Jr.,D,117-23,roll 185,2021-06-25,On Passage,12,191,0,8,217,0,0,2,0,0,0,0,roll 175,2021-04-28,On the Joint Resolution,3,42,0,5,47,0,0,1,2,0,0,0,D:2,-,-,-,-,-,-,-,-,-,"A joint resolution providing for congressional disapproval under chapter 8 of title 5, United States Code, of the rule submitted by the Environmental Protection Agency relating to ""Oil and Natural Gas Sector: Emission Standards for New, Reconstructed, and Modified Sources Review""."
117,S.J.Res. 15,CRA disapproval,signed,2021-06-30,Joseph R. Biden Jr.,D,117-24,roll 181,2021-06-24,On Passage,1,208,0,2,217,0,0,2,0,0,0,0,roll 183,2021-05-11,On the Joint Resolution,3,47,0,0,47,0,0,1,2,0,0,0,D:2,-,-,-,-,-,-,-,-,-,"A joint resolution providing for congressional disapproval under chapter 8 of title 5, United States Code, of the rule submitted by the Office of the Comptroller of Currency relating to ""National Banks and Federal Savings Associations as Lenders""."
117,S.J.Res. 33,joint resolution,signed,2021-12-16,Joseph R. Biden Jr.,D,117-73,roll 449,2021-12-15,On Passage,1,209,0,3,220,0,0,1,0,0,0,0,roll 498,2021-12-14,On the Joint Resolution,0,49,0,1,48,0,0,0,2,0,0,0,D:2,-,-,-,-,-,-,-,-,-,A joint resolution joint resolution relating to increasing the debt limit.
118,H.J.Res. 7,national emergency,signed,2023-04-10,Joseph R. Biden Jr.,D,118-3,roll 104,2023-02-01,On Passage,218,0,0,3,11,197,0,4,0,0,0,0,roll 80,2023-03-29,On the Joint Resolution,45,0,0,4,21,22,0,5,2,1,0,0,D:3,-,-,-,-,-,-,-,-,-,"Relating to a national emergency declared by the President on March 13, 2020."
118,H.J.Res. 26,D.C. disapproval,signed,2023-03-20,Joseph R. Biden Jr.,D,118-1,roll 119,2023-02-09,On Passage,219,0,0,3,31,173,0,8,0,0,0,0,roll 49,2023-03-08,On the Joint Resolution,48,0,0,1,31,13,1,3,2,1,0,0,D:3,-,-,-,-,-,-,-,-,-,Disapproving the action of the District of Columbia Council in approving the Revised Criminal Code Act of 2022.
118,H.J.Res. 27,CRA disapproval,vetoed,2023-04-06,Joseph R. Biden Jr.,D,-,roll 142,2023-03-09,On Passage,218,1,0,2,9,197,0,7,0,0,0,0,roll 79,2023-03-29,On the Joint Resolution,48,0,0,1,4,41,0,3,1,2,0,0,D:3,roll 187,227,196,sustained,-,-,-,-,-,"Providing for congressional disapproval under chapter 8 of title 5, United States Code, of the rule submitted by the Department of the Army, Corps of Engineers, Department of Defense and the Environmental Protection Agency relating to ""Revised Definition of 'Waters of the United States'""."
118,H.J.Res. 30,CRA disapproval,vetoed,2023-03-20,Joseph R. Biden Jr.,D,-,roll 124,2023-02-28,On Passage,215,0,0,6,1,204,0,7,0,0,0,0,roll 35,2023-03-01,On the Joint Resolution,48,0,0,1,2,43,0,3,0,3,0,0,D:3,roll 149,219,200,sustained,-,-,-,-,-,"Providing for congressional disapproval under chapter 8 of title 5, United States Code, of the rule submitted by the Department of Labor relating to ""Prudence and Loyalty in Selecting Plan Investments and Exercising Shareholder Rights""."
118,H.J.Res. 39,CRA disapproval,vetoed,2023-05-16,Joseph R. Biden Jr.,D,-,roll 202,2023-04-28,On Passage,209,8,0,5,12,194,0,7,0,0,0,0,roll 109,2023-05-03,On the Joint Resolution,47,1,0,1,9,37,0,2,0,3,0,0,D:3,roll 233,214,205,sustained,-,-,-,-,-,"Disapproving the rule submitted by the Department of Commerce relating to ""Procedures Covering Suspension of Liquidation, Duties and Estimated Duties in Accord With Presidential Proclamation 10414""."
118,H.J.Res. 42,D.C. disapproval,vetoed,2023-05-25,Joseph R. Biden Jr.,D,-,roll 188,2023-04-19,On Passage,215,0,0,7,14,189,0,10,0,0,0,0,roll 126,2023-05-16,On the Joint Resolution,48,0,0,1,6,42,0,0,2,1,0,0,D:3,roll 253,233,197,sustained,-,-,-,-,-,Disapproving the action of the District of Columbia Council in approving the Comprehensive Policing and Justice Reform Amendment Act of 2022.
118,H.J.Res. 45,CRA disapproval,vetoed,2023-06-07,Joseph R. Biden Jr.,D,-,roll 234,2023-05-24,On Passage,216,0,0,6,2,203,0,8,0,0,0,0,roll 135,2023-06-01,On the Joint Resolution,49,0,0,0,2,44,0,2,1,2,0,0,D:3,roll 277,221,206,sustained,-,-,-,-,-,"Providing for congressional disapproval under chapter 8 of title 5, United States Code, of the rule submitted by the Department of Education relating to ""Waivers and Modifications of Federal Student Loans""."
118,H.J.Res. 62,joint resolution,signed,2023-12-21,Joseph R. Biden Jr.,D,118-28,unanimous consent,2023-06-05,-,-,-,-,-,-,-,-,-,-,-,-,-,voice vote,2023-12-14,-,-,-,-,-,-,-,-,-,-,-,-,-,-,-,-,-,-,-,-,-,-,-,Providing for the reappointment of Michael Govan as a citizen regent of the Board of Regents of the Smithsonian Institution.
118,H.J.Res. 63,joint resolution,signed,2023-12-21,Joseph R. Biden Jr.,D,118-29,unanimous consent,2023-06-05,-,-,-,-,-,-,-,-,-,-,-,-,-,voice vote,2023-12-14,-,-,-,-,-,-,-,-,-,-,-,-,-,-,-,-,-,-,-,-,-,-,-,Providing for the appointment of Antoinette Bush as a citizen regent of the Board of Regents of the Smithsonian Institution.
118,H.J.Res. 64,joint resolution,signed,2023-12-21,Joseph R. Biden Jr.,D,118-30,unanimous consent,2023-06-05,-,-,-,-,-,-,-,-,-,-,-,-,-,voice vote,2023-12-14,-,-,-,-,-,-,-,-,-,-,-,-,-,-,-,-,-,-,-,-,-,-,-,Providing for the reappointment of Roger W. Ferguson as a citizen regent of the Board of Regents of the Smithsonian Institution.
118,H.J.Res. 98,CRA disapproval,vetoed,2024-05-03,Joseph R. Biden Jr.,D,-,roll 10,2024-01-12,On Passage,198,0,0,22,8,177,0,28,0,0,0,0,roll 122,2024-04-10,On the Joint Resolution,47,1,0,1,1,46,0,1,2,1,0,0,D:3,roll 185,214,191,sustained,-,-,-,-,-,"Providing for congressional disapproval under chapter 8 of title 5, United States Code, of the rule submitted by the National Labor Relations Board relating to ""Standard for Determining Joint Employer Status""."
118,H.J.Res. 109,CRA disapproval,vetoed,2024-05-31,Joseph R. Biden Jr.,D,-,roll 189,2024-05-08,On Passage,207,0,0,9,21,182,0,10,0,0,0,0,roll 169,2024-05-16,On the Joint Resolution,48,0,0,1,11,36,0,1,1,2,0,0,D:3,roll 355,228,184,sustained,-,-,-,-,-,"Providing for congressional disapproval under chapter 8 of title 5, United States Code, of the rule submitted by the Securities and Exchange Commission relating to ""Staff Accounting Bulletin No. 121""."
118,H.R. 82,bill,signed,2025-01-05,Joseph R. Biden Jr.,D,118-273,roll 456,2024-11-12,On Motion to Suspend the Rules and Pass,136,71,1,12,191,4,0,17,0,0,0,0,roll 338,2024-12-21,On Passage of the Bill,27,20,0,2,46,0,0,1,3,0,0,1,D:4,-,-,-,-,-,-,-,-,-,Social Security Fairness Act of 2023
118,H.R. 292,bill,signed,2024-05-07,Joseph R. Biden Jr.,D,118-52,voice vote,2023-10-02,-,-,-,-,-,-,-,-,-,-,-,-,-,unanimous consent,2024-04-23,-,-,-,-,-,-,-,-,-,-,-,-,-,-,-,-,-,-,-,-,-,-,-,"To designate the facility of the United States Postal Service located at 24355 Creekside Road in Santa Clarita, California, as the ""William L. Reynolds Post Office Building""."
118,H.R. 346,bill,signed,2023-06-03,Joseph R. Biden Jr.,D,118-4,voice vote,2023-05-22,-,-,-,-,-,-,-,-,-,-,-,-,-,unanimous consent,2023-05-09,-,-,-,-,-,-,-,-,-,-,-,-,-,-,-,-,-,-,-,-,-,-,-,NOTAM Improvement Act of 2023
118,H.R. 366,bill,signed,2023-11-13,Joseph R. Biden Jr.,D,118-20,voice vote,2023-05-22,-,-,-,-,-,-,-,-,-,-,-,-,-,unanimous consent,2023-10-19,-,-,-,-,-,-,-,-,-,-,-,-,-,-,-,-,-,-,-,-,-,-,-,Korean American VALOR Act
118,H.R. 423,bill,signed,2023-07-28,Joseph R. Biden Jr.,D,118-11,voice vote,2023-02-06,-,-,-,-,-,-,-,-,-,-,-,-,-,unanimous consent,2023-07-18,-,-,-,-,-,-,-,-,-,-,-,-,-,-,-,-,-,-,-,-,-,-,-,Pala Band of Mission Indians Land Transfer Act of 2023
118,H.R. 593,bill,signed,2024-05-13,Joseph R. Biden Jr.,D,118-61,roll 644,2023-11-13,On Motion to Suspend the Rules and Pass,208,0,1,11,201,0,0,12,0,0,0,0,unanimous consent,2024-05-02,-,-,-,-,-,-,-,-,-,-,-,-,-,-,-,-,-,-,-,-,-,-,-,"To rename the Department of Veterans Affairs community-based outpatient clinic in Hinesville, Georgia, as the ""John Gibson, Dan James, William Sapp, and Frankie Smiley VA Clinic""."
118,H.R. 599,bill,signed,2024-11-25,Joseph R. Biden Jr.,D,118-108,voice vote,2024-01-31,-,-,-,-,-,-,-,-,-,-,-,-,-,unanimous consent,2024-11-19,-,-,-,-,-,-,-,-,-,-,-,-,-,-,-,-,-,-,-,-,-,-,-,"To designate the facility of the United States Postal Service located at 3500 West 6th Street, Suite 103 in Los Angeles, California, as the ""Dosan Ahn Chang Ho Post Office""."
118,H.R. 663,bill,signed,2024-12-23,Joseph R. Biden Jr.,D,118-160,roll 394,2023-09-18,"On Motion to Suspend the Rules and Pass, as Amended",177,32,0,11,201,0,0,11,0,0,0,0,voice vote,2024-12-17,-,-,-,-,-,-,-,-,-,-,-,-,-,-,-,-,-,-,-,-,-,-,-,Native American Child Protection Act
118,H.R. 670,bill,signed,2025-01-04,Joseph R. Biden Jr.,D,118-225,voice vote,2024-12-17,-,-,-,-,-,-,-,-,-,-,-,-,-,unanimous consent,2024-12-21,-,-,-,-,-,-,-,-,-,-,-,-,-,-,-,-,-,-,-,-,-,-,-,Think Differently Database Act
118,H.R. 807,bill,signed,2024-11-25,Joseph R. Biden Jr.,D,118-109,voice vote,2024-05-21,-,-,-,-,-,-,-,-,-,-,-,-,-,unanimous consent,2024-11-19,-,-,-,-,-,-,-,-,-,-,-,-,-,-,-,-,-,-,-,-,-,-,-,Working Dog Commemorative Coin Act
118,H.R. 815,bill,signed,2024-04-24,Joseph R. Biden Jr.,D,118-50,unanimous consent,2024-04-20,-,-,-,-,-,-,-,-,-,-,-,-,-,roll 154,2024-04-23,On the Motion,31,15,0,3,46,2,0,0,2,1,0,0,D:3,-,-,-,-,-,-,-,-,-,"Making emergency supplemental appropriations for the fiscal year ending September 30, 2024, and for other purposes."
118,H.R. 996,bill,signed,2024-05-07,Joseph R. Biden Jr.,D,118-53,voice vote,2023-10-02,-,-,-,-,-,-,-,-,-,-,-,-,-,unanimous consent,2024-04-23,-,-,-,-,-,-,-,-,-,-,-,-,-,-,-,-,-,-,-,-,-,-,-,"To designate the facility of the United States Postal Service located at 3901 MacArthur Blvd., in New Orleans, Louisiana, as the ""Dr. Rudy Lombard Post Office""."
118,H.R. 1042,bill,signed,2024-05-13,Joseph R. Biden Jr.,D,118-62,voice vote,2023-12-11,-,-,-,-,-,-,-,-,-,-,-,-,-,unanimous consent,2024-04-30,-,-,-,-,-,-,-,-,-,-,-,-,-,-,-,-,-,-,-,-,-,-,-,Prohibiting Russian Uranium Imports Act
118,H.R. 1060,bill,signed,2024-11-25,Joseph R. Biden Jr.,D,118-110,voice vote,2024-01-31,-,-,-,-,-,-,-,-,-,-,-,-,-,unanimous consent,2024-11-19,-,-,-,-,-,-,-,-,-,-,-,-,-,-,-,-,-,-,-,-,-,-,-,"To designate the facility of the United States Postal Service located at 1663 East Date Place in San Bernardino, California, as the ""Dr. Margaret B. Hill Post Office Building""."
118,H.R. 1076,bill,signed,2024-09-13,Joseph R. Biden Jr.,D,118-79,roll 228,2023-05-22,"On Motion to Suspend the Rules and Pass, as Amended",208,2,0,11,194,0,0,19,0,0,0,0,unanimous consent,2024-07-23,-,-,-,-,-,-,-,-,-,-,-,-,-,-,-,-,-,-,-,-,-,-,-,Preventing the Financing of Illegal Synthetic Drugs Act
118,H.R. 1096,bill,signed,2023-07-26,Joseph R. Biden Jr.,D,118-10,roll 291,2023-07-11,On Motion to Suspend the Rules and Pass,207,1,0,13,202,0,0,10,0,0,0,0,unanimous consent,2023-07-20,-,-,-,-,-,-,-,-,-,-,-,-,-,-,-,-,-,-,-,-,-,-,-,250th Anniversary of the United States Marine Corps Commemorative Coin Act
118,H.R. 1097,bill,signed,2024-12-23,Joseph R. Biden Jr.,D,118-161,voice vote,2024-05-21,-,-,-,-,-,-,-,-,-,-,-,-,-,unanimous consent,2024-12-10,-,-,-,-,-,-,-,-,-,-,-,-,-,-,-,-,-,-,-,-,-,-,-,"Everett Alvarez, Jr. Congressional Gold Medal Act of 2023"
118,H.R. 1098,bill,signed,2024-11-25,Joseph R. Biden Jr.,D,118-111,voice vote,2024-06-03,-,-,-,-,-,-,-,-,-,-,-,-,-,unanimous consent,2024-11-19,-,-,-,-,-,-,-,-,-,-,-,-,-,-,-,-,-,-,-,-,-,-,-,"To designate the facility of the United States Postal Service located at 50 East Derry Road in East Derry, New Hampshire, as the ""Chief Edward B. Garone Post Office""."
118,H.R. 1105,bill,signed,2024-07-30,Joseph R. Biden Jr.,D,118-72,roll 643,2023-11-13,"On Motion to Suspend the Rules and Pass, as Amended",207,0,0,13,198,0,0,14,0,0,0,0,unanimous consent,2024-07-11,-,-,-,-,-,-,-,-,-,-,-,-,-,-,-,-,-,-,-,-,-,-,-,Debbie Smith Act of 2023
118,H.R. 1226,bill,signed,2023-11-13,Joseph R. Biden Jr.,D,118-21,roll 132,2023-03-07,"On Motion to Suspend the Rules and Pass, as Amended",219,0,0,3,203,0,0,9,0,0,0,0,unanimous consent,2023-11-02,-,-,-,-,-,-,-,-,-,-,-,-,-,-,-,-,-,-,-,-,-,-,-,Wounded Warrior Access Act
118,H.R. 1240,bill,signed,2024-07-12,Joseph R. Biden Jr.,D,118-68,voice vote,2024-02-05,-,-,-,-,-,-,-,-,-,-,-,-,-,voice vote,2024-06-20,-,-,-,-,-,-,-,-,-,-,-,-,-,-,-,-,-,-,-,-,-,-,-,Winnebago Land Transfer Act of 2023
118,H.R. 1318,bill,signed,2025-01-04,Joseph R. Biden Jr.,D,118-226,voice vote,2023-11-06,-,-,-,-,-,-,-,-,-,-,-,-,-,voice vote,2024-12-20,-,-,-,-,-,-,-,-,-,-,-,-,-,-,-,-,-,-,-,-,-,-,-,Womenâs Suffrage National Monument Location Act
118,H.R. 1432,bill,signed,2024-12-12,Joseph R. Biden Jr.,D,118-146,voice vote,2024-09-17,-,-,-,-,-,-,-,-,-,-,-,-,-,voice vote,2024-12-04,-,-,-,-,-,-,-,-,-,-,-,-,-,-,-,-,-,-,-,-,-,-,-,VETT Act
118,H.R. 1505,bill,signed,2024-12-01,Joseph R. Biden Jr.,D,118-137,voice vote,2023-11-13,-,-,-,-,-,-,-,-,-,-,-,-,-,unanimous consent,2024-11-19,-,-,-,-,-,-,-,-,-,-,-,-,-,-,-,-,-,-,-,-,-,-,-,No Stolen Trademarks Honored in America Act of 2023
118,H.R. 1555,bill,signed,2025-01-02,Joseph R. Biden Jr.,D,118-211,voice vote,2024-06-03,-,-,-,-,-,-,-,-,-,-,-,-,-,unanimous consent,2024-12-19,-,-,-,-,-,-,-,-,-,-,-,-,-,-,-,-,-,-,-,-,-,-,-,"To designate the facility of the United States Postal Service located at 2300 Sylvan Avenue in Modesto, California, as the ""Corporal Michael D. Anderson Jr. Post Office Building""."
118,H.R. 1568,bill,signed,2024-02-09,Joseph R. Biden Jr.,D,118-39,voice vote,2024-01-18,-,-,-,-,-,-,-,-,-,-,-,-,-,unanimous consent,2024-01-31,-,-,-,-,-,-,-,-,-,-,-,-,-,-,-,-,-,-,-,-,-,-,-,Moving Americans Privacy Protection Act
118,H.R. 1607,bill,signed,2024-12-23,Joseph R. Biden Jr.,D,118-162,roll 599,2023-11-06,"On Motion to Suspend the Rules and Pass, as Amended",200,1,0,19,184,0,0,28,0,0,0,0,unanimous consent,2024-12-17,-,-,-,-,-,-,-,-,-,-,-,-,-,-,-,-,-,-,-,-,-,-,-,"To clarify jurisdiction with respect to certain Bureau of Reclamation pumped storage development, and for other purposes."
118,H.R. 1722,bill,signed,2023-12-26,Joseph R. Biden Jr.,D,118-32,voice vote,2023-11-08,-,-,-,-,-,-,-,-,-,-,-,-,-,unanimous consent,2023-12-19,-,-,-,-,-,-,-,-,-,-,-,-,-,-,-,-,-,-,-,-,-,-,-,Grand Ronde Reservation Act Amendment of 2023
118,H.R. 1727,bill,signed,2024-12-23,Joseph R. Biden Jr.,D,118-163,roll 36,2024-02-06,"On Motion to Suspend the Rules and Pass, as Amended",216,2,0,1,211,0,0,1,0,0,0,0,unanimous consent,2024-12-17,-,-,-,-,-,-,-,-,-,-,-,-,-,-,-,-,-,-,-,-,-,-,-,Chesapeake and Ohio Canal National Historical Park Commission Extension Act
118,H.R. 1734,bill,signed,2023-12-19,Joseph R. Biden Jr.,D,118-23,voice vote,2023-12-04,-,-,-,-,-,-,-,-,-,-,-,-,-,unanimous consent,2023-06-22,-,-,-,-,-,-,-,-,-,-,-,-,-,-,-,-,-,-,-,-,-,-,-,TRANQ Research Act of 2023
118,H.R. 1823,bill,signed,2025-01-02,Joseph R. Biden Jr.,D,118-212,voice vote,2024-06-03,-,-,-,-,-,-,-,-,-,-,-,-,-,unanimous consent,2024-12-19,-,-,-,-,-,-,-,-,-,-,-,-,-,-,-,-,-,-,-,-,-,-,-,"To designate the facility of the United States Postal Service located at 207 East Fort Dade Avenue in Brooksville, Florida, as the ""Specialist Justin Dean Coleman Memorial Post Office Building""."
118,H.R. 2365,bill,signed,2024-07-02,Joseph R. Biden Jr.,D,118-66,roll 724,2023-12-14,"On Motion to Suspend the Rules and Pass, as Amended",200,9,0,12,207,0,0,6,0,0,0,0,voice vote,2024-05-23,-,-,-,-,-,-,-,-,-,-,-,-,-,-,-,-,-,-,-,-,-,-,-,Dr. Emmanuel Bilirakis and Honorable Jennifer Wexton National Plan to End Parkinsonâs Act
118,H.R. 2379,bill,signed,2024-05-07,Joseph R. Biden Jr.,D,118-54,roll 514,2023-10-02,On Motion to Suspend the Rules and Pass,198,0,1,22,192,0,0,20,0,0,0,0,unanimous consent,2024-04-23,-,-,-,-,-,-,-,-,-,-,-,-,-,-,-,-,-,-,-,-,-,-,-,"To designate the facility of the United States Postal Service located at 616 East Main Street in St. Charles, Illinois, as the ""Veterans of the Vietnam War Memorial Post Office""."
118,H.R. 2468,bill,signed,2024-12-23,Joseph R. Biden Jr.,D,118-164,voice vote,2024-09-24,-,-,-,-,-,-,-,-,-,-,-,-,-,unanimous consent,2024-12-17,-,-,-,-,-,-,-,-,-,-,-,-,-,-,-,-,-,-,-,-,-,-,-,Mountain View Corridor Completion Act
118,H.R. 2544,bill,signed,2023-09-22,Joseph R. Biden Jr.,D,118-14,voice vote,2023-07-25,-,-,-,-,-,-,-,-,-,-,-,-,-,unanimous consent,2023-07-27,-,-,-,-,-,-,-,-,-,-,-,-,-,-,-,-,-,-,-,-,-,-,-,Securing the U.S. Organ Procurement and Transplantation Network Act
118,H.R. 2670,bill,signed,2023-12-22,Joseph R. Biden Jr.,D,118-31,roll 723,2023-12-14,On Motion to Suspend the Rules and Agree to the Conference Report,147,73,0,1,163,45,0,5,0,0,0,0,roll 343,2023-12-13,On the Conference Report,43,6,0,0,42,6,0,0,2,1,0,0,D:3,-,-,-,-,-,-,-,-,-,National Defense Authorization Act for Fiscal Year 2024
118,H.R. 2754,bill,signed,2024-05-07,Joseph R. Biden Jr.,D,118-55,roll 29,2024-01-31,On Motion to Suspend the Rules and Pass,214,0,2,2,206,0,0,7,0,0,0,0,unanimous consent,2024-04-23,-,-,-,-,-,-,-,-,-,-,-,-,-,-,-,-,-,-,-,-,-,-,-,"To designate the facility of the United States Postal Service located at 2395 East Del Mar Boulevard in Laredo, Texas, as the ""Lance Corporal David Lee Espinoza, Lance Corporal Juan Rodrigo Rodriguez & Sergeant Roberto Arizola Jr. Post Office Building""."
118,H.R. 2839,bill,signed,2023-12-26,Joseph R. Biden Jr.,D,118-33,voice vote,2023-12-11,-,-,-,-,-,-,-,-,-,-,-,-,-,unanimous consent,2023-12-19,-,-,-,-,-,-,-,-,-,-,-,-,-,-,-,-,-,-,-,-,-,-,-,"To amend the Siletz Reservation Act to address the hunting, fishing, trapping, and animal gathering rights of the Confederated Tribes of Siletz Indians, and for other purposes."
118,H.R. 2872,bill,signed,2024-01-19,Joseph R. Biden Jr.,D,118-35,roll 15,2024-01-18,On Motion to Suspend the Rules and Concur in the Senate Amendment,107,106,0,7,207,2,0,4,0,0,0,0,roll 12,2024-01-18,On Passage of the Bill,26,18,0,5,48,0,0,0,3,0,0,0,D:3,-,-,-,-,-,-,-,-,-,"Making further continuing appropriations for the fiscal year ending September 30, 2024, and for other purposes."
118,H.R. 2882,bill,signed,2024-03-23,Joseph R. Biden Jr.,D,118-47,no recorded vote,2024-03-22,-,-,-,-,-,-,-,-,-,-,-,-,-,roll 114,2024-03-23,On the Motion,25,22,0,2,47,1,0,0,2,1,0,0,D:3,-,-,-,-,-,-,-,-,-,"Further Consolidated Appropriations Act, 2024"
118,H.R. 2950,bill,signed,2024-12-11,Joseph R. Biden Jr.,D,118-138,voice vote,2024-09-24,-,-,-,-,-,-,-,-,-,-,-,-,-,voice vote,2024-11-21,-,-,-,-,-,-,-,-,-,-,-,-,-,-,-,-,-,-,-,-,-,-,-,Coastal Habitat Conservation Act of 2023
118,H.R. 2997,bill,signed,2025-01-04,Joseph R. Biden Jr.,D,118-227,voice vote,2024-02-05,-,-,-,-,-,-,-,-,-,-,-,-,-,unanimous consent,2024-12-20,-,-,-,-,-,-,-,-,-,-,-,-,-,-,-,-,-,-,-,-,-,-,-,CONVEY Act
118,H.R. 3019,bill,signed,2024-07-25,Joseph R. Biden Jr.,D,118-71,roll 220,2024-05-21,"On Motion to Suspend the Rules and Pass, as Amended",196,2,0,18,196,0,0,17,0,0,0,0,unanimous consent,2024-07-10,-,-,-,-,-,-,-,-,-,-,-,-,-,-,-,-,-,-,-,-,-,-,-,Federal Prison Oversight Act
118,H.R. 3254,bill,signed,2024-12-23,Joseph R. Biden Jr.,D,118-165,voice vote,2023-07-27,-,-,-,-,-,-,-,-,-,-,-,-,-,unanimous consent,2024-12-10,-,-,-,-,-,-,-,-,-,-,-,-,-,-,-,-,-,-,-,-,-,-,-,First Responder Access to Innovative Technologies Act
118,H.R. 3315,bill,signed,2023-12-19,Joseph R. Biden Jr.,D,118-24,voice vote,2023-12-11,-,-,-,-,-,-,-,-,-,-,-,-,-,unanimous consent,2023-12-14,-,-,-,-,-,-,-,-,-,-,-,-,-,-,-,-,-,-,-,-,-,-,-,National Guard and Reservists Debt Relief Extension Act of 2023
118,H.R. 3324,bill,signed,2024-12-23,Joseph R. Biden Jr.,D,118-166,roll 387,2023-09-13,On Motion to Suspend the Rules and Pass,211,0,0,10,204,0,0,8,0,0,0,0,unanimous consent,2024-12-17,-,-,-,-,-,-,-,-,-,-,-,-,-,-,-,-,-,-,-,-,-,-,-,To extend the authority to collect Shasta-Trinity Marina fees through fiscal year 2029.
118,H.R. 3354,bill,signed,2025-01-02,Joseph R. Biden Jr.,D,118-213,roll 179,2024-05-07,On Motion to Suspend the Rules and Pass,173,27,3,13,198,1,0,14,0,0,0,0,unanimous consent,2024-12-19,-,-,-,-,-,-,-,-,-,-,-,-,-,-,-,-,-,-,-,-,-,-,-,"To designate the facility of the United States Postal Service located at 220 North Hatcher Avenue in Purcellville, Virginia, as the ""Secretary of State Madeleine Albright Post Office Building""."
118,H.R. 3391,bill,signed,2025-01-04,Joseph R. Biden Jr.,D,118-228,roll 60,2024-03-05,"On Motion to Suspend the Rules and Pass, as Amended",192,4,0,23,192,0,0,21,0,0,0,0,voice vote,2024-12-20,-,-,-,-,-,-,-,-,-,-,-,-,-,-,-,-,-,-,-,-,-,-,-,Gabriella Miller Kids First Research Act 2.0
118,H.R. 3608,bill,signed,2024-11-25,Joseph R. Biden Jr.,D,118-112,voice vote,2024-06-03,-,-,-,-,-,-,-,-,-,-,-,-,-,unanimous consent,2024-11-19,-,-,-,-,-,-,-,-,-,-,-,-,-,-,-,-,-,-,-,-,-,-,-,"To designate the facility of the United States Postal Service located at 28081 Marguerite Parkway in Mission Viejo, California, as the ""Major Megan McClung Post Office Building""."
118,H.R. 3672,bill,signed,2023-07-28,Joseph R. Biden Jr.,D,118-12,roll 273,2023-06-20,On Motion to Suspend the Rules and Pass,210,0,1,10,199,0,0,13,0,0,0,0,unanimous consent,2023-07-13,-,-,-,-,-,-,-,-,-,-,-,-,-,-,-,-,-,-,-,-,-,-,-,"To designate the clinic of the Department of Veterans Affairs in Indian River, Michigan, as the ""Pfc. Justin T. Paton Department of Veterans Affairs Clinic""."
118,H.R. 3728,bill,signed,2024-11-25,Joseph R. Biden Jr.,D,118-113,voice vote,2024-01-31,-,-,-,-,-,-,-,-,-,-,-,-,-,unanimous consent,2024-11-19,-,-,-,-,-,-,-,-,-,-,-,-,-,-,-,-,-,-,-,-,-,-,-,"To designate the facility of the United States Postal Service located at 25 Dorchester Avenue, Room 1, in Boston, Massachusetts, as the ""Caroline Chang Post Office""."
118,H.R. 3746,bill,signed,2023-06-03,Joseph R. Biden Jr.,D,118-5,roll 243,2023-05-31,On Passage,149,71,0,2,165,46,0,2,0,0,0,0,roll 146,2023-06-01,On Passage of the Bill,17,31,0,1,44,4,0,0,2,1,0,0,D:3,-,-,-,-,-,-,-,-,-,Fiscal Responsibility Act of 2023
118,H.R. 3797,bill,signed,2024-12-23,Joseph R. Biden Jr.,D,118-167,voice vote,2023-06-21,-,-,-,-,-,-,-,-,-,-,-,-,-,unanimous consent,2024-12-10,-,-,-,-,-,-,-,-,-,-,-,-,-,-,-,-,-,-,-,-,-,-,-,Paperwork Burden Reduction Act
118,H.R. 3801,bill,signed,2024-12-23,Joseph R. Biden Jr.,D,118-168,voice vote,2023-06-21,-,-,-,-,-,-,-,-,-,-,-,-,-,unanimous consent,2024-12-10,-,-,-,-,-,-,-,-,-,-,-,-,-,-,-,-,-,-,-,-,-,-,-,Employer Reporting Improvement Act
118,H.R. 3821,bill,signed,2024-12-12,Joseph R. Biden Jr.,D,118-147,roll 65,2024-03-06,On Motion to Suspend the Rules and Pass,205,7,0,7,208,0,0,5,0,0,0,0,voice vote,2024-12-04,-,-,-,-,-,-,-,-,-,-,-,-,-,-,-,-,-,-,-,-,-,-,-,Firefighter Cancer Registry Reauthorization Act of 2023
118,H.R. 3865,bill,signed,2024-05-07,Joseph R. Biden Jr.,D,118-56,voice vote,2024-01-29,-,-,-,-,-,-,-,-,-,-,-,-,-,unanimous consent,2024-04-23,-,-,-,-,-,-,-,-,-,-,-,-,-,-,-,-,-,-,-,-,-,-,-,"To designate the facility of the United States Postal Service located at 101 South 8th Street in Lebanon, Pennsylvania, as the ""Lieutenant William D. Lebo Post Office Building""."
118,H.R. 3935,bill,signed,2024-05-16,Joseph R. Biden Jr.,D,118-63,roll 200,2024-05-15,On Motion to Suspend the Rules and Concur in the Senate Amendment,192,19,0,6,195,7,0,11,0,0,0,0,roll 162,2024-05-09,On Passage of the Bill,44,0,0,5,42,4,0,2,2,0,0,1,D:3,-,-,-,-,-,-,-,-,-,FAA Reauthorization Act of 2024
118,H.R. 3944,bill,signed,2024-05-07,Joseph R. Biden Jr.,D,118-57,voice vote,2023-10-02,-,-,-,-,-,-,-,-,-,-,-,-,-,unanimous consent,2024-04-23,-,-,-,-,-,-,-,-,-,-,-,-,-,-,-,-,-,-,-,-,-,-,-,"To designate the facility of the United States Postal Service located at 120 West Church Street in Mount Vernon, Georgia, as the ""Second Lieutenant Patrick Palmer Calhoun Post Office""."
118,H.R. 3947,bill,signed,2024-05-07,Joseph R. Biden Jr.,D,118-58,voice vote,2024-01-29,-,-,-,-,-,-,-,-,-,-,-,-,-,unanimous consent,2024-04-23,-,-,-,-,-,-,-,-,-,-,-,-,-,-,-,-,-,-,-,-,-,-,-,"To designate the facility of the United States Postal Service located at 859 North State Road 21 in Melrose, Florida, as the ""Pamela Jane Rock Post Office Building""."
118,H.R. 4004,bill,signed,2023-08-07,Joseph R. Biden Jr.,D,118-13,voice vote,2023-06-21,-,-,-,-,-,-,-,-,-,-,-,-,-,unanimous consent,2023-07-18,-,-,-,-,-,-,-,-,-,-,-,-,-,-,-,-,-,-,-,-,-,-,-,United States-Taiwan Initiative on 21st-Century Trade First Agreement Implementation Act
118,H.R. 4094,bill,signed,2024-12-23,Joseph R. Biden Jr.,D,118-169,voice vote,2024-09-24,-,-,-,-,-,-,-,-,-,-,-,-,-,unanimous consent,2024-12-17,-,-,-,-,-,-,-,-,-,-,-,-,-,-,-,-,-,-,-,-,-,-,-,Great Salt Lake Stewardship Act
118,H.R. 4136,bill,signed,2025-01-02,Joseph R. Biden Jr.,D,118-214,voice vote,2024-07-22,-,-,-,-,-,-,-,-,-,-,-,-,-,unanimous consent,2024-12-21,-,-,-,-,-,-,-,-,-,-,-,-,-,-,-,-,-,-,-,-,-,-,-,U.S. Congressman Sam Johnson Memorial VA Clinic Act
118,H.R. 4190,bill,signed,2024-11-25,Joseph R. Biden Jr.,D,118-114,voice vote,2024-09-17,-,-,-,-,-,-,-,-,-,-,-,-,-,unanimous consent,2024-09-25,-,-,-,-,-,-,-,-,-,-,-,-,-,-,-,-,-,-,-,-,-,-,-,Restoring Benefits to Defrauded Veterans Act
118,H.R. 4366,bill,signed,2024-03-09,Joseph R. Biden Jr.,D,118-42,no recorded vote,2024-03-06,-,-,-,-,-,-,-,-,-,-,-,-,-,roll 84,2024-03-08,On the Motion,26,21,0,2,46,1,0,1,3,0,0,0,D:3,-,-,-,-,-,-,-,-,-,"Consolidated Appropriations Act, 2024"
118,H.R. 4385,bill,signed,2024-12-23,Joseph R. Biden Jr.,D,118-170,voice vote,2024-02-05,-,-,-,-,-,-,-,-,-,-,-,-,-,unanimous consent,2024-12-18,-,-,-,-,-,-,-,-,-,-,-,-,-,-,-,-,-,-,-,-,-,-,-,Drought Preparedness Act
118,H.R. 4389,bill,signed,2024-04-24,Joseph R. Biden Jr.,D,118-51,voice vote,2024-04-09,-,-,-,-,-,-,-,-,-,-,-,-,-,voice vote,2024-04-17,-,-,-,-,-,-,-,-,-,-,-,-,-,-,-,-,-,-,-,-,-,-,-,Migratory Birds of the Americas Conservation Enhancements Act of 2023
118,H.R. 4467,bill,signed,2024-12-23,Joseph R. Biden Jr.,D,118-171,voice vote,2024-03-05,-,-,-,-,-,-,-,-,-,-,-,-,-,unanimous consent,2024-12-16,-,-,-,-,-,-,-,-,-,-,-,-,-,-,-,-,-,-,-,-,-,-,-,DHS Border Services Contracts Review Act
118,H.R. 4581,bill,signed,2024-07-12,Joseph R. Biden Jr.,D,118-69,roll 207,2024-05-15,"On Motion to Suspend the Rules and Pass, as Amended",206,3,0,7,202,0,0,11,0,0,0,0,unanimous consent,2024-06-11,-,-,-,-,-,-,-,-,-,-,-,-,-,-,-,-,-,-,-,-,-,-,-,Maternal and Child Health Stillbirth Prevention Act of 2024
118,H.R. 4955,bill,signed,2025-01-02,Joseph R. Biden Jr.,D,118-215,voice vote,2024-12-16,-,-,-,-,-,-,-,-,-,-,-,-,-,unanimous consent,2024-12-21,-,-,-,-,-,-,-,-,-,-,-,-,-,-,-,-,-,-,-,-,-,-,-,"To name the community-based outpatient clinic of the Department of Veterans Affairs in Monroeville, Pennsylvania, as the ""Henry Parham VA Clinic""."
118,H.R. 4984,bill,signed,2025-01-06,Joseph R. Biden Jr.,D,118-274,roll 56,2024-02-28,"On Motion to Suspend the Rules and Pass, as Amended",151,49,0,18,197,6,0,10,0,0,0,0,voice vote,2024-12-21,-,-,-,-,-,-,-,-,-,-,-,-,-,-,-,-,-,-,-,-,-,-,-,D.C. Robert F. Kennedy Memorial Stadium Campus Revitalization Act
118,H.R. 5009,bill,signed,2024-12-23,Joseph R. Biden Jr.,D,118-159,roll 500,2024-12-11,On Motion to Concur in the Senate Amendment with an Amendment,200,16,0,4,81,124,0,6,0,0,0,0,roll 325,2024-12-18,On the Motion,45,3,0,1,37,10,0,0,3,1,0,0,D:4,-,-,-,-,-,-,-,-,-,Servicemember Quality of Life Improvement and National Defense Authorization Act for Fiscal Year 2025
118,H.R. 5103,bill,signed,2025-01-04,Joseph R. Biden Jr.,D,118-229,voice vote,2024-12-03,-,-,-,-,-,-,-,-,-,-,-,-,-,unanimous consent,2024-12-21,-,-,-,-,-,-,-,-,-,-,-,-,-,-,-,-,-,-,-,-,-,-,-,FISHES Act
118,H.R. 5110,bill,signed,2023-10-06,Joseph R. Biden Jr.,D,118-17,roll 407,2023-09-26,"On Motion to Suspend the Rules and Pass, as Amended",216,0,0,5,208,1,0,3,0,0,0,0,unanimous consent,2023-09-27,-,-,-,-,-,-,-,-,-,-,-,-,-,-,-,-,-,-,-,-,-,-,-,Protecting Hunting Heritage and Education Act
118,H.R. 5301,bill,signed,2024-12-23,Joseph R. Biden Jr.,D,118-172,voice vote,2024-11-12,-,-,-,-,-,-,-,-,-,-,-,-,-,unanimous consent,2024-12-11,-,-,-,-,-,-,-,-,-,-,-,-,-,-,-,-,-,-,-,-,-,-,-,Eliminate Useless Reports Act of 2024
118,H.R. 5302,bill,signed,2024-12-11,Joseph R. Biden Jr.,D,118-139,voice vote,2024-09-24,-,-,-,-,-,-,-,-,-,-,-,-,-,unanimous consent,2024-11-21,-,-,-,-,-,-,-,-,-,-,-,-,-,-,-,-,-,-,-,-,-,-,-,Michel O. Maceda Memorial Act
118,H.R. 5443,bill,signed,2025-01-04,Joseph R. Biden Jr.,D,118-230,voice vote,2024-07-08,-,-,-,-,-,-,-,-,-,-,-,-,-,unanimous consent,2024-12-18,-,-,-,-,-,-,-,-,-,-,-,-,-,-,-,-,-,-,-,-,-,-,-,AACE Act
118,H.R. 5464,bill,signed,2024-11-25,Joseph R. Biden Jr.,D,118-115,voice vote,2024-09-17,-,-,-,-,-,-,-,-,-,-,-,-,-,unanimous consent,2024-11-13,-,-,-,-,-,-,-,-,-,-,-,-,-,-,-,-,-,-,-,-,-,-,-,"To name the Department of Veterans Affairs community-based outpatient clinic in Guntersville, Alabama, as the ""Colonel Ola Lee Mize Department of Veterans Affairs Clinic""."
118,H.R. 5476,bill,signed,2024-11-25,Joseph R. Biden Jr.,D,118-116,voice vote,2024-06-03,-,-,-,-,-,-,-,-,-,-,-,-,-,unanimous consent,2024-11-19,-,-,-,-,-,-,-,-,-,-,-,-,-,-,-,-,-,-,-,-,-,-,-,"To designate the facility of the United States Postal Service located at 1077 River Road, Suite 1, in Washington Crossing, Pennsylvania, as the ""Susan C. Barnhart Post Office""."
118,H.R. 5490,bill,signed,2024-11-25,Joseph R. Biden Jr.,D,118-117,voice vote,2024-09-24,-,-,-,-,-,-,-,-,-,-,-,-,-,voice vote,2024-11-19,-,-,-,-,-,-,-,-,-,-,-,-,-,-,-,-,-,-,-,-,-,-,-,Bolstering Ecosystems Against Coastal Harm Act
118,H.R. 5536,bill,signed,2024-12-11,Joseph R. Biden Jr.,D,118-140,voice vote,2024-11-18,-,-,-,-,-,-,-,-,-,-,-,-,-,unanimous consent,2024-12-03,-,-,-,-,-,-,-,-,-,-,-,-,-,-,-,-,-,-,-,-,-,-,-,Grant Transparency Act of 2023
118,H.R. 5640,bill,signed,2024-11-25,Joseph R. Biden Jr.,D,118-118,voice vote,2024-06-03,-,-,-,-,-,-,-,-,-,-,-,-,-,unanimous consent,2024-11-19,-,-,-,-,-,-,-,-,-,-,-,-,-,-,-,-,-,-,-,-,-,-,-,"To designate the facility of the United States Postal Service located at 12804 Chillicothe Road in Chesterland, Ohio, as the ""Sgt. Wolfgang Kyle Weninger Post Office Building""."
118,H.R. 5646,bill,signed,2024-12-23,Joseph R. Biden Jr.,D,118-173,voice vote,2024-09-24,-,-,-,-,-,-,-,-,-,-,-,-,-,unanimous consent,2024-12-11,-,-,-,-,-,-,-,-,-,-,-,-,-,-,-,-,-,-,-,-,-,-,-,Stop Campus Hazing Act
118,H.R. 5712,bill,signed,2024-11-25,Joseph R. Biden Jr.,D,118-119,voice vote,2024-06-03,-,-,-,-,-,-,-,-,-,-,-,-,-,unanimous consent,2024-11-19,-,-,-,-,-,-,-,-,-,-,-,-,-,-,-,-,-,-,-,-,-,-,-,"To designate the facility of the United States Postal Service located at 220 Fremont Street in Kiel, Wisconsin, as the ""Trooper Trevor J. Casper Post Office Building""."
118,H.R. 5770,bill,signed,2024-12-23,Joseph R. Biden Jr.,D,118-174,voice vote,2024-07-08,-,-,-,-,-,-,-,-,-,-,-,-,-,unanimous consent,2024-12-18,-,-,-,-,-,-,-,-,-,-,-,-,-,-,-,-,-,-,-,-,-,-,-,Water Monitoring and Tracking Essential Resources (WATER) Data Improvement Act
118,H.R. 5799,bill,signed,2024-12-11,Joseph R. Biden Jr.,D,118-141,voice vote,2024-05-21,-,-,-,-,-,-,-,-,-,-,-,-,-,unanimous consent,2024-11-21,-,-,-,-,-,-,-,-,-,-,-,-,-,-,-,-,-,-,-,-,-,-,-,James R. Dominguez Memorial Act of 2023
118,H.R. 5860,bill,signed,2023-09-30,Joseph R. Biden Jr.,D,118-15,roll 513,2023-09-30,"On Motion to Suspend the Rules and Pass, as Amended",126,90,0,5,209,1,0,2,0,0,0,0,roll 247,2023-09-30,On Passage of the Bill,39,9,0,1,46,0,0,1,3,0,0,0,D:3,-,-,-,-,-,-,-,-,-,"Continuing Appropriations Act, 2024 and Other Extensions Act"
118,H.R. 5861,bill,signed,2024-11-25,Joseph R. Biden Jr.,D,118-120,voice vote,2024-09-17,-,-,-,-,-,-,-,-,-,-,-,-,-,unanimous consent,2024-11-13,-,-,-,-,-,-,-,-,-,-,-,-,-,-,-,-,-,-,-,-,-,-,-,BRIDGE for Workers Act
118,H.R. 5863,bill,signed,2024-12-12,Joseph R. Biden Jr.,D,118-148,roll 219,2024-05-21,"On Motion to Suspend the Rules and Pass, as Amended",187,7,0,22,195,0,0,18,0,0,0,0,voice vote,2024-12-04,-,-,-,-,-,-,-,-,-,-,-,-,-,-,-,-,-,-,-,-,-,-,-,Federal Disaster Tax Relief Act of 2023
118,H.R. 5867,bill,signed,2025-01-02,Joseph R. Biden Jr.,D,118-216,voice vote,2024-09-23,-,-,-,-,-,-,-,-,-,-,-,-,-,unanimous consent,2024-12-19,-,-,-,-,-,-,-,-,-,-,-,-,-,-,-,-,-,-,-,-,-,-,-,"To designate the facility of the United States Postal Service located at 109 Live Oaks Boulevard in Casselberry, Florida, as the ""Colonel Joseph William Kittinger II Post Office Building""."
118,H.R. 5887,bill,signed,2025-01-04,Joseph R. Biden Jr.,D,118-231,voice vote,2024-05-21,-,-,-,-,-,-,-,-,-,-,-,-,-,unanimous consent,2024-12-21,-,-,-,-,-,-,-,-,-,-,-,-,-,-,-,-,-,-,-,-,-,-,-,Government Service Delivery Improvement Act
118,H.R. 5985,bill,signed,2024-11-25,Joseph R. Biden Jr.,D,118-121,voice vote,2024-06-03,-,-,-,-,-,-,-,-,-,-,-,-,-,unanimous consent,2024-11-19,-,-,-,-,-,-,-,-,-,-,-,-,-,-,-,-,-,-,-,-,-,-,-,"To designate the facility of the United States Postal Service located at 517 Seagaze Drive in Oceanside, California, as the ""Charlesetta Reece Allen Post Office Building""."
118,H.R. 6062,bill,signed,2025-01-04,Joseph R. Biden Jr.,D,118-232,voice vote,2024-07-08,-,-,-,-,-,-,-,-,-,-,-,-,-,unanimous consent,2024-12-18,-,-,-,-,-,-,-,-,-,-,-,-,-,-,-,-,-,-,-,-,-,-,-,"To restore the ability of the people of American Samoa to approve amendments to the territorial constitution based on majority rule in a democratic act of self-determination, as authorized pursuant to an Act of Congress delegating administration of Federal territorial law in the territory to the President, and to the Secretary of the Interior under Executive Order 10264, dated June 29, 1951, under which the Constitution of American Samoa was approved and may be amended without requirement for further congressional action, subject to the authority of Congress under the Territorial Clause in article IV, section 3, clause 2 of the United States Constitution."
118,H.R. 6073,bill,signed,2024-11-25,Joseph R. Biden Jr.,D,118-122,voice vote,2024-06-03,-,-,-,-,-,-,-,-,-,-,-,-,-,unanimous consent,2024-11-19,-,-,-,-,-,-,-,-,-,-,-,-,-,-,-,-,-,-,-,-,-,-,-,"To designate the facility of the United States Postal Service located at 9925 Bustleton Avenue in Philadelphia, Pennsylvania, as the ""Sergeant Christopher David Fitzgerald Post Office Building""."
118,H.R. 6116,bill,signed,2025-01-02,Joseph R. Biden Jr.,D,118-217,voice vote,2024-12-04,-,-,-,-,-,-,-,-,-,-,-,-,-,unanimous consent,2024-12-19,-,-,-,-,-,-,-,-,-,-,-,-,-,-,-,-,-,-,-,-,-,-,-,"To designate the facility of the United States Postal Service located at 14280 South Military Trail in Delray Beach, Florida, as the ""Benjamin Berell Ferencz Post Office Building""."
118,H.R. 6162,bill,signed,2025-01-02,Joseph R. Biden Jr.,D,118-218,voice vote,2024-07-22,-,-,-,-,-,-,-,-,-,-,-,-,-,unanimous consent,2024-12-19,-,-,-,-,-,-,-,-,-,-,-,-,-,-,-,-,-,-,-,-,-,-,-,"To designate the facility of the United States Postal Service located at 379 North Oates Street in Dothan, Alabama, as the ""LaBruce 'Bruce' Tidwell Post Office Building""."
118,H.R. 6188,bill,signed,2025-01-02,Joseph R. Biden Jr.,D,118-219,voice vote,2024-06-03,-,-,-,-,-,-,-,-,-,-,-,-,-,unanimous consent,2024-12-19,-,-,-,-,-,-,-,-,-,-,-,-,-,-,-,-,-,-,-,-,-,-,-,"To designate the facility of the United States Postal Service located at 420 Highway 17 North in Surfside Beach, South Carolina, as the ""Nancy Yount Childs Post Office Building""."
118,H.R. 6244,bill,signed,2025-01-02,Joseph R. Biden Jr.,D,118-220,voice vote,2024-12-16,-,-,-,-,-,-,-,-,-,-,-,-,-,unanimous consent,2024-12-19,-,-,-,-,-,-,-,-,-,-,-,-,-,-,-,-,-,-,-,-,-,-,-,"To designate the facility of the United States Postal Service located at 1535 East Los Ebanos Boulevard in Brownsville, Texas, as the ""1st Lieutenant Andres Zermeno Post Office Building""."
118,H.R. 6249,bill,signed,2024-11-25,Joseph R. Biden Jr.,D,118-123,voice vote,2024-03-11,-,-,-,-,-,-,-,-,-,-,-,-,-,unanimous consent,2024-11-19,-,-,-,-,-,-,-,-,-,-,-,-,-,-,-,-,-,-,-,-,-,-,-,Think Differently About Emergencies Act
118,H.R. 6324,bill,signed,2024-11-25,Joseph R. Biden Jr.,D,118-124,voice vote,2024-09-17,-,-,-,-,-,-,-,-,-,-,-,-,-,unanimous consent,2024-11-14,-,-,-,-,-,-,-,-,-,-,-,-,-,-,-,-,-,-,-,-,-,-,-,Fiscal Year 2024 Veterans Affairs Major Medical Facility Authorization Act
118,H.R. 6363,bill,signed,2023-11-17,Joseph R. Biden Jr.,D,118-22,roll 658,2023-11-14,"On Motion to Suspend the Rules and Pass, as Amended",127,93,0,1,209,2,0,2,0,0,0,0,roll 312,2023-11-15,On Passage of the Bill,37,10,0,2,47,1,0,0,3,0,0,0,D:3,-,-,-,-,-,-,-,-,-,"Further Continuing Appropriations and Other Extensions Act, 2024"
118,H.R. 6395,bill,signed,2025-01-04,Joseph R. Biden Jr.,D,118-233,voice vote,2024-12-03,-,-,-,-,-,-,-,-,-,-,-,-,-,unanimous consent,2024-12-20,-,-,-,-,-,-,-,-,-,-,-,-,-,-,-,-,-,-,-,-,-,-,-,Recognizing the Importance of Critical Minerals in Healthcare Act of 2023
118,H.R. 6492,bill,signed,2025-01-04,Joseph R. Biden Jr.,D,118-234,voice vote,2024-04-09,-,-,-,-,-,-,-,-,-,-,-,-,-,unanimous consent,2024-12-19,-,-,-,-,-,-,-,-,-,-,-,-,-,-,-,-,-,-,-,-,-,-,-,EXPLORE Act
118,H.R. 6503,bill,signed,2023-12-26,Joseph R. Biden Jr.,D,118-34,roll 709,2023-12-11,On Motion to Suspend the Rules and Pass,191,15,0,14,185,0,0,28,0,0,0,0,unanimous consent,2023-12-19,-,-,-,-,-,-,-,-,-,-,-,-,-,-,-,-,-,-,-,-,-,-,-,"Airport and Airway Extension Act of 2023, Part II"
118,H.R. 6513,bill,signed,2024-10-04,Joseph R. Biden Jr.,D,118-106,roll 449,2024-09-25,On Motion to Suspend the Rules and Concur in the Senate Amendment,208,1,0,11,205,0,0,7,0,0,0,0,unanimous consent,2024-09-24,-,-,-,-,-,-,-,-,-,-,-,-,-,-,-,-,-,-,-,-,-,-,-,COCOA Act of 2024
118,H.R. 6633,bill,signed,2025-01-02,Joseph R. Biden Jr.,D,118-221,voice vote,2024-09-23,-,-,-,-,-,-,-,-,-,-,-,-,-,unanimous consent,2024-12-19,-,-,-,-,-,-,-,-,-,-,-,-,-,-,-,-,-,-,-,-,-,-,-,"To designate the facility of the United States Postal Service located at 9355 113th Street in Seminole, Florida, as the ""Army SSG Ryan Christian Knauss Memorial Post Office Building""."
118,H.R. 6651,bill,signed,2024-11-25,Joseph R. Biden Jr.,D,118-125,voice vote,2024-06-03,-,-,-,-,-,-,-,-,-,-,-,-,-,unanimous consent,2024-11-19,-,-,-,-,-,-,-,-,-,-,-,-,-,-,-,-,-,-,-,-,-,-,-,"To designate the facility of the United States Postal Service located at 603 West 3rd Street in Necedah, Wisconsin, as the ""Sergeant Kenneth E. Murphy Post Office Building""."
118,H.R. 6750,bill,signed,2025-01-02,Joseph R. Biden Jr.,D,118-222,voice vote,2024-06-03,-,-,-,-,-,-,-,-,-,-,-,-,-,unanimous consent,2024-12-19,-,-,-,-,-,-,-,-,-,-,-,-,-,-,-,-,-,-,-,-,-,-,-,"To designate the facility of the United States Postal Service located at 501 Mercer Street Southwest in Wilson, North Carolina, as the ""Milton F. Fitch, Sr. Post Office Building""."
118,H.R. 6810,bill,signed,2025-01-02,Joseph R. Biden Jr.,D,118-223,voice vote,2024-06-03,-,-,-,-,-,-,-,-,-,-,-,-,-,unanimous consent,2024-12-19,-,-,-,-,-,-,-,-,-,-,-,-,-,-,-,-,-,-,-,-,-,-,-,"To designate the facility of the United States Postal Service located at 518 North Ridgewood Drive in Sebring, Florida, as the ""U.S. Army Air Corps Major Thomas B. McGuire Post Office Building""."
118,H.R. 6826,bill,signed,2024-12-23,Joseph R. Biden Jr.,D,118-175,voice vote,2024-12-03,-,-,-,-,-,-,-,-,-,-,-,-,-,unanimous consent,2024-12-17,-,-,-,-,-,-,-,-,-,-,-,-,-,-,-,-,-,-,-,-,-,-,-,To designate the visitor and education center at Fort McHenry National Monument and Historic Shrine as the Paul S. Sarbanes Visitor and Education Center.
118,H.R. 6829,bill,signed,2024-12-23,Joseph R. Biden Jr.,D,118-176,voice vote,2024-09-23,-,-,-,-,-,-,-,-,-,-,-,-,-,unanimous consent,2024-12-10,-,-,-,-,-,-,-,-,-,-,-,-,-,-,-,-,-,-,-,-,-,-,-,HEARTS Act of 2024
118,H.R. 6843,bill,signed,2024-12-23,Joseph R. Biden Jr.,D,118-177,voice vote,2024-12-03,-,-,-,-,-,-,-,-,-,-,-,-,-,unanimous consent,2024-12-17,-,-,-,-,-,-,-,-,-,-,-,-,-,-,-,-,-,-,-,-,-,-,-,"To expand the boundaries of the Atchafalaya National Heritage Area to include Lafourche Parish, Louisiana."
118,H.R. 6852,bill,signed,2025-01-04,Joseph R. Biden Jr.,D,118-235,voice vote,2024-09-24,-,-,-,-,-,-,-,-,-,-,-,-,-,unanimous consent,2024-12-20,-,-,-,-,-,-,-,-,-,-,-,-,-,-,-,-,-,-,-,-,-,-,-,Holcombe Rucker Park National Commemorative Site Act
118,H.R. 6960,bill,signed,2024-12-23,Joseph R. Biden Jr.,D,118-178,roll 208,2024-05-15,On Motion to Suspend the Rules and Pass,197,13,0,7,202,0,0,11,0,0,0,0,unanimous consent,2024-12-10,-,-,-,-,-,-,-,-,-,-,-,-,-,-,-,-,-,-,-,-,-,-,-,Emergency Medical Services for Children Reauthorization Act of 2024
118,H.R. 6983,bill,signed,2025-01-02,Joseph R. Biden Jr.,D,118-224,roll 234,2024-06-03,On Motion to Suspend the Rules and Pass,185,2,2,29,184,0,0,29,0,0,0,0,unanimous consent,2024-12-19,-,-,-,-,-,-,-,-,-,-,-,-,-,-,-,-,-,-,-,-,-,-,-,"To designate the facility of the United States Postal Service located at 15 South Valdosta Road in Lakeland, Georgia, as the ""Nell Patten Roquemore Post Office""."
118,H.R. 7032,bill,signed,2024-09-30,Joseph R. Biden Jr.,D,118-89,voice vote,2024-04-29,-,-,-,-,-,-,-,-,-,-,-,-,-,unanimous consent,2024-09-10,-,-,-,-,-,-,-,-,-,-,-,-,-,-,-,-,-,-,-,-,-,-,-,Congressional Budget Office Data Sharing Act
118,H.R. 7158,bill,signed,2025-01-04,Joseph R. Biden Jr.,D,118-236,voice vote,2024-12-04,-,-,-,-,-,-,-,-,-,-,-,-,-,unanimous consent,2024-12-19,-,-,-,-,-,-,-,-,-,-,-,-,-,-,-,-,-,-,-,-,-,-,-,"To designate the facility of the United States Postal Service located at 201 East Battles Road in Santa Maria, California, as the ""Larry Lavagnino Post Office Building""."
118,H.R. 7177,bill,signed,2024-12-23,Joseph R. Biden Jr.,D,118-179,voice vote,2024-12-03,-,-,-,-,-,-,-,-,-,-,-,-,-,unanimous consent,2024-12-16,-,-,-,-,-,-,-,-,-,-,-,-,-,-,-,-,-,-,-,-,-,-,-,"To amend title 28, United States Code, to consolidate certain divisions in the Northern District of Alabama."
118,H.R. 7180,bill,signed,2025-01-04,Joseph R. Biden Jr.,D,118-237,voice vote,2024-06-03,-,-,-,-,-,-,-,-,-,-,-,-,-,unanimous consent,2024-12-19,-,-,-,-,-,-,-,-,-,-,-,-,-,-,-,-,-,-,-,-,-,-,-,"To designate the facility of the United States Postal Service located at 80 1st Street in Kingsland, Arkansas, as the ""Kingsland 'Johnny Cash' Post Office""."
118,H.R. 7189,bill,signed,2024-11-21,Joseph R. Biden Jr.,D,118-107,voice vote,2024-09-23,-,-,-,-,-,-,-,-,-,-,-,-,-,unanimous consent,2024-09-25,-,-,-,-,-,-,-,-,-,-,-,-,-,-,-,-,-,-,-,-,-,-,-,Congenital Heart Futures Reauthorization Act of 2024
118,H.R. 7192,bill,signed,2024-11-25,Joseph R. Biden Jr.,D,118-126,voice vote,2024-06-03,-,-,-,-,-,-,-,-,-,-,-,-,-,unanimous consent,2024-11-19,-,-,-,-,-,-,-,-,-,-,-,-,-,-,-,-,-,-,-,-,-,-,-,"To designate the facility of the United States Postal Service located at 333 West Broadway in Anaheim, California, as the ""Dr. William I. 'Bill' Kott Post Office Building""."
118,H.R. 7199,bill,signed,2024-11-25,Joseph R. Biden Jr.,D,118-127,voice vote,2024-06-03,-,-,-,-,-,-,-,-,-,-,-,-,-,unanimous consent,2024-11-19,-,-,-,-,-,-,-,-,-,-,-,-,-,-,-,-,-,-,-,-,-,-,-,"To designate the facility of the United States Postal Service located at S74w16860 Janesville Road, in Muskego, Wisconsin, as the ""Colonel Hans Christian Heg Post Office""."
118,H.R. 7213,bill,signed,2024-12-23,Joseph R. Biden Jr.,D,118-180,roll 502,2024-12-16,On Motion to Suspend the Rules and Concur in the Senate Amendment,181,15,0,22,193,0,0,18,0,0,0,0,voice vote,2024-11-21,-,-,-,-,-,-,-,-,-,-,-,-,-,-,-,-,-,-,-,-,-,-,-,Autism CARES Act of 2024
118,H.R. 7218,bill,signed,2024-12-11,Joseph R. Biden Jr.,D,118-142,voice vote,2024-09-17,-,-,-,-,-,-,-,-,-,-,-,-,-,voice vote,2024-11-21,-,-,-,-,-,-,-,-,-,-,-,-,-,-,-,-,-,-,-,-,-,-,-,BOLD Infrastructure for Alzheimer's Reauthorization Act of 2024
118,H.R. 7332,bill,signed,2024-12-23,Joseph R. Biden Jr.,D,118-181,voice vote,2024-12-03,-,-,-,-,-,-,-,-,-,-,-,-,-,unanimous consent,2024-12-17,-,-,-,-,-,-,-,-,-,-,-,-,-,-,-,-,-,-,-,-,-,-,-,Utah State Parks Adjustment Act
118,H.R. 7333,bill,signed,2024-11-25,Joseph R. Biden Jr.,D,118-128,voice vote,2024-07-22,-,-,-,-,-,-,-,-,-,-,-,-,-,unanimous consent,2024-11-13,-,-,-,-,-,-,-,-,-,-,-,-,-,-,-,-,-,-,-,-,-,-,-,"To name the Department of Veterans Affairs medical center in West Palm Beach, Florida, as the ""Thomas H. Corey VA Medical Center""."
118,H.R. 7365,bill,signed,2025-01-04,Joseph R. Biden Jr.,D,118-238,voice vote,2024-12-10,-,-,-,-,-,-,-,-,-,-,-,-,-,unanimous consent,2024-12-19,-,-,-,-,-,-,-,-,-,-,-,-,-,-,-,-,-,-,-,-,-,-,-,VETS Safe Travel Act
118,H.R. 7377,bill,signed,2024-09-20,Joseph R. Biden Jr.,D,118-81,voice vote,2024-07-22,-,-,-,-,-,-,-,-,-,-,-,-,-,unanimous consent,2024-09-11,-,-,-,-,-,-,-,-,-,-,-,-,-,-,-,-,-,-,-,-,-,-,-,Royalty Resiliency Act
118,H.R. 7385,bill,signed,2025-01-04,Joseph R. Biden Jr.,D,118-239,voice vote,2024-07-22,-,-,-,-,-,-,-,-,-,-,-,-,-,unanimous consent,2024-12-19,-,-,-,-,-,-,-,-,-,-,-,-,-,-,-,-,-,-,-,-,-,-,-,"To designate the facility of the United States Postal Service located at 29 Franklin Street in Petersburg, Virginia, as the ""John Mercer Langston Post Office Building""."
118,H.R. 7417,bill,signed,2025-01-04,Joseph R. Biden Jr.,D,118-240,voice vote,2024-06-03,-,-,-,-,-,-,-,-,-,-,-,-,-,unanimous consent,2024-12-19,-,-,-,-,-,-,-,-,-,-,-,-,-,-,-,-,-,-,-,-,-,-,-,"To designate the facility of the United States Postal Service located at 135 West Spring Street in Titusville, Pennsylvania, as the ""Edwin L. Drake Post Office Building""."
118,H.R. 7423,bill,signed,2024-11-25,Joseph R. Biden Jr.,D,118-129,roll 186,2024-05-07,On Motion to Suspend the Rules and Pass,200,0,2,15,201,0,0,12,0,0,0,0,unanimous consent,2024-11-19,-,-,-,-,-,-,-,-,-,-,-,-,-,-,-,-,-,-,-,-,-,-,-,"To designate the facility of the United States Postal Service located at 103 Benedette Street in Rayville, Louisiana, as the ""Luke Letlow Post Office Building""."
118,H.R. 7438,bill,signed,2024-12-11,Joseph R. Biden Jr.,D,118-143,voice vote,2024-09-17,-,-,-,-,-,-,-,-,-,-,-,-,-,unanimous consent,2024-12-02,-,-,-,-,-,-,-,-,-,-,-,-,-,-,-,-,-,-,-,-,-,-,-,FIFA World Cup 2026 Commemorative Coin Act
118,H.R. 7454,bill,signed,2024-03-08,Joseph R. Biden Jr.,D,118-41,roll 59,2024-02-29,On Motion to Suspend the Rules and Pass,191,19,0,9,210,0,0,3,0,0,0,0,unanimous consent,2024-03-06,-,-,-,-,-,-,-,-,-,-,-,-,-,-,-,-,-,-,-,-,-,-,-,Airport and Airway Extension Act of 2024
118,H.R. 7463,bill,signed,2024-03-01,Joseph R. Biden Jr.,D,118-40,roll 58,2024-02-29,On Motion to Suspend the Rules and Pass,113,97,0,9,207,2,0,4,0,0,0,0,roll 67,2024-02-29,On Passage of the Bill,27,13,0,9,47,0,0,1,3,0,0,0,D:3,-,-,-,-,-,-,-,-,-,"Extension of Continuing Appropriations and Other Matters Act, 2024"
118,H.R. 7507,bill,signed,2025-01-04,Joseph R. Biden Jr.,D,118-241,voice vote,2024-12-04,-,-,-,-,-,-,-,-,-,-,-,-,-,unanimous consent,2024-12-19,-,-,-,-,-,-,-,-,-,-,-,-,-,-,-,-,-,-,-,-,-,-,-,"To designate the facility of the United States Postal Service located at 203 East 6th Street in Lexington, Nebraska, as the âWilliam E. and Elsie L. Barrett Post Office Building."
118,H.R. 7508,bill,signed,2025-01-04,Joseph R. Biden Jr.,D,118-242,voice vote,2024-12-04,-,-,-,-,-,-,-,-,-,-,-,-,-,unanimous consent,2024-12-19,-,-,-,-,-,-,-,-,-,-,-,-,-,-,-,-,-,-,-,-,-,-,-,"To designate the facility of the United States Postal Service located at 1285 Emancipation Highway in Fredericksburg, Virginia, as the ""Gladys P. Todd Post Office""."
118,H.R. 7524,bill,signed,2024-12-23,Joseph R. Biden Jr.,D,118-182,voice vote,2024-05-06,-,-,-,-,-,-,-,-,-,-,-,-,-,unanimous consent,2024-12-16,-,-,-,-,-,-,-,-,-,-,-,-,-,-,-,-,-,-,-,-,-,-,-,GSA Technology Accountability Act
118,H.R. 7606,bill,signed,2025-01-04,Joseph R. Biden Jr.,D,118-243,voice vote,2024-06-03,-,-,-,-,-,-,-,-,-,-,-,-,-,unanimous consent,2024-12-19,-,-,-,-,-,-,-,-,-,-,-,-,-,-,-,-,-,-,-,-,-,-,-,"To designate the facility of the United States Postal Service located at 1087 Route 47 South in Rio Grande, New Jersey, as the ""Carlton H. Hand Post Office Building""."
118,H.R. 7607,bill,signed,2025-01-04,Joseph R. Biden Jr.,D,118-244,voice vote,2024-06-03,-,-,-,-,-,-,-,-,-,-,-,-,-,unanimous consent,2024-12-19,-,-,-,-,-,-,-,-,-,-,-,-,-,-,-,-,-,-,-,-,-,-,-,"To designate the facility of the United States Postal Service located at Block 1025, Lots 18 & 19, Northeast Corner of US Route 9 South and Main Street in the Township of Middle, County of Cape May, New Jersey, as the ""George Henry White Post Office Building""."
118,H.R. 7764,bill,signed,2024-12-11,Joseph R. Biden Jr.,D,118-144,voice vote,2024-09-23,-,-,-,-,-,-,-,-,-,-,-,-,-,voice vote,2024-12-03,-,-,-,-,-,-,-,-,-,-,-,-,-,-,-,-,-,-,-,-,-,-,-,Commission to Study the Potential Transfer of the Weitzman National Museum of American Jewish History to the Smithsonian Institution Act
118,H.R. 7777,bill,signed,2024-11-25,Joseph R. Biden Jr.,D,118-130,voice vote,2024-09-17,-,-,-,-,-,-,-,-,-,-,-,-,-,unanimous consent,2024-09-25,-,-,-,-,-,-,-,-,-,-,-,-,-,-,-,-,-,-,-,-,-,-,-,Veteransâ Compensation Cost-of-Living Adjustment Act of 2024
118,H.R. 7872,bill,signed,2024-12-23,Joseph R. Biden Jr.,D,118-183,voice vote,2024-12-03,-,-,-,-,-,-,-,-,-,-,-,-,-,unanimous consent,2024-12-10,-,-,-,-,-,-,-,-,-,-,-,-,-,-,-,-,-,-,-,-,-,-,-,Colorado River Salinity Control Fix Act
118,H.R. 7888,bill,signed,2024-04-20,Joseph R. Biden Jr.,D,118-49,roll 119,2024-04-12,On Passage,126,88,0,4,147,59,0,7,0,0,0,0,roll 150,2024-04-19,On Passage of the Bill,30,16,0,3,28,17,0,3,2,1,0,0,D:3,-,-,-,-,-,-,-,-,-,Reforming Intelligence and Securing America Act
118,H.R. 7893,bill,signed,2025-01-04,Joseph R. Biden Jr.,D,118-245,voice vote,2024-06-03,-,-,-,-,-,-,-,-,-,-,-,-,-,unanimous consent,2024-12-19,-,-,-,-,-,-,-,-,-,-,-,-,-,-,-,-,-,-,-,-,-,-,-,"To designate the facility of the United States Postal Service located at 306 Pickens Street in Marion, Alabama, as the ""Albert Turner, Sr. Post Office Building""."
118,H.R. 7938,bill,signed,2025-01-04,Joseph R. Biden Jr.,D,118-246,voice vote,2024-12-17,-,-,-,-,-,-,-,-,-,-,-,-,-,unanimous consent,2024-12-19,-,-,-,-,-,-,-,-,-,-,-,-,-,-,-,-,-,-,-,-,-,-,-,Klamath Basin Water Agreement Support Act of 2024
118,H.R. 8012,bill,signed,2025-01-04,Joseph R. Biden Jr.,D,118-247,voice vote,2024-12-17,-,-,-,-,-,-,-,-,-,-,-,-,-,unanimous consent,2024-12-20,-,-,-,-,-,-,-,-,-,-,-,-,-,-,-,-,-,-,-,-,-,-,-,Jackie Robinson Ballpark National Commemorative Site Act
118,H.R. 8057,bill,signed,2025-01-04,Joseph R. Biden Jr.,D,118-248,roll 446,2024-09-24,On Motion to Suspend the Rules and Pass,209,0,2,9,206,0,0,6,0,0,0,0,unanimous consent,2024-12-19,-,-,-,-,-,-,-,-,-,-,-,-,-,-,-,-,-,-,-,-,-,-,-,"To designate the facility of the United States Postal Service located at 9317 Bolsa Avenue in Westminster, California, as the ""Little Saigon Vietnam War Veterans Memorial Post Office""."
118,H.R. 8219,bill,signed,2024-12-23,Joseph R. Biden Jr.,D,118-184,roll 481,2024-12-04,"On Motion to Suspend the Rules and Pass, as Amended",178,25,0,16,200,0,0,13,0,0,0,0,unanimous consent,2024-12-16,-,-,-,-,-,-,-,-,-,-,-,-,-,-,-,-,-,-,-,-,-,-,-,Lahaina National Heritage Area Study Act
118,H.R. 8289,bill,signed,2024-05-10,Joseph R. Biden Jr.,D,118-60,roll 187,2024-05-08,On Motion to Suspend the Rules and Pass,187,19,1,10,198,5,0,10,0,0,0,0,unanimous consent,2024-05-09,-,-,-,-,-,-,-,-,-,-,-,-,-,-,-,-,-,-,-,-,-,-,-,"Airport and Airway Extension Act of 2024, Part II"
118,H.R. 8413,bill,signed,2024-12-23,Joseph R. Biden Jr.,D,118-185,voice vote,2024-12-05,-,-,-,-,-,-,-,-,-,-,-,-,-,unanimous consent,2024-12-16,-,-,-,-,-,-,-,-,-,-,-,-,-,-,-,-,-,-,-,-,-,-,-,Swanson and Hugh Butler Reservoirs Land Conveyances Act
118,H.R. 8641,bill,signed,2025-01-04,Joseph R. Biden Jr.,D,118-249,voice vote,2024-12-04,-,-,-,-,-,-,-,-,-,-,-,-,-,unanimous consent,2024-12-19,-,-,-,-,-,-,-,-,-,-,-,-,-,-,-,-,-,-,-,-,-,-,-,"To designate the facility of the United States Postal Service located at 401 Main Street in Brawley, California, as the ""Walter Francis Ulloa Memorial Post Office Building""."
118,H.R. 8663,bill,signed,2024-12-23,Joseph R. Biden Jr.,D,118-186,roll 514,2024-12-18,On Motion to Suspend the Rules and Concur in the Senate Amendments,208,1,0,9,196,0,0,15,0,0,0,0,unanimous consent,2024-12-12,-,-,-,-,-,-,-,-,-,-,-,-,-,-,-,-,-,-,-,-,-,-,-,DETECT Fentanyl and Xylazine Act of 2024
118,H.R. 8666,bill,signed,2025-01-04,Joseph R. Biden Jr.,D,118-250,voice vote,2024-12-03,-,-,-,-,-,-,-,-,-,-,-,-,-,unanimous consent,2024-12-19,-,-,-,-,-,-,-,-,-,-,-,-,-,-,-,-,-,-,-,-,-,-,-,"To amend title 28, United States Code, to authorize holding court for the Central Division of Utah in Moab and Monticello."
118,H.R. 8667,bill,signed,2025-01-04,Joseph R. Biden Jr.,D,118-251,voice vote,2024-12-16,-,-,-,-,-,-,-,-,-,-,-,-,-,unanimous consent,2024-12-21,-,-,-,-,-,-,-,-,-,-,-,-,-,-,-,-,-,-,-,-,-,-,-,"To rename the community-based outpatient clinic of the Department of Veterans Affairs in Cadillac, Michigan, as the ""Duane E. Dewey VA Clinic""."
118,H.R. 8717,bill,signed,2025-01-04,Joseph R. Biden Jr.,D,118-252,voice vote,2024-12-04,-,-,-,-,-,-,-,-,-,-,-,-,-,unanimous consent,2024-12-19,-,-,-,-,-,-,-,-,-,-,-,-,-,-,-,-,-,-,-,-,-,-,-,"To designate the facility of the United States Postal Service located at 20 West Main Street in Santaquin, Utah, as the ""SGT Bill Hooser Post Office Building""."
118,H.R. 8841,bill,signed,2025-01-04,Joseph R. Biden Jr.,D,118-253,voice vote,2024-12-04,-,-,-,-,-,-,-,-,-,-,-,-,-,unanimous consent,2024-12-19,-,-,-,-,-,-,-,-,-,-,-,-,-,-,-,-,-,-,-,-,-,-,-,"To designate the facility of the United States Postal Service located at 114 Center Street East in Roseau, Minnesota, as the ""Floyd B. Olson Post Office""."
118,H.R. 8868,bill,signed,2025-01-04,Joseph R. Biden Jr.,D,118-254,voice vote,2024-12-04,-,-,-,-,-,-,-,-,-,-,-,-,-,unanimous consent,2024-12-19,-,-,-,-,-,-,-,-,-,-,-,-,-,-,-,-,-,-,-,-,-,-,-,"To designate the facility of the United States Postal Service located at 609 Portsmouth Avenue in Greenland, New Hampshire, as the ""Chief Michael Maloney Post Office Building""."
118,H.R. 8909,bill,signed,2025-01-04,Joseph R. Biden Jr.,D,118-255,voice vote,2024-12-04,-,-,-,-,-,-,-,-,-,-,-,-,-,unanimous consent,2024-12-19,-,-,-,-,-,-,-,-,-,-,-,-,-,-,-,-,-,-,-,-,-,-,-,"To designate the facility of the United States Postal Service located at 82-6110 Mamalahoa Highway in Captain Cook, Hawaii, as the ""Army 1st Lt. John Kuulei Kauhaihao Post Office Building""."
118,H.R. 8919,bill,signed,2025-01-04,Joseph R. Biden Jr.,D,118-256,voice vote,2024-12-04,-,-,-,-,-,-,-,-,-,-,-,-,-,unanimous consent,2024-12-19,-,-,-,-,-,-,-,-,-,-,-,-,-,-,-,-,-,-,-,-,-,-,-,"To designate the facility of the United States Postal Service located at 151 Highway 74 South in Peachtree City, Georgia, as the ""SFC Shawn McCloskey Post Office""."
118,H.R. 8932,bill,signed,2024-12-11,Joseph R. Biden Jr.,D,118-145,roll 465,2024-11-15,On Passage,195,0,0,24,186,1,0,26,0,0,0,0,unanimous consent,2024-11-21,-,-,-,-,-,-,-,-,-,-,-,-,-,-,-,-,-,-,-,-,-,-,-,FAFSA Deadline Act
118,H.R. 8976,bill,signed,2025-01-04,Joseph R. Biden Jr.,D,118-257,voice vote,2024-12-04,-,-,-,-,-,-,-,-,-,-,-,-,-,unanimous consent,2024-12-19,-,-,-,-,-,-,-,-,-,-,-,-,-,-,-,-,-,-,-,-,-,-,-,"To designate the facility of the United States Postal Service located at 20 West White Street in Millstadt, Illinois, as the ""Corporal Matthew A. Wyatt Post Office""."
118,H.R. 9076,bill,signed,2025-01-04,Joseph R. Biden Jr.,D,118-258,roll 423,2024-09-18,"On Motion to Suspend the Rules and Pass, as Amended",201,10,0,8,204,0,0,7,0,0,0,0,unanimous consent,2024-12-21,-,-,-,-,-,-,-,-,-,-,-,-,-,-,-,-,-,-,-,-,-,-,-,Supporting Americaâs Children and Families Act
118,H.R. 9106,bill,signed,2024-10-01,Joseph R. Biden Jr.,D,118-91,roll 439,2024-09-20,"On Motion to Suspend the Rules and Pass, as Amended",207,0,0,13,198,0,0,13,0,0,0,0,unanimous consent,2024-09-24,-,-,-,-,-,-,-,-,-,-,-,-,-,-,-,-,-,-,-,-,-,-,-,Enhanced Presidential Security Act of 2024
118,H.R. 9124,bill,signed,2025-01-04,Joseph R. Biden Jr.,D,118-259,voice vote,2024-12-16,-,-,-,-,-,-,-,-,-,-,-,-,-,unanimous consent,2024-12-21,-,-,-,-,-,-,-,-,-,-,-,-,-,-,-,-,-,-,-,-,-,-,-,"To name the Department of Veterans Affairs community-based outpatient clinic in Auburn, California, as the ""Louis A. Conter VA Clinic""."
118,H.R. 9285,bill,signed,2025-01-04,Joseph R. Biden Jr.,D,118-260,voice vote,2024-12-04,-,-,-,-,-,-,-,-,-,-,-,-,-,unanimous consent,2024-12-19,-,-,-,-,-,-,-,-,-,-,-,-,-,-,-,-,-,-,-,-,-,-,-,"To designate the facility of the United States Postal Service located at 3913 Leland Avenue Northwest in Comstock Park, Michigan, as the ""Captain Miguel Justin Nava Post Office""."
118,H.R. 9322,bill,signed,2025-01-04,Joseph R. Biden Jr.,D,118-261,voice vote,2024-12-04,-,-,-,-,-,-,-,-,-,-,-,-,-,unanimous consent,2024-12-19,-,-,-,-,-,-,-,-,-,-,-,-,-,-,-,-,-,-,-,-,-,-,-,"To designate the facility of the United States Postal Service located at 675 Wolf Ledges Parkway in Akron, Ohio, as the ""Judge James R. Williams Post Office Building""."
118,H.R. 9421,bill,signed,2025-01-04,Joseph R. Biden Jr.,D,118-262,voice vote,2024-12-04,-,-,-,-,-,-,-,-,-,-,-,-,-,unanimous consent,2024-12-19,-,-,-,-,-,-,-,-,-,-,-,-,-,-,-,-,-,-,-,-,-,-,-,"To designate the facility of the United States Postal Service located at 108 North Main Street in Bucoda, Washington, as the ""Mayor Rob Gordon Post Office""."
118,H.R. 9468,bill,signed,2024-09-20,Joseph R. Biden Jr.,D,118-82,voice vote,2024-09-17,-,-,-,-,-,-,-,-,-,-,-,-,-,voice vote,2024-09-19,-,-,-,-,-,-,-,-,-,-,-,-,-,-,-,-,-,-,-,-,-,-,-,"Veterans Benefits Continuity and Accountability Supplemental Appropriations Act, 2024"
118,H.R. 9487,bill,signed,2025-01-04,Joseph R. Biden Jr.,D,118-263,voice vote,2024-12-16,-,-,-,-,-,-,-,-,-,-,-,-,-,unanimous consent,2024-12-19,-,-,-,-,-,-,-,-,-,-,-,-,-,-,-,-,-,-,-,-,-,-,-,House Office of Legislative Counsel Modernization Act
118,H.R. 9544,bill,signed,2025-01-04,Joseph R. Biden Jr.,D,118-264,voice vote,2024-12-04,-,-,-,-,-,-,-,-,-,-,-,-,-,unanimous consent,2024-12-19,-,-,-,-,-,-,-,-,-,-,-,-,-,-,-,-,-,-,-,-,-,-,-,"To designate the facility of the United States Postal Service located at 340 South Loudon Avenue in Baltimore, Maryland, as the ""United States Representative Elijah E. Cummings Post Office Building""."
118,H.R. 9549,bill,signed,2025-01-04,Joseph R. Biden Jr.,D,118-265,voice vote,2024-12-04,-,-,-,-,-,-,-,-,-,-,-,-,-,unanimous consent,2024-12-19,-,-,-,-,-,-,-,-,-,-,-,-,-,-,-,-,-,-,-,-,-,-,-,"To designate the facility of the United States Postal Service located at 125 South 1st Avenue in Hillsboro, Oregon, as the ""Elizabeth Furse Post Office Building""."
118,H.R. 9566,bill,signed,2024-12-23,Joseph R. Biden Jr.,D,118-187,voice vote,2024-12-04,-,-,-,-,-,-,-,-,-,-,-,-,-,unanimous consent,2024-12-17,-,-,-,-,-,-,-,-,-,-,-,-,-,-,-,-,-,-,-,-,-,-,-,SHARE IT Act
118,H.R. 9580,bill,signed,2025-01-04,Joseph R. Biden Jr.,D,118-266,voice vote,2024-12-04,-,-,-,-,-,-,-,-,-,-,-,-,-,unanimous consent,2024-12-19,-,-,-,-,-,-,-,-,-,-,-,-,-,-,-,-,-,-,-,-,-,-,-,"To designate the facility of the United States Postal Service located at 2777 Brentwood Road in Raleigh, North Carolina, as the ""Millie Dunn Veasey Post Office""."
118,H.R. 9592,bill,signed,2025-01-04,Joseph R. Biden Jr.,D,118-267,voice vote,2024-11-12,-,-,-,-,-,-,-,-,-,-,-,-,-,unanimous consent,2024-12-19,-,-,-,-,-,-,-,-,-,-,-,-,-,-,-,-,-,-,-,-,-,-,-,Federal Register Modernization Act of 2024
118,H.R. 9600,bill,signed,2025-01-04,Joseph R. Biden Jr.,D,118-268,roll 486,2024-12-05,On Motion to Suspend the Rules and Pass,185,15,2,17,196,0,0,17,0,0,0,0,unanimous consent,2024-12-19,-,-,-,-,-,-,-,-,-,-,-,-,-,-,-,-,-,-,-,-,-,-,-,"To designate the facility of the United States Postal Service located at 119 Main Street in Plains, Georgia, as the ""Jimmy and Rosalynn Carter Post Office""."
118,H.R. 9747,bill,signed,2024-09-26,Joseph R. Biden Jr.,D,118-83,roll 450,2024-09-25,On Motion to Suspend the Rules and Pass,132,82,0,6,209,0,0,3,0,0,0,0,roll 255,2024-09-25,On Passage of the Bill,28,18,0,3,46,0,0,1,4,0,0,0,D:4,-,-,-,-,-,-,-,-,-,"Continuing Appropriations and Extensions Act, 2025"
118,H.R. 9775,bill,signed,2025-01-04,Joseph R. Biden Jr.,D,118-269,voice vote,2024-12-04,-,-,-,-,-,-,-,-,-,-,-,-,-,unanimous consent,2024-12-19,-,-,-,-,-,-,-,-,-,-,-,-,-,-,-,-,-,-,-,-,-,-,-,"To designate the facility of the United States Postal Service located at 119 North Anderson Street in Elwood, Indiana, as the ""Officer Noah Jacob Shahnavaz Post Office Building""."
118,H.R. 10065,bill,signed,2025-01-04,Joseph R. Biden Jr.,D,118-270,voice vote,2024-12-04,-,-,-,-,-,-,-,-,-,-,-,-,-,unanimous consent,2024-12-19,-,-,-,-,-,-,-,-,-,-,-,-,-,-,-,-,-,-,-,-,-,-,-,"To designate the facility of the United States Postal Service located at 802 North Tancahua Street in Corpus Christi, Texas, as the ""Captain Robert E. 'Bob' Batterson Post Office""."
118,H.R. 10545,bill,signed,2024-12-21,Joseph R. Biden Jr.,D,118-158,roll 517,2024-12-20,On Motion to Suspend the Rules and Pass,170,34,0,15,196,0,1,14,0,0,0,0,roll 339,2024-12-21,On Passage of the Bill,37,10,0,2,46,0,0,1,2,1,0,1,D:4,-,-,-,-,-,-,-,-,-,"American Relief Act, 2025"
118,S. 30,bill,signed,2023-07-18,Joseph R. Biden Jr.,D,118-8,voice vote,2023-06-20,-,-,-,-,-,-,-,-,-,-,-,-,-,unanimous consent,2023-03-21,-,-,-,-,-,-,-,-,-,-,-,-,-,-,-,-,-,-,-,-,-,-,-,Fiscal Year 2023 Veterans Affairs Major Medical Facility Authorization Act
118,S. 50,bill,signed,2024-12-17,Joseph R. Biden Jr.,D,118-152,voice vote,2024-12-09,-,-,-,-,-,-,-,-,-,-,-,-,-,voice vote,2024-03-12,-,-,-,-,-,-,-,-,-,-,-,-,-,-,-,-,-,-,-,-,-,-,-,Pensacola and Perdido Bays Estuary of National Significance Act of 2024
118,S. 59,bill,signed,2024-12-23,Joseph R. Biden Jr.,D,118-188,voice vote,2024-12-16,-,-,-,-,-,-,-,-,-,-,-,-,-,unanimous consent,2024-12-12,-,-,-,-,-,-,-,-,-,-,-,-,-,-,-,-,-,-,-,-,-,-,-,Chance to Compete Act of 2024
118,S. 91,bill,signed,2024-12-12,Joseph R. Biden Jr.,D,118-149,voice vote,2024-12-04,-,-,-,-,-,-,-,-,-,-,-,-,-,unanimous consent,2024-09-24,-,-,-,-,-,-,-,-,-,-,-,-,-,-,-,-,-,-,-,-,-,-,-,Forgotten Heroes of the Holocaust Congressional Gold Medal Act
118,S. 111,bill,signed,2023-07-25,Joseph R. Biden Jr.,D,118-9,roll 329,2023-07-17,On Motion to Suspend the Rules and Pass,207,0,0,14,193,0,0,19,0,0,0,0,unanimous consent,2023-06-22,-,-,-,-,-,-,-,-,-,-,-,-,-,-,-,-,-,-,-,-,-,-,-,Providing Accountability Through Transparency Act of 2023
118,S. 112,bill,signed,2023-10-06,Joseph R. Biden Jr.,D,118-18,roll 399,2023-09-19,On Motion to Suspend the Rules and Pass,214,0,0,7,208,0,0,4,0,0,0,0,unanimous consent,2023-07-13,-,-,-,-,-,-,-,-,-,-,-,-,-,-,-,-,-,-,-,-,-,-,-,"A bill to amend title 38, United States Code, to strengthen benefits for children of Vietnam veterans born with spina bifida, and for other purposes."
118,S. 133,bill,signed,2024-10-01,Joseph R. Biden Jr.,D,118-92,voice vote,2024-09-23,-,-,-,-,-,-,-,-,-,-,-,-,-,voice vote,2024-07-30,-,-,-,-,-,-,-,-,-,-,-,-,-,-,-,-,-,-,-,-,-,-,-,NAPA Reauthorization Act
118,S. 134,bill,signed,2024-10-01,Joseph R. Biden Jr.,D,118-93,voice vote,2024-09-23,-,-,-,-,-,-,-,-,-,-,-,-,-,unanimous consent,2024-07-30,-,-,-,-,-,-,-,-,-,-,-,-,-,-,-,-,-,-,-,-,-,-,-,Alzheimerâs Accountability and Investment Act
118,S. 138,bill,signed,2024-07-12,Joseph R. Biden Jr.,D,118-70,roll 252,2024-06-12,On Motion to Suspend the Rules and Pass,185,26,0,7,206,0,0,7,0,0,0,0,unanimous consent,2024-05-23,-,-,-,-,-,-,-,-,-,-,-,-,-,-,-,-,-,-,-,-,-,-,-,Promoting a Resolution to the Tibet-China Dispute Act
118,S. 141,bill,signed,2025-01-02,Joseph R. Biden Jr.,D,118-210,roll 504,2024-12-16,On Motion to Suspend the Rules and Pass,187,12,0,19,195,0,0,16,0,0,0,0,unanimous consent,2024-12-12,-,-,-,-,-,-,-,-,-,-,-,-,-,-,-,-,-,-,-,-,-,-,-,Senator Elizabeth Dole 21st Century Veterans Healthcare and Benefits Improvement Act
118,S. 206,bill,signed,2024-03-18,Joseph R. Biden Jr.,D,118-43,voice vote,2024-03-07,-,-,-,-,-,-,-,-,-,-,-,-,-,unanimous consent,2023-06-22,-,-,-,-,-,-,-,-,-,-,-,-,-,-,-,-,-,-,-,-,-,-,-,END FENTANYL Act
118,S. 223,bill,signed,2024-12-23,Joseph R. Biden Jr.,D,118-189,voice vote,2024-12-16,-,-,-,-,-,-,-,-,-,-,-,-,-,unanimous consent,2023-02-01,-,-,-,-,-,-,-,-,-,-,-,-,-,-,-,-,-,-,-,-,-,-,-,A bill to amend the Controlled Substances Act to fix a technical error in the definitions.
118,S. 227,bill,signed,2024-07-30,Joseph R. Biden Jr.,D,118-73,roll 362,2024-07-23,On Motion to Suspend the Rules and Pass,206,3,0,10,198,0,0,14,0,0,0,0,unanimous consent,2023-02-28,-,-,-,-,-,-,-,-,-,-,-,-,-,-,-,-,-,-,-,-,-,-,-,Improving Access to Our Courts Act
118,S. 265,bill,signed,2024-09-26,Joseph R. Biden Jr.,D,118-84,voice vote,2024-09-17,-,-,-,-,-,-,-,-,-,-,-,-,-,unanimous consent,2023-12-13,-,-,-,-,-,-,-,-,-,-,-,-,-,-,-,-,-,-,-,-,-,-,-,SIREN Reauthorization Act
118,S. 310,bill,signed,2024-12-17,Joseph R. Biden Jr.,D,118-153,voice vote,2024-12-09,-,-,-,-,-,-,-,-,-,-,-,-,-,unanimous consent,2023-12-18,-,-,-,-,-,-,-,-,-,-,-,-,-,-,-,-,-,-,-,-,-,-,-,Disaster Contract Improvement Act
118,S. 382,bill,signed,2024-04-19,Joseph R. Biden Jr.,D,118-48,roll 110,2024-04-11,On Motion to Suspend the Rules and Pass,194,15,0,8,207,0,0,6,0,0,0,0,unanimous consent,2023-12-14,-,-,-,-,-,-,-,-,-,-,-,-,-,-,-,-,-,-,-,-,-,-,-,Puyallup Tribe of Indians Land Into Trust Confirmation Act of 2023
118,S. 467,bill,signed,2023-06-30,Joseph R. Biden Jr.,D,118-7,voice vote,2023-06-14,-,-,-,-,-,-,-,-,-,-,-,-,-,unanimous consent,2023-05-16,-,-,-,-,-,-,-,-,-,-,-,-,-,-,-,-,-,-,-,-,-,-,-,CADETS Act
118,S. 474,bill,signed,2024-05-07,Joseph R. Biden Jr.,D,118-59,voice vote,2024-04-29,-,-,-,-,-,-,-,-,-,-,-,-,-,unanimous consent,2023-12-14,-,-,-,-,-,-,-,-,-,-,-,-,-,-,-,-,-,-,-,-,-,-,-,REPORT Act
118,S. 475,bill,signed,2023-10-02,Joseph R. Biden Jr.,D,118-16,roll 393,2023-09-18,On Motion to Suspend the Rules and Pass,209,0,1,10,200,0,0,12,0,0,0,0,unanimous consent,2023-07-13,-,-,-,-,-,-,-,-,-,-,-,-,-,-,-,-,-,-,-,-,-,-,-,"A bill to designate the clinic of the Department of Veterans Affairs in Gallup, New Mexico, as the Hiroshi ""Hershey"" Miyamura VA Clinic."
118,S. 546,bill,signed,2024-05-24,Joseph R. Biden Jr.,D,118-64,roll 196,2024-05-14,On Motion to Suspend the Rules and Pass,181,12,0,24,189,6,0,18,0,0,0,0,voice vote,2023-07-26,-,-,-,-,-,-,-,-,-,-,-,-,-,-,-,-,-,-,-,-,-,-,-,Recruit and Retain Act
118,S. 612,bill,signed,2024-10-01,Joseph R. Biden Jr.,D,118-94,voice vote,2024-09-24,-,-,-,-,-,-,-,-,-,-,-,-,-,voice vote,2024-07-10,-,-,-,-,-,-,-,-,-,-,-,-,-,-,-,-,-,-,-,-,-,-,-,Lake Tahoe Restoration Reauthorization Act
118,S. 619,bill,signed,2023-03-20,Joseph R. Biden Jr.,D,118-2,roll 143,2023-03-10,On Passage,215,0,0,7,204,0,0,9,0,0,0,0,unanimous consent,2023-03-01,-,-,-,-,-,-,-,-,-,-,-,-,-,-,-,-,-,-,-,-,-,-,-,COVID-19 Origin Act of 2023
118,S. 656,bill,signed,2024-10-01,Joseph R. Biden Jr.,D,118-95,voice vote,2024-09-25,-,-,-,-,-,-,-,-,-,-,-,-,-,unanimous consent,2023-11-02,-,-,-,-,-,-,-,-,-,-,-,-,-,-,-,-,-,-,-,-,-,-,-,Veteran Improvement Commercial Driver License Act of 2023
118,S. 670,bill,signed,2024-10-01,Joseph R. Biden Jr.,D,118-96,voice vote,2024-09-23,-,-,-,-,-,-,-,-,-,-,-,-,-,unanimous consent,2023-11-08,-,-,-,-,-,-,-,-,-,-,-,-,-,-,-,-,-,-,-,-,-,-,-,IMPACTT Human Trafficking Act
118,S. 679,bill,signed,2024-10-01,Joseph R. Biden Jr.,D,118-97,voice vote,2024-09-23,-,-,-,-,-,-,-,-,-,-,-,-,-,unanimous consent,2023-12-18,-,-,-,-,-,-,-,-,-,-,-,-,-,-,-,-,-,-,-,-,-,-,-,GAO Database Modernization Act of 2023
118,S. 709,bill,signed,2024-12-23,Joseph R. Biden Jr.,D,118-190,roll 484,2024-12-05,"On Motion to Suspend the Rules and Pass, as Amended",196,6,0,17,193,0,0,20,0,0,0,0,voice vote,2024-12-18,-,-,-,-,-,-,-,-,-,-,-,-,-,-,-,-,-,-,-,-,-,-,-,Federal Agency Performance Act of 2024
118,S. 759,bill,signed,2024-12-23,Joseph R. Biden Jr.,D,118-191,roll 515,2024-12-18,On Motion to Suspend the Rules and Pass,186,20,0,12,195,0,0,16,0,0,0,0,unanimous consent,2024-11-21,-,-,-,-,-,-,-,-,-,-,-,-,-,-,-,-,-,-,-,-,-,-,-,Beagle Brigade Act of 2023
118,S. 777,bill,signed,2023-06-14,Joseph R. Biden Jr.,D,118-6,voice vote,2023-05-22,-,-,-,-,-,-,-,-,-,-,-,-,-,unanimous consent,2023-03-30,-,-,-,-,-,-,-,-,-,-,-,-,-,-,-,-,-,-,-,-,-,-,-,Veterans' COLA Act of 2023
118,S. 788,bill,signed,2023-12-19,Joseph R. Biden Jr.,D,118-25,roll 712,2023-12-12,On Motion to Suspend the Rules and Pass,196,20,0,4,207,0,0,6,0,0,0,0,unanimous consent,2023-07-27,-,-,-,-,-,-,-,-,-,-,-,-,-,-,-,-,-,-,-,-,-,-,-,Duck Stamp Modernization Act of 2023
118,S. 794,bill,signed,2024-10-01,Joseph R. Biden Jr.,D,118-98,voice vote,2024-09-23,-,-,-,-,-,-,-,-,-,-,-,-,-,unanimous consent,2023-07-18,-,-,-,-,-,-,-,-,-,-,-,-,-,-,-,-,-,-,-,-,-,-,-,CTPAT Pilot Program Act of 2023
118,S. 870,bill,signed,2024-07-09,Joseph R. Biden Jr.,D,118-67,roll 194,2024-05-08,"On Motion to Suspend the Rules and Pass, as Amended",195,12,0,10,198,1,1,13,0,0,0,0,roll 200,2024-06-18,On the Motion,43,0,0,6,43,1,0,3,2,1,0,1,D:4,-,-,-,-,-,-,-,-,-,"An act to authorize appropriations for the United States Fire Administration and firefighter assistance grant programs, to advance the benefits of nuclear energy, and for other purposes."
118,S. 932,bill,signed,2024-12-23,Joseph R. Biden Jr.,D,118-192,voice vote,2024-12-16,-,-,-,-,-,-,-,-,-,-,-,-,-,unanimous consent,2023-07-13,-,-,-,-,-,-,-,-,-,-,-,-,-,-,-,-,-,-,-,-,-,-,-,No CORRUPTION Act
118,S. 992,bill,signed,2024-03-22,Joseph R. Biden Jr.,D,118-45,voice vote,2023-12-04,-,-,-,-,-,-,-,-,-,-,-,-,-,unanimous consent,2024-03-07,-,-,-,-,-,-,-,-,-,-,-,-,-,-,-,-,-,-,-,-,-,-,-,I-27 Numbering Act of 2023
118,S. 1147,bill,signed,2024-12-23,Joseph R. Biden Jr.,D,118-193,voice vote,2024-12-17,-,-,-,-,-,-,-,-,-,-,-,-,-,unanimous consent,2024-02-09,-,-,-,-,-,-,-,-,-,-,-,-,-,-,-,-,-,-,-,-,-,-,-,Jenna Quinn Law
118,S. 1278,bill,signed,2024-03-22,Joseph R. Biden Jr.,D,118-46,voice vote,2024-03-13,-,-,-,-,-,-,-,-,-,-,-,-,-,unanimous consent,2023-11-29,-,-,-,-,-,-,-,-,-,-,-,-,-,-,-,-,-,-,-,-,-,-,-,"A bill to designate the Federal building located at 985 Michigan Avenue in Detroit, Michigan, as the ""Rosa Parks Federal Building"", and for other purposes."
118,S. 1351,bill,signed,2024-12-23,Joseph R. Biden Jr.,D,118-194,roll 512,2024-12-18,On Motion to Suspend the Rules and Pass,176,33,0,9,197,0,0,14,0,0,0,0,unanimous consent,2024-12-11,-,-,-,-,-,-,-,-,-,-,-,-,-,-,-,-,-,-,-,-,-,-,-,Stop Institutional Child Abuse Act
118,S. 1478,bill,signed,2024-12-17,Joseph R. Biden Jr.,D,118-154,voice vote,2024-12-09,-,-,-,-,-,-,-,-,-,-,-,-,-,unanimous consent,2023-12-19,-,-,-,-,-,-,-,-,-,-,-,-,-,-,-,-,-,-,-,-,-,-,-,"A bill to designate United States Route 20 in the States of Oregon, Idaho, Montana, Wyoming, Nebraska, Iowa, Illinois, Indiana, Ohio, Pennsylvania, New York, and Massachusetts as the ""National Medal of Honor Highway"", and for other purposes."
118,S. 1510,bill,signed,2024-11-25,Joseph R. Biden Jr.,D,118-131,voice vote,2024-11-12,-,-,-,-,-,-,-,-,-,-,-,-,-,unanimous consent,2023-11-16,-,-,-,-,-,-,-,-,-,-,-,-,-,-,-,-,-,-,-,-,-,-,-,GAO Inspector General Parity Act
118,S. 1549,bill,signed,2024-10-02,Joseph R. Biden Jr.,D,118-104,voice vote,2024-09-23,-,-,-,-,-,-,-,-,-,-,-,-,-,unanimous consent,2023-06-22,-,-,-,-,-,-,-,-,-,-,-,-,-,-,-,-,-,-,-,-,-,-,-,Congressional Budget Office Data Access Act
118,S. 1608,bill,signed,2024-09-13,Joseph R. Biden Jr.,D,118-80,voice vote,2024-09-09,-,-,-,-,-,-,-,-,-,-,-,-,-,unanimous consent,2023-07-27,-,-,-,-,-,-,-,-,-,-,-,-,-,-,-,-,-,-,-,-,-,-,-,StarrâCamargo Bridge Expansion Act
118,S. 1648,bill,signed,2024-09-26,Joseph R. Biden Jr.,D,118-85,voice vote,2024-09-17,-,-,-,-,-,-,-,-,-,-,-,-,-,unanimous consent,2023-10-31,-,-,-,-,-,-,-,-,-,-,-,-,-,-,-,-,-,-,-,-,-,-,-,Launch Communications Act
118,S. 1858,bill,signed,2024-03-18,Joseph R. Biden Jr.,D,118-44,voice vote,2024-03-11,-,-,-,-,-,-,-,-,-,-,-,-,-,unanimous consent,2023-07-27,-,-,-,-,-,-,-,-,-,-,-,-,-,-,-,-,-,-,-,-,-,-,-,Disaster Assistance Deadlines Alignment Act
118,S. 1973,bill,signed,2024-07-30,Joseph R. Biden Jr.,D,118-74,voice vote,2024-07-22,-,-,-,-,-,-,-,-,-,-,-,-,-,unanimous consent,2023-11-02,-,-,-,-,-,-,-,-,-,-,-,-,-,-,-,-,-,-,-,-,-,-,-,All-American Flag Act
118,S. 2051,bill,signed,2024-06-17,Joseph R. Biden Jr.,D,118-65,roll 106,2024-04-09,"On Motion to Suspend the Rules and Pass, as Amended",202,0,0,15,204,0,0,9,0,0,0,0,unanimous consent,2024-06-05,-,-,-,-,-,-,-,-,-,-,-,-,-,-,-,-,-,-,-,-,-,-,-,Missing Childrenâs Assistance Reauthorization Act of 2023
118,S. 2143,bill,signed,2024-11-25,Joseph R. Biden Jr.,D,118-132,voice vote,2024-11-12,-,-,-,-,-,-,-,-,-,-,-,-,-,unanimous consent,2024-04-23,-,-,-,-,-,-,-,-,-,-,-,-,-,-,-,-,-,-,-,-,-,-,-,"A bill to designate the facility of the United States Postal Service located at 320 South 2nd Avenue in Sioux Falls, South Dakota, as the ""Staff Sergeant Robb Lura Rolfing Post Office Building""."
118,S. 2181,bill,signed,2025-01-04,Joseph R. Biden Jr.,D,118-271,voice vote,2024-11-18,-,-,-,-,-,-,-,-,-,-,-,-,-,unanimous consent,2024-12-21,-,-,-,-,-,-,-,-,-,-,-,-,-,-,-,-,-,-,-,-,-,-,-,Keeping Military Families Together Act of 2024
118,S. 2228,bill,signed,2024-10-02,Joseph R. Biden Jr.,D,118-105,roll 440,2024-09-23,On Motion to Suspend the Rules and Pass,178,13,0,29,79,112,0,20,0,0,0,0,unanimous consent,2023-12-14,-,-,-,-,-,-,-,-,-,-,-,-,-,-,-,-,-,-,-,-,-,-,-,Building Chips in America Act of 2023
118,S. 2274,bill,signed,2024-11-25,Joseph R. Biden Jr.,D,118-133,voice vote,2024-11-12,-,-,-,-,-,-,-,-,-,-,-,-,-,unanimous consent,2024-04-23,-,-,-,-,-,-,-,-,-,-,-,-,-,-,-,-,-,-,-,-,-,-,-,"A bill to designate the facility of the United States Postal Service located at 112 Wyoming Street in Shoshoni, Wyoming, as the ""Dessie A. Bebout Post Office""."
118,S. 2414,bill,signed,2024-12-23,Joseph R. Biden Jr.,D,118-195,voice vote,2024-12-16,-,-,-,-,-,-,-,-,-,-,-,-,-,unanimous consent,2024-01-11,-,-,-,-,-,-,-,-,-,-,-,-,-,-,-,-,-,-,-,-,-,-,-,Working Dog Health and Welfare Act of 2023
118,S. 2513,bill,signed,2024-12-23,Joseph R. Biden Jr.,D,118-196,voice vote,2024-12-16,-,-,-,-,-,-,-,-,-,-,-,-,-,unanimous consent,2024-12-12,-,-,-,-,-,-,-,-,-,-,-,-,-,-,-,-,-,-,-,-,-,-,-,Veterans Benefits Improvement Act of 2024
118,S. 2685,bill,signed,2024-10-01,Joseph R. Biden Jr.,D,118-99,voice vote,2024-09-23,-,-,-,-,-,-,-,-,-,-,-,-,-,unanimous consent,2023-12-18,-,-,-,-,-,-,-,-,-,-,-,-,-,-,-,-,-,-,-,-,-,-,-,Reuse Excess Property Act
118,S. 2747,bill,signed,2023-12-19,Joseph R. Biden Jr.,D,118-26,voice vote,2023-12-11,-,-,-,-,-,-,-,-,-,-,-,-,-,voice vote,2023-09-07,-,-,-,-,-,-,-,-,-,-,-,-,-,-,-,-,-,-,-,-,-,-,-,A bill to amend the Federal Election Campaign Act of 1971 to extend the Administrative Fine Program for certain reporting violations.
118,S. 2781,bill,signed,2024-12-17,Joseph R. Biden Jr.,D,118-155,voice vote,2024-12-10,-,-,-,-,-,-,-,-,-,-,-,-,-,unanimous consent,2024-07-31,-,-,-,-,-,-,-,-,-,-,-,-,-,-,-,-,-,-,-,-,-,-,-,Good Samaritan Remediation of Abandoned Hardrock Mines Act of 2024
118,S. 2787,bill,signed,2023-12-19,Joseph R. Biden Jr.,D,118-27,voice vote,2023-12-11,-,-,-,-,-,-,-,-,-,-,-,-,-,unanimous consent,2023-09-21,-,-,-,-,-,-,-,-,-,-,-,-,-,-,-,-,-,-,-,-,-,-,-,5G SALE Act
118,S. 2795,bill,signed,2023-10-06,Joseph R. Biden Jr.,D,118-19,voice vote,2023-09-26,-,-,-,-,-,-,-,-,-,-,-,-,-,voice vote,2023-09-13,-,-,-,-,-,-,-,-,-,-,-,-,-,-,-,-,-,-,-,-,-,-,-,"A bill to amend title 38, United States Code, to extend and modify certain authorities and requirements relating to the Department of Veterans Affairs, and for other purposes."
118,S. 2825,bill,signed,2024-09-26,Joseph R. Biden Jr.,D,118-87,voice vote,2024-09-17,-,-,-,-,-,-,-,-,-,-,-,-,-,unanimous consent,2024-05-09,-,-,-,-,-,-,-,-,-,-,-,-,-,-,-,-,-,-,-,-,-,-,-,Dustoff Crews of the Vietnam War Congressional Gold Medal Act
118,S. 2861,bill,signed,2024-09-26,Joseph R. Biden Jr.,D,118-88,roll 419,2024-09-17,On Motion to Suspend the Rules and Pass,111,87,0,21,197,0,0,14,0,0,0,0,unanimous consent,2024-05-08,-,-,-,-,-,-,-,-,-,-,-,-,-,-,-,-,-,-,-,-,-,-,-,Billie Jean King Congressional Gold Medal Act
118,S. 3126,bill,signed,2024-11-25,Joseph R. Biden Jr.,D,118-134,voice vote,2024-11-18,-,-,-,-,-,-,-,-,-,-,-,-,-,unanimous consent,2024-05-01,-,-,-,-,-,-,-,-,-,-,-,-,-,-,-,-,-,-,-,-,-,-,-,Mark Our Place Act
118,S. 3222,bill,signed,2024-01-26,Joseph R. Biden Jr.,D,118-36,unanimous consent,2024-01-18,-,-,-,-,-,-,-,-,-,-,-,-,-,unanimous consent,2023-11-02,-,-,-,-,-,-,-,-,-,-,-,-,-,-,-,-,-,-,-,-,-,-,-,"A bill to ensure the security of office space rented by Senators, and for other purposes."
118,S. 3249,bill,signed,2024-07-30,Joseph R. Biden Jr.,D,118-75,roll 356,2024-07-22,On Motion to Suspend the Rules and Pass,187,0,1,32,176,0,0,36,0,0,0,0,unanimous consent,2024-05-02,-,-,-,-,-,-,-,-,-,-,-,-,-,-,-,-,-,-,-,-,-,-,-,"A bill to designate the outpatient clinic of the Department of Veterans Affairs in Wyandotte County, Kansas City, Kansas, as the ""Captain Elwin Shopteese VA Clinic""."
118,S. 3250,bill,signed,2024-01-26,Joseph R. Biden Jr.,D,118-37,roll 14,2024-01-18,On Motion to Suspend the Rules and Pass,205,7,0,8,208,0,0,5,0,0,0,0,unanimous consent,2023-12-06,-,-,-,-,-,-,-,-,-,-,-,-,-,-,-,-,-,-,-,-,-,-,-,"A bill to provide remote access to court proceedings for victims of the 1988 Bombing of Pan Am Flight 103 over Lockerbie, Scotland."
118,S. 3267,bill,signed,2024-11-25,Joseph R. Biden Jr.,D,118-135,voice vote,2024-11-12,-,-,-,-,-,-,-,-,-,-,-,-,-,unanimous consent,2024-04-23,-,-,-,-,-,-,-,-,-,-,-,-,-,-,-,-,-,-,-,-,-,-,-,"A bill to designate the facility of the United States Postal Service located at 410 Dakota Avenue South in Huron, South Dakota, as the ""First Lieutenant Thomas Michael Martin Post Office Building""."
118,S. 3285,bill,signed,2024-07-30,Joseph R. Biden Jr.,D,118-76,voice vote,2024-07-22,-,-,-,-,-,-,-,-,-,-,-,-,-,unanimous consent,2024-05-02,-,-,-,-,-,-,-,-,-,-,-,-,-,-,-,-,-,-,-,-,-,-,-,"A bill to rename the community-based outpatient clinic of the Department of Veterans Affairs in Butte, Montana, as the ""Charlie Dowd VA Clinic""."
118,S. 3419,bill,signed,2024-11-25,Joseph R. Biden Jr.,D,118-136,voice vote,2024-11-12,-,-,-,-,-,-,-,-,-,-,-,-,-,unanimous consent,2024-04-23,-,-,-,-,-,-,-,-,-,-,-,-,-,-,-,-,-,-,-,-,-,-,-,"A bill to designate the facility of the United States Postal Service located at 1765 Camp Hill Bypass in Camp Hill, Pennsylvania, as the ""John Charles Traub Post Office""."
118,S. 3427,bill,signed,2024-02-06,Joseph R. Biden Jr.,D,118-38,roll 21,2024-01-29,On Motion to Suspend the Rules and Pass,178,20,0,20,201,0,0,12,0,0,0,0,unanimous consent,2023-12-18,-,-,-,-,-,-,-,-,-,-,-,-,-,-,-,-,-,-,-,-,-,-,-,Overtime Pay for Protective Services Act of 2023
118,S. 3448,bill,signed,2024-12-23,Joseph R. Biden Jr.,D,118-197,roll 510,2024-12-17,On Motion to Suspend the Rules and Pass,200,12,0,7,202,0,0,9,0,0,0,0,unanimous consent,2024-07-09,-,-,-,-,-,-,-,-,-,-,-,-,-,-,-,-,-,-,-,-,-,-,-,Never Again Education Reauthorization Act of 2023
118,S. 3475,bill,signed,2024-12-17,Joseph R. Biden Jr.,D,118-156,voice vote,2024-12-09,-,-,-,-,-,-,-,-,-,-,-,-,-,unanimous consent,2024-09-25,-,-,-,-,-,-,-,-,-,-,-,-,-,-,-,-,-,-,-,-,-,-,-,Strengthening the Commercial Driverâs License Information System Act
118,S. 3613,bill,signed,2024-12-17,Joseph R. Biden Jr.,D,118-157,roll 496,2024-12-10,On Motion to Suspend the Rules and Pass,205,6,0,9,205,0,0,6,0,0,0,0,unanimous consent,2024-03-23,-,-,-,-,-,-,-,-,-,-,-,-,-,-,-,-,-,-,-,-,-,-,-,Improving Federal Building Security Act of 2024
118,S. 3639,bill,signed,2024-10-01,Joseph R. Biden Jr.,D,118-100,voice vote,2024-09-23,-,-,-,-,-,-,-,-,-,-,-,-,-,unanimous consent,2024-04-23,-,-,-,-,-,-,-,-,-,-,-,-,-,-,-,-,-,-,-,-,-,-,-,"A bill to designate the facility of the United States Postal Service located at 2075 West Stadium Boulevard in Ann Arbor, Michigan, as the ""Robert Hayden Post Office""."
118,S. 3640,bill,signed,2024-10-01,Joseph R. Biden Jr.,D,118-101,voice vote,2024-09-23,-,-,-,-,-,-,-,-,-,-,-,-,-,unanimous consent,2024-04-23,-,-,-,-,-,-,-,-,-,-,-,-,-,-,-,-,-,-,-,-,-,-,-,"A bill to designate the facility of the United States Postal Service located at 155 South Main Street in Mount Clemens, Michigan, as the ""Lieutenant Colonel Alexander Jefferson Post Office""."
118,S. 3706,bill,signed,2024-07-30,Joseph R. Biden Jr.,D,118-77,roll 361,2024-07-23,On Motion to Suspend the Rules and Pass,209,2,0,8,199,0,0,13,0,0,0,0,unanimous consent,2024-02-29,-,-,-,-,-,-,-,-,-,-,-,-,-,-,-,-,-,-,-,-,-,-,-,Victims' VOICES Act
118,S. 3764,bill,signed,2024-09-30,Joseph R. Biden Jr.,D,118-90,roll 442,2024-09-23,On Motion to Suspend the Rules and Pass,170,20,0,29,195,0,0,17,0,0,0,0,unanimous consent,2024-09-11,-,-,-,-,-,-,-,-,-,-,-,-,-,-,-,-,-,-,-,-,-,-,-,United States Commission on International Religious Freedom Reauthorization Act of 2024
118,S. 3791,bill,signed,2024-12-23,Joseph R. Biden Jr.,D,118-198,roll 479,2024-12-03,"On Motion to Suspend the Rules and Pass, as Amended",175,21,0,23,191,0,0,22,0,0,0,0,voice vote,2024-12-18,-,-,-,-,-,-,-,-,-,-,-,-,-,-,-,-,-,-,-,-,-,-,-,Americaâs Conservation Enhancement Reauthorization Act of 2024
118,S. 3851,bill,signed,2024-10-01,Joseph R. Biden Jr.,D,118-102,voice vote,2024-09-23,-,-,-,-,-,-,-,-,-,-,-,-,-,unanimous consent,2024-04-23,-,-,-,-,-,-,-,-,-,-,-,-,-,-,-,-,-,-,-,-,-,-,-,"A bill to designate the facility of the United States Postal Service located at 90 McCamly Street South in Battle Creek, Michigan, as the ""Sojourner Truth Post Office""."
118,S. 3857,bill,signed,2024-12-23,Joseph R. Biden Jr.,D,118-199,roll 513,2024-12-18,On Motion to Suspend the Rules and Pass,172,37,0,9,197,0,0,14,0,0,0,0,voice vote,2024-12-12,-,-,-,-,-,-,-,-,-,-,-,-,-,-,-,-,-,-,-,-,-,-,-,Jamul Indian Village Land Transfer Act
118,S. 3938,bill,signed,2024-12-23,Joseph R. Biden Jr.,D,118-200,voice vote,2024-12-16,-,-,-,-,-,-,-,-,-,-,-,-,-,unanimous consent,2024-08-01,-,-,-,-,-,-,-,-,-,-,-,-,-,-,-,-,-,-,-,-,-,-,-,"A bill to designate the community-based outpatient clinic of the Department of Veterans Affairs in Lynchburg, Virginia, as the ""Private First Class Desmond T. Doss VA Clinic""."
118,S. 3946,bill,signed,2024-12-23,Joseph R. Biden Jr.,D,118-201,voice vote,2024-12-16,-,-,-,-,-,-,-,-,-,-,-,-,-,unanimous consent,2024-11-19,-,-,-,-,-,-,-,-,-,-,-,-,-,-,-,-,-,-,-,-,-,-,-,"A bill to designate the facility of the United States Postal Service located at 1106 Main Street in Bastrop, Texas, as the ""Sergeant Major Billy D. Waugh Post Office""."
118,S. 3959,bill,signed,2024-12-23,Joseph R. Biden Jr.,D,118-202,voice vote,2024-12-18,-,-,-,-,-,-,-,-,-,-,-,-,-,unanimous consent,2024-11-21,-,-,-,-,-,-,-,-,-,-,-,-,-,-,-,-,-,-,-,-,-,-,-,Transportation Security Screening Modernization Act of 2024
118,S. 3960,bill,signed,2024-12-17,Joseph R. Biden Jr.,D,118-151,voice vote,2024-12-03,-,-,-,-,-,-,-,-,-,-,-,-,-,unanimous consent,2024-06-20,-,-,-,-,-,-,-,-,-,-,-,-,-,-,-,-,-,-,-,-,-,-,-,"A bill to amend title 35, United States Code, to provide a good faith exception to the imposition of fines for false assertions and certifications, and for other purposes."
118,S. 3998,bill,signed,2024-12-23,Joseph R. Biden Jr.,D,118-203,roll 503,2024-12-16,On Motion to Suspend the Rules and Pass,198,0,0,20,192,0,0,19,0,0,0,0,unanimous consent,2024-04-20,-,-,-,-,-,-,-,-,-,-,-,-,-,-,-,-,-,-,-,-,-,-,-,Federal Judiciary Stabilization Act of 2024
118,S. 4077,bill,signed,2024-12-23,Joseph R. Biden Jr.,D,118-204,roll 505,2024-12-16,On Motion to Suspend the Rules and Pass,153,39,5,21,195,0,0,16,0,0,0,0,unanimous consent,2024-11-19,-,-,-,-,-,-,-,-,-,-,-,-,-,-,-,-,-,-,-,-,-,-,-,"A bill to designate the facility of the United States Postal Service located at 180 Steuart Street in San Francisco, California, as the ""Dianne Feinstein Post Office""."
118,S. 4107,bill,signed,2024-12-23,Joseph R. Biden Jr.,D,118-205,voice vote,2024-12-17,-,-,-,-,-,-,-,-,-,-,-,-,-,unanimous consent,2024-12-03,-,-,-,-,-,-,-,-,-,-,-,-,-,-,-,-,-,-,-,-,-,-,-,Think Differently Transportation Act
118,S. 4199,bill,vetoed,2024-12-23,Joseph R. Biden Jr.,D,-,roll 501,2024-12-12,On Passage,207,2,0,11,29,171,0,11,0,0,0,0,unanimous consent,2024-08-01,-,-,-,-,-,-,-,-,-,-,-,-,-,-,-,-,-,-,-,-,-,-,-,JUDGES Act of 2024
118,S. 4243,bill,signed,2024-12-12,Joseph R. Biden Jr.,D,118-150,voice vote,2024-12-04,-,-,-,-,-,-,-,-,-,-,-,-,-,voice vote,2024-12-03,-,-,-,-,-,-,-,-,-,-,-,-,-,-,-,-,-,-,-,-,-,-,-,Shirley Chisholm Congressional Gold Medal Act
118,S. 4351,bill,signed,2024-09-26,Joseph R. Biden Jr.,D,118-86,voice vote,2024-09-17,-,-,-,-,-,-,-,-,-,-,-,-,-,unanimous consent,2024-07-11,-,-,-,-,-,-,-,-,-,-,-,-,-,-,-,-,-,-,-,-,-,-,-,Poison Control Centers Reauthorization Act of 2024
118,S. 4367,bill,signed,2025-01-04,Joseph R. Biden Jr.,D,118-272,roll 493,2024-12-10,"On Motion to Suspend the Rules and Pass, as Amended",192,18,0,9,207,0,0,4,0,0,0,0,roll 327,2024-12-18,On the Motion,47,1,0,1,46,0,0,1,4,0,0,0,D:4,-,-,-,-,-,-,-,-,-,Thomas R. Carper Water Resources Development Act of 2024
118,S. 4548,bill,signed,2024-07-30,Joseph R. Biden Jr.,D,118-78,voice vote,2024-07-22,-,-,-,-,-,-,-,-,-,-,-,-,-,unanimous consent,2024-06-13,-,-,-,-,-,-,-,-,-,-,-,-,-,-,-,-,-,-,-,-,-,-,-,Foreign Extortion Prevention Technical Corrections Act
118,S. 4610,bill,signed,2024-12-23,Joseph R. Biden Jr.,D,118-206,voice vote,2024-12-16,-,-,-,-,-,-,-,-,-,-,-,-,-,unanimous consent,2024-07-29,-,-,-,-,-,-,-,-,-,-,-,-,-,-,-,-,-,-,-,-,-,-,-,"A bill to amend title 36, United States Code, to designate the bald eagle as the national bird."
118,S. 4698,bill,signed,2024-10-01,Joseph R. Biden Jr.,D,118-103,voice vote,2024-09-23,-,-,-,-,-,-,-,-,-,-,-,-,-,unanimous consent,2024-09-19,-,-,-,-,-,-,-,-,-,-,-,-,-,-,-,-,-,-,-,-,-,-,-,DHS Joint Task Forces Reauthorization Act of 2024
118,S. 4716,bill,signed,2024-12-23,Joseph R. Biden Jr.,D,118-207,voice vote,2024-12-16,-,-,-,-,-,-,-,-,-,-,-,-,-,unanimous consent,2024-11-14,-,-,-,-,-,-,-,-,-,-,-,-,-,-,-,-,-,-,-,-,-,-,-,Financial Management Risk Reduction Act
118,S. 5314,bill,signed,2024-12-23,Joseph R. Biden Jr.,D,118-208,voice vote,2024-12-16,-,-,-,-,-,-,-,-,-,-,-,-,-,unanimous consent,2024-11-13,-,-,-,-,-,-,-,-,-,-,-,-,-,-,-,-,-,-,-,-,-,-,-,"A bill to designate the medical center of the Department of Veterans Affairs in Tulsa, Oklahoma, as the James Mountain Inhofe VA Medical Center."
118,S. 5355,bill,signed,2024-12-23,Joseph R. Biden Jr.,D,118-209,voice vote,2024-12-17,-,-,-,-,-,-,-,-,-,-,-,-,-,unanimous consent,2024-12-03,-,-,-,-,-,-,-,-,-,-,-,-,-,-,-,-,-,-,-,-,-,-,-,NACIE Improvement Act
118,S.J.Res. 9,CRA disapproval,vetoed,2023-09-26,Joseph R. Biden Jr.,D,-,roll 381,2023-07-27,On Passage,217,1,0,4,4,205,0,3,0,0,0,0,roll 110,2023-05-03,On the Joint Resolution,49,0,0,0,1,45,0,2,0,3,0,0,D:3,-,-,-,-,roll 242,47,46,sustained,-,"A joint resolution providing for congressional disapproval under chapter 8 of title 5, United States Code, of the rule submitted by the United States Fish and Wildlife Service relating to ""Endangered and Threatened Wildlife and Plants; Lesser Prairie-Chicken; Threatened Status with Section 4(d) Rule for the Northern Distinct Population Segment and Endangered Status for the Southern Distinct Population Segment""."
118,S.J.Res. 11,CRA disapproval,vetoed,2023-06-14,Joseph R. Biden Jr.,D,-,roll 232,2023-05-23,On Passage,217,1,0,3,4,202,0,7,0,0,0,0,roll 98,2023-04-26,On the Joint Resolution,49,0,0,0,1,46,0,1,0,3,0,0,D:3,-,-,-,-,roll 167,50,50,sustained,-,"A joint resolution providing for congressional disapproval under chapter 8 of title 5, United States Code, of the rule submitted by the Environmental Protection Agency relating to ""Control of Air Pollution From New Motor Vehicles: Heavy-Duty Engine and Vehicle Standards""."
118,S.J.Res. 24,CRA disapproval,vetoed,2023-09-26,Joseph R. Biden Jr.,D,-,roll 382,2023-07-27,On Passage,218,1,0,2,2,208,0,2,0,0,0,0,roll 123,2023-05-11,On the Joint Resolution,49,0,0,0,2,46,0,0,0,3,0,0,D:3,-,-,-,-,roll 243,47,45,sustained,-,"A joint resolution providing for congressional disapproval under chapter 8 of title 5, United States Code, of the rule submitted by the United States Fish and Wildlife Service relating to ""Endangered and Threatened Wildlife and Plants; Endangered Species Status for Northern Long-Eared Bat""."
118,S.J.Res. 32,CRA disapproval,vetoed,2023-12-19,Joseph R. Biden Jr.,D,-,roll 690,2023-12-01,On Passage,215,0,1,5,6,202,0,5,0,0,0,0,roll 260,2023-10-18,On the Joint Resolution,48,0,0,1,3,43,0,2,2,1,0,0,D:3,-,-,-,-,roll 5,54,45,sustained,-,"A joint resolution providing for congressional disapproval under chapter 8 of title 5, United States Code, of the rule submitted by the Bureau of Consumer Financial Protection relating to ""Small Business Lending Under the Equal Credit Opportunity Act (Regulation B)""."
118,S.J.Res. 38,CRA disapproval,vetoed,2024-01-24,Joseph R. Biden Jr.,D,-,roll 8,2024-01-11,On Passage,207,2,0,11,2,196,0,15,0,0,0,0,roll 303,2023-11-08,On the Joint Resolution,46,1,0,2,3,45,0,0,1,2,0,0,D:3,-,-,-,-,roll 61,50,47,sustained,-,"A joint resolution providing for congressional disapproval under chapter 8 of title 5, United States Code, of the rule submitted by the Federal Highway Administration relating to ""Waiver of Buy America Requirements for Electric Vehicle Chargers""."
119,H.J.Res. 20,CRA disapproval,signed,2025-05-09,Donald J. Trump (second term),R,119-6,roll 53,2025-02-27,On Passage,210,0,2,6,11,198,0,6,0,0,0,0,roll 207,2025-04-10,On the Joint Resolution,51,0,0,2,2,43,0,0,0,1,0,1,D:2,-,-,-,-,-,-,-,-,-,"Providing for congressional disapproval under chapter 8 of title 5, United States Code, of the rule submitted by the Department of Energy relating to ""Energy Conservation Program: Energy Conservation Standards for Consumer Gas-fired Instantaneous Water Heaters""."
119,H.J.Res. 24,CRA disapproval,signed,2025-05-09,Donald J. Trump (second term),R,119-7,roll 77,2025-03-27,On Passage,197,0,0,20,6,182,0,25,0,0,0,0,roll 162,2025-04-03,On the Joint Resolution,53,0,0,0,0,40,0,5,0,2,0,0,D:2,-,-,-,-,-,-,-,-,-,"Providing for congressional disapproval under chapter 8 of title 5, United States Code, of the rule submitted by the Department of Energy relating to ""Energy Conservation Program: Energy Conservation Standards for Walk-In Coolers and Walk-In Freezers""."
119,H.J.Res. 25,CRA disapproval,signed,2025-04-10,Donald J. Trump (second term),R,119-5,roll 71,2025-03-11,On Passage,216,0,0,2,76,132,1,5,0,0,0,0,roll 151,2025-03-26,On the Joint Resolution,53,0,0,0,17,26,0,2,0,2,0,0,D:2,-,-,-,-,-,-,-,-,-,"Providing for congressional disapproval under chapter 8 of title 5, United States Code, of the rule submitted by the Internal Revenue Service relating to ""Gross Proceeds Reporting by Brokers That Regularly Provide Services Effectuating Digital Asset Sales""."
119,H.J.Res. 35,CRA disapproval,signed,2025-03-14,Donald J. Trump (second term),R,119-2,roll 52,2025-02-26,On Passage,214,1,0,3,6,205,1,3,0,0,0,0,roll 97,2025-02-27,On the Joint Resolution,52,0,0,1,0,45,0,0,0,2,0,0,D:2,-,-,-,-,-,-,-,-,-,"Providing for congressional disapproval under chapter 8 of title 5, United States Code, of the rule submitted by the Environmental Protection Agency relating to ""Waste Emissions Charge for Petroleum and Natural Gas Systems: Procedures for Facilitating Compliance, Including Netting and Exemptions""."
119,H.J.Res. 42,CRA disapproval,signed,2025-05-09,Donald J. Trump (second term),R,119-8,roll 59,2025-03-05,On Passage,215,0,0,3,7,203,0,4,0,0,0,0,roll 223,2025-04-30,On the Joint Resolution,52,0,0,1,0,44,0,1,0,2,0,0,D:2,-,-,-,-,-,-,-,-,-,"Providing for congressional disapproval under chapter 8 of title 5, United States Code, of the rule submitted by the Department of Energy relating to ""Energy Conservation Program for Appliance Standards: Certification Requirements, Labeling Requirements, and Enforcement Provisions for Certain Consumer Products and Commercial Equipment""."
119,H.J.Res. 60,CRA disapproval,signed,2025-05-23,Donald J. Trump (second term),R,119-13,roll 110,2025-04-29,On Passage,217,0,0,3,2,205,0,6,0,0,0,0,roll 239,2025-05-08,On the Joint Resolution,50,0,0,3,0,41,0,4,0,2,0,0,D:2,-,-,-,-,-,-,-,-,-,"Providing for congressional disapproval under chapter 8 of title 5, United States Code, of the rule submitted by the National Park Service relating to ""Glen Canyon National Recreation Area: Motor Vehicles""."
119,H.J.Res. 61,CRA disapproval,signed,2025-05-23,Donald J. Trump (second term),R,119-14,roll 58,2025-03-05,On Passage,209,1,0,8,7,201,0,6,0,0,0,0,roll 232,2025-05-06,On the Joint Resolution,53,0,0,0,2,43,0,0,0,2,0,0,D:2,-,-,-,-,-,-,-,-,-,"Providing for congressional disapproval under chapter 8 of title 5, United States Code, of the rule submitted by the Environmental Protection Agency relating to ""National Emission Standards for Hazardous Air Pollutants: Rubber Tire Manufacturing""."
119,H.J.Res. 75,CRA disapproval,signed,2025-05-09,Donald J. Trump (second term),R,119-9,roll 78,2025-03-27,On Passage,209,0,0,8,5,193,0,15,0,0,0,0,roll 228,2025-05-01,On the Joint Resolution,52,0,0,1,0,43,0,2,0,2,0,0,D:2,-,-,-,-,-,-,-,-,-,"Providing for congressional disapproval under chapter 8 of title 5, United States Code, of the rule submitted by the Office of Energy Efficiency and Renewable Energy, Department of Energy relating to ""Energy Conservation Program: Energy Conservation Standards for Commercial Refrigerators, Freezers, and Refrigerator-Freezers""."
119,H.J.Res. 87,CRA disapproval,signed,2025-06-12,Donald J. Trump (second term),R,119-15,roll 111,2025-04-30,On Passage,218,1,0,1,13,190,0,10,0,0,0,0,roll 279,2025-05-22,On the Joint Resolution,51,0,0,2,0,43,0,2,0,2,0,0,D:2,-,-,-,-,-,-,-,-,-,"Providing congressional disapproval under chapter 8 of title 5, United States Code, of the rule submitted by the Environmental Protection Agency relating to ""California State Motor Vehicle and Engine Pollution Control Standards; Heavy-Duty Vehicle and Engine Emission Warranty and Maintenance Provisions; Advanced Clean Trucks; Zero Emission Airport Shuttle; Zero-Emission Power Train Certification; Waiver of Preemption; Notice of Decision""."
119,H.J.Res. 88,CRA disapproval,signed,2025-06-12,Donald J. Trump (second term),R,119-16,roll 114,2025-05-01,On Passage,211,0,0,8,35,164,0,14,0,0,0,0,roll 277,2025-05-22,On the Joint Resolution,50,0,0,3,1,42,0,2,0,2,0,0,D:2,-,-,-,-,-,-,-,-,-,"Providing congressional disapproval under chapter 8 of title 5, United States Code, of the rule submitted by the Environmental Protection Agency relating to ""California State Motor Vehicle and Engine Pollution Control Standards; Advanced Clean Cars II; Waiver of Preemption; Notice of Decision""."
119,H.J.Res. 89,CRA disapproval,signed,2025-06-12,Donald J. Trump (second term),R,119-17,roll 112,2025-04-30,On Passage,215,1,0,4,10,195,0,8,0,0,0,0,roll 281,2025-05-22,On the Joint Resolution,49,0,0,4,0,44,0,1,0,2,0,0,D:2,-,-,-,-,-,-,-,-,-,"Providing congressional disapproval under chapter 8 of title 5, United States Code, of the rule submitted by the Environmental Protection Agency relating to ""California State Motor Vehicle and Engine and Nonroad Engine Pollution Control Standards; The 'Omnibus' Low NOX Regulation; Waiver of Preemption; Notice of Decision""."
119,H.J.Res. 104,CRA disapproval,signed,2025-12-11,Donald J. Trump (second term),R,119-48,roll 224,2025-09-03,On Passage,211,1,0,7,0,207,0,5,0,0,0,0,roll 549,2025-10-08,On the Joint Resolution,52,0,0,1,0,45,0,0,0,2,0,0,D:2,-,-,-,-,-,-,-,-,-,"Providing for congressional disapproval under chapter 8 of title 5, United States Code, of the rule submitted by the Bureau of Land Management relating to ""Miles City Field Office Record of Decision and Approved Resource Management Plan Amendment""."
119,H.J.Res. 105,CRA disapproval,signed,2025-12-11,Donald J. Trump (second term),R,119-49,roll 226,2025-09-03,On Passage,215,1,0,3,0,210,0,2,0,0,0,0,roll 556,2025-10-08,On the Joint Resolution,50,0,0,3,0,43,0,2,0,2,0,0,D:2,-,-,-,-,-,-,-,-,-,"Providing for congressional disapproval under chapter 8 of title 5, United States Code, of the rule submitted by the Bureau of Land Management relating to ""North Dakota Field Office Record of Decision and Approved Resource Management Plan""."
119,H.J.Res. 106,CRA disapproval,signed,2025-12-11,Donald J. Trump (second term),R,119-50,roll 225,2025-09-03,On Passage,215,1,0,3,0,209,0,3,0,0,0,0,roll 560,2025-10-09,On the Joint Resolution,50,0,0,3,0,44,0,1,0,2,0,0,D:2,-,-,-,-,-,-,-,-,-,"Providing for congressional disapproval under chapter 8 of title 5, United States Code, of the rule submitted by the Bureau of Land Management relating to ""Central Yukon Record of Decision and Approved Resource Management Plan""."
119,H.J.Res. 130,CRA disapproval,signed,2025-12-11,Donald J. Trump (second term),R,119-51,roll 294,2025-11-18,On Passage,214,1,0,4,0,211,0,3,0,0,0,0,roll 623,2025-11-20,On the Joint Resolution,51,0,0,2,0,41,0,4,0,2,0,0,D:2,-,-,-,-,-,-,-,-,-,"Providing for congressional disapproval under chapter 8 of title 5, United States Code, of the rule submitted by the Bureau of Land Management relating to Buffalo Field Office Record of Decision and Approved Resource Management Plan Amendment."
119,H.J.Res. 131,CRA disapproval,signed,2025-12-11,Donald J. Trump (second term),R,119-52,roll 295,2025-11-18,On Passage,214,1,0,4,3,208,0,3,0,0,0,0,roll 632,2025-12-04,On the Joint Resolution,49,1,0,3,0,42,0,3,0,2,0,0,D:2,-,-,-,-,-,-,-,-,-,"Providing for congressional disapproval under chapter 8 of title 5, United States Code, of the rule submitted by the Bureau of Land Management relating to Coastal Plain Oil and Gas Leasing Program Record of Decision."
119,H.J.Res. 133,joint resolution,signed,2025-12-02,Donald J. Trump (second term),R,119-46,unanimous consent,2025-11-18,-,-,-,-,-,-,-,-,-,-,-,-,-,unanimous consent,2025-11-20,-,-,-,-,-,-,-,-,-,-,-,-,-,-,-,-,-,-,-,-,-,-,-,"Requesting the Secretary of the Interior to authorize unique and one-time arrangements for displays on the National Mall and the Washington Monument during the period beginning on December 31, 2025, and ending on January 5, 2026."
119,H.J.Res. 140,CRA disapproval,signed,2026-04-27,Donald J. Trump (second term),R,119-85,roll 38,2026-01-21,On Passage,213,1,0,4,1,207,0,5,0,0,0,0,roll 84,2026-04-16,On the Joint Resolution,50,2,0,1,0,45,0,0,0,2,0,0,D:2,-,-,-,-,-,-,-,-,-,"Providing for congressional disapproval under chapter 8 of title 5, United States Code, of the rule submitted by the Bureau of Land Management relating to Public Land Order No. 7917 for Withdrawal of Federal Lands; Cook, Lake, and Saint Louis Counties, MN."
119,H.J.Res. 142,D.C. disapproval,signed,2026-02-18,Donald J. Trump (second term),R,119-78,roll 56,2026-02-04,On Passage,215,0,0,3,0,210,0,4,0,0,0,0,roll 37,2026-02-12,On the Joint Resolution,49,0,0,4,0,45,0,0,0,2,0,0,D:2,-,-,-,-,-,-,-,-,-,Disapproving the action of the District of Columbia Council in approving the D.C. Income and Franchise Tax Conformity and Revision Temporary Amendment Act of 2025.
119,H.R. 1,bill,signed,2025-07-04,Donald J. Trump (second term),R,119-21,roll 190,2025-07-03,On Motion to Concur in the Senate Amendment,218,2,0,0,0,212,0,0,0,0,0,0,roll 372,2025-07-01,On Passage of the Bill,50,3,0,0,0,45,0,0,0,2,0,0,D:2,-,-,-,-,-,-,-,-,-,An act to provide for reconciliation pursuant to title II of H. Con. Res. 14.
119,H.R. 4,bill,signed,2025-07-24,Donald J. Trump (second term),R,119-28,no recorded vote,2025-07-18,-,-,-,-,-,-,-,-,-,-,-,-,-,roll 411,2025-07-17,On Passage of the Bill,51,2,0,0,0,44,0,1,0,2,0,0,D:2,-,-,-,-,-,-,-,-,-,Rescissions Act of 2025
119,H.R. 42,bill,signed,2025-07-07,Donald J. Trump (second term),R,119-22,voice vote,2025-02-04,-,-,-,-,-,-,-,-,-,-,-,-,-,voice vote,2025-06-18,-,-,-,-,-,-,-,-,-,-,-,-,-,-,-,-,-,-,-,-,-,-,-,Alaska Native Settlement Trust Eligibility Act
119,H.R. 43,bill,signed,2025-07-07,Donald J. Trump (second term),R,119-23,roll 28,2025-02-04,On Motion to Suspend the Rules and Pass,208,0,0,10,204,1,0,10,0,0,0,0,voice vote,2025-06-18,-,-,-,-,-,-,-,-,-,-,-,-,-,-,-,-,-,-,-,-,-,-,-,Alaska Native Village Municipal Lands Restoration Act of 2025
119,H.R. 131,bill,vetoed,2025-12-29,Donald J. Trump (second term),R,-,voice vote,2025-07-21,-,-,-,-,-,-,-,-,-,-,-,-,-,voice vote,2025-12-16,-,-,-,-,-,-,-,-,-,-,-,-,-,-,roll 9,248,177,sustained,-,-,-,-,-,Finish the Arkansas Valley Conduit Act
119,H.R. 165,bill,signed,2025-12-19,Donald J. Trump (second term),R,119-61,roll 22,2025-01-22,On Motion to Suspend the Rules and Pass,216,0,0,2,200,0,0,15,0,0,0,0,unanimous consent,2025-12-11,-,-,-,-,-,-,-,-,-,-,-,-,-,-,-,-,-,-,-,-,-,-,-,Wounded Knee Massacre Memorial and Sacred Site Act
119,H.R. 187,bill,signed,2025-12-26,Donald J. Trump (second term),R,119-62,roll 19,2025-01-21,"On Motion to Suspend the Rules and Pass, as Amended",211,0,0,6,202,0,0,13,0,0,0,0,voice vote,2025-12-16,-,-,-,-,-,-,-,-,-,-,-,-,-,-,-,-,-,-,-,-,-,-,-,MAPWaters Act of 2025
119,H.R. 224,bill,signed,2026-01-20,Donald J. Trump (second term),R,119-70,voice vote,2025-02-10,-,-,-,-,-,-,-,-,-,-,-,-,-,unanimous consent,2026-01-06,-,-,-,-,-,-,-,-,-,-,-,-,-,-,-,-,-,-,-,-,-,-,-,Disabled Veterans Housing Support Act
119,H.R. 410,bill,signed,2025-12-26,Donald J. Trump (second term),R,119-63,voice vote,2025-07-14,-,-,-,-,-,-,-,-,-,-,-,-,-,voice vote,2025-12-16,-,-,-,-,-,-,-,-,-,-,-,-,-,-,-,-,-,-,-,-,-,-,-,Alaska Native Vietnam Era Veterans Land Allotment Extension Act of 2025
119,H.R. 452,bill,signed,2025-12-12,Donald J. Trump (second term),R,119-53,voice vote,2025-09-15,-,-,-,-,-,-,-,-,-,-,-,-,-,unanimous consent,2025-09-08,-,-,-,-,-,-,-,-,-,-,-,-,-,-,-,-,-,-,-,-,-,-,-,Miracle on Ice Congressional Gold Medal Act
119,H.R. 504,bill,vetoed,2025-12-29,Donald J. Trump (second term),R,-,voice vote,2025-07-14,-,-,-,-,-,-,-,-,-,-,-,-,-,unanimous consent,2025-12-11,-,-,-,-,-,-,-,-,-,-,-,-,-,-,roll 8,236,188,sustained,-,-,-,-,-,Miccosukee Reserved Area Amendments Act
119,H.R. 517,bill,signed,2025-07-24,Donald J. Trump (second term),R,119-29,roll 84,2025-03-31,"On Motion to Suspend the Rules and Pass, as Amended",195,0,0,22,193,0,0,20,0,0,0,0,unanimous consent,2025-07-10,-,-,-,-,-,-,-,-,-,-,-,-,-,-,-,-,-,-,-,-,-,-,-,Filing Relief for Natural Disasters Act
119,H.R. 618,bill,signed,2025-07-15,Donald J. Trump (second term),R,119-24,voice vote,2025-05-13,-,-,-,-,-,-,-,-,-,-,-,-,-,voice vote,2025-06-18,-,-,-,-,-,-,-,-,-,-,-,-,-,-,-,-,-,-,-,-,-,-,-,Apex Area Technical Corrections Act
119,H.R. 695,bill,signed,2025-12-01,Donald J. Trump (second term),R,119-43,roll 51,2025-02-26,"On Motion to Suspend the Rules and Pass, as Amended",213,0,0,5,211,0,0,4,0,0,0,0,unanimous consent,2025-11-07,-,-,-,-,-,-,-,-,-,-,-,-,-,-,-,-,-,-,-,-,-,-,-,Medal of Honor Act
119,H.R. 970,bill,signed,2025-12-12,Donald J. Trump (second term),R,119-54,voice vote,2025-04-07,-,-,-,-,-,-,-,-,-,-,-,-,-,unanimous consent,2025-11-20,-,-,-,-,-,-,-,-,-,-,-,-,-,-,-,-,-,-,-,-,-,-,-,Fairness for Servicemembers and their Families Act of 2025
119,H.R. 972,bill,signed,2026-05-19,Donald J. Trump (second term),R,119-91,voice vote,2025-12-15,-,-,-,-,-,-,-,-,-,-,-,-,-,unanimous consent,2026-02-26,-,-,-,-,-,-,-,-,-,-,-,-,-,-,-,-,-,-,-,-,-,-,-,Sloan Canyon Conservation and Lateral Pipeline Act
119,H.R. 983,bill,signed,2025-12-12,Donald J. Trump (second term),R,119-55,voice vote,2025-04-07,-,-,-,-,-,-,-,-,-,-,-,-,-,unanimous consent,2025-11-20,-,-,-,-,-,-,-,-,-,-,-,-,-,-,-,-,-,-,-,-,-,-,-,Montgomery GI Bill Selected Reserves Tuition Fairness Act of 2025
119,H.R. 998,bill,signed,2025-11-25,Donald J. Trump (second term),R,119-39,voice vote,2025-03-31,-,-,-,-,-,-,-,-,-,-,-,-,-,unanimous consent,2025-10-20,-,-,-,-,-,-,-,-,-,-,-,-,-,-,-,-,-,-,-,-,-,-,-,Internal Revenue Service Math and Taxpayer Help Act
119,H.R. 1043,bill,signed,2025-12-29,Donald J. Trump (second term),R,119-68,voice vote,2025-07-21,-,-,-,-,-,-,-,-,-,-,-,-,-,voice vote,2025-12-16,-,-,-,-,-,-,-,-,-,-,-,-,-,-,-,-,-,-,-,-,-,-,-,La Paz County Solar Energy and Job Creation Act
119,H.R. 1276,bill,signed,2026-09-11,Donald J. Trump (second term),R,119-105,voice vote,2025-12-09,-,-,-,-,-,-,-,-,-,-,-,-,-,unanimous consent,2026-08-07,-,-,-,-,-,-,-,-,-,-,-,-,-,-,-,-,-,-,-,-,-,-,-,"To remove restrictions from a parcel of land in Paducah, Kentucky."
119,H.R. 1316,bill,signed,2025-08-19,Donald J. Trump (second term),R,119-34,voice vote,2025-05-05,-,-,-,-,-,-,-,-,-,-,-,-,-,unanimous consent,2025-07-22,-,-,-,-,-,-,-,-,-,-,-,-,-,-,-,-,-,-,-,-,-,-,-,Maintaining American Superiority by Improving Export Control Transparency Act
119,H.R. 1491,bill,signed,2025-12-26,Donald J. Trump (second term),R,119-64,roll 88,2025-04-01,"On Motion to Suspend the Rules and Pass, as Amended",212,0,0,6,211,0,0,2,0,0,0,0,unanimous consent,2025-12-11,-,-,-,-,-,-,-,-,-,-,-,-,-,-,-,-,-,-,-,-,-,-,-,Disaster Related Extension of Deadlines Act
119,H.R. 1512,bill,signed,2025-12-02,Donald J. Trump (second term),R,119-45,voice vote,2025-05-05,-,-,-,-,-,-,-,-,-,-,-,-,-,unanimous consent,2025-11-18,-,-,-,-,-,-,-,-,-,-,-,-,-,-,-,-,-,-,-,-,-,-,-,Taiwan Assurance Implementation Act
119,H.R. 1815,bill,signed,2025-07-30,Donald J. Trump (second term),R,119-31,voice vote,2025-05-19,-,-,-,-,-,-,-,-,-,-,-,-,-,voice vote,2025-07-15,-,-,-,-,-,-,-,-,-,-,-,-,-,-,-,-,-,-,-,-,-,-,-,VA Home Loan Program Reform Act
119,H.R. 1823,bill,signed,2026-01-20,Donald J. Trump (second term),R,119-71,voice vote,2025-05-19,-,-,-,-,-,-,-,-,-,-,-,-,-,unanimous consent,2025-12-18,-,-,-,-,-,-,-,-,-,-,-,-,-,-,-,-,-,-,-,-,-,-,-,VA Budget Shortfall Accountability Act
119,H.R. 1912,bill,signed,2025-12-12,Donald J. Trump (second term),R,119-56,voice vote,2025-05-05,-,-,-,-,-,-,-,-,-,-,-,-,-,unanimous consent,2025-11-20,-,-,-,-,-,-,-,-,-,-,-,-,-,-,-,-,-,-,-,-,-,-,-,Veteran Fraud Reimbursement Act of 2025
119,H.R. 1968,bill,signed,2025-03-15,Donald J. Trump (second term),R,119-4,roll 70,2025-03-11,On Passage,216,1,0,1,1,212,0,1,0,0,0,0,roll 133,2025-03-14,On Passage of the Bill,52,1,0,0,1,44,0,0,1,1,0,0,D:2,-,-,-,-,-,-,-,-,-,"Full-Year Continuing Appropriations and Extensions Act, 2025"
119,H.R. 2066,bill,signed,2026-05-19,Donald J. Trump (second term),R,119-92,voice vote,2025-12-01,-,-,-,-,-,-,-,-,-,-,-,-,-,unanimous consent,2026-04-15,-,-,-,-,-,-,-,-,-,-,-,-,-,-,-,-,-,-,-,-,-,-,-,Investing in All of America Act of 2025
119,H.R. 2069,bill,signed,2026-09-11,Donald J. Trump (second term),R,119-106,voice vote,2026-07-20,-,-,-,-,-,-,-,-,-,-,-,-,-,unanimous consent,2026-08-07,-,-,-,-,-,-,-,-,-,-,-,-,-,-,-,-,-,-,-,-,-,-,-,Stop Secret Spending Act of 2025
119,H.R. 2170,bill,signed,2025-09-05,Donald J. Trump (second term),R,119-35,voice vote,2025-07-21,-,-,-,-,-,-,-,-,-,-,-,-,-,unanimous consent,2025-08-02,-,-,-,-,-,-,-,-,-,-,-,-,-,-,-,-,-,-,-,-,-,-,-,"To name the Department of Veterans Affairs community-based outpatient clinic in Toms River, New Jersey, the Leonard G. 'Bud' Lomell, VA Clinic, and for other purposes."
119,H.R. 2196,bill,signed,2026-09-11,Donald J. Trump (second term),R,119-107,voice vote,2026-03-16,-,-,-,-,-,-,-,-,-,-,-,-,-,unanimous consent,2026-08-07,-,-,-,-,-,-,-,-,-,-,-,-,-,-,-,-,-,-,-,-,-,-,-,National Emergency Medical Services Memorial Extension Act
119,H.R. 2215,bill,signed,2025-07-15,Donald J. Trump (second term),R,119-25,roll 125,2025-05-14,On Motion to Suspend the Rules and Pass,182,31,0,6,200,0,0,13,0,0,0,0,voice vote,2025-06-18,-,-,-,-,-,-,-,-,-,-,-,-,-,-,-,-,-,-,-,-,-,-,-,Salem Maritime National Historical Park Redesignation and Boundary Study Act
119,H.R. 2316,bill,signed,2025-11-25,Donald J. Trump (second term),R,119-40,voice vote,2025-07-14,-,-,-,-,-,-,-,-,-,-,-,-,-,unanimous consent,2025-10-23,-,-,-,-,-,-,-,-,-,-,-,-,-,-,-,-,-,-,-,-,-,-,-,Wetlands Conservation and Access Improvement Act of 2025
119,H.R. 2483,bill,signed,2025-12-01,Donald J. Trump (second term),R,119-44,roll 151,2025-06-04,On Passage,188,27,0,5,178,30,0,4,0,0,0,0,unanimous consent,2025-09-18,-,-,-,-,-,-,-,-,-,-,-,-,-,-,-,-,-,-,-,-,-,-,-,SUPPORT for Patients and Communities Reauthorization Act of 2025
119,H.R. 2808,bill,signed,2025-09-05,Donald J. Trump (second term),R,119-36,voice vote,2025-06-23,-,-,-,-,-,-,-,-,-,-,-,-,-,unanimous consent,2025-08-02,-,-,-,-,-,-,-,-,-,-,-,-,-,-,-,-,-,-,-,-,-,-,-,Homebuyers Privacy Protection Act
119,H.R. 2815,bill,signed,2026-05-19,Donald J. Trump (second term),R,119-93,voice vote,2025-12-15,-,-,-,-,-,-,-,-,-,-,-,-,-,unanimous consent,2026-02-26,-,-,-,-,-,-,-,-,-,-,-,-,-,-,-,-,-,-,-,-,-,-,-,Cape Fox Land Entitlement Finalization Act of 2025
119,H.R. 3490,bill,signed,2026-06-09,Donald J. Trump (second term),R,119-96,voice vote,2025-06-03,-,-,-,-,-,-,-,-,-,-,-,-,-,unanimous consent,2026-05-20,-,-,-,-,-,-,-,-,-,-,-,-,-,-,-,-,-,-,-,-,-,-,-,Gerald E. Connolly Esophageal Cancer Awareness Act of 2025
119,H.R. 3497,bill,signed,2026-05-28,Donald J. Trump (second term),R,119-94,voice vote,2026-02-02,-,-,-,-,-,-,-,-,-,-,-,-,-,unanimous consent,2026-05-11,-,-,-,-,-,-,-,-,-,-,-,-,-,-,-,-,-,-,-,-,-,-,-,Medal of Sacrifice Act
119,H.R. 3657,bill,signed,2026-09-25,Donald J. Trump (second term),R,119-112,voice vote,2025-07-14,-,-,-,-,-,-,-,-,-,-,-,-,-,unanimous consent,2026-09-16,-,-,-,-,-,-,-,-,-,-,-,-,-,-,-,-,-,-,-,-,-,-,-,Hydropower Licensing Transparency Act
119,H.R. 4323,bill,signed,2026-01-23,Donald J. Trump (second term),R,119-73,voice vote,2025-12-01,-,-,-,-,-,-,-,-,-,-,-,-,-,unanimous consent,2025-12-18,-,-,-,-,-,-,-,-,-,-,-,-,-,-,-,-,-,-,-,-,-,-,-,Trafficking Survivors Relief Act
119,H.R. 4405,bill,signed,2025-11-19,Donald J. Trump (second term),R,119-38,roll 289,2025-11-18,On Motion to Suspend the Rules and Pass,216,1,0,2,211,0,0,3,0,0,0,0,unanimous consent,2025-11-19,-,-,-,-,-,-,-,-,-,-,-,-,-,-,-,-,-,-,-,-,-,-,-,Epstein Files Transparency Act
119,H.R. 4446,bill,signed,2026-01-20,Donald J. Trump (second term),R,119-72,voice vote,2025-09-15,-,-,-,-,-,-,-,-,-,-,-,-,-,unanimous consent,2025-12-18,-,-,-,-,-,-,-,-,-,-,-,-,-,-,-,-,-,-,-,-,-,-,-,FAST VETS Act
119,H.R. 5334,bill,signed,2026-09-18,Donald J. Trump (second term),R,119-111,roll 308,2026-09-16,On Motion to Concur in the Senate Amendments,203,7,0,8,58,152,0,4,1,0,0,0,roll 224,2026-08-07,On Passage of the Bill,49,1,0,3,36,9,0,0,1,1,0,0,D:2,-,-,-,-,-,-,-,-,-,Lindsey O. Graham Sanctioning Russia and Iran Act of 2026
119,H.R. 5366,bill,signed,2026-09-11,Donald J. Trump (second term),R,119-108,voice vote,2026-04-27,-,-,-,-,-,-,-,-,-,-,-,-,-,unanimous consent,2026-08-07,-,-,-,-,-,-,-,-,-,-,-,-,-,-,-,-,-,-,-,-,-,-,-,Doug LaMalfa Federal Disaster Tax Relief Certainty Act
119,H.R. 5371,bill,signed,2025-11-12,Donald J. Trump (second term),R,119-37,roll 285,2025-11-12,On Motion to Concur in the Senate Amendment,216,2,0,1,6,207,0,1,0,0,0,0,roll 618,2025-11-10,On Passage of the Bill,52,1,0,0,7,38,0,0,1,1,0,0,D:2,-,-,-,-,-,-,-,-,-,"Continuing Appropriations, Agriculture, Legislative Branch, Military Construction and Veterans Affairs, and Extensions Act, 2026"
119,H.R. 6500,bill,signed,2026-09-02,Donald J. Trump (second term),R,119-103,roll 286,2026-09-01,On Motion to Suspend the Rules and Concur in the Senate Amendments,193,19,0,6,176,29,0,8,1,0,0,0,roll 228,2026-08-08,On Passage of the Bill,47,2,1,3,42,3,0,0,1,1,0,0,D:2,-,-,-,-,-,-,-,-,-,"Continuing Appropriations and Extensions Act, 2027"
119,H.R. 6644,bill,law without signature,2026-07-11,Donald J. Trump (second term),R,119-101,roll 224,2026-06-23,On Motion to Suspend the Rules and Concur in Senate Adt to House Adt to Senate Adt,166,32,0,20,191,0,0,21,1,0,0,0,roll 182,2026-06-22,On the Motion,42,5,0,6,41,0,0,4,2,0,0,0,D:2,-,-,-,-,-,-,-,-,-,21st Century ROAD to Housing Act
119,H.R. 6938,bill,signed,2026-01-23,Donald J. Trump (second term),R,119-74,roll 7,2026-01-08,On Passage,191,22,0,5,206,6,0,1,0,0,0,0,roll 11,2026-01-15,On Passage of the Bill,46,5,0,2,35,9,0,1,1,1,0,0,D:2,-,-,-,-,-,-,-,-,-,"Commerce, Justice, Science; Energy and Water Development; and Interior and Environment Appropriations Act, 2026"
119,H.R. 7147,bill,signed,2026-04-30,Donald J. Trump (second term),R,119-86,voice vote,2026-04-30,-,-,-,-,-,-,-,-,-,-,-,-,-,voice vote,2026-03-27,-,-,-,-,-,-,-,-,-,-,-,-,-,-,-,-,-,-,-,-,-,-,-,"Homeland Security and Further Additional Continuing Appropriations Act, 2026."
119,H.R. 7148,bill,signed,2026-02-03,Donald J. Trump (second term),R,119-75,roll 53,2026-02-03,On Motion to Concur in the Senate Amendments,196,21,0,1,21,193,0,0,0,0,0,0,roll 20,2026-01-30,On Passage of the Bill,48,5,0,0,22,23,0,0,1,1,0,0,D:2,-,-,-,-,-,-,-,-,-,"Consolidated Appropriations Act, 2026"
119,H.R. 7211,bill,signed,2026-03-26,Donald J. Trump (second term),R,119-81,unanimous consent,2026-02-03,-,-,-,-,-,-,-,-,-,-,-,-,-,unanimous consent,2026-03-03,-,-,-,-,-,-,-,-,-,-,-,-,-,-,-,-,-,-,-,-,-,-,-,"To authorize the President to award the Medal of Honor to John W. Ripley for acts of valor during the Vietnam War, and for other purposes."
119,H.R. 7250,bill,signed,2026-09-25,Donald J. Trump (second term),R,119-113,voice vote,2026-06-02,-,-,-,-,-,-,-,-,-,-,-,-,-,voice vote,2026-09-16,-,-,-,-,-,-,-,-,-,-,-,-,-,-,-,-,-,-,-,-,-,-,-,To reauthorize the Fort Peck Reservation Rural Water System Act of 2000.
119,H.R. 8322,bill,signed,2026-04-18,Donald J. Trump (second term),R,119-84,unanimous consent,2026-04-17,-,-,-,-,-,-,-,-,-,-,-,-,-,voice vote,2026-04-17,-,-,-,-,-,-,-,-,-,-,-,-,-,-,-,-,-,-,-,-,-,-,-,"To amend the FISA Amendments Act of 2008 to extend the authorities of title VII of the Foreign Intelligence Surveillance Act of 1978 through April 30, 2026, and for other purposes."
119,S. 2,bill,signed,2026-06-10,Donald J. Trump (second term),R,119-98,roll 214,2026-06-09,On Passage,214,0,0,3,0,211,0,1,0,1,0,0,roll 163,2026-06-05,On Passage of the Bill,52,1,0,0,0,44,0,1,0,2,0,0,D:2,-,-,-,-,-,-,-,-,-,Secure America Act
119,S. 5,bill,signed,2025-01-29,Donald J. Trump (second term),R,119-1,roll 23,2025-01-22,On Passage,217,0,0,1,46,156,0,13,0,0,0,0,roll 7,2025-01-20,On Passage of the Bill,52,0,0,0,12,33,0,0,0,2,0,0,D:2,-,-,-,-,-,-,-,-,-,Laken Riley Act
119,S. 32,bill,signed,2026-09-16,Donald J. Trump (second term),R,119-109,roll 285,2026-08-31,On Motion to Suspend the Rules and Pass,186,10,0,21,191,0,0,21,1,0,0,0,unanimous consent,2025-02-12,-,-,-,-,-,-,-,-,-,-,-,-,-,-,-,-,-,-,-,-,-,-,-,LACA
119,S. 98,bill,signed,2026-05-11,Donald J. Trump (second term),R,119-89,voice vote,2026-04-20,-,-,-,-,-,-,-,-,-,-,-,-,-,voice vote,2025-06-26,-,-,-,-,-,-,-,-,-,-,-,-,-,-,-,-,-,-,-,-,-,-,-,Rural Broadband Protection Act of 2025
119,S. 146,bill,signed,2025-05-19,Donald J. Trump (second term),R,119-12,roll 104,2025-04-28,On Motion to Suspend the Rules and Pass,207,2,0,11,202,0,0,11,0,0,0,0,unanimous consent,2025-02-13,-,-,-,-,-,-,-,-,-,-,-,-,-,-,-,-,-,-,-,-,-,-,-,TAKE IT DOWN Act
119,S. 160,bill,signed,2025-06-12,Donald J. Trump (second term),R,119-18,voice vote,2025-06-03,-,-,-,-,-,-,-,-,-,-,-,-,-,unanimous consent,2025-04-08,-,-,-,-,-,-,-,-,-,-,-,-,-,-,-,-,-,-,-,-,-,-,-,Aerial Firefighting Enhancement Act of 2025
119,S. 201,bill,signed,2025-08-14,Donald J. Trump (second term),R,119-32,voice vote,2025-07-21,-,-,-,-,-,-,-,-,-,-,-,-,-,unanimous consent,2025-06-03,-,-,-,-,-,-,-,-,-,-,-,-,-,-,-,-,-,-,-,-,-,-,-,ACES Act of 2025
119,S. 216,bill,signed,2025-12-26,Donald J. Trump (second term),R,119-65,voice vote,2025-12-15,-,-,-,-,-,-,-,-,-,-,-,-,-,voice vote,2025-05-20,-,-,-,-,-,-,-,-,-,-,-,-,-,-,-,-,-,-,-,-,-,-,-,Save Our Seas 2.0 Amendments Act
119,S. 222,bill,signed,2026-01-14,Donald J. Trump (second term),R,119-69,voice vote,2025-12-15,-,-,-,-,-,-,-,-,-,-,-,-,-,unanimous consent,2025-11-20,-,-,-,-,-,-,-,-,-,-,-,-,-,-,-,-,-,-,-,-,-,-,-,Whole Milk for Healthy Kids Act of 2025
119,S. 254,bill,signed,2026-06-12,Donald J. Trump (second term),R,119-99,roll 193,2026-06-03,On Motion to Suspend the Rules and Pass,196,14,0,7,207,0,0,5,1,0,0,0,unanimous consent,2025-10-08,-,-,-,-,-,-,-,-,-,-,-,-,-,-,-,-,-,-,-,-,-,-,-,ARTIST Act
119,S. 260,bill,signed,2025-11-25,Donald J. Trump (second term),R,119-41,voice vote,2025-11-17,-,-,-,-,-,-,-,-,-,-,-,-,-,unanimous consent,2025-05-14,-,-,-,-,-,-,-,-,-,-,-,-,-,-,-,-,-,-,-,-,-,-,-,Bottles and Breastfeeding Equipment Screening Enhancement Act
119,S. 269,bill,signed,2026-02-10,Donald J. Trump (second term),R,119-77,voice vote,2026-01-12,-,-,-,-,-,-,-,-,-,-,-,-,-,unanimous consent,2025-09-19,-,-,-,-,-,-,-,-,-,-,-,-,-,-,-,-,-,-,-,-,-,-,-,Ending Improper Payments to Deceased People Act
119,S. 284,bill,signed,2025-12-26,Donald J. Trump (second term),R,119-66,roll 335,2025-12-15,On Motion to Suspend the Rules and Pass,176,22,0,22,194,0,0,19,0,0,0,0,unanimous consent,2025-10-20,-,-,-,-,-,-,-,-,-,-,-,-,-,-,-,-,-,-,-,-,-,-,-,Congressional Award Program Reauthorization Act
119,S. 307,bill,signed,2026-09-16,Donald J. Trump (second term),R,119-110,roll 284,2026-08-31,On Motion to Suspend the Rules and Pass,187,8,0,22,189,0,0,23,0,0,0,1,unanimous consent,2025-04-29,-,-,-,-,-,-,-,-,-,-,-,-,-,-,-,-,-,-,-,-,-,-,-,Prison Staff Safety Enhancement Act
119,S. 331,bill,signed,2025-07-16,Donald J. Trump (second term),R,119-26,roll 166,2025-06-12,On Passage,217,1,0,2,104,103,0,5,0,0,0,0,roll 127,2025-03-14,On Passage of the Bill,53,0,0,0,30,15,0,0,1,1,0,0,D:2,-,-,-,-,-,-,-,-,-,HALT Fentanyl Act
119,S. 356,bill,signed,2025-12-18,Donald J. Trump (second term),R,119-58,roll 315,2025-12-09,On Motion to Suspend the Rules and Pass,198,5,0,16,201,0,0,12,0,0,0,0,voice vote,2025-06-18,-,-,-,-,-,-,-,-,-,-,-,-,-,-,-,-,-,-,-,-,-,-,-,Secure Rural Schools Reauthorization Act of 2025
119,S. 423,bill,signed,2025-08-14,Donald J. Trump (second term),R,119-33,voice vote,2025-07-21,-,-,-,-,-,-,-,-,-,-,-,-,-,unanimous consent,2025-04-08,-,-,-,-,-,-,-,-,-,-,-,-,-,-,-,-,-,-,-,-,-,-,-,PRO Veterans Act of 2025
119,S. 550,bill,signed,2026-09-25,Donald J. Trump (second term),R,119-114,voice vote,2026-09-14,-,-,-,-,-,-,-,-,-,-,-,-,-,unanimous consent,2025-12-15,-,-,-,-,-,-,-,-,-,-,-,-,-,-,-,-,-,-,-,-,-,-,-,"A bill to provide for the equitable settlement of certain Indian land disputes regarding land in Illinois, and for other purposes."
119,S. 603,bill,signed,2026-09-25,Donald J. Trump (second term),R,119-115,voice vote,2026-09-14,-,-,-,-,-,-,-,-,-,-,-,-,-,unanimous consent,2026-05-20,-,-,-,-,-,-,-,-,-,-,-,-,-,-,-,-,-,-,-,-,-,-,-,"A bill to designate the General George C. Marshall House, in the Commonwealth of Virginia, as an affiliated area of the National Park System, and for other purposes."
119,S. 616,bill,signed,2025-12-12,Donald J. Trump (second term),R,119-57,voice vote,2025-12-01,-,-,-,-,-,-,-,-,-,-,-,-,-,unanimous consent,2025-04-30,-,-,-,-,-,-,-,-,-,-,-,-,-,-,-,-,-,-,-,-,-,-,-,Foundation of the Federal Bar Association Charter Amendments Act of 2025
119,S. 629,bill,law without signature,2026-07-12,Donald J. Trump (second term),R,119-102,roll 223,2026-06-23,On Motion to Suspend the Rules and Pass,178,19,0,21,189,0,0,23,1,0,0,0,unanimous consent,2026-03-24,-,-,-,-,-,-,-,-,-,-,-,-,-,-,-,-,-,-,-,-,-,-,-,Emergency Conservation Program Improvement Act of 2025
119,S. 723,bill,signed,2026-05-04,Donald J. Trump (second term),R,119-88,roll 81,2026-03-04,On Motion to Suspend the Rules and Pass,176,39,0,3,208,1,0,5,0,0,0,0,unanimous consent,2025-12-11,-,-,-,-,-,-,-,-,-,-,-,-,-,-,-,-,-,-,-,-,-,-,-,Tribal Trust Land Homeownership Act of 2025
119,S. 759,bill,signed,2026-09-25,Donald J. Trump (second term),R,119-116,voice vote,2026-09-14,-,-,-,-,-,-,-,-,-,-,-,-,-,unanimous consent,2025-09-10,-,-,-,-,-,-,-,-,-,-,-,-,-,-,-,-,-,-,-,-,-,-,-,Modernizing Access to Our Public Oceans Act
119,S. 790,bill,signed,2026-09-25,Donald J. Trump (second term),R,119-117,voice vote,2026-09-14,-,-,-,-,-,-,-,-,-,-,-,-,-,unanimous consent,2026-05-20,-,-,-,-,-,-,-,-,-,-,-,-,-,-,-,-,-,-,-,-,-,-,-,"A bill to redesignate the National Historic Trails Interpretive Center in Casper, Wyoming, as the ""Barbara L. Cubin National Historic Trails Interpretive Center""."
119,S. 858,bill,signed,2026-09-10,Donald J. Trump (second term),R,119-104,voice vote,2026-08-31,-,-,-,-,-,-,-,-,-,-,-,-,-,unanimous consent,2026-03-25,-,-,-,-,-,-,-,-,-,-,-,-,-,-,-,-,-,-,-,-,-,-,-,Hershel âWoody' Williams National Medal of Honor Monument Location Act
119,S. 1003,bill,signed,2026-06-26,Donald J. Trump (second term),R,119-100,roll 181,2026-05-20,On Motion to Suspend the Rules and Pass,197,6,0,14,203,0,0,9,1,0,0,0,unanimous consent,2025-07-08,-,-,-,-,-,-,-,-,-,-,-,-,-,-,-,-,-,-,-,-,-,-,-,Luluâs Law
119,S. 1020,bill,signed,2026-05-11,Donald J. Trump (second term),R,119-90,roll 129,2026-04-21,On Motion to Suspend the Rules and Pass,186,14,0,16,207,0,0,6,1,0,0,0,unanimous consent,2025-07-29,-,-,-,-,-,-,-,-,-,-,-,-,-,-,-,-,-,-,-,-,-,-,-,A bill to require the Federal Energy Regulatory Commission to extend the time period during which licensees are required to commence construction of certain hydropower projects.
119,S. 1071,bill,signed,2025-12-18,Donald J. Trump (second term),R,119-60,roll 320,2025-12-10,On Passage,197,18,0,5,115,94,0,4,0,0,0,0,roll 648,2025-12-17,On the Motion,49,2,0,2,27,17,0,1,1,1,0,0,D:2,-,-,-,-,-,-,-,-,-,National Defense Authorization Act for Fiscal Year 2026
119,S. 1582,bill,signed,2025-07-18,Donald J. Trump (second term),R,119-27,roll 200,2025-07-17,On Passage,206,12,0,2,102,110,0,0,0,0,0,0,roll 318,2025-06-17,On Passage of the Bill,50,2,0,1,18,26,0,1,0,2,0,0,D:2,-,-,-,-,-,-,-,-,-,GENIUS Act
119,S. 1596,bill,signed,2025-07-24,Donald J. Trump (second term),R,119-30,roll 193,2025-07-14,On Motion to Suspend the Rules and Pass,194,0,0,25,178,0,0,34,0,0,0,0,voice vote,2025-05-13,-,-,-,-,-,-,-,-,-,-,-,-,-,-,-,-,-,-,-,-,-,-,-,Jocelyn Nungaray National Wildlife Refuge Act
119,S. 1884,bill,signed,2026-04-13,Donald J. Trump (second term),R,119-82,voice vote,2026-03-16,-,-,-,-,-,-,-,-,-,-,-,-,-,unanimous consent,2025-12-10,-,-,-,-,-,-,-,-,-,-,-,-,-,-,-,-,-,-,-,-,-,-,-,Holocaust Expropriated Art Recovery Act of 2025
119,S. 2283,bill,signed,2025-12-18,Donald J. Trump (second term),R,119-59,voice vote,2025-12-09,-,-,-,-,-,-,-,-,-,-,-,-,-,unanimous consent,2025-10-09,-,-,-,-,-,-,-,-,-,-,-,-,-,-,-,-,-,-,-,-,-,-,-,"A bill to designate the facility of the United States Postal Service located at 201 West Oklahoma Avenue in Guthrie, Oklahoma, as the ""Oscar J. Upham Post Office""."
119,S. 2392,bill,signed,2025-11-25,Donald J. Trump (second term),R,119-42,voice vote,2025-11-17,-,-,-,-,-,-,-,-,-,-,-,-,-,unanimous consent,2025-11-09,-,-,-,-,-,-,-,-,-,-,-,-,-,-,-,-,-,-,-,-,-,-,-,Veteransâ Compensation Cost-of-Living Adjustment Act of 2025
119,S. 2393,bill,signed,2026-06-09,Donald J. Trump (second term),R,119-97,roll 180,2026-05-20,On Motion to Suspend the Rules and Pass,199,5,0,13,205,0,0,7,1,0,0,0,unanimous consent,2025-12-17,-,-,-,-,-,-,-,-,-,-,-,-,-,-,-,-,-,-,-,-,-,-,-,Fiscal Year 2025 Veterans Affairs Major Medical Facility Authorization Act
119,S. 2398,bill,signed,2026-09-30,Donald J. Trump (second term),R,119-118,voice vote,2026-09-15,-,-,-,-,-,-,-,-,-,-,-,-,-,voice vote,2026-08-06,-,-,-,-,-,-,-,-,-,-,-,-,-,-,-,-,-,-,-,-,-,-,-,Kay Hagan Tick Reauthorization Act
119,S. 2878,bill,signed,2025-12-26,Donald J. Trump (second term),R,119-67,voice vote,2025-12-15,-,-,-,-,-,-,-,-,-,-,-,-,-,unanimous consent,2025-11-19,-,-,-,-,-,-,-,-,-,-,-,-,-,-,-,-,-,-,-,-,-,-,-,Great Lakes Fishery Research Reauthorization Act
119,S. 3424,bill,signed,2026-02-06,Donald J. Trump (second term),R,119-76,voice vote,2026-01-12,-,-,-,-,-,-,-,-,-,-,-,-,-,unanimous consent,2025-12-10,-,-,-,-,-,-,-,-,-,-,-,-,-,-,-,-,-,-,-,-,-,-,-,Bankruptcy Administration Improvement Act of 2025
119,S. 3705,bill,signed,2026-02-18,Donald J. Trump (second term),R,119-79,voice vote,2026-02-09,-,-,-,-,-,-,-,-,-,-,-,-,-,unanimous consent,2026-01-27,-,-,-,-,-,-,-,-,-,-,-,-,-,-,-,-,-,-,-,-,-,-,-,Semiquincentennial Congressional Time Capsule Act
119,S. 3971,bill,signed,2026-04-13,Donald J. Trump (second term),R,119-83,roll 89,2026-03-17,On Motion to Suspend the Rules and Pass,153,40,0,24,192,1,0,21,0,0,0,0,voice vote,2026-03-03,-,-,-,-,-,-,-,-,-,-,-,-,-,-,-,-,-,-,-,-,-,-,-,Small Business Innovation and Economic Security Act
119,S. 4138,bill,signed,2026-03-20,Donald J. Trump (second term),R,119-80,unanimous consent,2026-03-19,-,-,-,-,-,-,-,-,-,-,-,-,-,unanimous consent,2026-03-18,-,-,-,-,-,-,-,-,-,-,-,-,-,-,-,-,-,-,-,-,-,-,-,"A bill to waive the 60-day notice requirement for the posthumous honorary promotion of Captain Cody Khork, United States Army."
119,S. 4465,bill,signed,2026-04-30,Donald J. Trump (second term),R,119-87,roll 155,2026-04-30,On Motion to Suspend the Rules and Pass,166,26,0,25,94,85,0,33,1,0,0,0,voice vote,2026-04-30,-,-,-,-,-,-,-,-,-,-,-,-,-,-,-,-,-,-,-,-,-,-,-,"A bill to amend the FISA Amendments Act of 2008 to extend the authorities of title VII of the Foreign Intelligence Surveillance Act of 1978, and for other purposes."
119,S. 4530,bill,signed,2026-05-29,Donald J. Trump (second term),R,119-95,voice vote,2026-05-19,-,-,-,-,-,-,-,-,-,-,-,-,-,unanimous consent,2026-05-14,-,-,-,-,-,-,-,-,-,-,-,-,-,-,-,-,-,-,-,-,-,-,-,"A bill to amend chapters 83 and 84 of title 5, United States Code, to authorize an increase of the retirement age for members of the Capitol Police."
119,S.J.Res. 11,CRA disapproval,signed,2025-03-14,Donald J. Trump (second term),R,119-3,roll 61,2025-03-06,On Passage,212,1,1,4,9,201,0,4,0,0,0,0,roll 92,2025-02-25,On the Joint Resolution,51,0,0,2,3,42,0,0,0,2,0,0,D:2,-,-,-,-,-,-,-,-,-,"A joint resolution providing for congressional disapproval under chapter 8 of title 5, United States Code, of the rule submitted by the Bureau of Ocean Energy Management relating to ""Protection of Marine Archaeological Resources""."
119,S.J.Res. 13,CRA disapproval,signed,2025-06-20,Donald J. Trump (second term),R,119-19,roll 137,2025-05-20,On Passage,219,0,0,1,1,207,0,5,0,0,0,0,roll 237,2025-05-07,On the Joint Resolution,52,0,0,1,0,45,0,0,0,2,0,0,D:2,-,-,-,-,-,-,-,-,-,"A joint resolution providing for congressional disapproval under chapter 8 of title 5, United States Code, of the rule submitted by the Office of the Comptroller of the Currency of the Department of the Treasury relating to the review of applications under the Bank Merger Act."
119,S.J.Res. 18,CRA disapproval,signed,2025-05-09,Donald J. Trump (second term),R,119-10,roll 96,2025-04-09,On Passage,217,1,0,2,0,210,0,3,0,0,0,0,roll 153,2025-03-27,On the Joint Resolution,52,1,0,0,0,45,0,0,0,2,0,0,D:2,-,-,-,-,-,-,-,-,-,"A joint resolution disapproving the rule submitted by the Bureau of Consumer Financial Protection relating to ""Overdraft Lending: Very Large Financial Institutions""."
119,S.J.Res. 28,CRA disapproval,signed,2025-05-09,Donald J. Trump (second term),R,119-11,roll 95,2025-04-09,On Passage,219,0,0,1,0,211,0,2,0,0,0,0,roll 106,2025-03-05,On the Joint Resolution,51,1,0,1,0,44,0,1,0,2,0,0,D:2,-,-,-,-,-,-,-,-,-,"A joint resolution disapproving the rule submitted by the Bureau of Consumer Financial Protection relating to ""Defining Larger Participants of a Market for General-Use Digital Consumer Payment Applications""."
119,S.J.Res. 31,CRA disapproval,signed,2025-06-20,Donald J. Trump (second term),R,119-20,roll 143,2025-05-22,On Passage,216,1,0,3,0,211,0,1,0,0,0,0,roll 229,2025-05-01,On the Joint Resolution,52,0,0,1,0,44,0,1,0,2,0,0,D:2,-,-,-,-,-,-,-,-,-,"A joint resolution providing for congressional disapproval under chapter 8 of title 5, United States Code, of the rule submitted by the Environmental Protection Agency relating to ""Review of Final Rule Reclassification of Major Sources as Area Sources Under Section 112 of the Clean Air Act""."
119,S.J.Res. 80,CRA disapproval,signed,2025-12-05,Donald J. Trump (second term),R,119-47,roll 296,2025-11-18,On Passage,213,1,0,5,3,208,0,3,0,0,0,0,roll 599,2025-10-30,On the Joint Resolution,51,0,0,2,1,43,0,1,0,2,0,0,D:2,-,-,-,-,-,-,-,-,-,"A joint resolution providing for congressional disapproval under chapter 8 of title 5, United States Code, of the rule submitted by the Bureau of Land Management relating to ""National Petroleum Reserve in Alaska Integrated Activity Plan Record of Decision""."
